action_0,target_dof_pos_0,qj0,dqj0,action_1,target_dof_pos_1,qj1,dqj1,action_2,target_dof_pos_2,qj2,dqj2,action_3,target_dof_pos_3,qj3,dqj3,action_4,target_dof_pos_4,qj4,dqj4,action_5,target_dof_pos_5,qj5,dqj5,action_6,target_dof_pos_6,qj6,dqj6,action_7,target_dof_pos_7,qj7,dqj7,action_8,target_dof_pos_8,qj8,dqj8,action_9,target_dof_pos_9,qj9,dqj9,action_10,target_dof_pos_10,qj10,dqj10,action_11,target_dof_pos_11,qj11,dqj11,action_12,target_dof_pos_12,qj12,dqj12,action_13,target_dof_pos_13,qj13,dqj13,action_14,target_dof_pos_14,qj14,dqj14,action_15,target_dof_pos_15,qj15,dqj15,action_16,target_dof_pos_16,qj16,dqj16,action_17,target_dof_pos_17,qj17,dqj17,action_18,target_dof_pos_18,qj18,dqj18,action_19,target_dof_pos_19,qj19,dqj19,action_20,target_dof_pos_20,qj20,dqj20,action_21,target_dof_pos_21,qj21,dqj21,action_22,target_dof_pos_22,qj22,dqj22,action_23,target_dof_pos_23,qj23,dqj23,action_24,target_dof_pos_24,qj24,dqj24,action_25,target_dof_pos_25,qj25,dqj25,action_26,target_dof_pos_26,qj26,dqj26,action_27,target_dof_pos_27,qj27,dqj27,action_28,target_dof_pos_28,qj28,dqj28
-0.3160770535469055,-0.07901926338672638,-0.0003161085769534111,0.06778599321842194,0.4498075246810913,0.11245188117027283,0.01675608567893505,-0.017219681292772293,0.11106939613819122,0.027767349034547806,0.02030029334127903,0.001692140125669539,-0.08591517806053162,-0.021478794515132904,-0.010553057305514812,-0.0006413817754946649,-0.9000669121742249,-0.2250167280435562,-0.06929237395524979,-0.10618988424539566,0.46942824125289917,0.11735706031322479,0.042194515466690063,0.037247538566589355,-0.05865274369716644,-0.01466318592429161,-0.0645904466509819,-0.025159358978271484,-0.19397073984146118,-0.048492684960365295,0.015666870400309563,0.09993111342191696,0.443842351436615,0.11096058785915375,0.058404117822647095,0.15001633763313293,1.423122763633728,0.355780690908432,0.1585487276315689,0.4085251986980438,-1.9433865547180176,-0.4858466386795044,-0.17783020436763763,-0.3310461938381195,0.21940621733665466,0.054851554334163666,0.025480089709162712,0.10488096624612808,-0.028350479900836945,-0.007087619975209236,0.013464689254760742,0.08831866830587387,0.07269434630870819,0.018173586577177048,0.011544555425643921,-0.01614764891564846,0.04291387274861336,0.01072846818715334,-0.028632452711462975,-0.05104471370577812,0.15245388448238373,0.03811347112059593,-0.05002225935459137,-0.16307209432125092,1.3823049068450928,0.3455762267112732,0.0627858117222786,0.13449899852275848,-0.10385026037693024,-0.02596256509423256,-0.050798527896404266,-0.061857808381319046,2.385098457336426,0.5962746143341064,0.15906602144241333,0.506727397441864,-0.3171131908893585,-0.07927829772233963,-0.019008878618478775,0.02546764723956585,0.040286362171173096,0.010071590542793274,-0.017163682729005814,-0.03614753112196922,0.0378759503364563,0.009468987584114075,0.011384619399905205,0.01591152511537075,0.6507703065872192,0.1626925766468048,-0.02492687851190567,-0.0712670087814331,-1.7005975246429443,-0.4251493811607361,-0.05809280276298523,-0.23839600384235382,-0.49790725111961365,-0.12447681277990341,0.0019096769392490387,0.06909339874982834,2.216277599334717,0.5540693998336792,0.1386411339044571,0.48621535301208496,0.04502987861633301,0.011257469654083252,-0.004053347744047642,0.07303156703710556,0.6688728332519531,0.16721820831298828,0.017883488908410072,0.011843383312225342,-0.5652243494987488,-0.1413060873746872,-0.029796404764056206,-0.044741928577423096
-0.5419458746910095,-0.13548646867275238,-0.015131873078644276,0.003672361373901367,0.212118998169899,0.05302974954247475,0.027304982766509056,0.00551649322733283,0.4295903742313385,0.10739759355783463,0.080748550593853,0.15928606688976288,0.018396973609924316,0.004599243402481079,0.02586757205426693,0.13603369891643524,-0.6740845441818237,-0.16852113604545593,-0.05278114229440689,0.008993375115096569,0.3520626425743103,0.08801566064357758,0.03156167268753052,-0.0709139034152031,-0.7133001089096069,-0.17832502722740173,-0.07983828336000443,-0.04041771963238716,-0.18444135785102844,-0.04611033946275711,-0.0012722695246338844,-0.08738060295581818,0.2694419026374817,0.06736047565937042,0.06217113137245178,0.021278096362948418,1.1864523887634277,0.29661309719085693,0.26930859684944153,0.120765820145607,-1.1598871946334839,-0.28997179865837097,-0.21277369558811188,-0.1083211824297905,-0.2467782199382782,-0.06169455498456955,-0.0005440898239612579,-0.13394169509410858,0.01718299835920334,0.004295749589800835,0.0045102667063474655,-0.0496915765106678,-0.007775455713272095,-0.0019438639283180237,-0.0066743046045303345,-0.07696914672851562,0.7975131273269653,0.19937828183174133,-0.03866821527481079,-0.0021178603637963533,1.2077034711837769,0.3019258677959442,-0.07182342559099197,-0.08787409216165543,2.078092098236084,0.519523024559021,0.14435335993766785,0.22925744950771332,0.49211594462394714,0.12302898615598679,-0.04746601730585098,0.10366576164960861,3.8095595836639404,0.9523898959159851,0.42338278889656067,0.5751599073410034,0.02497694455087185,0.006244236137717962,-0.0162085872143507,0.04782053455710411,0.302154004573822,0.0755385011434555,-0.02460687980055809,-0.005868262145668268,0.012965170666575432,0.003241292666643858,-0.01706438511610031,-0.08559084683656693,0.6430574655532837,0.16076436638832092,-0.06366321444511414,-0.08025103807449341,-1.9438380002975464,-0.4859595000743866,-0.14558757841587067,-0.1937306523323059,-0.24468743801116943,-0.06117185950279236,0.03167001157999039,0.06323982775211334,3.3757317066192627,0.8439329266548157,0.4005773365497589,0.5903896689414978,0.005270510911941528,0.001317627727985382,0.002038588747382164,-0.05314476042985916,0.31052643060684204,0.07763160765171051,0.013273116201162338,-0.005248177330940962,0.18048259615898132,0.04512064903974533,-0.003398948349058628,0.046581100672483444
-0.7122053503990173,-0.17805133759975433,-0.024580705910921097,-0.028659015893936157,0.5774998664855957,0.14437496662139893,0.020855845883488655,-0.037687238305807114,0.28420373797416687,0.07105093449354172,0.09764619916677475,0.07829029858112335,-0.11398017406463623,-0.028495043516159058,0.042620375752449036,0.08717819303274155,-0.7815647721290588,-0.1953911930322647,-0.010510478168725967,-0.041663479059934616,0.34978002309799194,0.08744500577449799,-0.02034178376197815,0.0035412670113146305,-0.5590552687644958,-0.13976381719112396,-0.09959817677736282,-0.10485489666461945,0.0956263542175293,0.023906588554382324,-0.0113872941583395,-0.004610294010490179,0.3313480615615845,0.08283701539039612,0.07940728217363358,-0.007563150022178888,1.3236243724822998,0.33090609312057495,0.31795138120651245,0.10548782348632812,-1.0257714986801147,-0.2564428746700287,-0.22752796113491058,-0.04004908353090286,-0.07706943154335022,-0.019267357885837555,-0.013115477748215199,-0.01417167205363512,0.30946171283721924,0.07736542820930481,0.0009465143084526062,0.019545579329133034,0.43755194544792175,0.10938798636198044,-0.011821174062788486,-0.08129953593015671,0.5703099966049194,0.14257749915122986,-0.025679592043161392,0.017075909301638603,1.1422042846679688,0.2855510711669922,-0.04442664235830307,0.038396429270505905,1.122093677520752,0.280523419380188,0.2152511179447174,0.1630491316318512,0.14233489334583282,0.035583723336458206,-0.032649606466293335,0.052562057971954346,3.8519487380981445,0.9629871845245361,0.6334936022758484,0.406594842672348,0.05819401890039444,0.01454850472509861,-0.006265351548790932,-0.053952135145664215,0.604386568069458,0.1510966420173645,0.02732381783425808,0.09671914577484131,0.2794126868247986,0.06985317170619965,0.00886794924736023,0.03315131738781929,0.3629577159881592,0.0907394289970398,-0.0600142702460289,-0.001998221967369318,-1.1721245050430298,-0.29303112626075745,-0.219399094581604,-0.17245739698410034,-0.16980081796646118,-0.042450204491615295,0.009463032707571983,-0.12304649502038956,3.3935866355895996,0.8483966588973999,0.5979499220848083,0.38659676909446716,0.026667386293411255,0.006666846573352814,0.006439412012696266,0.028067518025636673,0.09750185906887054,0.024375464767217636,0.019176101312041283,-0.03602658584713936,-0.31587231159210205,-0.07896807789802551,-0.026049265637993813,-0.04662429541349411
-0.7263213992118835,-0.1815803498029709,-0.04293984919786453,-0.030604273080825806,1.1353379487991333,0.2838344871997833,0.010652119293808937,-0.055220820009708405,0.19293716549873352,0.04823429137468338,0.10060823708772659,-0.002368295332416892,0.24180543422698975,0.060451358556747437,0.08124600350856781,0.1676892787218094,-0.6916463375091553,-0.17291158437728882,-0.054012708365917206,-0.03374370560050011,0.3672526478767395,0.09181316196918488,-0.0023495331406593323,0.050109099596738815,0.004188641905784607,0.0010471604764461517,-0.08371516317129135,-0.043031107634305954,-0.14145150780677795,-0.03536287695169449,-0.01753569021821022,0.07130558788776398,0.45939797163009644,0.11484949290752411,0.10716207325458527,0.009653925895690918,1.1945319175720215,0.29863297939300537,0.30125802755355835,0.0011020004749298096,-0.4298732876777649,-0.10746832191944122,-0.21398892998695374,0.049110282212495804,-0.18046465516090393,-0.04511616379022598,-0.00371260242536664,0.13481926918029785,0.2495187520980835,0.062379688024520874,-0.0011510048061609268,-0.03301726281642914,0.3528389036655426,0.08820972591638565,-0.024106279015541077,-0.01259421743452549,0.2623974084854126,0.06559935212135315,-0.0055059525184333324,0.13062429428100586,1.0770933628082275,0.2692733407020569,0.023084109649062157,0.2674811780452728,0.3636457324028015,0.09091143310070038,0.23868626356124878,0.06480967998504639,0.06992898881435394,0.017482247203588486,0.02406715415418148,0.1055707111954689,3.792341947555542,0.9480854868888855,0.7839070558547974,0.3402157723903656,-0.04365048557519913,-0.010912621393799782,-0.010254825465381145,0.041739847511053085,-0.2808033525943756,-0.0702008381485939,0.01836269162595272,-0.04039820656180382,-0.3844250738620758,-0.09610626846551895,-0.020905962213873863,-0.026716167107224464,0.2598282992839813,0.06495707482099533,-0.021758129820227623,0.20127597451210022,-0.480031281709671,-0.12000782042741776,-0.26411399245262146,-0.025564854964613914,0.1782805323600769,0.044570133090019226,-0.019972950220108032,-0.04383585974574089,3.138864278793335,0.7847160696983337,0.7071378827095032,0.27276554703712463,-0.14845283329486847,-0.03711320832371712,-0.006384219974279404,0.038924336433410645,-0.003351643681526184,-0.000837910920381546,0.020979825407266617,-0.013799333944916725,0.5023791790008545,0.12559479475021362,0.0070536695420742035,0.03047783486545086
-0.39886289834976196,-0.09971572458744049,-0.0620327964425087,-0.03652026876807213,0.7920936346054077,0.19802340865135193,0.01096191257238388,0.022011036053299904,0.28397849202156067,0.07099462300539017,0.10218096524477005,-0.04835279658436775,0.3352428078651428,0.0838107019662857,0.11533588916063309,0.1269351989030838,-0.8595097661018372,-0.2148774415254593,-0.07724639773368835,-0.12028825283050537,0.2961398959159851,0.07403497397899628,-0.022010741755366325,0.0008867979049682617,-0.005826517939567566,-0.0014566294848918915,-0.06967493146657944,-0.03456515446305275,-0.4631422460079193,-0.11578556150197983,-0.022303761914372444,0.08853811025619507,0.6568585634231567,0.16421464085578918,0.11829844862222672,-0.009158599190413952,0.8633626699447632,0.2158406674861908,0.2594543993473053,-0.04039241746068001,-0.40746259689331055,-0.10186564922332764,-0.20674735307693481,0.0249321348965168,-0.28170374035835266,-0.07042593508958817,0.010780733078718185,-0.08220414817333221,0.034580048173666,0.0086450120434165,-0.0021329252049326897,-0.022788096219301224,0.1440204381942749,0.036005109548568726,0.007496630772948265,0.05996730551123619,-0.28426286578178406,-0.07106571644544601,0.030202751979231834,0.054906368255615234,0.322602778673172,0.080650694668293,0.11750722676515579,0.19857898354530334,0.693495512008667,0.17337387800216675,0.23281683027744293,-0.028812779113650322,-0.1096804291009903,-0.027420107275247574,0.0057513527572155,-0.07536061853170395,3.2311553955078125,0.8077888488769531,0.8670408725738525,0.10357508808374405,0.010676303878426552,0.002669075969606638,-0.0023795943707227707,0.05941338464617729,-0.06359812617301941,-0.015899531543254852,0.015702350065112114,0.015658169984817505,0.24095699191093445,0.06023924797773361,0.0018453607335686684,0.1199655756354332,0.3029845654964447,0.07574614137411118,0.0598079189658165,0.12866973876953125,-0.5546959638595581,-0.13867399096488953,-0.2813397943973541,-0.058540016412734985,0.23411399126052856,0.05852849781513214,-0.014976564794778824,0.0014905392890796065,3.274409055709839,0.8186022639274597,0.7831888198852539,0.14081096649169922,-0.010312065482139587,-0.002578016370534897,-0.001267891377210617,0.045626964420080185,-0.06821613013744354,-0.017054032534360886,0.027680715546011925,-0.022776341065764427,-0.11950397491455078,-0.029875993728637695,-0.0059327357448637486,-0.07586630433797836
-0.02924978733062744,-0.00731244683265686,-0.047064922749996185,0.0334746353328228,0.4012832045555115,0.10032080113887787,0.01140480674803257,-0.029184183105826378,0.3363373577594757,0.08408433943986893,0.11122201383113861,-0.034707266837358475,0.3881850838661194,0.09704627096652985,0.11521605402231216,-0.09091541171073914,-0.4134410321712494,-0.10336025804281235,-0.0727127343416214,-0.061197198927402496,0.2758651673793793,0.06896629184484482,-0.022061293944716454,0.030828654766082764,-0.04007542133331299,-0.010018855333328247,-0.05004438757896423,0.08739560097455978,-0.424123078584671,-0.10603076964616776,-0.016570497304201126,0.04470313712954521,0.6581929326057434,0.16454823315143585,0.10134806483983994,0.06262084096670151,0.8236987590789795,0.20592468976974487,0.24311675131320953,-0.10525234043598175,0.13618749380111694,0.034046873450279236,-0.20339760184288025,0.00753667950630188,-0.08695012331008911,-0.021737530827522278,0.013670289888978004,-0.06784345954656601,-0.187963604927063,-0.04699090123176575,0.01247384212911129,0.06916909664869308,-0.19355988502502441,-0.048389971256256104,0.02271926961839199,-0.031835783272981644,-0.3570846915245056,-0.0892711728811264,0.03931798040866852,0.07004033774137497,0.3158993721008301,0.07897484302520752,0.21683579683303833,0.18517687916755676,1.1996221542358398,0.29990553855895996,0.2405252307653427,0.03755934163928032,0.22727443277835846,0.056818608194589615,0.03573071211576462,0.07892763614654541,3.2942376136779785,0.8235594034194946,0.9012101888656616,0.07733472436666489,-0.11625675112009048,-0.02906418778002262,-0.012246329337358475,-0.04912557080388069,-0.23325015604496002,-0.058312539011240005,0.013559602200984955,0.008682317100465298,-0.2800348103046417,-0.07000870257616043,-0.013015453703701496,-0.05433046817779541,0.46852052211761475,0.11713013052940369,0.1259242743253708,0.17048659920692444,-0.6763937473297119,-0.16909843683242798,-0.2674676775932312,0.07057452201843262,-0.06199479103088379,-0.015498697757720947,-0.034334003925323486,-0.006639313884079456,3.4399070739746094,0.8599767684936523,0.8370825052261353,0.1861312836408615,-0.04289118945598602,-0.010722797363996506,-0.0061121974140405655,-0.041201818734407425,-0.19488973915576935,-0.04872243478894234,0.0126543790102005,-0.04087251052260399,0.5275517702102661,0.13188794255256653,0.03595289587974548,0.03150006756186485
0.1880061775445938,0.04700154438614845,-0.053996965289115906,-0.016835296526551247,0.39674055576324463,0.09918513894081116,0.018333731219172478,-0.0009011030197143555,0.35149896144866943,0.08787474036216736,0.10900890827178955,-0.048435043543577194,0.49234330654144287,0.12308582663536072,0.10367348045110703,-0.08295460790395737,-0.01006101444363594,-0.002515253610908985,-0.07315772771835327,0.05693572759628296,0.20842841267585754,0.052107103168964386,-0.02323070541024208,0.04270805045962334,0.04840809106826782,0.012102022767066956,-0.03751976788043976,-0.027385687455534935,-0.45192593336105347,-0.11298148334026337,-0.00947633758187294,-0.06692193448543549,0.6042081713676453,0.15105204284191132,0.11382689327001572,-0.037485744804143906,0.9050657749176025,0.22626644372940063,0.20951731503009796,0.0056899189949035645,0.8758097887039185,0.21895244717597961,-0.1905190795660019,-0.046932000666856766,0.08769536018371582,0.021923840045928955,0.0012433547526597977,-0.02319234050810337,-0.19955945014953613,-0.04988986253738403,0.01107238419353962,-0.049938689917325974,-0.2119866907596588,-0.0529966726899147,0.022231271490454674,-0.023776156827807426,-0.407558411359787,-0.10188960283994675,0.05511946976184845,0.04061082750558853,0.5311554670333862,0.13278886675834656,0.281558632850647,0.07807209342718124,1.1903281211853027,0.2975820302963257,0.2633521854877472,0.0420520082116127,-0.1117459237575531,-0.027936480939388275,-0.0002379249781370163,-0.09383733570575714,3.3883018493652344,0.8470754623413086,0.9195733070373535,1.763105501595419e-05,0.055676691234111786,0.013919172808527946,9.038671851158142e-05,0.07897301763296127,-0.24752597510814667,-0.06188149377703667,0.013179352506995201,-0.0014929473400115967,0.16879712045192719,0.042199280112981796,-0.003592083230614662,0.08366868644952774,0.21810929477214813,0.05452732369303703,0.17078328132629395,0.08264801651239395,-1.2718100547790527,-0.3179525136947632,-0.2646930515766144,0.05048488453030586,0.014990687370300293,0.0037476718425750732,-0.006670250091701746,0.03876173496246338,3.461754322052002,0.8654385805130005,0.8909652829170227,0.05590632185339928,0.19251355528831482,0.048128388822078705,-0.003810189664363861,0.07764395326375961,0.004965528845787048,0.001241382211446762,0.031026309356093407,-0.050850361585617065,-0.5761795043945312,-0.1440448760986328,-0.016925062984228134,-0.10570681095123291
0.17296864092350006,0.043242160230875015,-0.017268402501940727,0.10861978679895401,0.3030664324760437,0.07576660811901093,0.029459556564688683,-0.027864346280694008,0.3141731917858124,0.0785432979464531,0.10307078063488007,-0.018908578902482986,0.30364781618118286,0.07591195404529572,0.09164486080408096,-0.03200886771082878,-0.08771960437297821,-0.021929901093244553,-0.07327478379011154,-0.002168947597965598,0.12162230163812637,0.030405575409531593,-0.016837744042277336,-0.04186507686972618,0.2810949683189392,0.0702737420797348,-0.01060183160007,0.07260306179523468,-0.4047846794128418,-0.10119616985321045,-0.004539483692497015,-0.03589639812707901,0.7328254580497742,0.18320636451244354,0.10798584669828415,0.06542877107858658,0.7099615335464478,0.17749038338661194,0.1730034500360489,-0.14577579498291016,0.7240445613861084,0.1810111403465271,-0.1806614100933075,0.077384352684021,0.081001415848732,0.020250353962183,0.011283494532108307,0.020825600251555443,-0.12050942331552505,-0.030127355828881264,0.0005379552021622658,0.06228842958807945,-0.09628647565841675,-0.024071618914604187,0.021479224786162376,0.026328742504119873,-0.5286596417427063,-0.13216491043567657,0.06122411787509918,-0.03314623236656189,0.5961496233940125,0.1490374058485031,0.30892181396484375,0.07767843455076218,1.0759246349334717,0.2689811587333679,0.2561957836151123,-0.05396728590130806,0.22757430374622345,0.05689357593655586,0.027200957760214806,0.021029770374298096,3.521547317504883,0.8803868293762207,0.9439710974693298,0.0229007788002491,-0.044560037553310394,-0.011140009388327599,0.009986849501729012,-0.05035965517163277,-0.20323559641838074,-0.050808899104595184,0.002770461142063141,0.037960171699523926,-0.2601214051246643,-0.06503035128116608,-0.014813796617090702,-0.11037903279066086,0.27897435426712036,0.06974358856678009,0.1997341811656952,0.025622129440307617,-1.3476910591125488,-0.3369227647781372,-0.2502293288707733,-0.06478995829820633,-0.22330862283706665,-0.05582715570926666,-0.015162105672061443,0.012339174747467041,3.447382688522339,0.8618456721305847,0.9353645443916321,0.03749537467956543,-0.07038715481758118,-0.017596788704395294,-0.013176443986594677,-0.04541015625,-0.3419974446296692,-0.0854993611574173,0.015780692920088768,-0.00990527868270874,0.47997334599494934,0.11999333649873734,0.029407957568764687,0.026504481211304665
0.1319228559732437,0.03298071399331093,-0.013749314472079277,0.09318127483129501,0.20239128172397614,0.050597820430994034,0.034183211624622345,0.070622518658638,0.27909907698631287,0.06977476924657822,0.10908671468496323,0.011565160937607288,0.26181644201278687,0.06545411050319672,0.06980559229850769,-0.04152347147464752,0.18330825865268707,0.04582706466317177,-0.05525549501180649,-0.05155068635940552,0.27094772458076477,0.06773693114519119,-0.019413523375988007,-0.07118242979049683,0.18933247029781342,0.047333117574453354,0.0028271498158574104,-0.03506554290652275,-0.29534822702407837,-0.07383705675601959,-0.0013699047267436981,0.01766108348965645,0.6292811632156372,0.1573202908039093,0.09724365919828415,-0.05901167541742325,0.6564834117889404,0.1641208529472351,0.1542666256427765,-0.10770928859710693,0.4835243225097656,0.1208810806274414,-0.17202554643154144,0.07138732820749283,-0.013063371181488037,-0.0032658427953720093,0.014725157991051674,0.012753242626786232,-0.14047515392303467,-0.03511878848075867,-0.005393507424741983,0.041691482067108154,-0.08063669502735138,-0.020159173756837845,0.036579109728336334,-0.05845058709383011,-0.32133179903030396,-0.08033294975757599,0.05709078162908554,-0.044643301516771317,0.48712265491485596,0.12178066372871399,0.3379872441291809,0.06283142417669296,1.19637131690979,0.2990928292274475,0.2636091411113739,0.06784757226705551,0.018233101814985275,0.004558275453746319,0.014329204335808754,-0.08669830858707428,3.4983887672424316,0.8745971918106079,0.9707826972007751,0.05712270736694336,-0.0797886922955513,-0.019947173073887825,0.006018379703164101,-0.044068630784749985,-0.18096640706062317,-0.04524160176515579,-0.004110244102776051,-0.06028309464454651,0.24752509593963623,0.06188127398490906,0.00664314441382885,0.05618797615170479,0.5424025654792786,0.13560064136981964,0.2298499196767807,0.08526017516851425,-1.2344897985458374,-0.30862244963645935,-0.24517428874969482,-0.014797377400100231,-0.06275072693824768,-0.01568768173456192,-0.020228322595357895,0.05705082416534424,3.515408754348755,0.8788521885871887,0.9443224668502808,-0.054954517632722855,0.24417802691459656,0.06104450672864914,0.013909561559557915,0.06825409084558487,-0.18264277279376984,-0.04566069319844246,0.005259731784462929,0.05902821943163872,-0.6332207918167114,-0.15830519795417786,-0.017063144594430923,-0.06268401443958282
0.23940111696720123,0.05985027924180031,0.007194157689809799,-0.04024894908070564,0.08514541387557983,0.02128635346889496,0.01963597908616066,0.047696854919195175,0.33836716413497925,0.08459179103374481,0.09609805792570114,0.013014835305511951,0.3068057894706726,0.07670144736766815,0.058439381420612335,-0.018522972241044044,0.14109213650226593,0.03527303412556648,-0.05331404507160187,-0.06401892751455307,0.4186813533306122,0.10467033833265305,-0.011711744591593742,0.0026992440689355135,0.16516287624835968,0.04129071906208992,0.020459020510315895,0.08897631615400314,-0.3290872573852539,-0.08227181434631348,-0.015958771109580994,-0.07691936939954758,0.6780697703361511,0.16951744258403778,0.10918489843606949,-0.045280035585165024,0.5389629006385803,0.13474072515964508,0.1238759234547615,-0.012412047944962978,0.24275410175323486,0.060688525438308716,-0.15586113929748535,0.016817141324281693,-0.07661420106887817,-0.019153550267219543,0.006145410239696503,0.04968372732400894,-0.04554031789302826,-0.011385079473257065,0.011290468275547028,0.069645456969738,0.05490219593048096,0.01372554898262024,0.025189736858010292,-0.049383874982595444,-0.22965572774410248,-0.05741393193602562,0.05254986882209778,0.0026548386085778475,0.583147406578064,0.145786851644516,0.32140788435935974,-0.06890137493610382,0.9931685924530029,0.24829214811325073,0.250108003616333,0.004352772142738104,0.14807358384132385,0.03701839596033096,0.01916451007127762,-0.03796655684709549,3.464695930480957,0.8661739826202393,0.9537960886955261,-0.08034133911132812,-0.055563874542713165,-0.013890968635678291,0.004336651414632797,-0.03261343762278557,0.1260073184967041,0.031501829624176025,0.014845846220850945,-0.02930661104619503,-0.3413974940776825,-0.08534937351942062,-0.020423775538802147,0.0013809979427605867,0.6581630706787109,0.16454076766967773,0.24257029592990875,0.07749054580926895,-1.1205790042877197,-0.28014475107192993,-0.26277822256088257,0.043263029307127,-0.061290740966796875,-0.015322685241699219,-0.025845950469374657,0.06197492033243179,3.4783284664154053,0.8695821166038513,0.9392589330673218,-0.035938650369644165,-0.1490325778722763,-0.03725814446806908,-0.008674060925841331,0.032409097999334335,-0.21016152203083038,-0.052540380507707596,-0.001292189583182335,-0.0793251320719719,0.3671742379665375,0.09179355949163437,-0.0009401049464941025,0.10203325003385544
0.24794457852840424,0.06198614463210106,0.006822565570473671,0.08232790231704712,0.13373109698295593,0.03343277424573898,0.029948683455586433,-0.011598658747971058,0.24452924728393555,0.06113231182098389,0.09719613194465637,0.05040546879172325,0.18606239557266235,0.04651559889316559,0.04571574181318283,0.0199983362108469,0.211464062333107,0.05286601558327675,-0.04983942210674286,0.0825730711221695,0.3252163827419281,0.08130409568548203,-0.0014536632224917412,-0.012591833248734474,0.1560659557580948,0.0390164889395237,0.027089228853583336,-0.011873394250869751,-0.21003207564353943,-0.05250801891088486,-0.011831524781882763,-0.06471563130617142,0.6248617768287659,0.15621544420719147,0.09513584524393082,0.04554705694317818,0.6004693508148193,0.15011733770370483,0.12862049043178558,-0.061430539935827255,0.23545140027999878,0.058862850069999695,-0.15205956995487213,0.030468834564089775,-0.19749048352241516,-0.04937262088060379,0.012355858460068703,-0.004197978880256414,-0.19639769196510315,-0.04909942299127579,-0.005292396992444992,-0.03338088467717171,0.03843238204717636,0.00960809551179409,0.027369877323508263,0.013506526127457619,-0.22272054851055145,-0.05568013712763786,0.04304412007331848,-0.07607554644346237,0.8384424448013306,0.20961061120033264,0.301219642162323,-0.054941024631261826,1.1353576183319092,0.2838394045829773,0.24274154007434845,0.05549269914627075,0.05416354164481163,0.013540885411202908,0.018604086712002754,0.016370689496397972,3.6715614795684814,0.9178903698921204,0.9694024324417114,-0.05221442133188248,-0.09098520129919052,-0.02274630032479763,-0.0031821453012526035,-0.03265876695513725,-0.03403662145137787,-0.008509155362844467,0.021376458927989006,-0.010216194204986095,0.10897918045520782,0.027244795113801956,-0.009515682235360146,0.07075165957212448,0.5902001857757568,0.1475500464439392,0.24685139954090118,0.0074607254937291145,-1.0505379438400269,-0.2626344859600067,-0.25773051381111145,-0.03985336050391197,-0.0062920451164245605,-0.0015730112791061401,-0.005701526068150997,0.04901852831244469,3.5267655849456787,0.8816913962364197,0.9397946000099182,-0.00987363513559103,0.16470959782600403,0.04117739945650101,0.012055648490786552,-0.016490275040268898,0.18862302601337433,0.04715575650334358,0.006995944306254387,0.10422127693891525,-0.33417221903800964,-0.08354305475950241,-0.02464386075735092,-0.08970556408166885
0.0859379917383194,0.02148449793457985,0.01991048827767372,0.058703579008579254,0.23486770689487457,0.05871692672371864,0.023534072563052177,0.0018633842701092362,0.2440539002418518,0.06101347506046295,0.10576435178518295,0.07322563230991364,0.19277894496917725,0.04819473624229431,0.021528655663132668,-0.0812862366437912,0.28115516901016235,0.07028879225254059,-0.05525762587785721,-0.030349159613251686,0.2603592574596405,0.06508981436491013,-0.014163954183459282,-0.012895810417830944,0.27225261926651,0.0680631548166275,0.04040534049272537,-0.021043825894594193,-0.14407742023468018,-0.036019355058670044,-0.008038632571697235,0.011997235007584095,0.6121602058410645,0.1530400514602661,0.09713868796825409,-0.04313105344772339,0.489492803812027,0.12237320095300674,0.11278017610311508,-0.03863679990172386,0.1773815155029297,0.04434537887573242,-0.1605253368616104,-0.04725019261240959,-0.2447468340396881,-0.06118670850992203,0.013547088950872421,0.015527814626693726,0.1118217408657074,0.02795543521642685,-0.0014227544888854027,0.04482991620898247,-0.043237119913101196,-0.010809279978275299,0.04552468657493591,0.012940580025315285,-0.035315703600645065,-0.008828925900161266,0.038064442574977875,-0.010549271479249,0.9184780716896057,0.22961951792240143,0.2744152843952179,-0.04459555074572563,1.1275477409362793,0.2818869352340698,0.24073801934719086,0.05048167705535889,0.05266059562563896,0.01316514890640974,0.012327240779995918,0.014764142222702503,3.7753427028656006,0.9438356757164001,0.9609531164169312,-0.009322017431259155,-0.01857953704893589,-0.0046448842622339725,0.005068767815828323,-0.04957390949130058,-0.06725312769412994,-0.016813281923532486,0.012761576101183891,-0.023286689072847366,-0.2751360237598419,-0.06878400593996048,-0.01617819257080555,-0.05783733353018761,0.7514064908027649,0.18785162270069122,0.2331174910068512,-0.02648172341287136,-1.0963190793991089,-0.2740797698497772,-0.24700020253658295,0.06668084114789963,-0.11957412958145142,-0.029893532395362854,-0.01580233685672283,0.04963039234280586,3.5864789485931396,0.8966197371482849,0.9323667883872986,0.04649251699447632,-0.08773767948150635,-0.021934419870376587,-0.0057525429874658585,0.028147531673312187,-0.3706390857696533,-0.09265977144241333,-0.00032616592943668365,-0.13067303597927094,0.5086162090301514,0.12715405225753784,0.02084660343825817,0.02361910417675972
0.06130911409854889,0.015327278524637222,0.03350963443517685,0.023058487102389336,0.31620901823043823,0.07905225455760956,0.03084377758204937,0.05985451862215996,0.24719813466072083,0.061799533665180206,0.10561957955360413,0.012435823678970337,0.2182944416999817,0.05457361042499542,0.02549339272081852,-0.06578758358955383,0.4818926453590393,0.12047316133975983,-0.06050119549036026,0.04668935760855675,0.25512969493865967,0.06378242373466492,-0.032275378704071045,0.034263502806425095,0.40638548135757446,0.10159637033939362,0.04515702277421951,-0.021567165851593018,-0.2582976222038269,-0.06457440555095673,-0.005884156562387943,0.02745518647134304,0.5713680982589722,0.14284202456474304,0.09793369472026825,-0.060043442994356155,0.5023895502090454,0.12559738755226135,0.11091626435518265,0.034180570393800735,0.3213850259780884,0.0803462564945221,-0.16058646142482758,-0.026785705238580704,-0.22895094752311707,-0.057237736880779266,-0.006264355033636093,0.00937497615814209,0.023041442036628723,0.005760360509157181,-0.002983969636261463,0.018929827958345413,-0.22395393252372742,-0.055988483130931854,0.028169965371489525,-0.0018995642894878983,-0.12145839631557465,-0.03036459907889366,0.027180718258023262,0.03548591211438179,0.8479626178741455,0.21199065446853638,0.2381659746170044,-0.09333367645740509,1.0481324195861816,0.2620331048965454,0.25373807549476624,-0.04588619992136955,0.05711456760764122,0.014278641901910305,0.012770449742674828,-0.035641204565763474,3.717803955078125,0.9294509887695312,0.9624348282814026,0.03943486139178276,-0.10267169028520584,-0.02566792257130146,-0.008539877831935883,0.04240398481488228,0.08758336305618286,0.021895840764045715,0.00658036395907402,0.058754812926054,0.28374022245407104,0.07093505561351776,0.008696191012859344,0.09453163295984268,0.7822471857070923,0.19556179642677307,0.22547601163387299,0.012880397029221058,-1.3545945882797241,-0.33864864706993103,-0.26628419756889343,-0.046902429312467575,-0.018350183963775635,-0.004587545990943909,-0.006520647555589676,-0.014810115098953247,3.444495439529419,0.8611238598823547,0.927318811416626,0.02725672721862793,0.07711181044578552,0.01927795261144638,0.006192071363329887,-0.045877743512392044,0.2997387647628784,0.0749346911907196,0.01488899253308773,0.04812972620129585,-0.4294940233230591,-0.10737350583076477,0.001867431215941906,-0.13420695066452026
0.2357693463563919,0.05894233658909798,0.049833349883556366,0.0522882342338562,0.26407182216644287,0.06601795554161072,0.020716115832328796,-0.014285284094512463,0.2959814965724945,0.07399537414312363,0.10324842482805252,0.04460879787802696,0.2593924403190613,0.06484811007976532,0.025523362681269646,0.04094122722744942,0.6268264055252075,0.15670660138130188,-0.055406391620635986,-0.08589994162321091,0.19790378212928772,0.04947594553232193,-0.03125588223338127,0.0479910746216774,0.31520968675613403,0.07880242168903351,0.06446098536252975,0.04388103634119034,-0.30096185207366943,-0.07524046301841736,0.0006790272891521454,-0.024639129638671875,0.6330582499504089,0.15826456248760223,0.10224060714244843,-0.05004299432039261,0.4519767761230469,0.11299419403076172,0.09553438425064087,0.05151392146945,0.37152254581451416,0.09288063645362854,-0.147236630320549,-0.0494832918047905,-0.26236799359321594,-0.06559199839830399,-0.0018915198743343353,-0.023754794150590897,0.09361641108989716,0.02340410277247429,-0.0016634948551654816,-0.016929030418395996,0.01389746367931366,0.003474365919828415,0.021149851381778717,-0.05715978145599365,-0.05777938291430473,-0.014444845728576183,0.00944392941892147,-0.019393717870116234,1.0901530981063843,0.27253827452659607,0.22781823575496674,-0.07073187083005905,1.1397674083709717,0.2849418520927429,0.2351468950510025,-0.02934298850595951,0.044102709740400314,0.011025677435100079,0.003543558530509472,-0.020369434729218483,3.777571678161621,0.9443929195404053,0.9587042331695557,-0.06823281198740005,-0.042572982609272,-0.010643245652318,-0.0045441873371601105,0.05462092161178589,-0.10145211964845657,-0.025363029912114143,0.012890061363577843,-0.08054815977811813,-0.4723745286464691,-0.11809363216161728,-0.03628794103860855,-0.08480211347341537,0.6960716247558594,0.17401790618896484,0.21382617950439453,-0.059184182435274124,-1.043673038482666,-0.2609182596206665,-0.2536328434944153,0.011828863993287086,-0.0970069169998169,-0.024251729249954224,-0.01739363744854927,0.05424865707755089,3.500633478164673,0.8751583695411682,0.9044297337532043,-0.029102955013513565,-0.02805265784263611,-0.007013164460659027,-0.0001763477921485901,0.06611936539411545,-0.2631155848503113,-0.06577889621257782,-0.008521323092281818,0.007979166693985462,0.316130667924881,0.07903266698122025,0.020551543682813644,0.10728787630796432
0.05225135385990143,0.013062838464975357,0.04589758813381195,-0.013491279445588589,0.36034202575683594,0.09008550643920898,0.032212771475315094,0.05717052146792412,0.2455582618713379,0.06138956546783447,0.11096873134374619,-0.002791237784549594,0.28341513872146606,0.07085378468036652,0.039702899754047394,0.004237419459968805,0.9697727560997009,0.24244318902492523,-0.07119039446115494,0.03360655531287193,0.17514389753341675,0.04378597438335419,-0.03353610262274742,0.018051570281386375,0.4508611559867859,0.11271528899669647,0.07926787436008453,-0.008819043636322021,-0.38937118649482727,-0.09734279662370682,0.006171645596623421,0.020182574167847633,0.5817395448684692,0.1454348862171173,0.10088950395584106,-0.039020001888275146,0.5528453588485718,0.13821133971214294,0.09079968929290771,-0.01252684649080038,0.6026213765144348,0.1506553441286087,-0.16522902250289917,-0.04611896350979805,-0.11749270558357239,-0.029373176395893097,0.004386723041534424,0.06467220932245255,0.003898054361343384,0.000974513590335846,0.000593983568251133,-0.06860998272895813,0.16952607035636902,0.042381517589092255,0.019244981929659843,-0.002838861895725131,-0.04687828943133354,-0.011719572357833385,-0.0042449175380170345,-0.10717834532260895,0.7239853739738464,0.1809963434934616,0.2084389477968216,-0.04998583719134331,1.356276512145996,0.339069128036499,0.24565978348255157,-0.04844346269965172,0.1548098772764206,0.03870246931910515,0.0043590739369392395,-0.01990668848156929,3.662357807159424,0.915589451789856,0.9509269595146179,-0.037212926894426346,-0.05451866239309311,-0.013629665598273277,-0.013431777246296406,0.039945151656866074,0.20590388774871826,0.051475971937179565,0.015312360599637032,-0.042778026312589645,0.5588850975036621,0.13972127437591553,0.014524929225444794,0.06318884342908859,1.111493706703186,0.2778734266757965,0.21809573471546173,-0.06831460446119308,-1.037880301475525,-0.2594700753688812,-0.2469448298215866,0.012654483318328857,0.013826549053192139,0.0034566372632980347,-0.011363893747329712,0.023178016766905785,3.4749557971954346,0.8687389492988586,0.8986411094665527,-0.11863124370574951,0.05482150614261627,0.013705376535654068,0.0046388208866119385,-0.05396808311343193,0.1708248406648636,0.0427062101662159,0.005441688001155853,0.048730041831731796,-0.5258929133415222,-0.13147322833538055,-0.030888663604855537,-0.12076514214277267
0.20486535131931305,0.05121633782982826,0.06082738935947418,0.016250669956207275,0.21274873614311218,0.053187184035778046,0.030175352469086647,0.06881877034902573,0.3549570143222809,0.08873925358057022,0.108216792345047,-0.010323054157197475,0.3039506673812866,0.07598766684532166,0.03395997732877731,-0.04310434311628342,0.6947298645973206,0.17368246614933014,-0.07099070399999619,-0.02143021859228611,0.20185577869415283,0.05046394467353821,-0.032574400305747986,-0.054856281727552414,0.2691088318824768,0.0672772079706192,0.09944937378168106,-0.036249712109565735,-0.46606749296188354,-0.11651687324047089,0.003742978908121586,0.004734170623123646,0.6394380331039429,0.15985950827598572,0.11005880683660507,0.0304415225982666,0.4422016441822052,0.1105504110455513,0.08734919875860214,0.008618736639618874,0.5075281858444214,0.12688204646110535,-0.16779367625713348,-0.0753922238945961,-0.33451226353645325,-0.08362806588411331,0.001981033943593502,-0.06296180933713913,0.052260175347328186,0.013065043836832047,0.012483255937695503,0.0938064232468605,0.14633172750473022,0.036582931876182556,0.017485927790403366,-0.07709945738315582,0.16345413029193878,0.040863532572984695,-0.0053171077743172646,-0.06282781809568405,0.9389830827713013,0.23474577069282532,0.18060052394866943,0.0284920334815979,1.4060947895050049,0.3515236973762512,0.24772588908672333,0.01276177167892456,0.1537879854440689,0.03844699636101723,0.015620933845639229,0.005487120244652033,3.7263805866241455,0.9315951466560364,0.9263496994972229,-0.044786639511585236,0.02992684207856655,0.007481710519641638,-0.0032560895197093487,-0.01035398244857788,0.1360209584236145,0.034005239605903625,0.025238344445824623,-0.037782639265060425,-0.455394446849823,-0.11384861171245575,-0.023920252919197083,-0.049123235046863556,1.1942638158798218,0.29856595396995544,0.21663950383663177,-0.03560939431190491,-1.1332786083221436,-0.2833196520805359,-0.2579612731933594,0.00992819108068943,-0.050813376903533936,-0.012703344225883484,0.0005261143669486046,0.03755859285593033,3.547574996948242,0.8868937492370605,0.8852062821388245,-0.029473071917891502,0.021762952208518982,0.0054407380521297455,-0.00833067111670971,-0.00034734010114334524,-0.07722927629947662,-0.019307319074869156,0.0041629355400800705,0.011628937907516956,0.7597228288650513,0.18993070721626282,0.015106819570064545,0.07992390543222427
0.10806061327457428,0.02701515331864357,0.05520758777856827,0.06937500089406967,0.19009895622730255,0.04752473905682564,0.03549932688474655,-0.031564123928546906,0.3207390010356903,0.08018475025892258,0.10113734006881714,0.004092818591743708,0.1736236810684204,0.0434059202671051,0.04232577234506607,0.026872802525758743,0.4107890725135803,0.10269726812839508,-0.08166839182376862,0.057375192642211914,0.3688374161720276,0.0922093540430069,-0.01994258537888527,0.08009612560272217,0.23470784723758698,0.058676961809396744,0.10134443640708923,-0.03407308831810951,-0.46395596861839294,-0.11598899215459824,0.001063292846083641,0.008109921589493752,0.6168971657752991,0.15422429144382477,0.10164077579975128,-0.057606082409620285,0.34080830216407776,0.08520207554101944,0.08621025085449219,-0.03340825438499451,0.39715009927749634,0.09928752481937408,-0.16599953174591064,-0.05127338692545891,-0.2502017319202423,-0.06255043298006058,-0.011287814937531948,0.03346004709601402,-0.07539580017328262,-0.018848950043320656,-0.0027923109009861946,-0.09668666869401932,0.17572712898254395,0.043931782245635986,0.013705434277653694,0.01995556429028511,0.08775286376476288,0.02193821594119072,-0.014783084392547607,-0.09015460312366486,0.861190676689148,0.215297669172287,0.16675126552581787,0.02737903594970703,1.2338871955871582,0.30847179889678955,0.2730157673358917,0.0097782788798213,-0.0036640651524066925,-0.0009160162881016731,0.013600585982203484,-0.0809415802359581,3.723629951477051,0.9309074878692627,0.9334378242492676,-0.04944520816206932,-0.06246408075094223,-0.015616020187735558,-0.00806646328419447,-0.05091118812561035,-0.025655820965766907,-0.006413955241441727,0.011265305802226067,-0.05251805856823921,0.3049156069755554,0.07622890174388885,0.011033732444047928,0.049132298678159714,0.9688302278518677,0.24220755696296692,0.22375904023647308,-0.056050218641757965,-1.1341315507888794,-0.28353288769721985,-0.24824804067611694,-0.000957190990447998,-0.042696207761764526,-0.010674051940441132,0.003995970822870731,-0.035131100565195084,3.4996798038482666,0.8749199509620667,0.8709254264831543,-0.0300779826939106,0.24073678255081177,0.06018419563770294,0.020482586696743965,0.06624038517475128,0.08883199095726013,0.022207997739315033,-0.00021819211542606354,-0.04299367964267731,-0.4420630931854248,-0.1105157732963562,0.001109287142753601,-0.1606006622314453
0.1115083247423172,0.0278770811855793,0.07721986621618271,0.03762329742312431,0.3080054521560669,0.07700136303901672,0.04192689061164856,0.07545778900384903,0.2947702407836914,0.07369256019592285,0.10958231985569,0.004056144040077925,0.2198595404624939,0.054964885115623474,0.04615332931280136,-0.06640750169754028,0.39112716913223267,0.09778179228305817,-0.07403368502855301,-0.006792950909584761,0.24473297595977783,0.06118324398994446,-0.023348715156316757,-0.00879622157663107,0.35658448934555054,0.08914612233638763,0.10517308861017227,-0.044350847601890564,-0.384164959192276,-0.096041239798069,0.0008412059396505356,0.071391262114048,0.6079844832420349,0.15199612081050873,0.09911654889583588,0.011031150817871094,0.39617612957954407,0.09904403239488602,0.07814893871545792,-0.06550014019012451,0.21790337562561035,0.05447584390640259,-0.1561581939458847,-0.08235431462526321,-0.40882280468940735,-0.10220570117235184,-0.014123016968369484,-0.03515196964144707,0.04344902187585831,0.010862255468964577,0.010886779054999352,0.03668522834777832,-0.0732424408197403,-0.018310610204935074,0.0029149679467082024,0.06271284818649292,0.17437036335468292,0.04359259083867073,-0.01666511967778206,0.06007709726691246,0.6627808809280396,0.1656952202320099,0.15954117476940155,-0.02799471653997898,0.9520960450172424,0.2380240112543106,0.271648645401001,0.05905792862176895,0.11024318635463715,0.027560796588659286,0.010100563988089561,-0.014701873064041138,3.6326375007629395,0.9081593751907349,0.9321179389953613,0.005503273103386164,0.012694111093878746,0.0031735277734696865,0.0017302678897976875,0.06631691753864288,0.1532881259918213,0.03832203149795532,0.010928286239504814,0.06627042591571808,-0.4461055397987366,-0.11152638494968414,-0.01901080831885338,-0.0768260583281517,1.1973415613174438,0.29933539032936096,0.21454541385173798,0.02943657711148262,-1.1331757307052612,-0.2832939326763153,-0.2551220953464508,-0.02336166612803936,-0.0511513352394104,-0.0127878338098526,-0.01824333332479,0.06068676710128784,3.4329795837402344,0.8582448959350586,0.8590494990348816,-0.015265035443007946,-0.20751085877418518,-0.051877714693546295,0.0058901552110910416,0.009797239676117897,0.2850664556026459,0.07126661390066147,0.021768158301711082,0.06448569148778915,0.4282808005809784,0.1070702001452446,0.02846733294427395,0.09314487129449844
0.2841143012046814,0.07102857530117035,0.06609789282083511,0.012498325668275356,0.16262248158454895,0.04065562039613724,0.033325910568237305,-0.07454439252614975,0.3079652190208435,0.07699130475521088,0.10188081860542297,-0.059157442301511765,0.2612948417663574,0.06532371044158936,0.05530630052089691,0.05372796207666397,0.2538757920265198,0.06346894800662994,-0.07165797799825668,0.030677223578095436,0.34696686267852783,0.08674171566963196,-0.027860961854457855,0.0484282486140728,0.23227499425411224,0.05806874856352806,0.11319329589605331,-0.06894426792860031,-0.5044332146644592,-0.1261083036661148,0.006168849766254425,-0.06111377477645874,0.6353124976158142,0.15882812440395355,0.10322365909814835,0.0210097786039114,0.38196641206741333,0.09549160301685333,0.09133046120405197,0.003913808148354292,0.07706841826438904,0.01926710456609726,-0.1579916924238205,0.011949742212891579,-0.3421300947666168,-0.0855325236916542,-0.011231874115765095,0.042345691472291946,0.016381874680519104,0.004095468670129776,0.00020912569016218185,-0.0339786522090435,0.05966778099536896,0.01491694524884224,0.008971745148301125,0.05996793508529663,0.016348380595445633,0.004087095148861408,-0.008006520569324493,0.042317915707826614,0.9428663849830627,0.23571659624576569,0.1615915149450302,-0.0352034755051136,0.8556851148605347,0.21392127871513367,0.26068824529647827,0.038492657244205475,0.06920184195041656,0.01730046048760414,0.01708393543958664,0.0353742353618145,3.62642240524292,0.90660560131073,0.9182835817337036,-0.0035112977493554354,-0.11308277398347855,-0.028270693495869637,-0.008568322286009789,-0.014121401123702526,-0.07592590153217316,-0.01898147538304329,0.0018546180799603462,-0.08337771892547607,0.2833932340145111,0.07084830850362778,0.0009560715407133102,0.11485397815704346,0.9632754325866699,0.24081885814666748,0.21570783853530884,0.013493663631379604,-1.045443058013916,-0.261360764503479,-0.255000501871109,-0.0270190741866827,0.01822108030319214,0.004555270075798035,-0.006051887758076191,0.08201781660318375,3.5769193172454834,0.8942298293113708,0.8729742765426636,0.07111771404743195,0.07646554708480835,0.019116386771202087,-0.0012665418907999992,-0.013536959886550903,-0.2557529807090759,-0.06393824517726898,-0.0007838644087314606,-0.044417381286621094,-0.6071034669876099,-0.15177586674690247,-0.02136586606502533,-0.10533430427312851
0.2628414034843445,0.06571035087108612,0.08327514678239822,0.08208630234003067,0.4010846018791199,0.10027115046977997,0.03957279771566391,0.002502018352970481,0.3078884780406952,0.0769721195101738,0.11040154099464417,-0.05963757261633873,0.15041160583496094,0.037602901458740234,0.04440374672412872,0.02933563105762005,0.17515774071216583,0.04378943517804146,-0.08696109056472778,-0.03852745518088341,0.3433935344219208,0.0858483836054802,-0.018739895895123482,0.04863786697387695,0.34523701667785645,0.08630925416946411,0.10312584787607193,0.04812033101916313,-0.35660526156425476,-0.08915131539106369,0.0003947978839278221,-0.05479593202471733,0.6024013757705688,0.1506003439426422,0.09573612362146378,-0.046233344823122025,0.42970946431159973,0.10742736607789993,0.08395897597074509,0.06117298826575279,-0.11117875576019287,-0.027794688940048218,-0.18002404272556305,-0.04712481051683426,-0.3391784727573395,-0.08479461818933487,-0.0051519498229026794,0.0704236850142479,-0.02853391319513321,-0.007133478298783302,0.004997682757675648,-0.04521000385284424,-0.06585726141929626,-0.016464315354824066,0.01676156558096409,-0.05030161142349243,0.0019941218197345734,0.0004985304549336433,-0.02652893215417862,-0.06936703622341156,0.7837924957275391,0.19594812393188477,0.18127590417861938,0.0811503529548645,0.8543491363525391,0.21358728408813477,0.24794115126132965,-0.08761312067508698,-0.03924565389752388,-0.00981141347438097,0.01402016170322895,-0.03557344898581505,3.5785632133483887,0.8946408033370972,0.9107269048690796,-0.043381910771131516,-0.008876407518982887,-0.002219101879745722,0.0016782283782958984,-0.03789599984884262,0.37636667490005493,0.09409166872501373,0.02271285466849804,0.05341741070151329,-0.4201139807701111,-0.10502849519252777,-0.031978294253349304,0.007965904660522938,1.0159002542495728,0.2539750635623932,0.22515608370304108,-0.05866090580821037,-0.9454795122146606,-0.23636987805366516,-0.25920721888542175,0.019289566203951836,-0.1073792576789856,-0.0268448144197464,-0.009768497198820114,-0.008820301853120327,3.507737159729004,0.876934289932251,0.8735891580581665,0.04149773344397545,-0.0050736963748931885,-0.0012684240937232971,-0.009981352835893631,0.013584387488663197,0.2859264016151428,0.0714816004037857,0.01828990876674652,0.01834150031208992,0.6687180995941162,0.16717952489852905,0.026561608538031578,0.0868813544511795
0.13079659640789032,0.03269914910197258,0.07503446936607361,0.03753606230020523,0.255211740732193,0.06380293518304825,0.028351860120892525,0.028038812801241875,0.3432643413543701,0.08581608533859253,0.11174722760915756,-0.026612749323248863,0.22785282135009766,0.056963205337524414,0.035283103585243225,0.03925728797912598,0.41708362102508545,0.10427090525627136,-0.09190744906663895,0.018134428188204765,0.2530946731567383,0.06327366828918457,-0.03929278254508972,0.0426606647670269,0.27135056257247925,0.06783764064311981,0.11330486834049225,0.024619728326797485,-0.32942062616348267,-0.08235515654087067,-0.002160887233912945,-0.028680771589279175,0.6190199851989746,0.15475499629974365,0.10812555253505707,0.06098274141550064,0.3984377086162567,0.09960942715406418,0.09242924302816391,0.05924967676401138,0.2469092607498169,0.061727315187454224,-0.17576639354228973,-0.05395438149571419,-0.32564881443977356,-0.08141220360994339,-0.0076119364239275455,-0.013228333555161953,0.03871504217386246,0.009678760543465614,0.007478756830096245,0.020331984385848045,0.025933772325515747,0.006483443081378937,0.012668950483202934,0.003197610378265381,0.17318494617938995,0.04329623654484749,-0.023025590926408768,0.08456070721149445,0.778613805770874,0.1946534514427185,0.17013701796531677,-0.007558494806289673,1.3967900276184082,0.34919750690460205,0.23978713154792786,-0.014874929562211037,0.10603156685829163,0.026507891714572906,0.005258539691567421,0.019471092149615288,3.6814117431640625,0.9203529357910156,0.9092532396316528,0.09127690643072128,-0.08289376646280289,-0.020723441615700722,-0.005750106181949377,0.028370797634124756,-0.1839739978313446,-0.04599349945783615,0.015613948926329613,-0.10469680279493332,0.28484269976615906,0.07121067494153976,-0.01018447708338499,0.051610447466373444,1.1342028379440308,0.2835507094860077,0.24082647264003754,-0.03691165894269943,-1.1197060346603394,-0.27992650866508484,-0.25374555587768555,-0.04095729812979698,-0.022234588861465454,-0.0055586472153663635,-0.009044790640473366,-0.05345582589507103,3.611868143081665,0.9029670357704163,0.8946923613548279,0.08428988605737686,0.1998157501220703,0.04995393753051758,0.002674824558198452,0.0015098035801202059,-0.13270582258701324,-0.03317645564675331,-0.0002553313970565796,-0.011131173931062222,-0.5760377645492554,-0.14400944113731384,-0.017919747158885002,-0.041590988636016846
0.30601513385772705,0.07650378346443176,0.0865136981010437,0.013153678737580776,0.3471371531486511,0.08678428828716278,0.041564613580703735,0.06325199455022812,0.3456534743309021,0.08641336858272552,0.12045567482709885,-0.004421359393745661,0.23165112733840942,0.057912781834602356,0.0488901287317276,0.05737018585205078,0.5832950472831726,0.14582376182079315,-0.07956499606370926,0.0030791759490966797,0.2730257213115692,0.0682564303278923,-0.043232306838035583,0.05100909620523453,0.463584840297699,0.11589621007442474,0.12012989073991776,0.03752708435058594,-0.34162938594818115,-0.08540734648704529,0.005225717090070248,0.051955223083496094,0.6050604581832886,0.15126511454582214,0.11469530314207077,0.017692267894744873,0.4863993525505066,0.12159983813762665,0.09772418439388275,-0.03288881108164787,0.37555891275405884,0.09388972818851471,-0.1730840802192688,-0.017444849014282227,-0.27777090668678284,-0.06944272667169571,-0.005330040585249662,-0.033964257687330246,0.03201591223478317,0.008003978058695793,-0.01012609526515007,-0.06679698079824448,-0.01254177838563919,-0.0031354445964097977,0.009150868281722069,0.046552013605833054,-0.011167537420988083,-0.0027918843552470207,-0.010074406862258911,-0.052644629031419754,0.8800572156906128,0.2200143039226532,0.18587197363376617,0.02239755354821682,1.2858681678771973,0.3214670419692993,0.22879467904567719,-0.05524048954248428,0.06260170042514801,0.015650425106287003,0.0038836728781461716,0.017785562202334404,3.599604845046997,0.8999012112617493,0.9048798084259033,-0.007145434617996216,-0.047930799424648285,-0.011982699856162071,-0.012451643124222755,0.04016132280230522,0.16561546921730042,0.041403867304325104,0.019194485619664192,-0.011199272237718105,-0.09736619889736176,-0.02434154972434044,-0.016169138252735138,0.05912020429968834,0.9162341952323914,0.22905854880809784,0.2502499222755432,0.0030826868023723364,-1.0798981189727783,-0.2699745297431946,-0.23798023164272308,0.0566280260682106,-0.042701900005340576,-0.010675475001335144,-0.008954123593866825,0.025152314454317093,3.445293664932251,0.8613234162330627,0.8936347961425781,0.041740547865629196,0.034499332308769226,0.008624833077192307,0.006710618734359741,-0.014970761723816395,0.09068775177001953,0.022671937942504883,0.023645130917429924,-0.026301318779587746,0.3830673396587372,0.0957668349146843,0.002992945723235607,0.06218899413943291
0.2560068368911743,0.06400170922279358,0.09219768643379211,0.05690620094537735,0.1791447252035141,0.044786181300878525,0.03168923407793045,-0.032960545271635056,0.3165256679058075,0.07913141697645187,0.11938317865133286,0.0028911412227898836,0.30379819869995117,0.07594954967498779,0.042690157890319824,0.028927922248840332,0.6327273845672607,0.15818184614181519,-0.08584751933813095,-0.05179779604077339,0.22819998860359192,0.05704999715089798,-0.03938378021121025,0.015976054593920708,0.590073823928833,0.14751845598220825,0.11863420158624649,0.05293116718530655,-0.504284679889679,-0.12607116997241974,-0.005073388572782278,-0.0207692738622427,0.6522207856178284,0.1630551964044571,0.11280764639377594,-0.03910350427031517,0.5461394786834717,0.13653486967086792,0.10150188207626343,0.00037656427593901753,0.4185422658920288,0.1046355664730072,-0.18201909959316254,-0.010658186860382557,-0.13214930891990662,-0.033037327229976654,0.004019349813461304,-0.01640537939965725,0.036892812699079514,0.009223203174769878,-0.0026780758053064346,0.02232709527015686,0.16109581291675568,0.04027395322918892,0.010455463081598282,-0.07441551238298416,-0.06820918619632721,-0.017052296549081802,-0.008995024487376213,0.04182099178433418,0.603718638420105,0.15092965960502625,0.18729011714458466,0.020658517256379128,1.47479248046875,0.3686981201171875,0.2429208606481552,-0.03558259457349777,0.057122763246297836,0.014280690811574459,-0.004552221857011318,-0.004252105951309204,3.6298553943634033,0.9074638485908508,0.9325985312461853,-0.040023356676101685,0.02182820998132229,0.005457052495330572,-0.0032012281008064747,-0.007838464342057705,-0.06656390428543091,-0.016640976071357727,0.0029149865731596947,0.03187687322497368,-0.0750214010477066,-0.01875535026192665,-0.007693510502576828,-0.05397830158472061,1.16476309299469,0.2911907732486725,0.24612967669963837,0.04881507158279419,-1.2539793252944946,-0.31349483132362366,-0.24866564571857452,-0.07115253806114197,-0.05561521649360657,-0.013903804123401642,0.0033479155972599983,-0.02368984930217266,3.6436338424682617,0.9109084606170654,0.895632266998291,0.09181361645460129,-0.014950022101402283,-0.0037375055253505707,0.0030144713819026947,-0.011863875202834606,-0.21474163234233856,-0.05368540808558464,-0.006918579805642366,0.01667013205587864,-0.19658589363098145,-0.04914647340774536,-0.0026311492547392845,-0.059688132256269455
0.475864052772522,0.1189660131931305,0.09903447329998016,0.08523201197385788,0.29607993364334106,0.07401998341083527,0.03226505219936371,-0.02684241347014904,0.3544670045375824,0.0886167511343956,0.11452484875917435,0.010733842849731445,0.3405252695083618,0.08513131737709045,0.04676281660795212,-0.043012287467718124,0.8675209879875183,0.21688024699687958,-0.09545756131410599,-0.06336522847414017,0.3465733528137207,0.08664333820343018,-0.032936230301856995,0.062225449830293655,0.3869858980178833,0.09674647450447083,0.1343560665845871,-0.032176628708839417,-0.42624616622924805,-0.10656154155731201,0.005162810906767845,-0.05909210443496704,0.6694566607475281,0.16736416518688202,0.1042567789554596,0.038515448570251465,0.47458353638648987,0.11864588409662247,0.10040757805109024,0.05193251371383667,0.3451734185218811,0.08629335463047028,-0.18344365060329437,-0.00038623809814453125,-0.22094503045082092,-0.05523625761270523,0.0012341644614934921,-0.03845005854964256,0.027461282908916473,0.006865320727229118,-0.0017002541571855545,-0.02870108000934124,0.06371643394231796,0.01592910848557949,0.01884991116821766,-0.017721420153975487,-0.03807906433939934,-0.009519766084849834,-0.002130383625626564,-0.03132270276546478,0.7643643617630005,0.19109109044075012,0.18406498432159424,0.021765535697340965,1.2945005893707275,0.3236251473426819,0.2540484070777893,0.029294168576598167,0.15942731499671936,0.03985682874917984,0.0012520793825387955,0.03403050824999809,3.5527966022491455,0.8881991505622864,0.9156290292739868,0.026020992547273636,-0.04197167605161667,-0.010492919012904167,-0.008261171169579029,0.06830646842718124,0.040592506527900696,0.010148126631975174,0.023324085399508476,-0.03409568592905998,0.09472092241048813,0.023680230602622032,-0.00960538536310196,0.017728209495544434,0.9979534149169922,0.24948835372924805,0.2653806805610657,0.08696498721837997,-1.043044924736023,-0.26076123118400574,-0.250855028629303,0.045730508863925934,-0.06877246499061584,-0.01719311624765396,-0.01363026350736618,-0.022488165646791458,3.4666411876678467,0.8666602969169617,0.9089845418930054,-0.045241162180900574,0.0797155499458313,0.019928887486457825,0.010977789759635925,0.030524110421538353,0.10839860141277313,0.027099650353193283,0.004518801346421242,0.08607152849435806,0.17949381470680237,0.04487345367670059,0.011540273204445839,0.019111353904008865
0.4043726921081543,0.10109317302703857,0.10050304979085922,-0.008269238285720348,0.31822049617767334,0.07955512404441833,0.03633008897304535,0.0065891980193555355,0.33264046907424927,0.08316011726856232,0.11741069704294205,-0.08632110804319382,0.3508839011192322,0.08772097527980804,0.042695723474025726,0.039127398282289505,1.0015997886657715,0.25039994716644287,-0.09206470102071762,0.04354226589202881,0.21464237570762634,0.053660593926906586,-0.04078742116689682,0.03929853439331055,0.6235311627388,0.1558827906847,0.1417897641658783,-0.03324862942099571,-0.38735970854759216,-0.09683992713689804,-0.008372917771339417,0.006155801005661488,0.6048781871795654,0.15121954679489136,0.11114463210105896,0.02373955212533474,0.46471720933914185,0.11617930233478546,0.09348535537719727,-0.07633709907531738,0.5035868883132935,0.12589672207832336,-0.17138148844242096,0.0012164711952209473,-0.14326193928718567,-0.03581548482179642,-0.012327194213867188,-0.06168431043624878,0.04330875352025032,0.01082718838006258,0.0012709014117717743,0.011430919170379639,-0.09266424179077148,-0.02316606044769287,0.014546463266015053,0.03277707099914551,-0.10589851438999176,-0.02647462859749794,-0.0016527287662029266,0.03406872972846031,0.6289833784103394,0.15724584460258484,0.18995027244091034,-0.08143819868564606,1.028252363204956,0.257063090801239,0.2636035084724426,0.06892149895429611,-0.015218246728181839,-0.0038045616820454597,0.014556393027305603,-0.031282689422369,3.636920928955078,0.9092302322387695,0.9287146329879761,-0.032332807779312134,-0.07657165080308914,-0.019142912700772285,0.005852814763784409,-0.040976811200380325,-0.15734398365020752,-0.03933599591255188,0.009803064167499542,-0.08480647951364517,-0.06990185379981995,-0.017475463449954987,-0.015567323192954063,0.020752137526869774,1.0586317777633667,0.2646579444408417,0.2636144161224365,0.06888232380151749,-1.1289302110671997,-0.2822325527667999,-0.24789385497570038,0.05511658266186714,0.03891634941101074,0.009729087352752686,0.005798378959298134,-0.040501099079847336,3.5696027278900146,0.8924006819725037,0.9023497700691223,-0.043661247938871384,-0.051731109619140625,-0.012932777404785156,0.008966216817498207,-0.0010322034358978271,-0.19852878153324127,-0.04963219538331032,0.0018011601641774178,-0.02128288708627224,-0.24666200578212738,-0.061665501445531845,-0.016365204006433487,0.017460430040955544
0.5255724787712097,0.13139311969280243,0.1020108088850975,0.07728936523199081,0.2581484615802765,0.06453711539506912,0.024576542899012566,0.049668848514556885,0.3512808382511139,0.08782020956277847,0.11355885863304138,-0.049269601702690125,0.3108150362968445,0.07770375907421112,0.0508304163813591,-0.00869598425924778,0.7093834280967712,0.1773458570241928,-0.08754735440015793,-0.007013809867203236,0.2697054147720337,0.06742635369300842,-0.03677527606487274,0.01894313097000122,0.5469059944152832,0.1367264986038208,0.1295188069343567,0.03854180499911308,-0.3724035620689392,-0.0931008905172348,-0.004172176122665405,-0.06559165567159653,0.6429606080055237,0.16074015200138092,0.10657452791929245,-0.012469124980270863,0.5355573892593384,0.1338893473148346,0.09968416392803192,-0.023279016837477684,0.28313958644866943,0.07078489661216736,-0.18487116694450378,-0.07504879683256149,-0.08048996329307556,-0.02012249082326889,-0.011122174561023712,0.049472808837890625,0.0026977285742759705,0.0006744321435689926,0.006437798961997032,-0.0395980142056942,-0.012002639472484589,-0.003000659868121147,0.018487246707081795,0.044038236141204834,-0.19321538507938385,-0.04830384626984596,-0.004385758191347122,0.007478487677872181,0.6621594429016113,0.16553986072540283,0.17653951048851013,0.007138174958527088,0.8821854591369629,0.22054636478424072,0.258217990398407,0.011906570754945278,0.029737766832113266,0.0074344417080283165,0.018863698467612267,0.047098685055971146,3.541731834411621,0.8854329586029053,0.9210027456283569,-0.013904446735978127,-0.02161034382879734,-0.005402585957199335,-0.0013240836560726166,0.04136870056390762,0.22293025255203247,0.05573256313800812,0.026305152103304863,0.007017511408776045,0.023950865492224693,0.005987716373056173,-0.0018195966258645058,0.048224497586488724,1.0208693742752075,0.2552173435688019,0.26927509903907776,-0.03514945134520531,-1.226595401763916,-0.306648850440979,-0.24307464063167572,-0.026686547324061394,-0.08121207356452942,-0.020303018391132355,-0.000322890467941761,0.0015867650508880615,3.5143239498138428,0.8785809874534607,0.9020235538482666,-0.068645179271698,0.015132024884223938,0.0037830062210559845,-0.0019383430480957031,-0.00901744980365038,0.08593502640724182,0.021483756601810455,0.01058175228536129,-0.026275116950273514,0.16149726510047913,0.04037431627511978,-0.003726986702531576,0.06536559015512466
0.420382022857666,0.1050955057144165,0.10121305286884308,-0.0286108385771513,0.2981337904930115,0.07453344762325287,0.034632302820682526,0.044042207300662994,0.3495352566242218,0.08738381415605545,0.1184273436665535,0.046994615346193314,0.2772517800331116,0.0693129450082779,0.04864048957824707,0.06072516366839409,0.7360420227050781,0.18401050567626953,-0.0912332758307457,0.02796492539346218,0.29240792989730835,0.07310198247432709,-0.035354919731616974,-0.04945472255349159,0.48071837425231934,0.12017959356307983,0.1366366446018219,-0.03577520698308945,-0.3412187695503235,-0.08530469238758087,-0.0005461182445287704,0.016914034262299538,0.6378101706504822,0.15945254266262054,0.10333837568759918,-0.0019149839645251632,0.5489504337310791,0.13723760843276978,0.0974331945180893,0.01802617311477661,0.26079559326171875,0.06519889831542969,-0.1921156793832779,0.012636399827897549,-0.23345819115638733,-0.05836454778909683,-0.008128102868795395,-0.019991612061858177,-0.062332041561603546,-0.015583010390400887,-0.006845896132290363,-0.06715106964111328,-0.08027282357215881,-0.020068205893039703,0.014498766511678696,-0.05652494356036186,-0.007247012108564377,-0.0018117530271410942,-0.001323646865785122,0.05645442008972168,0.6769202947616577,0.16923007369041443,0.17565777897834778,-0.02201765775680542,1.0891034603118896,0.2722758650779724,0.25293320417404175,0.06602658331394196,-0.0563657321035862,-0.01409143302589655,-0.005627347622066736,0.013318228535354137,3.699226140975952,0.924806535243988,0.9375848174095154,-0.03076120652258396,-0.07995905727148056,-0.01998976431787014,-0.008488191291689873,0.06555304676294327,-0.24036450684070587,-0.06009112671017647,-0.009966803714632988,-0.0009018898126669228,-0.2220943570137024,-0.0555235892534256,-0.00875350832939148,-0.10031452029943466,1.2054816484451294,0.30137041211128235,0.27185124158859253,0.013376998715102673,-1.1045523881912231,-0.2761380970478058,-0.25260478258132935,0.02017347887158394,-0.0986471176147461,-0.024661779403686523,-0.00390876829624176,-0.036204781383275986,3.6306424140930176,0.9076606035232544,0.9138602614402771,0.030759096145629883,0.10614389181137085,0.026535972952842712,-0.0011081909760832787,-0.01670926809310913,0.05428090691566467,0.013570226728916168,0.010512644425034523,-0.06080668047070503,-0.14647047221660614,-0.036617618054151535,-0.014322557486593723,-0.004288411233574152
0.4302372932434082,0.10755932331085205,0.11188403517007828,0.07632040977478027,0.2257011979818344,0.0564252994954586,0.024752600118517876,-0.08013708144426346,0.3400866389274597,0.08502165973186493,0.11837156862020493,-0.0040631890296936035,0.2309991717338562,0.05774979293346405,0.044813379645347595,-7.777214341331273e-05,0.5359589457511902,0.13398973643779755,-0.08777974545955658,-0.02994142472743988,0.40206897258758545,0.10051724314689636,-0.03563327714800835,0.04753890261054039,0.4871012568473816,0.1217753142118454,0.14479757845401764,0.02731313742697239,-0.5086998343467712,-0.1271749585866928,-0.009792492724955082,0.007438784930855036,0.6660536527633667,0.16651341319084167,0.11940401047468185,-0.04216354712843895,0.4891735911369324,0.1222933977842331,0.10203545540571213,0.0522242896258831,0.03581947088241577,0.008954867720603943,-0.18820613622665405,-0.08587314188480377,-0.24289670586585999,-0.060724176466464996,0.0006275428459048271,0.06277084350585938,0.09737232327461243,0.024343080818653107,0.015350570902228355,0.02697312831878662,0.17896036803722382,0.044740092009305954,0.005514729768037796,-0.04845994710922241,-0.06936149299144745,-0.017340373247861862,0.0009641395881772041,0.04243263229727745,0.5529882311820984,0.1382470577955246,0.1739659160375595,0.047236599028110504,1.0763221979141235,0.2690805494785309,0.24782933294773102,-0.10570099204778671,0.1644292175769806,0.04110730439424515,0.010457919910550117,0.08055523782968521,3.4745490550994873,0.8686372637748718,0.9147490859031677,0.007656461093574762,-0.022487187758088112,-0.005621796939522028,-0.010491685941815376,-0.04511556029319763,0.3502357602119446,0.08755894005298615,0.020924611017107964,-0.00041367413359694183,0.24547690153121948,0.06136922538280487,0.00479549914598465,0.043881822377443314,1.191928505897522,0.2979821264743805,0.2945477366447449,0.022289682179689407,-1.0544660091400146,-0.26361650228500366,-0.2552355229854584,-0.023212749511003494,0.0243874192237854,0.00609685480594635,-0.013456917367875576,-0.011490988545119762,3.5741939544677734,0.8935484886169434,0.9126128554344177,-0.054907381534576416,0.05862945318222046,0.014657363295555115,0.015047796070575714,0.0686650201678276,0.04161573946475983,0.010403934866189957,0.01908457651734352,-0.05057920888066292,0.25314879417419434,0.06328719854354858,0.0020152321085333824,0.05408215522766113
0.5166176557540894,0.12915441393852234,0.11982252448797226,0.07388480752706528,0.3463781476020813,0.08659453690052032,0.029589584097266197,-0.04122401401400566,0.38139674067497253,0.09534918516874313,0.11403653770685196,0.006908535957336426,0.29111945629119873,0.07277986407279968,0.037450529634952545,-0.026777243241667747,0.6250723600387573,0.15626809000968933,-0.09824562072753906,-0.001092112041078508,0.37357738614082336,0.09339434653520584,-0.03369288146495819,-0.03316044434905052,0.3440919518470764,0.0860229879617691,0.13507328927516937,0.023224253207445145,-0.4107630252838135,-0.10269075632095337,-0.010114381089806557,-0.057321663945913315,0.6966844797134399,0.17417111992835999,0.11154921352863312,0.06406372040510178,0.44547581672668457,0.11136895418167114,0.10107926279306412,0.04901224374771118,0.2145519256591797,0.05363798141479492,-0.19827716052532196,0.05626581981778145,-0.36892619729042053,-0.09223154932260513,-0.0006057489663362503,0.007717561908066273,-0.022582776844501495,-0.005645694211125374,0.008255230262875557,-0.014866769313812256,0.03760501742362976,0.00940125435590744,0.013941904529929161,-0.042689237743616104,0.021353978663682938,0.005338494665920734,-0.009254847653210163,-0.03876196965575218,0.864302396774292,0.216075599193573,0.18029823899269104,0.013940989971160889,1.358999490737915,0.33974987268447876,0.24169684946537018,0.051263477653265,-0.03444497659802437,-0.008611244149506092,-0.005102220922708511,-0.018414342775940895,3.6615190505981445,0.9153797626495361,0.9152147173881531,-0.00024300813674926758,-0.05515631288290024,-0.01378907822072506,-0.01346895657479763,0.036004018038511276,-0.18601013720035553,-0.04650253430008888,0.012849943712353706,-0.10058563947677612,-0.3039461374282837,-0.07598653435707092,-0.00903037004172802,-0.04572649672627449,1.0674785375595093,0.2668696343898773,0.2892645001411438,0.0012402773136273026,-1.0705004930496216,-0.2676251232624054,-0.2579319179058075,0.0011006176937371492,-0.011436164379119873,-0.0028590410947799683,-0.0012447591871023178,-0.06701172888278961,3.5659525394439697,0.8914881348609924,0.9199393391609192,0.07393981516361237,-0.09126785397529602,-0.022816963493824005,-0.002808026038110256,-0.07927636057138443,-0.03398345410823822,-0.008495863527059555,0.016230976209044456,-0.06835567206144333,-0.17839449644088745,-0.04459862411022186,-0.0031687933951616287,0.023961473256349564
0.4459959864616394,0.11149899661540985,0.13347628712654114,-0.06451158225536346,0.30547893047332764,0.07636973261833191,0.028776245191693306,0.06407009810209274,0.3545457422733307,0.08863643556833267,0.11893374472856522,0.05341821908950806,0.2753359079360962,0.06883397698402405,0.038285739719867706,0.061595797538757324,0.48055434226989746,0.12013858556747437,-0.09955368936061859,-0.016224205493927002,0.4020437002182007,0.10051092505455017,-0.023779258131980896,0.05783623456954956,0.39291542768478394,0.09822885692119598,0.13659964501857758,0.0015957951545715332,-0.468589723110199,-0.11714743077754974,-0.017135972157120705,-0.006385368295013905,0.6574335098266602,0.16435837745666504,0.10876487195491791,0.04829827696084976,0.4440363347530365,0.11100908368825912,0.1153242364525795,0.04063540697097778,-0.10842615365982056,-0.02710653841495514,-0.2031792551279068,0.06545393913984299,-0.4245726764202118,-0.10614316910505295,-0.0013048835098743439,0.059042539447546005,0.054794784635305405,0.013698696158826351,-0.0022170208394527435,0.030573630705475807,0.02810773253440857,0.007026933133602142,0.023962823674082756,-0.049423787742853165,0.044624943286180496,0.011156235821545124,-0.008367039263248444,-0.0006863355520181358,0.7904886603355408,0.1976221650838852,0.18797984719276428,-0.03404708951711655,1.2108516693115234,0.30271291732788086,0.24356110394001007,0.0594031922519207,0.16565130650997162,0.041412826627492905,0.006952276453375816,0.023895740509033203,3.4864587783813477,0.8716146945953369,0.9101820588111877,-0.09947451949119568,0.060835517942905426,0.015208879485726357,0.0026790639385581017,0.025773072615265846,0.21498730778694153,0.05374682694673538,0.017908452078700066,0.0854778066277504,0.11080089211463928,0.02770022302865982,-0.0091503094881773,0.08264636248350143,1.0073732137680054,0.25184330344200134,0.27197033166885376,-0.017191845923662186,-1.0571843385696411,-0.2642960846424103,-0.2535574734210968,0.08695020526647568,-0.02243649959564209,-0.0056091248989105225,-0.0037284372374415398,0.06049215793609619,3.549593210220337,0.8873983025550842,0.9077823162078857,0.013076364994049072,0.16144269704818726,0.040360674262046814,0.003187485970556736,0.05126751586794853,-0.010421201586723328,-0.002605300396680832,0.0015543429180979729,0.02834111452102661,0.017457187175750732,0.004364296793937683,0.00584837980568409,0.004659015219658613
0.443694531917572,0.110923632979393,0.11873193830251694,0.043337345123291016,0.31539952754974365,0.07884988188743591,0.011971374973654747,-0.049751754850149155,0.326544851064682,0.0816362127661705,0.1078585609793663,-0.055981624871492386,0.1532834768295288,0.0383208692073822,0.03621671348810196,-0.08152440935373306,0.2972412109375,0.074310302734375,-0.09597046673297882,0.06206708028912544,0.3211153745651245,0.08027884364128113,-0.023695839568972588,-0.08022388070821762,0.3363121747970581,0.08407804369926453,0.13740263879299164,-0.05217249318957329,-0.39315932989120483,-0.09828983247280121,-0.004199187271296978,-0.02513250522315502,0.5956898331642151,0.14892245829105377,0.12176800519227982,-0.008971613831818104,0.45255500078201294,0.11313875019550323,0.12094724923372269,0.03660489246249199,-0.3145664632320404,-0.0786416158080101,-0.19091463088989258,0.002574747893959284,-0.5792641639709473,-0.14481604099273682,-0.012625603005290031,-0.018139278516173363,-0.06928505748510361,-0.017321264371275902,-0.015683148056268692,0.03993358835577965,-0.05273835361003876,-0.01318458840250969,0.023042982444167137,-0.05260854586958885,0.08213575184345245,0.020533937960863113,-0.02175486460328102,0.003284299513325095,0.8673335313796997,0.21683338284492493,0.1921434849500656,0.015810830518603325,1.004673957824707,0.25116848945617676,0.23841489851474762,0.0430469885468483,0.017884057015180588,0.004471014253795147,0.005820592865347862,0.06424994766712189,3.691617965698242,0.9229044914245605,0.9212303161621094,0.08210980147123337,-0.12038328498601913,-0.030095821246504784,-0.0009136814624071121,0.011105370707809925,-0.19618426263332367,-0.04904606565833092,0.005095934495329857,-0.10675318539142609,-0.23561808466911316,-0.05890452116727829,-0.014835400506854057,-0.04993702098727226,1.1198526620864868,0.2799631655216217,0.2659454047679901,-0.08734795451164246,-1.1823005676269531,-0.2955751419067383,-0.2466406524181366,0.06818392127752304,-0.1509019136428833,-0.037725478410720825,-0.0203789621591568,0.04581645876169205,3.649094820022583,0.9122737050056458,0.9125254154205322,-0.005245661828666925,8.830428123474121e-05,2.2076070308685303e-05,0.011932572349905968,0.025241732597351074,0.022589415311813354,0.005647353827953339,0.015289448201656342,-0.02500978671014309,-0.09033419191837311,-0.022583547979593277,0.0009190719574689865,-0.0559660866856575
0.3342204689979553,0.08355511724948883,0.13683220744132996,0.012186086736619473,0.44943785667419434,0.11235946416854858,0.027491705492138863,-0.010090827941894531,0.3858507573604584,0.0964626893401146,0.11441634595394135,0.07173734158277512,0.1909397840499878,0.04773494601249695,0.03588060289621353,0.07136249542236328,-0.06247143819928169,-0.015617859549820423,-0.1083974614739418,-0.004874527454376221,0.4086555242538452,0.1021638810634613,-0.02507108449935913,-0.02746555022895336,0.3676187992095947,0.09190469980239868,0.13305634260177612,-0.011987251229584217,-0.382011353969574,-0.0955028384923935,-0.019970376044511795,-0.0459502711892128,0.6852313876152039,0.17130784690380096,0.11600921303033829,-0.018744636327028275,0.44517651200294495,0.11129412800073624,0.13069285452365875,-0.0382232666015625,-0.38313809037208557,-0.09578452259302139,-0.21223077178001404,0.018406664952635765,-0.5870506763458252,-0.1467626690864563,-0.00794130563735962,-0.031029170379042625,0.07323253154754639,0.018308132886886597,-0.010826951824128628,0.04968813806772232,-0.0472814217209816,-0.0118203554302454,0.026120251044631004,-0.006824630778282881,0.14616887271404266,0.036542218178510666,-0.002313203178346157,0.06848936527967453,0.6969487071037292,0.1742371767759323,0.18746358156204224,-0.0054451823234558105,1.027585744857788,0.256896436214447,0.24908171594142914,-0.02389894798398018,0.04451579973101616,0.01112894993275404,0.008767331019043922,0.014787561260163784,3.449416160583496,0.862354040145874,0.9090827703475952,0.02481110766530037,-0.08080079406499863,-0.020200198516249657,-0.013627119362354279,0.01100428681820631,0.2811724543571472,0.0702931135892868,0.018305279314517975,0.09356067329645157,0.1186983585357666,0.02967458963394165,-0.007090104278177023,0.036224495619535446,1.2882153987884521,0.32205384969711304,0.26951953768730164,-0.028020132333040237,-1.4208877086639404,-0.3552219271659851,-0.25610581040382385,-0.033232104033231735,-0.03517204523086548,-0.00879301130771637,-0.00041651539504528046,-0.024695217609405518,3.651575803756714,0.9128939509391785,0.9108633399009705,-0.03080126643180847,-0.08222111314535141,-0.020555278286337852,0.004777245223522186,0.02038373425602913,0.04771885275840759,0.011929713189601898,0.015719017013907433,-0.05716369301080704,0.1337428092956543,0.033435702323913574,0.014628240838646889,0.04952552542090416
0.4342762231826782,0.10856905579566956,0.12924382090568542,-0.027431700378656387,0.3609377145767212,0.0902344286441803,0.01956239901483059,-0.07950029522180557,0.35293301939964294,0.08823325484991074,0.11607431620359421,-0.07276498526334763,0.09689629077911377,0.024224072694778442,0.04465578496456146,-0.030818119645118713,0.07581771910190582,0.018954429775476456,-0.11055587977170944,-0.051167238503694534,0.4369475245475769,0.10923688113689423,-0.010976213961839676,-0.03412814065814018,0.34485018253326416,0.08621254563331604,0.13390406966209412,-0.06336914747953415,-0.32175305485725403,-0.08043826371431351,-0.013236560858786106,-0.05051945522427559,0.7013738751411438,0.17534346878528595,0.12307285517454147,0.06676547974348068,0.4677290916442871,0.11693227291107178,0.12330109626054764,-0.011892259120941162,-0.3690674901008606,-0.09226687252521515,-0.21045160293579102,-0.00843899231404066,-0.6038830280303955,-0.15097075700759888,-0.0255516916513443,-0.042562223970890045,-0.1166180744767189,-0.029154518619179726,0.0030053677037358284,0.013859820552170277,-0.11511150002479553,-0.028777875006198883,0.020160473883152008,0.002933335257694125,-0.026006799191236496,-0.006501699797809124,-0.019684087485074997,0.021618450060486794,0.7191118001937866,0.17977795004844666,0.20117586851119995,-0.041692476719617844,1.0482230186462402,0.26205575466156006,0.2441091388463974,-0.002795398235321045,0.022519271820783615,0.005629817955195904,0.012263769283890724,0.06005094200372696,3.6991934776306152,0.9247983694076538,0.9157245755195618,0.017680270597338676,0.014196520671248436,0.003549130167812109,0.0026816921308636665,0.07404305785894394,-0.4003836512565613,-0.10009591281414032,-0.0017162114381790161,-0.08772099763154984,-0.14137256145477295,-0.03534314036369324,-0.004144581034779549,-0.04810909181833267,1.1588894128799438,0.28972235321998596,0.28098803758621216,-0.04718131944537163,-1.1110566854476929,-0.2777641713619232,-0.25057926774024963,0.040709804743528366,-0.15558111667633057,-0.03889527916908264,-0.014217395335435867,0.03764529153704643,3.6591503620147705,0.9147875905036926,0.9125467538833618,0.056282222270965576,0.0024805963039398193,0.0006201490759849548,-0.003202959895133972,-0.0473206453025341,0.07557587325572968,0.01889396831393242,0.015499657019972801,-0.010019535198807716,-0.33528539538383484,-0.08382134884595871,-0.020553776994347572,-0.08269236236810684
0.5212088823318481,0.13030222058296204,0.1309780329465866,0.01220689993351698,0.42475324869155884,0.10618831217288971,0.018424106761813164,-0.0076468526385724545,0.4463289678096771,0.11158224195241928,0.12212123721837997,0.019876539707183838,0.13098275661468506,0.032745689153671265,0.029052818194031715,0.01091223955154419,0.16608019173145294,0.041520047932863235,-0.0939902663230896,-0.04984622076153755,0.3805621862411499,0.09514054656028748,-0.01750488020479679,0.031914304941892624,0.38713425397872925,0.09678356349468231,0.13247370719909668,0.027726328000426292,-0.3604423701763153,-0.09011059254407883,-0.017538415268063545,-0.06179250404238701,0.7348785996437073,0.18371964991092682,0.11808205395936966,0.02757812850177288,0.47695812582969666,0.11923953145742416,0.12560850381851196,-0.007110667414963245,-0.30214351415634155,-0.07553587853908539,-0.2006944715976715,0.05670567974448204,-0.6424494981765747,-0.16061237454414368,-0.02586274966597557,0.0420994758605957,-0.060703687369823456,-0.015175921842455864,-0.011373463086783886,-0.07459967583417892,0.0016154050827026367,0.0004038512706756592,0.017897622659802437,0.07043711096048355,0.037465650588274,0.0093664126470685,-0.021760720759630203,0.015317094512283802,0.8577165007591248,0.2144291251897812,0.20879435539245605,-0.03444671630859375,1.0340759754180908,0.2585189938545227,0.227840393781662,0.03861192613840103,0.07433530688285828,0.01858382672071457,-0.0003532152622938156,0.03116377629339695,3.434041738510132,0.858510434627533,0.9027324914932251,0.015231514349579811,-0.05784829705953598,-0.014462074264883995,-0.010253043845295906,-0.02132510580122471,0.3339494466781616,0.0834873616695404,0.017802570015192032,0.08717348426580429,-0.03892454504966736,-0.00973113626241684,-0.012701459228992462,0.028111625462770462,1.0752296447753906,0.26880741119384766,0.29085487127304077,-0.06761430948972702,-1.0942907333374023,-0.2735726833343506,-0.2713542580604553,0.02119005285203457,-0.0044588446617126465,-0.0011147111654281616,-0.02022281289100647,0.021588241681456566,3.5326430797576904,0.8831607699394226,0.9247737526893616,0.0369802825152874,0.05299556255340576,0.01324889063835144,-0.008057637140154839,-0.06488469243049622,-0.0469823032617569,-0.011745575815439224,0.006221061572432518,-0.04943883419036865,0.529523491859436,0.132380872964859,0.027785589918494225,0.12069548666477203
0.29493987560272217,0.07373496890068054,0.14809700846672058,0.007134008686989546,0.4454954266548157,0.11137385666370392,0.015805009752511978,0.0009062648168765008,0.3703147768974304,0.0925786942243576,0.1239088699221611,-0.04834641143679619,0.0884850025177002,0.02212125062942505,0.024496646597981453,0.055443406105041504,0.3925831913948059,0.09814579784870148,-0.10230990499258041,0.061291374266147614,0.2023610770702362,0.05059026926755905,-0.028902985155582428,0.009357518516480923,0.521641194820404,0.130410298705101,0.145265594124794,-0.06417250633239746,-0.2852778434753418,-0.07131946086883545,0.0008008712902665138,-0.049711912870407104,0.6757060885429382,0.16892652213573456,0.1298312395811081,0.04639739915728569,0.5317915678024292,0.1329478919506073,0.13548330962657928,-0.03258027881383896,-0.3787238299846649,-0.09468095749616623,-0.22001932561397552,-0.012728280387818813,-0.6999311447143555,-0.17498278617858887,-0.03422126919031143,-0.03781857341527939,0.011699914932250977,0.002924978733062744,-0.009762724861502647,-0.060415804386138916,-0.06850174069404602,-0.017125435173511505,0.021239642053842545,0.058135736733675,0.02172185853123665,0.005430464632809162,-0.026854487136006355,-0.03475821763277054,0.7024692893028259,0.17561732232570648,0.2032189518213272,-0.08654050529003143,1.0560355186462402,0.26400887966156006,0.2309017777442932,0.005839330144226551,0.0632384866476059,0.015809621661901474,-0.0028160070069134235,0.054580070078372955,3.684335231781006,0.9210838079452515,0.9272846579551697,0.020580774173140526,0.011190300807356834,0.0027975752018392086,0.002650379203259945,-0.04391256719827652,-0.24984869360923767,-0.06246217340230942,0.004331364296376705,-0.07177229970693588,-0.014830851927399635,-0.003707712981849909,-0.007110643200576305,-0.015070396475493908,1.2055081129074097,0.3013770282268524,0.2834140658378601,-0.05174540355801582,-1.0016553401947021,-0.25041383504867554,-0.2526267468929291,0.01098414696753025,-0.028340637683868408,-0.007085159420967102,-0.010577262379229069,0.0639287605881691,3.5842373371124268,0.8960593342781067,0.9038023948669434,-0.019398940727114677,0.17910650372505188,0.04477662593126297,0.015335248783230782,0.03722813352942467,0.1499812752008438,0.03749531880021095,0.02425978146493435,0.022732079029083252,-0.6065043210983276,-0.1516260802745819,-0.014755438081920147,-0.06356313079595566
0.3397256135940552,0.0849314033985138,0.13061058521270752,-0.007501810789108276,0.5200997591018677,0.13002493977546692,0.02801707200706005,-0.0496833436191082,0.4449751079082489,0.11124377697706223,0.13416819274425507,0.011043625883758068,0.20470869541168213,0.05117717385292053,0.027029974386096,0.08577346801757812,0.3295140862464905,0.08237852156162262,-0.11302468925714493,0.04701658710837364,0.1968078315258026,0.04920195788145065,-0.023769842460751534,0.01078025158494711,0.5308591723442078,0.13271479308605194,0.13554151356220245,-0.015765411779284477,-0.2803274989128113,-0.07008187472820282,-0.0004546474665403366,-0.06436478346586227,0.7337746024131775,0.18344365060329437,0.14380376040935516,0.08561068028211594,0.4965589940547943,0.12413974851369858,0.13058353960514069,0.003303969046100974,-0.13002228736877441,-0.032505571842193604,-0.20843733847141266,-0.03921506926417351,-0.6447652578353882,-0.16119131445884705,-0.045265063643455505,-0.07563885301351547,0.08115784078836441,0.020289460197091103,-0.0006498107686638832,0.01851099170744419,0.005670830607414246,0.0014177076518535614,0.00687391497194767,-0.039620060473680496,0.11640547215938568,0.02910136803984642,-0.008400261402130127,0.03510115295648575,0.8167482614517212,0.2041870653629303,0.19774150848388672,0.05717882141470909,1.0464739799499512,0.2616184949874878,0.22646497189998627,0.026389693841338158,0.1272106021642685,0.03180265054106712,0.008722757920622826,0.0017697931034490466,3.487898349761963,0.8719745874404907,0.9100064635276794,0.03093336895108223,-0.031263820827007294,-0.007815955206751823,-0.003591731656342745,-0.005247062537819147,0.3153706192970276,0.0788426548242569,0.023847410455346107,0.09452857822179794,-0.022308604791760445,-0.005577151197940111,-0.012276210822165012,0.0353548526763916,1.220192313194275,0.3050480782985687,0.29882916808128357,0.05751624330878258,-1.1610183715820312,-0.2902545928955078,-0.24110199511051178,0.028827739879488945,-0.11445653438568115,-0.028614133596420288,-0.009467123076319695,-0.0651027038693428,3.511993169784546,0.8779982924461365,0.9002678394317627,0.04921422153711319,-0.13833795487880707,-0.03458448871970177,-0.008633697405457497,0.00024874808150343597,-0.21551276743412018,-0.053878191858530045,0.004730123095214367,-0.04766905680298805,0.3939343988895416,0.0984835997223854,0.0070059336721897125,0.052157141268253326
0.25870418548583984,0.06467604637145996,0.13764254748821259,0.014172661118209362,0.39642447233200073,0.09910611808300018,0.019123800098896027,0.039858557283878326,0.4198029041290283,0.10495072603225708,0.1383270025253296,0.06397601217031479,0.11443018913269043,0.028607547283172607,0.039865441620349884,0.0159275121986866,0.10131712257862091,0.025329280644655228,-0.11205610632896423,-0.056400466710329056,0.20739230513572693,0.05184807628393173,-0.023183748126029968,-0.0004424333747010678,0.5919931530952454,0.14799828827381134,0.14363211393356323,0.045140016824007034,-0.3567032217979431,-0.08917580544948578,0.0057183559983968735,0.008736217394471169,0.7300259470939636,0.1825064867734909,0.1381816416978836,-0.006185024976730347,0.48346006870269775,0.12086501717567444,0.11752428859472275,0.03737912327051163,-0.08191022276878357,-0.020477555692195892,-0.19645991921424866,0.06769423931837082,-0.5887908935546875,-0.14719772338867188,-0.05595451593399048,0.02623612992465496,-0.0053190141916275024,-0.0013297535479068756,-0.0016474518924951553,-0.04447055608034134,0.15004460513591766,0.037511151283979416,0.01729956455528736,0.015458899550139904,-0.10931064188480377,-0.027327660471200943,-0.015780214220285416,-0.011485010385513306,0.7379196286201477,0.18447990715503693,0.20099008083343506,0.004639559891074896,1.1231117248535156,0.2807779312133789,0.24039198458194733,0.0729735717177391,0.03657713159918785,0.009144282899796963,0.015799541026353836,0.023168934509158134,3.6955432891845703,0.9238858222961426,0.9207165837287903,-0.0023681283928453922,-0.0464666411280632,-0.0116166602820158,-0.003919427748769522,-0.035863857716321945,-0.41687506437301636,-0.10421876609325409,-0.00440879724919796,-0.09711415320634842,0.004420129582285881,0.0011050323955714703,-0.011581700295209885,0.07483308762311935,0.8761218190193176,0.2190304547548294,0.2872801125049591,-0.0534786581993103,-1.2822884321212769,-0.3205721080303192,-0.24987590312957764,0.016154730692505836,-0.02253594994544983,-0.005633987486362457,-0.010670794174075127,-0.007218289654701948,3.4059970378875732,0.8514992594718933,0.9077742695808411,-0.07449769228696823,0.1709219515323639,0.04273048788309097,0.008285893127322197,0.051535964012145996,0.09286253154277802,0.023215632885694504,0.0063798800110816956,0.09328877180814743,-0.1989721953868866,-0.04974304884672165,-0.012227092869579792,-0.09651535749435425
0.4139856696128845,0.10349641740322113,0.138157919049263,-0.0394071526825428,0.34542590379714966,0.08635647594928741,0.027325594797730446,-0.06694070249795914,0.43942856788635254,0.10985714197158813,0.12772992253303528,0.03899810463190079,0.21973323822021484,0.05493330955505371,0.03787510097026825,0.06037888675928116,0.2634739279747009,0.06586848199367523,-0.11556674540042877,0.06441084295511246,0.17320775985717773,0.043301939964294434,-0.026464220136404037,0.034149181097745895,0.4055282473564148,0.1013820618391037,0.15419645607471466,-0.04041590541601181,-0.40871524810791016,-0.10217881202697754,-0.00668611004948616,0.037235427647829056,0.7524915337562561,0.18812288343906403,0.1508258432149887,-0.0017634868854656816,0.4522092938423157,0.11305232346057892,0.10400685667991638,-0.042039286345243454,-0.23981699347496033,-0.05995424836874008,-0.2016211897134781,0.01565670408308506,-0.7587829828262329,-0.18969574570655823,-0.05608247220516205,0.006648731417953968,0.034263819456100464,0.008565954864025116,-0.007611256092786789,0.03202462196350098,-0.016928061842918396,-0.004232015460729599,0.009138083085417747,-0.02871887944638729,0.11541278660297394,0.028853196650743484,-0.019050732254981995,-0.041055452078580856,0.7842749953269958,0.19606874883174896,0.2028512954711914,0.024407828226685524,0.9987015724182129,0.24967539310455322,0.23609863221645355,0.04147956520318985,0.09446649253368378,0.023616623133420944,0.015181062743067741,0.05897332355380058,3.3595638275146484,0.8398909568786621,0.8925430178642273,-0.04841965436935425,0.007386958226561546,0.0018467395566403866,-0.00124321598559618,0.03963594511151314,0.43505215644836426,0.10876303911209106,0.027873067185282707,0.14534369111061096,-0.21573612093925476,-0.05393403023481369,-0.02062690258026123,-0.05997114256024361,1.1049593687057495,0.2762398421764374,0.28525975346565247,-0.0015139401657506824,-1.1273932456970215,-0.28184831142425537,-0.25918182730674744,-0.055619027465581894,-0.03719735145568848,-0.00929933786392212,-0.004472863860428333,-0.00351620907895267,3.5156092643737793,0.8789023160934448,0.9025652408599854,0.03181225061416626,-0.07666581124067307,-0.019166452810168266,-0.01014613639563322,-0.07408811897039413,-0.13457085192203522,-0.033642712980508804,-0.005549352616071701,-0.022600490599870682,0.4297104775905609,0.10742761939764023,0.024302085861563683,0.12502609193325043
0.27659934759140015,0.06914983689785004,0.13315151631832123,0.0006228268030099571,0.4074561595916748,0.1018640398979187,0.019916405901312828,-0.0015705168480053544,0.3780485987663269,0.09451214969158173,0.12636393308639526,0.001064258860424161,0.10205328464508057,0.02551332116127014,0.05100119113922119,-0.03568761423230171,0.08294196426868439,0.020735491067171097,-0.10615464299917221,-0.031564004719257355,0.17694798111915588,0.04423699527978897,-0.032167330384254456,0.025513505563139915,0.46995216608047485,0.11748804152011871,0.1435239464044571,0.041364312171936035,-0.4502285122871399,-0.11255712807178497,0.0012643150985240936,0.0721435546875,0.7727190852165222,0.19317977130413055,0.1377319097518921,0.057830560952425,0.49917635321617126,0.12479408830404282,0.11218683421611786,-0.00538176903501153,-0.2528289556503296,-0.0632072389125824,-0.2100565880537033,-0.001021778560243547,-0.7068442106246948,-0.1767110526561737,-0.04975146800279617,-0.06905128806829453,-0.056895799934864044,-0.014223949983716011,-0.011742555536329746,-0.04981463775038719,0.14115595817565918,0.035288989543914795,-0.0013718418776988983,0.01879297010600567,0.05317210033535957,0.013293025083839893,-0.015326221473515034,-0.01912834122776985,0.7021921873092651,0.17554804682731628,0.19469401240348816,-0.03847033157944679,1.0137795209884644,0.2534448802471161,0.2210301011800766,-0.014454823918640614,-0.03593193367123604,-0.00898298341780901,-0.001506773754954338,0.046087849885225296,3.6469855308532715,0.9117463827133179,0.9213390350341797,0.01652509532868862,-0.06766676157712936,-0.01691669039428234,-0.007625007536262274,-0.036206867545843124,-0.5053067207336426,-0.12632668018341064,-0.019157394766807556,-0.06935625523328781,0.1809939742088318,0.04524849355220795,0.00012582167983055115,0.07227881252765656,1.183429479598999,0.29585736989974976,0.2788231670856476,0.037917472422122955,-0.8540962934494019,-0.21352407336235046,-0.24862609803676605,0.004536462016403675,-0.05021834373474121,-0.012554585933685303,-0.015208987519145012,0.02049378864467144,3.5084171295166016,0.8771042823791504,0.8827610611915588,-0.016070758923888206,0.2891453504562378,0.07228633761405945,0.026872938498854637,0.041623689234256744,0.23445360362529755,0.05861340090632439,0.014147564768791199,0.07800894230604172,-0.603312611579895,-0.15082815289497375,-0.019954297691583633,-0.050333548337221146
0.4421052932739258,0.11052632331848145,0.12306912988424301,0.04914727434515953,0.3375803232192993,0.08439508080482483,0.023416487500071526,-0.04279307648539543,0.44438040256500244,0.11109510064125061,0.13932688534259796,0.029341911897063255,0.24883460998535156,0.06220865249633789,0.04365537315607071,-0.01446313876658678,0.27052921056747437,0.06763230264186859,-0.11320029199123383,-0.05334220081567764,0.13625437021255493,0.03406359255313873,-0.020493434742093086,0.05665219947695732,0.4515421390533447,0.11288553476333618,0.13670887053012848,0.0027207552921026945,-0.521397590637207,-0.13034939765930176,-0.001980908215045929,-0.003886616323143244,0.781915545463562,0.1954788863658905,0.15085503458976746,0.017169391736388206,0.4403443932533264,0.1100860983133316,0.11355330795049667,-0.01825054921209812,-0.11471527814865112,-0.02867881953716278,-0.2022150605916977,0.02494638040661812,-0.6185382604598999,-0.15463456511497498,-0.04934985935688019,0.010095375590026379,0.08798795193433762,0.021996987983584404,0.0034364424645900726,0.016574759036302567,0.14614266157150269,0.03653566539287567,-0.0013137776404619217,0.06977526098489761,0.10250656306743622,0.025626640766859055,-0.008244945667684078,-0.007322287652641535,0.883409857749939,0.22085246443748474,0.1948155164718628,-0.033920034766197205,1.2527861595153809,0.3131965398788452,0.23030492663383484,0.020036591216921806,0.1341596394777298,0.03353990986943245,-0.004585572052747011,-0.022906525060534477,3.350626230239868,0.837656557559967,0.8800792694091797,-0.07877557724714279,0.01545855961740017,0.0038646399043500423,-0.001954341307282448,0.03225865587592125,0.6187018156051636,0.1546754539012909,0.01614856719970703,0.1389327347278595,-0.31878945231437683,-0.07969736307859421,-0.014509033411741257,-0.016913866624236107,1.1286144256591797,0.2821536064147949,0.27339714765548706,0.055374469608068466,-0.938353419303894,-0.2345883548259735,-0.24147941172122955,0.06282725185155869,-0.029259949922561646,-0.007314987480640411,-0.024835575371980667,0.0022906900849193335,3.5825700759887695,0.8956425189971924,0.8967667818069458,0.05134369060397148,-0.22667278349399567,-0.05666819587349892,-0.011645376682281494,-0.09949792176485062,-0.22472448647022247,-0.05618112161755562,-0.007702228147536516,-0.050273098051548004,0.5050958395004272,0.1262739598751068,0.017362559214234352,0.12952733039855957
0.4216615557670593,0.10541538894176483,0.12366754561662674,0.019051194190979004,0.40336287021636963,0.10084071755409241,0.02571490965783596,0.0038365304935723543,0.4038068652153015,0.10095171630382538,0.13208721578121185,0.04440850019454956,0.18694749474525452,0.04673687368631363,0.034891001880168915,0.010615485720336437,0.2591593861579895,0.06478984653949738,-0.12203888595104218,-0.023971397429704666,0.10511980205774307,0.026279950514435768,-0.031556498259305954,-0.03043186478316784,0.4118005633354187,0.10295014083385468,0.12838904559612274,-0.021730124950408936,-0.4276621341705322,-0.10691553354263306,-0.00985006708651781,-0.04609031602740288,0.7548307180404663,0.18870767951011658,0.14925707876682281,0.06957351416349411,0.44718480110168457,0.11179620027542114,0.10757417231798172,0.012693471275269985,-0.25154855847358704,-0.06288713961839676,-0.20830607414245605,0.0406789556145668,-0.6938189268112183,-0.17345473170280457,-0.05390997976064682,-0.044149018824100494,0.011152137070894241,0.0027880342677235603,-0.0096846092492342,-0.03165469691157341,-0.08938387036323547,-0.02234596759080887,-0.0032028420828282833,-0.04614826664328575,0.013311970978975296,0.003327992744743824,-0.00992461759597063,0.015811098739504814,1.0083858966827393,0.2520964741706848,0.21048495173454285,0.014260387979447842,1.1559219360351562,0.28898048400878906,0.22701425850391388,-0.06426454335451126,0.1762077808380127,0.044051945209503174,0.01902530901134014,0.07157943397760391,3.703892230987549,0.9259730577468872,0.9010885953903198,-0.012957537546753883,-0.06770967692136765,-0.01692741923034191,-0.00809433963149786,0.04899647459387779,-0.2730795741081238,-0.06826989352703094,0.006167499348521233,-0.029928088188171387,0.11823272705078125,0.029558181762695312,-0.015789475291967392,0.10456130653619766,0.9317108392715454,0.23292770981788635,0.27996277809143066,-0.08686772733926773,-1.2408936023712158,-0.31022340059280396,-0.23686780035495758,0.06841745227575302,0.02439749240875244,0.00609937310218811,0.005830980837345123,-0.02169918455183506,3.5095131397247314,0.8773782849311829,0.8988548517227173,0.02710658311843872,0.2741340696811676,0.0685335174202919,0.016993612051010132,0.0043787420727312565,0.28032249212265015,0.07008062303066254,0.020621968433260918,0.0440160408616066,-0.5527324676513672,-0.1381831169128418,-0.02067720517516136,-0.07482974976301193
0.4343074560165405,0.10857686400413513,0.12642835080623627,0.012155688367784023,0.30891966819763184,0.07722991704940796,0.018463334068655968,-0.04239538684487343,0.43885907530784607,0.10971476882696152,0.14058442413806915,0.0730891153216362,0.16964119672775269,0.04241029918193817,0.030144112184643745,0.061872757971286774,-0.019318509846925735,-0.004829627461731434,-0.1195107027888298,-0.0310000479221344,0.22323334217071533,0.05580833554267883,-0.020796706900000572,-0.057979047298431396,0.42703908681869507,0.10675977170467377,0.14571405947208405,-0.01825675368309021,-0.321373850107193,-0.08034346252679825,-0.012001724913716316,0.05607941374182701,0.7634598612785339,0.19086496531963348,0.1586238145828247,0.0609234943985939,0.4329538643360138,0.10823846608400345,0.09974954277276993,-0.03564811870455742,-0.33416852355003357,-0.08354213088750839,-0.20616158843040466,-0.05649007484316826,-0.6386831998825073,-0.15967079997062683,-0.058697618544101715,-0.04653892293572426,0.013227134943008423,0.0033067837357521057,0.006747318431735039,0.08674376457929611,0.04303082823753357,0.010757707059383392,0.010728513821959496,-0.06134960800409317,0.058701563626527786,0.014675390906631947,-0.013098230585455894,0.057154666632413864,0.8452566862106323,0.21131417155265808,0.20866873860359192,-0.05527982860803604,1.2395622730255127,0.3098905682563782,0.23784637451171875,0.0637766644358635,-0.01558639481663704,-0.00389659870415926,0.0040322113782167435,-0.014885390177369118,3.516172170639038,0.8790430426597595,0.898542046546936,-0.05540860444307327,0.003536676988005638,0.0008841692470014095,-0.0001131473109126091,-0.007639825344085693,0.2156543731689453,0.05391359329223633,0.026191597804427147,-0.01423035841435194,-0.2280125766992569,-0.057003144174814224,-0.017237570136785507,-0.07124978303909302,1.2471245527267456,0.3117811381816864,0.2648797631263733,-0.028128569945693016,-1.3904165029525757,-0.3476041257381439,-0.2486494779586792,-0.06568504869937897,-0.17681360244750977,-0.04420340061187744,-0.010558809153735638,-0.04606636241078377,3.6557819843292236,0.9139454960823059,0.9028321504592896,-0.003574937582015991,-0.1291201114654541,-0.032280027866363525,-0.006921675987541676,-0.01692967489361763,-0.19407053291797638,-0.048517633229494095,0.002256901003420353,-0.06621499359607697,0.3939051926136017,0.09847629815340042,0.00020665302872657776,0.027320552617311478
0.5134583711624146,0.12836459279060364,0.1258762627840042,-0.011257821694016457,0.4318881630897522,0.10797204077243805,0.0224336888641119,0.021535128355026245,0.4186173677444458,0.10465434193611145,0.1379970759153366,0.01710643246769905,0.16519522666931152,0.04129880666732788,0.02514253370463848,-0.0868782326579094,0.41836124658584595,0.10459031164646149,-0.11923994868993759,-0.05978842452168465,0.28809526562690735,0.07202381640672684,-0.035379067063331604,0.019207043573260307,0.47049790620803833,0.11762447655200958,0.14542458951473236,0.000272643577773124,-0.3756539821624756,-0.0939134955406189,-0.006132851354777813,-0.07739976793527603,0.7485849857330322,0.18714624643325806,0.1448442041873932,-0.0629362091422081,0.5297761559486389,0.13244403898715973,0.11465730518102646,0.024165088310837746,0.046645939350128174,0.011661484837532043,-0.20878678560256958,0.06216219812631607,-0.5833431482315063,-0.1458357870578766,-0.04911104589700699,0.021526921540498734,-0.08290157467126846,-0.020725393667817116,-0.01492311805486679,0.002455931855365634,-0.10890370607376099,-0.027225926518440247,-0.003972306847572327,-0.025855952873826027,0.046654392033815384,0.011663598008453846,0.012049201875925064,0.041018854826688766,0.9148306250572205,0.22870765626430511,0.21398501098155975,0.038211703300476074,1.0205066204071045,0.2551266551017761,0.23754894733428955,-0.0597679428756237,0.13702069222927094,0.034255173057317734,0.012771310284733772,0.06554894894361496,3.6954193115234375,0.9238548278808594,0.9075032472610474,0.06028003618121147,-0.0914941355586052,-0.0228735338896513,0.004386274144053459,-0.0011871993774548173,-0.18010984361171722,-0.045027460902929306,0.0036274781450629234,0.02142120711505413,0.20624026656150818,0.051560066640377045,-0.00010985229164361954,0.03765619918704033,1.1157636642456055,0.27894091606140137,0.2671913206577301,-0.06787652522325516,-1.0332053899765015,-0.25830134749412537,-0.25589433312416077,0.03499636799097061,0.004290282726287842,0.0010725706815719604,-0.013034035451710224,-0.04862762615084648,3.552061080932617,0.8880152702331543,0.8961994647979736,-0.0038796544540673494,0.23627495765686035,0.05906873941421509,0.009063323959708214,-0.04220297560095787,0.2597276568412781,0.06493191421031952,0.011191627010703087,0.06893181800842285,-0.12186206877231598,-0.030465517193078995,0.0049017323181033134,-0.03221369907259941
0.542768120765686,0.1356920301914215,0.12518422305583954,0.02389620617032051,0.3226162791252136,0.0806540697813034,0.026333803310990334,0.050767745822668076,0.48422056436538696,0.12105514109134674,0.14602380990982056,0.04650728777050972,0.2779300808906555,0.06948252022266388,0.03495289385318756,-0.06075837090611458,0.43161457777023315,0.10790364444255829,-0.12343917042016983,0.04173262044787407,0.16605982184410095,0.04151495546102524,-0.02197861298918724,0.014012462459504604,0.5765539407730103,0.14413848519325256,0.1557409167289734,-0.03015768527984619,-0.36598914861679077,-0.09149728715419769,0.0009630899876356125,0.03638273477554321,0.8075270056724548,0.2018817514181137,0.153619185090065,0.09704321622848511,0.42007026076316833,0.10501756519079208,0.10284934192895889,-0.017231417819857597,0.023437052965164185,0.005859263241291046,-0.2096356302499771,0.04946904256939888,-0.5562516450881958,-0.13906291127204895,-0.042822808027267456,-0.023998189717531204,0.09547335654497147,0.023868339136242867,0.005521614104509354,0.06067078188061714,0.2127816081047058,0.05319540202617645,0.005576604977250099,0.03089470975100994,-0.10153134167194366,-0.025382835417985916,0.009768756106495857,0.06147799640893936,0.7871295213699341,0.19678238034248352,0.22135531902313232,0.04309726879000664,1.1826075315475464,0.2956518828868866,0.251493901014328,-0.04491351544857025,-0.011652681976556778,-0.0029131704941391945,0.01183508150279522,-0.08650647848844528,3.5678067207336426,0.8919516801834106,0.9257910251617432,0.02805781364440918,-0.0973413810133934,-0.02433534525334835,-0.009822467342019081,-0.03522529825568199,0.05487489700317383,0.013718724250793457,0.00911254994571209,-0.023566557094454765,-0.25200146436691284,-0.06300036609172821,-0.017569996416568756,-0.09353486448526382,1.1246061325073242,0.28115153312683105,0.28148266673088074,0.040110256522893906,-0.9788211584091187,-0.24470528960227966,-0.2462400645017624,0.021678775548934937,0.04427832365036011,0.011069580912590027,-0.010762895457446575,0.023235345259308815,3.6181206703186035,0.9045301675796509,0.900725245475769,-0.012431377544999123,-0.05488558113574982,-0.013721395283937454,0.00886915810406208,0.0011350751155987382,-0.16198112070560455,-0.04049528017640114,0.0129932202398777,-0.035744618624448776,0.013328611850738525,0.0033321529626846313,0.006754102185368538,-0.050736527889966965
0.6372801065444946,0.15932002663612366,0.1415397822856903,0.02380995824933052,0.26874613761901855,0.06718653440475464,0.03170499950647354,-0.018229246139526367,0.4992871582508087,0.12482178956270218,0.12879805266857147,0.054322052747011185,0.34966468811035156,0.08741617202758789,0.04465591907501221,0.08575286716222763,0.3946716785430908,0.0986679196357727,-0.11427926272153854,-0.02969532087445259,0.2174067497253418,0.05435168743133545,-0.025084739550948143,0.06006288528442383,0.5081120133399963,0.12702800333499908,0.1599026322364807,-0.035588622093200684,-0.4391946792602539,-0.10979866981506348,-0.010821359232068062,0.049107301980257034,0.7608848214149475,0.19022120535373688,0.15436288714408875,-0.057653337717056274,0.4604295790195465,0.11510739475488663,0.104972705245018,-0.039534278213977814,0.061531007289886475,0.015382751822471619,-0.21067257225513458,-0.0748690664768219,-0.5191162824630737,-0.12977907061576843,-0.024194635450839996,0.002626234432682395,-0.04725753515958786,-0.011814383789896965,0.0036698253825306892,-0.033558089286088943,0.03589290380477905,0.008973225951194763,-0.004625361412763596,-0.013261556625366211,-0.15132732689380646,-0.037831831723451614,-0.00493738055229187,0.0245660487562418,0.8621858358383179,0.21554645895957947,0.22623609006404877,0.07159813493490219,1.233924388885498,0.3084810972213745,0.25823745131492615,-0.053921233862638474,0.1965634524822235,0.04914086312055588,0.007394187152385712,0.0017904400592669845,3.526836395263672,0.881709098815918,0.9076318740844727,-0.07264992594718933,0.01167837344110012,0.00291959336027503,-0.0006818240508437157,-0.016062188893556595,0.08493417501449585,0.021233543753623962,0.011243976652622223,0.03134634718298912,0.308638334274292,0.077159583568573,0.013674896210432053,0.07168471068143845,0.8359323143959045,0.20898307859897614,0.27906176447868347,0.03814995288848877,-1.2492631673812866,-0.31231579184532166,-0.24419264495372772,0.02095593884587288,-0.09639805555343628,-0.02409951388835907,-0.008505408652126789,-0.012430846691131592,3.5617499351501465,0.8904374837875366,0.9169275164604187,-0.031201118603348732,-0.011366426944732666,-0.0028416067361831665,0.0043405331671237946,0.02544116973876953,-0.049213603138923645,-0.012303400784730911,0.00347782950848341,-0.02401869371533394,-0.004233330488204956,-0.001058332622051239,0.00996151752769947,0.06057244539260864
0.6283298134803772,0.1570824533700943,0.13860070705413818,0.06900551170110703,0.325744092464447,0.08143602311611176,0.014429517090320587,0.04387694597244263,0.42129063606262207,0.10532265901565552,0.13107739388942719,0.04144854471087456,0.3136345148086548,0.0784086287021637,0.042485594749450684,-0.050056714564561844,0.725007951259613,0.18125198781490326,-0.12560635805130005,-0.01605951227247715,0.2502174377441406,0.06255435943603516,-0.019521405920386314,-0.041540104895830154,0.4711152911186218,0.11777882277965546,0.15098387002944946,0.05505819246172905,-0.4718046188354492,-0.1179511547088623,-0.010718916542828083,-0.051619913429021835,0.8604276180267334,0.21510690450668335,0.175489142537117,0.027268756181001663,0.4306587874889374,0.10766469687223434,0.09141445904970169,-0.0680665597319603,0.2646019458770752,0.0661504864692688,-0.20996184647083282,0.041050758212804794,-0.48888447880744934,-0.12222111970186234,-0.027239246293902397,0.06257253140211105,-0.04669129103422165,-0.011672822758555412,-0.008122405968606472,0.04069719463586807,0.07208776473999023,0.01802194118499756,0.0019413717091083527,0.07916005700826645,-0.07615838944911957,-0.019039597362279892,0.0035276729613542557,-0.07958848774433136,0.7523658275604248,0.1880914568901062,0.22567056119441986,-0.00127784616779536,1.3363113403320312,0.3340778350830078,0.2711339294910431,-0.030238404870033264,0.07331399619579315,0.018328499048948288,0.0036657843738794327,-0.05216037109494209,3.6537792682647705,0.9134448170661926,0.9268923401832581,0.05383265018463135,-0.04218243807554245,-0.010545609518885612,0.005965767428278923,0.010231238789856434,-0.17746734619140625,-0.04436683654785156,0.006930597126483917,-0.0207978542894125,-0.48214441537857056,-0.12053610384464264,-0.027361450716853142,-0.11710649728775024,0.9659861922264099,0.24149654805660248,0.27133506536483765,0.015575242228806019,-1.1665327548980713,-0.2916331887245178,-0.25643783807754517,0.06381332129240036,-0.06857436895370483,-0.01714359223842621,-0.011756015941500664,-0.0751701220870018,3.45015025138855,0.8625375628471375,0.9127756953239441,-0.10313478857278824,0.0173637717962265,0.004340942949056625,0.005170756950974464,0.026582254096865654,0.05343340337276459,0.013358350843191147,0.022219082340598106,0.04613626003265381,-0.2857087254524231,-0.07142718136310577,-0.012873918749392033,-0.01936735026538372
0.5707188248634338,0.14267970621585846,0.1276419758796692,-0.008139110170304775,0.38126176595687866,0.09531544148921967,0.021069595590233803,-0.053364407271146774,0.4229736030101776,0.1057434007525444,0.1381765604019165,0.056628476828336716,0.36339062452316284,0.09084765613079071,0.0474744513630867,-0.03289516642689705,0.6374918818473816,0.1593729704618454,-0.13178840279579163,0.01919473521411419,0.2891545295715332,0.0722886323928833,-0.01932157203555107,-0.0127605265006423,0.44175827503204346,0.11043956875801086,0.15545408427715302,0.05274651199579239,-0.2671155333518982,-0.06677888333797455,-0.008802011609077454,0.025031542405486107,0.8333823084831238,0.20834557712078094,0.16669073700904846,0.08154024928808212,0.45322027802467346,0.11330506950616837,0.08629687130451202,0.07251695543527603,0.14038044214248657,0.03509511053562164,-0.21522998809814453,-0.015949731692671776,-0.503893256187439,-0.12597331404685974,-0.01615595817565918,0.007247048895806074,-0.0298563614487648,-0.0074640903621912,-0.0008440492674708366,0.0688871368765831,-0.001102738082408905,-0.00027568452060222626,0.01527903601527214,0.015567618422210217,-0.05962510034441948,-0.01490627508610487,-0.014606946147978306,0.008959305472671986,0.680565357208252,0.170141339302063,0.2257990837097168,-0.07428454607725143,0.9958351254463196,0.2489587813615799,0.2691440284252167,0.0426446907222271,0.12098674476146698,0.030246686190366745,0.02131149359047413,0.02960672415792942,3.4310107231140137,0.8577526807785034,0.9244759678840637,-0.04809405654668808,-0.0833621546626091,-0.020840538665652275,-0.0029903589747846127,-0.060864634811878204,-0.0039007961750030518,-0.0009751990437507629,0.0029394924640655518,0.025059616193175316,0.47912824153900146,0.11978206038475037,0.015680594369769096,0.12154503166675568,1.151953935623169,0.28798848390579224,0.26483213901519775,0.07526393234729767,-1.2116771936416626,-0.30291929841041565,-0.26284605264663696,0.04949694871902466,0.04284876585006714,0.010712191462516785,-0.006315108388662338,0.09357833862304688,3.557176113128662,0.8892940282821655,0.8939996957778931,0.04523846134543419,0.038045525550842285,0.009511381387710571,-0.0033747591078281403,0.029880870133638382,-0.2540704011917114,-0.06351760029792786,-0.005165701732039452,-0.0184601079672575,0.13051918148994446,0.032629795372486115,0.001385234296321869,0.06931239366531372
0.6655620336532593,0.16639050841331482,0.1338876634836197,0.08486630767583847,0.4653450846672058,0.11633627116680145,0.020394405350089073,-0.04751036688685417,0.40004798769950867,0.10001199692487717,0.12657995522022247,0.003375166794285178,0.35557037591934204,0.08889259397983551,0.06126437336206436,0.025771915912628174,0.6018931269645691,0.15047328174114227,-0.1354811191558838,0.06280095875263214,0.2493320107460022,0.06233300268650055,-0.021842792630195618,0.03699299320578575,0.4257686734199524,0.1064421683549881,0.16414175927639008,0.026108575984835625,-0.372679740190506,-0.0931699350476265,-0.019782569259405136,-0.03747570142149925,0.80965256690979,0.2024131417274475,0.17778326570987701,-0.05218780040740967,0.4323751926422119,0.10809379816055298,0.09199296683073044,-0.05448785051703453,0.40242600440979004,0.10060650110244751,-0.20865026116371155,0.05998803302645683,-0.4404342472553253,-0.11010856181383133,-0.004037871956825256,-0.0322408564388752,0.012846767902374268,0.003211691975593567,-0.000822998583316803,0.05364341661334038,-0.1088113784790039,-0.027202844619750977,-0.00020151399075984955,-0.03393112123012543,0.06017400696873665,0.015043501742184162,-0.009355511516332626,5.908012462896295e-05,1.1071653366088867,0.2767913341522217,0.22054938971996307,-0.012420142069458961,0.9526084065437317,0.23815210163593292,0.2601308524608612,-0.03438244387507439,-0.10524997115135193,-0.026312492787837982,0.0038661323487758636,-0.015591996721923351,3.6770119667053223,0.9192529916763306,0.9162641167640686,0.04034022241830826,-0.06544669717550278,-0.016361674293875694,-0.006921013351529837,-0.020275456830859184,0.09493017196655273,0.023732542991638184,0.0049381861463189125,-0.011636150069534779,-0.5784429907798767,-0.14461074769496918,-0.032405953854322433,-0.05657222867012024,0.7159838676452637,0.17899596691131592,0.2408645898103714,-0.03971327468752861,-0.9954224824905396,-0.2488556206226349,-0.2592093050479889,0.020611697807908058,-0.1407327651977539,-0.03518319129943848,-0.01848898082971573,0.020675599575042725,3.5629546642303467,0.8907386660575867,0.8999655246734619,0.06104153394699097,0.10944077372550964,0.02736019343137741,0.005219081416726112,0.06706108152866364,0.18655847012996674,0.046639617532491684,0.00696926936507225,0.021162135526537895,-0.1287575662136078,-0.03218939155340195,-0.01807011291384697,-0.07705488055944443
0.5296297669410706,0.13240744173526764,0.1261446326971054,-0.07057731598615646,0.37324488162994385,0.09331122040748596,0.01788949780166149,0.019125312566757202,0.446349561214447,0.11158739030361176,0.13344299793243408,-0.044211722910404205,0.32558876276016235,0.08139719069004059,0.0477786511182785,0.015910064801573753,0.3117526173591614,0.07793815433979034,-0.13527324795722961,0.05024136230349541,0.20373982191085815,0.05093495547771454,-0.017942065373063087,0.05407527834177017,0.3723652958869934,0.09309132397174835,0.15542586147785187,-0.03723445162177086,-0.3152867257595062,-0.07882168143987656,-0.015969932079315186,-0.02685273066163063,0.8733850717544556,0.2183462679386139,0.18186451494693756,-0.05220947414636612,0.4403761327266693,0.11009403318166733,0.10818757116794586,-0.003358465386554599,0.08787199854850769,0.021967999637126923,-0.21316662430763245,-0.035196904093027115,-0.3315923511981964,-0.0828980877995491,0.0038377856835722923,-0.026443997398018837,-0.009912215173244476,-0.002478053793311119,-0.008621575310826302,-0.03653837740421295,0.14009767770767212,0.03502441942691803,0.00824749656021595,-0.029615765437483788,0.002914983779191971,0.0007287459447979927,-0.020678255707025528,0.016196055337786674,0.9440763592720032,0.2360190898180008,0.22204048931598663,0.02771773375570774,1.036118507385254,0.2590296268463135,0.25760796666145325,-0.035466406494379044,0.13295815885066986,0.033239539712667465,0.009416783228516579,0.06800185889005661,3.4866676330566406,0.8716669082641602,0.9068773984909058,0.00855033379048109,0.013045018538832664,0.003261254634708166,-0.005877496208995581,0.07244426012039185,0.09232738614082336,0.02308184653520584,0.009820163249969482,0.0745726004242897,0.351329505443573,0.08783237636089325,-0.005409305449575186,0.07274436950683594,0.980501651763916,0.245125412940979,0.24572555720806122,0.033301424235105515,-1.114611029624939,-0.27865275740623474,-0.24862970411777496,-0.021741170436143875,-0.03780084848403931,-0.009450212121009827,-0.025005999952554703,0.012990928255021572,3.4916703701019287,0.8729175925254822,0.9023696184158325,-0.028820976614952087,0.0463261604309082,0.01158154010772705,0.006136501207947731,0.005029428284615278,-0.1133059412240982,-0.02832648530602455,0.004133176989853382,0.016174262389540672,0.37950578331947327,0.09487644582986832,0.022214336320757866,0.09358444064855576
0.5667908191680908,0.1416977047920227,0.13430489599704742,-0.014159387908875942,0.30030620098114014,0.07507655024528503,0.014275951310992241,-0.07335434854030609,0.4253881573677063,0.10634703934192657,0.14360463619232178,-0.08371271938085556,0.3429996371269226,0.08574990928173065,0.050454460084438324,-0.043385155498981476,0.6229509711265564,0.1557377427816391,-0.13985708355903625,0.04450426250696182,0.12583157420158386,0.031457893550395966,-0.029374074190855026,-0.021589744836091995,0.6376693844795227,0.15941734611988068,0.1600901037454605,0.060365986078977585,-0.3533068895339966,-0.08832672238349915,-0.01977560669183731,-0.07850226759910583,0.8914253115653992,0.2228563278913498,0.19452854990959167,-0.036818262189626694,0.5404759645462036,0.1351189911365509,0.10539786517620087,-0.0017682731850072742,0.5783090591430664,0.1445772647857666,-0.21712635457515717,-0.0030488967895507812,-0.18502268195152283,-0.04625567048788071,0.0036958884447813034,-0.04501540958881378,-0.06773636490106583,-0.016934091225266457,0.0005730483680963516,-0.02339404821395874,0.10791200399398804,0.02697800099849701,0.0073319729417562485,-0.023237794637680054,-0.006449233740568161,-0.0016123084351420403,-0.006827177479863167,-0.043239861726760864,0.6738606691360474,0.16846516728401184,0.21215331554412842,-0.0730675458908081,1.2842047214508057,0.3210511803627014,0.25742632150650024,0.008526450954377651,-0.013987485319375992,-0.003496871329843998,0.003306047059595585,-0.022357165813446045,3.6649179458618164,0.9162294864654541,0.9141519665718079,-0.03419145569205284,-0.08711244910955429,-0.021778112277388573,0.0019204206764698029,-0.019420862197875977,-0.1440436840057373,-0.036010921001434326,0.011795919388532639,-0.022452259436249733,-0.19065149128437042,-0.047662872821092606,-0.0033410433679819107,-0.030341221019625664,1.1185519695281982,0.27963799238204956,0.23831330239772797,0.0013768374919891357,-0.9625871181488037,-0.24064677953720093,-0.24288542568683624,0.04120580106973648,0.011493861675262451,0.002873465418815613,-0.0014191009104251862,0.03130456432700157,3.665419816970825,0.9163549542427063,0.9064481258392334,0.049987804144620895,0.01787489652633667,0.0044687241315841675,-0.0010082190856337547,0.009886324405670166,0.0716962069272995,0.017924051731824875,0.0025255735963582993,0.03268467262387276,-0.5111186504364014,-0.12777966260910034,-0.022960364818572998,-0.04348321631550789
0.5563937425613403,0.13909843564033508,0.14766542613506317,0.044286515563726425,0.36841535568237305,0.09210383892059326,0.007209401577711105,-0.008938664570450783,0.5076793432235718,0.12691983580589294,0.14622369408607483,0.030030012130737305,0.32353514432907104,0.08088378608226776,0.06011413782835007,-0.05379374697804451,0.6062255501747131,0.15155638754367828,-0.1425033062696457,-0.06927118450403214,0.16265392303466797,0.04066348075866699,-0.027317626401782036,-0.052340973168611526,0.5505984425544739,0.13764961063861847,0.17877182364463806,-0.054824020713567734,-0.2600594162940979,-0.06501485407352448,-0.012117523699998856,0.05576552078127861,0.9393770098686218,0.23484425246715546,0.1973811537027359,0.1323024481534958,0.4768086373806,0.11920215934515,0.09200885146856308,-0.06657998263835907,0.47349607944488525,0.11837401986122131,-0.20946620404720306,0.028250252828001976,-0.2580942213535309,-0.06452355533838272,0.006208529695868492,-0.016312438994646072,-0.02129693329334259,-0.005324233323335648,0.006743591278791428,-0.05818318948149681,0.05935211479663849,0.014838028699159622,0.006330894306302071,0.06544884294271469,-0.050606947392225266,-0.012651736848056316,-0.02140761911869049,0.04323974996805191,0.9045785069465637,0.22614462673664093,0.2101535052061081,0.05893589183688164,1.1730031967163086,0.29325079917907715,0.2515505254268646,0.02496780827641487,0.11177028715610504,0.02794257178902626,0.0014052428305149078,0.08030059188604355,3.5289390087127686,0.8822347521781921,0.9071553349494934,-0.019546950235962868,-0.019992614164948463,-0.004998153541237116,-0.00905959028750658,0.03912769630551338,0.09053713083267212,0.02263428270816803,0.0026407241821289062,-0.049027640372514725,-0.002541961148381233,-0.0006354902870953083,-0.01416018046438694,-0.05454808101058006,1.0204371213912964,0.2551092803478241,0.23058409988880157,0.07809920608997345,-1.1974464654922485,-0.29936161637306213,-0.23971344530582428,-0.017021626234054565,-0.12171325087547302,-0.030428312718868256,-0.023986127227544785,-0.07629590481519699,3.517929792404175,0.8794824481010437,0.8982037901878357,0.05367934703826904,0.04945912957191467,0.012364782392978668,0.01152339018881321,0.0036459804978221655,-0.03244204819202423,-0.008110512048006058,0.012253737077116966,-0.06747318059206009,0.4712941348552704,0.1178235337138176,0.02275511808693409,0.1448231190443039
0.6661427021026611,0.16653567552566528,0.1526137739419937,-0.013523811474442482,0.443398118019104,0.110849529504776,0.011942114681005478,0.06814209371805191,0.46024245023727417,0.11506061255931854,0.14567086100578308,-0.05616558715701103,0.38777679204940796,0.09694419801235199,0.05079401284456253,-0.037816643714904785,0.9522593021392822,0.23806482553482056,-0.15085241198539734,-0.04015180096030235,0.2539060115814209,0.06347650289535522,-0.02081327885389328,-0.07341381162405014,0.5872200131416321,0.14680500328540802,0.1826295256614685,-0.05309019237756729,-0.35565412044525146,-0.08891353011131287,-0.019070718437433243,0.06809838861227036,0.8797621130943298,0.21994052827358246,0.19588686525821686,-0.021039390936493874,0.5568228960037231,0.1392057240009308,0.0859571099281311,0.05317816883325577,0.6419658064842224,0.1604914516210556,-0.22345207631587982,0.012378198094666004,-0.15617221593856812,-0.03904305398464203,0.0030932538211345673,-0.005959892179816961,0.059894025325775146,0.014973506331443787,0.007951000705361366,0.0885041132569313,-0.055987417697906494,-0.013996854424476624,0.014670494943857193,-0.05096007511019707,-0.04245335981249809,-0.010613339953124523,-0.004199276678264141,0.04436676576733589,0.821057915687561,0.20526447892189026,0.21533121168613434,0.043846797198057175,1.0251445770263672,0.2562861442565918,0.25310951471328735,0.048035766929388046,0.019788306206464767,0.004947076551616192,-0.004895366262644529,-0.004348486661911011,3.559626340866089,0.8899065852165222,0.9146062135696411,-0.03921423479914665,-0.03094624914228916,-0.00773656228557229,-0.010323403403162956,-0.002868104027584195,0.23051398992538452,0.05762849748134613,0.020737653598189354,0.07055709511041641,0.13742318749427795,0.03435579687356949,0.010152025148272514,-0.020388102158904076,0.9767469167709351,0.24418672919273376,0.2413633018732071,-0.011283183470368385,-1.2190074920654297,-0.3047518730163574,-0.2455366849899292,-0.05085918307304382,0.10274404287338257,0.025686010718345642,0.011234724894165993,0.08893438428640366,3.630425214767456,0.907606303691864,0.9068613052368164,0.09355217218399048,0.0665927529335022,0.01664818823337555,0.009640315547585487,0.009527933783829212,0.10905364155769348,0.02726341038942337,0.019498756155371666,0.06885915994644165,-0.6551067233085632,-0.1637766808271408,-0.014811381697654724,-0.0584031343460083
0.7019335031509399,0.17548337578773499,0.15926247835159302,0.057923685759305954,0.3109886646270752,0.0777471661567688,0.0057251229882240295,0.02588869445025921,0.5658204555511475,0.14145511388778687,0.1336456835269928,-0.04347065091133118,0.3973773121833801,0.09934432804584503,0.04335962235927582,-0.006187319755554199,0.7474100589752197,0.18685251474380493,-0.15712673962116241,0.04308943822979927,0.3807339072227478,0.09518347680568695,-0.03109111823141575,0.056838106364011765,0.40644174814224243,0.10161043703556061,0.18034829199314117,0.03199484571814537,-0.42950165271759033,-0.10737541317939758,-0.023697655647993088,0.035413503646850586,0.9717003703117371,0.24292509257793427,0.20788124203681946,-0.003573596477508545,0.4216579794883728,0.1054144948720932,0.09151492267847061,-0.030486533418297768,0.46819818019866943,0.11704954504966736,-0.21883203089237213,0.023756368085741997,-0.2087794840335846,-0.05219487100839615,0.0048186564818024635,0.06267093867063522,-0.07377804070711136,-0.01844451017677784,-0.001136532984673977,0.02683730237185955,0.11290919780731201,0.028227299451828003,0.020158765837550163,-0.0432707779109478,-0.049989502876996994,-0.012497375719249249,-0.02508263848721981,-0.09254242479801178,1.068354606628418,0.2670886516571045,0.22539685666561127,0.07004932314157486,1.039602518081665,0.25990062952041626,0.23431624472141266,0.007940548472106457,0.09174883365631104,0.02293720841407776,0.009297182783484459,0.07352762669324875,3.5799152851104736,0.8949788212776184,0.9128820896148682,-0.07354924827814102,0.03704608231782913,0.009261520579457283,-0.004746837541460991,-0.026526689529418945,-0.25871580839157104,-0.06467895209789276,-0.0003405418246984482,-0.12524157762527466,-0.2758188843727112,-0.0689547210931778,-0.016055399551987648,-0.06512265652418137,0.8937175869941711,0.22342939674854279,0.23646800220012665,-0.03334612399339676,-0.9737077951431274,-0.24342694878578186,-0.23491130769252777,0.035141002386808395,-0.23923355340957642,-0.059808388352394104,-0.021453101187944412,-0.06006992608308792,3.5267748832702637,0.8816937208175659,0.9041082262992859,0.026477670297026634,-0.01868589222431183,-0.004671473056077957,0.010799285024404526,0.023631274700164795,-0.304698646068573,-0.07617466151714325,-0.004307660274207592,-0.03407108411192894,0.3923639953136444,0.0980909988284111,0.00110585056245327,0.1363590955734253
0.644637405872345,0.16115935146808624,0.1530509740114212,0.04386433586478233,0.3268645405769348,0.0817161351442337,0.016330132260918617,0.06401031464338303,0.46384379267692566,0.11596094816923141,0.13366258144378662,-0.05308050662279129,0.4361029267311096,0.1090257316827774,0.057921819388866425,0.009671187959611416,0.9210221171379089,0.23025552928447723,-0.16433700919151306,0.011684811674058437,0.2265440821647644,0.0566360205411911,-0.022136643528938293,0.0290679931640625,0.5346209406852722,0.13365523517131805,0.17261090874671936,0.0227860938757658,-0.3981972932815552,-0.0995493233203888,-0.018142614513635635,-0.006444782018661499,0.9165547490119934,0.22913868725299835,0.2049991488456726,-0.030034376308321953,0.607681155204773,0.15192028880119324,0.09709713608026505,0.07742094248533249,0.6073626279830933,0.15184065699577332,-0.23131683468818665,-0.01722630299627781,-0.16702818870544434,-0.041757047176361084,0.0015479270368814468,0.05704847723245621,-0.07650958746671677,-0.01912739686667919,0.0023771142587065697,0.036890458315610886,-0.011329010128974915,-0.0028322525322437286,0.01764518767595291,-0.04920249432325363,0.11930502951145172,0.02982625737786293,-0.011284644715487957,-0.03179989010095596,0.694366455078125,0.17359161376953125,0.2244870513677597,-0.05381689593195915,1.300591230392456,0.325147807598114,0.24020503461360931,0.03322640806436539,-0.050620753318071365,-0.012655188329517841,-0.008116486482322216,-0.07338983565568924,3.4242844581604004,0.8560711145401001,0.8895772695541382,-0.051706016063690186,-0.08391129225492477,-0.020977823063731194,-0.00568280927836895,-0.043787699192762375,0.37603890895843506,0.09400972723960876,0.017478134483098984,0.12057175487279892,0.23266637325286865,0.05816659331321716,0.010954219847917557,0.030209554359316826,1.1290091276168823,0.2822522819042206,0.22200362384319305,-0.06351041048765182,-1.1923457384109497,-0.2980864346027374,-0.24251963198184967,0.020138973370194435,0.08630985021591187,0.021577462553977966,-0.01036226935684681,0.0058432044461369514,3.5671980381011963,0.8917995095252991,0.8936259150505066,-0.02715357020497322,0.050222307443618774,0.012555576860904694,0.0010585300624370575,-0.07155830413103104,0.23609872162342072,0.05902468040585518,0.010941939428448677,-0.011020856909453869,-0.31189438700675964,-0.07797359675168991,-0.01122136227786541,-0.0436163954436779
0.6400828957557678,0.16002072393894196,0.14813730120658875,0.03990039974451065,0.24043166637420654,0.060107916593551636,0.021265732124447823,-0.0611933134496212,0.4991648495197296,0.1247912123799324,0.14902040362358093,0.0364810936152935,0.37035661935806274,0.09258915483951569,0.0490969717502594,0.023188680410385132,0.7975937128067017,0.19939842820167542,-0.15171003341674805,0.022791480645537376,0.19175153970718384,0.04793788492679596,-0.01948208175599575,0.05345446988940239,0.4364132285118103,0.10910330712795258,0.1681738942861557,-0.05029784515500069,-0.35341930389404297,-0.08835482597351074,-0.013474940322339535,0.001970094395801425,0.9989500641822815,0.24973751604557037,0.19375380873680115,0.12094142287969589,0.45153671503067017,0.11288417875766754,0.10463868826627731,-0.04042457416653633,0.6150145530700684,0.1537536382675171,-0.23770524561405182,-0.06642448157072067,-0.2579132616519928,-0.0644783154129982,0.012500036507844925,-0.019257260486483574,-0.07852204889059067,-0.019630512222647667,-0.012157549150288105,-0.058109063655138016,0.10172218084335327,0.025430545210838318,0.03041689284145832,-0.0642673596739769,-0.006079267710447311,-0.0015198169276118279,-0.019806213676929474,-0.05077144503593445,1.0669184923171997,0.2667296230792999,0.2296317219734192,-0.004243600647896528,1.2085824012756348,0.3021456003189087,0.23410752415657043,0.06192096695303917,0.1491193175315857,0.03727982938289642,0.009322553873062134,0.00792581494897604,3.728400707244873,0.9321001768112183,0.9114440679550171,0.004091465380042791,0.0020379777997732162,0.0005094944499433041,-0.0021657971665263176,-0.0471702516078949,-0.31183725595474243,-0.07795931398868561,0.009520202875137329,-0.00012907982454635203,-0.2782093286514282,-0.06955233216285706,-0.010471241548657417,-0.0480017215013504,0.9803046584129333,0.24507616460323334,0.2349025011062622,0.07467750459909439,-1.0815980434417725,-0.2703995108604431,-0.23887228965759277,-0.03455958887934685,-0.10006502270698547,-0.02501625567674637,0.0015642736107110977,-0.0201835036277771,3.5228631496429443,0.8807157874107361,0.8932721614837646,-0.05810344219207764,0.11523893475532532,0.02880973368883133,2.520158886909485e-06,-0.007534718606621027,-0.09895555675029755,-0.024738889187574387,0.0022563226521015167,-0.01928253285586834,0.3547329008579254,0.08868322521448135,0.016048023477196693,0.056512653827667236
0.6382911205291748,0.1595727801322937,0.1518772542476654,0.08263317495584488,0.34311383962631226,0.08577845990657806,0.02156711556017399,0.06946124881505966,0.4545448124408722,0.11363620311021805,0.1276090443134308,-0.05123884603381157,0.41995900869369507,0.10498975217342377,0.06285624951124191,-0.02143685333430767,1.0379940271377563,0.2594985067844391,-0.15247255563735962,0.04102444648742676,0.1777178943157196,0.0444294735789299,-0.022050462663173676,-0.007643228862434626,0.7540356516838074,0.18850891292095184,0.17802856862545013,-0.04042033478617668,-0.4124923348426819,-0.10312308371067047,-0.015566922724246979,0.005932677071541548,0.8672913312911987,0.21682283282279968,0.19726845622062683,0.027489854022860527,0.573011577129364,0.143252894282341,0.09140587598085403,0.038892973214387894,0.9836828708648682,0.24592071771621704,-0.23014667630195618,0.04706905037164688,-0.06621202826499939,-0.016553007066249847,0.013930954039096832,-0.013604682870209217,0.07376044243574142,0.018440110608935356,-0.012956453487277031,0.07074844837188721,0.016138270497322083,0.004034567624330521,0.023046931251883507,-0.047438301146030426,-0.017042797058820724,-0.004260699264705181,0.005967248231172562,0.10060190409421921,0.6393052339553833,0.15982630848884583,0.20540587604045868,-0.050615813583135605,1.133225679397583,0.28330641984939575,0.25391560792922974,0.06390158087015152,-0.0058267004787921906,-0.0014566751196980476,-0.008709282614290714,0.025578392669558525,3.606489419937134,0.9016223549842834,0.9182417392730713,-0.008027476258575916,-0.08507808297872543,-0.02126952074468136,-0.011118187569081783,0.01601617969572544,0.005120858550071716,0.001280214637517929,0.002213291823863983,-0.060582857578992844,0.15602657198905945,0.03900664299726486,0.001529988832771778,-0.03302733227610588,1.0652633905410767,0.26631584763526917,0.23803049325942993,0.08047594130039215,-1.1287474632263184,-0.2821868658065796,-0.23378528654575348,-0.036131035536527634,-0.06130930781364441,-0.015327326953411102,-0.007121404632925987,-0.04030868783593178,3.55694317817688,0.88923579454422,0.8891810774803162,-0.034017931669950485,0.1418045461177826,0.03545113652944565,0.021678509190678596,0.035366155207157135,0.13727118074893951,0.03431779518723488,0.014715220779180527,-0.019452352076768875,-0.3864760100841522,-0.09661900252103806,-0.014400691725313663,-0.07792359590530396
0.7116376161575317,0.17790940403938293,0.1538613736629486,-0.07998470962047577,0.1561930775642395,0.039048269391059875,0.015295134857296944,0.016755754128098488,0.4818980395793915,0.12047450989484787,0.1453375220298767,-0.0018638670444488525,0.41302549839019775,0.10325637459754944,0.05461025983095169,-0.03986593708395958,0.757743775844574,0.1894359439611435,-0.16277314722537994,0.027605867013335228,0.24216657876968384,0.06054164469242096,-0.03081088699400425,-0.01043007429689169,0.6180241703987122,0.15450604259967804,0.1892387419939041,0.028768086805939674,-0.33711323142051697,-0.08427830785512924,-0.027324005961418152,-0.02794593572616577,0.9190409779548645,0.22976024448871613,0.20880307257175446,0.05918828397989273,0.5054334402084351,0.12635836005210876,0.09963967651128769,-0.025988329201936722,0.591802179813385,0.14795054495334625,-0.22441595792770386,0.0031194686889648438,-0.011468708515167236,-0.002867177128791809,0.003338748589158058,0.027537966147065163,0.04508993774652481,0.011272484436631203,0.0018247058615088463,-0.038728125393390656,0.11212806403636932,0.02803201600909233,0.022913554683327675,0.07404134422540665,-0.22066743671894073,-0.055166859179735184,-0.018561385571956635,0.005950069520622492,0.8154047131538391,0.20385117828845978,0.20860421657562256,0.0015324294799938798,0.9407178163528442,0.23517945408821106,0.23833684623241425,-0.0758117213845253,0.09928242862224579,0.024820607155561447,0.006971506401896477,0.07373256981372833,3.4796478748321533,0.8699119687080383,0.9086791276931763,-0.014998465776443481,0.028166865929961205,0.007041716482490301,-0.005901019088923931,-0.05792224034667015,0.1812809407711029,0.045320235192775726,0.008305858820676804,0.0014633715618401766,-0.03963175415992737,-0.009907938539981842,-0.004657563753426075,-0.038212742656469345,0.8963792324066162,0.22409480810165405,0.2564775049686432,-0.048334937542676926,-1.0517640113830566,-0.26294100284576416,-0.23691420257091522,-0.05390724167227745,-0.007969975471496582,-0.0019924938678741455,-0.0019127046689391136,0.00841513928025961,3.4674808979034424,0.8668702244758606,0.9016332626342773,-0.06918613612651825,-0.12453214824199677,-0.03113303706049919,-0.0028924690559506416,-0.04035474732518196,-0.15285195410251617,-0.038212988525629044,-0.002120194025337696,-0.012176168151199818,0.3806069791316986,0.09515174478292465,0.011644992977380753,0.10135694593191147
0.8843331336975098,0.22108328342437744,0.17043782770633698,-0.006469428539276123,0.3205336332321167,0.08013340830802917,0.015016123652458191,-0.05680910497903824,0.44818246364593506,0.11204561591148376,0.14049962162971497,0.01746498979628086,0.4579737186431885,0.11449342966079712,0.056556545197963715,0.037074532359838486,1.2391126155853271,0.3097781538963318,-0.15906207263469696,0.05411187559366226,0.18538996577262878,0.046347491443157196,-0.03404046967625618,-0.04620400443673134,0.6699358224868774,0.16748395562171936,0.19175206124782562,-0.011148798279464245,-0.2113075852394104,-0.0528268963098526,-0.010494213551282883,0.029155386611819267,0.8993743062019348,0.2248435765504837,0.20505112409591675,0.03286348655819893,0.6174900531768799,0.15437251329421997,0.10065039247274399,-0.038055382668972015,0.9265358448028564,0.2316339612007141,-0.22721758484840393,-0.024681705981492996,-0.07431015372276306,-0.018577538430690765,-0.0034660762175917625,-0.042137470096349716,-0.10879089683294296,-0.02719772420823574,0.004987961612641811,0.0046204389072954655,-0.07326142489910126,-0.018315356224775314,0.034366175532341,-0.017878903076052666,-0.010235529392957687,-0.002558882348239422,-0.0066062649711966515,0.03593567758798599,0.7198132276535034,0.17995330691337585,0.19086456298828125,-0.03432822972536087,1.320439338684082,0.3301098346710205,0.2521766424179077,0.0003650784492492676,-0.0027030594646930695,-0.0006757648661732674,-0.0030070007778704166,-0.02123650349676609,3.61026668548584,0.90256667137146,0.9063954949378967,0.009976363740861416,-0.042089514434337616,-0.010522378608584404,-0.007283708080649376,0.022046029567718506,0.0025931596755981445,0.0006482899188995361,0.023746972903609276,-0.0006300806999206543,0.03437906503677368,0.00859476625919342,-0.008828824386000633,-0.06861644238233566,1.1004971265792847,0.27512428164482117,0.24981708824634552,0.012629938311874866,-1.0670199394226074,-0.26675498485565186,-0.23870982229709625,0.03558265045285225,-0.10500937700271606,-0.026252344250679016,-0.015679167583584785,-0.04239615797996521,3.669459104537964,0.917364776134491,0.9013670682907104,0.08362080901861191,0.1720174252986908,0.0430043563246727,0.01157345063984394,0.056075144559144974,0.15827469527721405,0.03956867381930351,0.021480610594153404,0.05704681947827339,-0.3886430561542511,-0.09716076403856277,-0.015964780002832413,-0.10267378389835358
0.7220208644866943,0.18050521612167358,0.17609374225139618,0.05735383182764053,0.43816041946411133,0.10954010486602783,0.017118386924266815,0.07119303941726685,0.49480748176574707,0.12370187044143677,0.1268155574798584,0.044731296598911285,0.3167138695716858,0.07917846739292145,0.04868987202644348,0.05458799749612808,0.765078604221344,0.191269651055336,-0.15132173895835876,0.059699226170778275,0.2096688449382782,0.05241721123456955,-0.02379131130874157,0.025128675624728203,0.6123175024986267,0.15307937562465668,0.18774405121803284,-0.03238573297858238,-0.32318004965782166,-0.08079501241445541,-0.02660512365400791,-0.031149763613939285,0.9631654620170593,0.24079136550426483,0.20199958980083466,0.03779372200369835,0.5488531589508057,0.13721328973770142,0.0973152443766594,-0.028020313009619713,0.4751151204109192,0.1187787801027298,-0.23054683208465576,-0.08549238741397858,-0.1798780858516693,-0.04496952146291733,-0.001955874264240265,0.021491099148988724,-0.06420551985502243,-0.016051379963755608,0.0014144722372293472,-0.06601592153310776,0.010093286633491516,0.002523321658372879,0.03325028717517853,-0.014894992113113403,-0.13956119120121002,-0.034890297800302505,-0.0139643345028162,-0.042248740792274475,0.7725834250450134,0.19314585626125336,0.20418782532215118,-0.06029035523533821,1.1309230327606201,0.28273075819015503,0.2463357299566269,0.01805737055838108,0.10931463539600372,0.02732865884900093,-0.002793916966766119,0.07884901016950607,3.531698226928711,0.8829245567321777,0.9131442904472351,-0.081563301384449,0.01822180114686489,0.004555450286716223,-0.005153668113052845,-0.061125170439481735,-0.24234601855278015,-0.06058650463819504,-0.0008673518896102905,-0.028390562161803246,0.07303810119628906,0.018259525299072266,0.005847571417689323,0.0845700055360794,1.1534479856491089,0.2883619964122772,0.24633698165416718,0.010740900412201881,-1.2159494161605835,-0.3039873540401459,-0.2530931234359741,-0.025133362039923668,0.02500838041305542,0.006252095103263855,-0.009016860276460648,0.0669574961066246,3.5573928356170654,0.8893482089042664,0.915305495262146,0.04664048179984093,-0.0639713928103447,-0.015992848202586174,0.004983097314834595,-0.09254202991724014,-0.34354835748672485,-0.08588708937168121,-0.008136388845741749,-0.11499025672674179,0.4787285029888153,0.11968212574720383,0.013617048040032387,0.06727900356054306
0.6627230644226074,0.16568076610565186,0.1720419079065323,0.07511291652917862,0.37599045038223267,0.09399761259555817,0.012826681137084961,-0.03981371223926544,0.39596742391586304,0.09899185597896576,0.12544912099838257,0.01927436701953411,0.3561835289001465,0.08904588222503662,0.037105366587638855,-0.04792528972029686,0.9139450192451477,0.22848625481128693,-0.16558408737182617,-0.031274374574422836,0.26484858989715576,0.06621214747428894,-0.03696367144584656,-0.02976975217461586,0.6450080275535583,0.1612520068883896,0.20049361884593964,0.06890701502561569,-0.29661309719085693,-0.07415327429771423,-0.020714057609438896,0.04325193166732788,0.9671792984008789,0.24179482460021973,0.19553908705711365,0.06802821159362793,0.5388435125350952,0.1347108781337738,0.11220346391201019,-0.025767579674720764,0.6688828468322754,0.16722071170806885,-0.2372460514307022,-0.00856395997107029,-0.14654850959777832,-0.03663712739944458,0.008839551359415054,-0.009806478396058083,0.03771699592471123,0.009429248981177807,0.004541827365756035,-0.03596368059515953,0.06563765555620193,0.016409413889050484,0.022473322227597237,0.0248903576284647,0.02646537497639656,0.00661634374409914,-0.008435959927737713,-0.06410162150859833,0.7023993730545044,0.1755998432636261,0.19151274859905243,-0.041923269629478455,1.1294670104980469,0.2823667526245117,0.24634109437465668,-0.03561624884605408,-0.01580691710114479,-0.003951729275286198,-0.007160903885960579,-0.0373021736741066,3.6113929748535156,0.9028482437133789,0.9099566340446472,0.025807106867432594,-0.010764474049210548,-0.002691118512302637,0.00047607719898223877,-0.034431058913469315,0.20534345507621765,0.05133586376905441,0.003057863563299179,-0.017847442999482155,-0.3635491132736206,-0.09088727831840515,-0.020428067073225975,-0.12442492693662643,0.9931298494338989,0.24828246235847473,0.27097445726394653,0.07984601706266403,-0.9553695917129517,-0.23884239792823792,-0.2387801855802536,-0.021310603246092796,-0.07994213700294495,-0.019985534250736237,-0.01383674144744873,0.02166423760354519,3.485574960708618,0.8713937401771545,0.9089879989624023,0.005062276031821966,0.1480795443058014,0.03701988607645035,0.0029658861458301544,0.03222526237368584,0.4132004976272583,0.10330012440681458,0.023165343329310417,0.07155900448560715,-0.3610592484474182,-0.09026481211185455,-0.002942799124866724,-0.09426957368850708
0.6645301580429077,0.16613253951072693,0.16779007017612457,-0.026240486651659012,0.33511948585510254,0.08377987146377563,0.011774023994803429,-0.02080807089805603,0.4563703238964081,0.11409258097410202,0.13444240391254425,-0.013764793053269386,0.4400668144226074,0.11001670360565186,0.05297287553548813,0.06786125153303146,1.0691925287246704,0.2672981321811676,-0.16952282190322876,-0.017924947664141655,0.19384831190109253,0.04846207797527313,-0.021186191588640213,-0.07313238829374313,0.599173367023468,0.149793341755867,0.18255752325057983,0.041388608515262604,-0.2853696942329407,-0.07134242355823517,-0.012989559210836887,0.03894500806927681,0.8941616415977478,0.22354041039943695,0.19505631923675537,0.018122369423508644,0.4796261787414551,0.11990654468536377,0.10143053531646729,0.06415044516324997,0.5890778303146362,0.14726945757865906,-0.23651745915412903,0.028847312554717064,-0.19782307744026184,-0.04945576936006546,0.00745590403676033,-0.01971331238746643,0.05024280399084091,0.012560700997710228,-0.012998929247260094,-0.044215597212314606,0.0415499210357666,0.01038748025894165,0.030233053490519524,0.01588711142539978,-0.020753782242536545,-0.005188445560634136,-0.01572217047214508,0.057010259479284286,0.8778199553489685,0.21945498883724213,0.1895226389169693,-0.023903751745820045,1.1501505374908447,0.2875376343727112,0.26109158992767334,0.009893590584397316,0.16904744505882263,0.04226186126470566,0.017581650987267494,0.04406796768307686,3.43861722946167,0.8596543073654175,0.9024023413658142,0.014960206113755703,-0.07784473150968552,-0.01946118287742138,-0.0045344349928200245,0.011279243044555187,0.07236805558204651,0.018092013895511627,0.018398718908429146,0.07785755395889282,0.3911069333553314,0.09777673333883286,0.0015203561633825302,0.016889357939362526,0.9747517108917236,0.2436879277229309,0.26326948404312134,-0.05942549929022789,-1.1612787246704102,-0.29031968116760254,-0.24471567571163177,-0.07522809505462646,-0.027774572372436523,-0.006943643093109131,-0.00805848278105259,-0.042958565056324005,3.4806954860687256,0.8701738715171814,0.9087356925010681,0.022657204419374466,0.0360754132270813,0.009018853306770325,0.00251767598092556,-0.010694009251892567,-0.4282814860343933,-0.10707037150859833,-0.013805967755615711,-0.031111139804124832,0.28925272822380066,0.07231318205595016,0.01784941740334034,0.08119082450866699
0.6372660994529724,0.1593165248632431,0.1649213582277298,-0.02974167838692665,0.48463380336761475,0.12115845084190369,0.025168536230921745,0.01387298759073019,0.40323102474212646,0.10080775618553162,0.12753814458847046,-0.06851447373628616,0.3847966194152832,0.0961991548538208,0.049418531358242035,0.07918117195367813,1.04780113697052,0.26195028424263,-0.158461794257164,0.011872726492583752,0.3233594596385956,0.0808398649096489,-0.0256683100014925,-0.016295695677399635,0.6804731488227844,0.1701182872056961,0.18484583497047424,0.050655435770750046,-0.40050867199897766,-0.10012716799974442,-0.023501189425587654,0.07754599303007126,0.8840990662574768,0.2210247665643692,0.20699411630630493,0.0486767552793026,0.5390691757202148,0.1347672939300537,0.0973210260272026,-0.07275670021772385,0.6733134984970093,0.16832837462425232,-0.2381361573934555,-0.0036587656941264868,-0.22059288620948792,-0.05514822155237198,-0.005609441082924604,0.034586358815431595,0.04162454977631569,0.010406137444078922,0.005527280271053314,-0.02346339263021946,0.03909984976053238,0.009774962440133095,0.01526227779686451,-0.05276132747530937,-0.005704861134290695,-0.0014262152835726738,-0.010536217130720615,-0.059282589703798294,0.6700229048728943,0.16750572621822357,0.1869448572397232,0.03851025179028511,1.0417242050170898,0.26043105125427246,0.25335463881492615,0.07778666168451309,-0.0791110098361969,-0.019777752459049225,0.008496582508087158,-0.07101988792419434,3.6668829917907715,0.9167207479476929,0.9114394187927246,0.04342522844672203,-0.05454228073358536,-0.01363557018339634,0.001801246777176857,-0.019310832023620605,-0.28836143016815186,-0.07209035754203796,-0.011450162157416344,-0.11843252182006836,-0.20551306009292603,-0.051378265023231506,-0.006975677330046892,-0.07031502574682236,1.2506471872329712,0.3126617968082428,0.26759952306747437,-0.04238482564687729,-0.8438161611557007,-0.21095404028892517,-0.23265418410301208,-0.023310387507081032,0.03444939851760864,0.00861234962940216,-0.012100286781787872,0.014410602860152721,3.554006814956665,0.8885017037391663,0.8854383230209351,-0.028346514329314232,0.10043048858642578,0.025107622146606445,0.017162920907139778,-0.038653191179037094,0.33000296354293823,0.08250074088573456,0.009631041437387466,0.012502587400376797,-0.4222208261489868,-0.1055552065372467,-0.022190961986780167,-0.019487673416733742
0.6811763048171997,0.17029407620429993,0.15959352254867554,-0.051452528685331345,0.16156333684921265,0.04039083421230316,0.018484292551875114,-0.002416896866634488,0.5279915928840637,0.13199789822101593,0.13395345211029053,0.04035019874572754,0.39809679985046387,0.09952419996261597,0.06154488027095795,0.05248934030532837,0.5802032351493835,0.1450508087873459,-0.1734052300453186,0.032869067043066025,0.33301398158073425,0.08325349539518356,-0.042558714747428894,0.04689483717083931,0.5051266551017761,0.12628166377544403,0.18170173466205597,-0.06725955754518509,-0.47302109003067017,-0.11825527250766754,-0.009188921190798283,-0.06029703840613365,0.9598148465156555,0.23995371162891388,0.20846576988697052,0.09052427113056183,0.5856980085372925,0.14642450213432312,0.09384797513484955,0.09312935918569565,0.573886513710022,0.1434716284275055,-0.24885554611682892,0.01976262405514717,-0.18686962127685547,-0.04671740531921387,-4.834122955799103e-05,0.028173184022307396,-0.09136504679918289,-0.022841261699795723,0.0074241794645786285,0.024629443883895874,0.31214073300361633,0.07803518325090408,0.030147897079586983,0.008654916658997536,-0.004382740706205368,-0.001095685176551342,-0.014971530996263027,0.06602909415960312,0.6195780038833618,0.15489450097084045,0.1778266578912735,-0.053075529634952545,1.0607411861419678,0.26518529653549194,0.24065877497196198,-0.049811284989118576,0.1704261749982834,0.04260654374957085,0.015893230214715004,0.021583104506134987,3.3257694244384766,0.8314423561096191,0.8935955166816711,-0.07882561534643173,-0.031670235097408295,-0.007917558774352074,0.006239309906959534,0.009366953745484352,0.5109683275222778,0.12774208188056946,0.027631690725684166,0.12112655490636826,0.15889514982700348,0.03972378745675087,0.011167146265506744,0.015016508288681507,1.239218831062317,0.3098047077655792,0.2864007353782654,-0.06242264434695244,-1.015953779220581,-0.25398844480514526,-0.23812027275562286,0.04886455461382866,-0.01217108964920044,-0.00304277241230011,-0.0043890103697776794,0.05726119503378868,3.6114046573638916,0.9028511643409729,0.8963906764984131,0.06974729150533676,0.023646146059036255,0.005911536514759064,0.018151739612221718,0.03231826052069664,-0.06617392599582672,-0.01654348149895668,0.00892365537583828,0.020103072747588158,0.40513119101524353,0.10128279775381088,0.007534028962254524,0.14116935431957245
0.7029511332511902,0.17573778331279755,0.17329968512058258,0.06209883838891983,0.35188889503479004,0.08797222375869751,0.010158531367778778,0.017146749421954155,0.42367827892303467,0.10591956973075867,0.1375291347503662,-0.06513103097677231,0.27856341004371643,0.06964085251092911,0.05746225267648697,-0.046663492918014526,0.4471740126609802,0.11179350316524506,-0.17262820899486542,0.03494149446487427,0.37534990906715393,0.09383747726678848,-0.02662418968975544,0.063182532787323,0.4872165322303772,0.1218041330575943,0.18913263082504272,-0.07559524476528168,-0.2952519953250885,-0.07381299883127213,-0.015135793015360832,-0.05716697499155998,0.9306089282035828,0.2326522320508957,0.21386119723320007,-0.04643392935395241,0.5220465660095215,0.13051164150238037,0.11781490594148636,0.0851801261305809,0.38166654109954834,0.09541663527488708,-0.2456246018409729,-0.04957416281104088,-0.3094199001789093,-0.07735497504472733,0.005319892428815365,0.04409278556704521,-0.10104996711015701,-0.025262491777539253,0.001758340746164322,-0.042504653334617615,-0.07896536588668823,-0.019741341471672058,0.028061969205737114,-0.06143777444958687,0.059331465512514114,0.014832866378128529,-0.012759271077811718,0.06506399065256119,0.9295732975006104,0.2323933243751526,0.18458375334739685,0.05217380449175835,1.2955563068389893,0.3238890767097473,0.24305768311023712,0.06409912556409836,-0.006595376878976822,-0.0016488442197442055,-0.00718541257083416,-0.07753603905439377,3.757437229156494,0.9393593072891235,0.9034590125083923,0.02054201439023018,-0.0974266305565834,-0.02435665763914585,-0.0027596019208431244,0.015485936775803566,-0.3718845844268799,-0.09297114610671997,-0.010193516500294209,-0.09230103343725204,-0.3189730644226074,-0.07974326610565186,-0.018167782574892044,-0.0877072662115097,1.1219538450241089,0.2804884612560272,0.278258740901947,-0.030984297394752502,-1.1949979066848755,-0.29874947667121887,-0.23670245707035065,0.02248936891555786,-0.13070350885391235,-0.03267587721347809,-0.0021949955262243748,-0.03345578536391258,3.7557132244110107,0.9389283061027527,0.9254627823829651,0.0615510456264019,-0.07578375190496445,-0.018945937976241112,0.0035761715844273567,-0.08739195764064789,0.016233593225479126,0.0040583983063697815,0.016751406714320183,-0.0018330395687371492,-0.4581065773963928,-0.1145266443490982,-0.01734265312552452,-0.08847283571958542
0.6016073226928711,0.15040183067321777,0.1647704690694809,-0.05905468016862869,0.3414681553840637,0.08536703884601593,0.017353985458612442,0.028876258060336113,0.5250489115715027,0.13126222789287567,0.13914303481578827,0.02335653267800808,0.33257806301116943,0.08314451575279236,0.04457826912403107,0.02627483569085598,0.6196000576019287,0.15490001440048218,-0.15822280943393707,0.012996697798371315,0.31623828411102295,0.07905957102775574,-0.033840544521808624,0.05678781494498253,0.526881217956543,0.13172030448913574,0.1801147162914276,0.03784589841961861,-0.34611213207244873,-0.08652803301811218,-0.0011378079652786255,0.001668131328187883,1.026552438735962,0.2566381096839905,0.2195426970720291,0.07965081185102463,0.5529577732086182,0.13823944330215454,0.10924379527568817,0.049933649599552155,0.41131454706192017,0.10282863676548004,-0.2455058991909027,-0.0036219775211066008,-0.22662624716758728,-0.05665656179189682,0.0027918173000216484,0.048042237758636475,0.08012829720973969,0.02003207430243492,0.007138984277844429,0.030781174078583717,0.007506236433982849,0.0018765591084957123,0.02085174061357975,0.014546209946274757,-0.014633309096097946,-0.0036583272740244865,-0.01516286563128233,0.004904645960777998,0.6687570810317993,0.16718927025794983,0.18715254962444305,0.04766067489981651,1.168885350227356,0.292221337556839,0.24294032156467438,-0.015399259515106678,0.2526564598083496,0.0631641149520874,0.011857861652970314,0.07747488468885422,3.3801896572113037,0.8450474143028259,0.8911460638046265,0.035390306264162064,-0.013364816084504128,-0.003341204021126032,0.00426851399242878,-0.02345052920281887,0.4963712692260742,0.12409281730651855,0.021819451823830605,0.06694157421588898,0.3056148290634155,0.07640370726585388,0.006942471489310265,0.03595150634646416,1.1755194664001465,0.2938798666000366,0.2664485275745392,0.06882812827825546,-1.360068917274475,-0.3400172293186188,-0.2502530515193939,-0.0440274141728878,-0.03155452013015747,-0.007888630032539368,-0.006114083807915449,-0.026214061304926872,3.643584966659546,0.9108962416648865,0.9218664765357971,0.06266050785779953,0.07973116636276245,0.019932791590690613,0.006929052993655205,0.010351366363465786,-0.03810940682888031,-0.009527351707220078,0.00295279361307621,-0.025045091286301613,0.36221256852149963,0.09055314213037491,0.0003735711798071861,0.061965443193912506
0.5973695516586304,0.1493423879146576,0.1697569191455841,-0.02087344042956829,0.28156954050064087,0.07039238512516022,0.024567602202296257,0.021032869815826416,0.48201853036880493,0.12050463259220123,0.13970763981342316,0.04959222301840782,0.28556162118911743,0.07139040529727936,0.04773806035518646,-0.012470871210098267,0.5604851841926575,0.14012129604816437,-0.16805459558963776,-0.019638240337371826,0.32752519845962524,0.08188129961490631,-0.04133857786655426,0.059086382389068604,0.5942885279655457,0.1485721319913864,0.18083132803440094,-0.056392621248960495,-0.4320038855075836,-0.1080009713768959,-0.008441135287284851,0.07156173139810562,1.0029289722442627,0.2507322430610657,0.2063216269016266,-0.012986821122467518,0.570520281791687,0.14263007044792175,0.1192670688033104,-0.06674420088529587,0.5365173816680908,0.1341293454170227,-0.2396833598613739,-0.026145776733756065,-0.23818448185920715,-0.05954612046480179,-0.0005837529897689819,-0.038402244448661804,-0.10526033490896225,-0.026315083727240562,-0.001407058909535408,0.011704528704285622,0.06393314898014069,0.01598328724503517,0.03178492933511734,-0.0675383061170578,0.01108505204319954,0.002771263010799885,-0.0029521724209189415,0.0025909661781042814,0.7974991798400879,0.19937479496002197,0.19496934115886688,0.020655138418078423,1.2766237258911133,0.3191559314727783,0.2506938874721527,0.007030594628304243,-0.09056781232357025,-0.022641953080892563,-0.002476929686963558,0.02485782466828823,3.7031655311584473,0.9257913827896118,0.9151493310928345,0.017436444759368896,-0.13862550258636475,-0.034656375646591187,-0.012536700814962387,-0.05076644569635391,-0.40536633133888245,-0.10134158283472061,-0.0021622460335493088,-0.133266881108284,-0.3379391133785248,-0.0844847783446312,-0.023483358323574066,-0.12685158848762512,0.952884316444397,0.23822107911109924,0.25986960530281067,-0.06104445084929466,-1.001651644706726,-0.2504129111766815,-0.23765091598033905,0.014113075099885464,-0.08912605047225952,-0.02228151261806488,-0.006957372650504112,0.023572802543640137,3.6297080516815186,0.9074270129203796,0.934431791305542,0.08176972717046738,0.08416114747524261,0.021040286868810654,0.017305461689829826,-0.007784926798194647,0.04657687246799469,0.011644218116998672,0.01683230511844158,0.0023068368900567293,-0.20337456464767456,-0.05084364116191864,-0.005423903465270996,-0.009478509426116943
0.7491621375083923,0.18729053437709808,0.15726667642593384,0.00844419002532959,0.1934223622083664,0.0483555905520916,0.011811904609203339,-0.018903076648712158,0.5036718845367432,0.1259179711341858,0.15004658699035645,-0.004969543311744928,0.38870012760162354,0.09717503190040588,0.044884175062179565,-0.03264199569821358,0.6027683615684509,0.15069209039211273,-0.1685851365327835,0.03751424700021744,0.37866124510765076,0.09466531127691269,-0.018404413014650345,0.07266993820667267,0.5189680457115173,0.12974201142787933,0.17927774786949158,-0.054837342351675034,-0.4918973445892334,-0.12297433614730835,-0.016726810485124588,0.06002202257514,1.0731401443481445,0.26828503608703613,0.2204912155866623,0.024706220254302025,0.5982051491737366,0.14955128729343414,0.11887329071760178,0.0076604606583714485,0.3891865015029907,0.09729662537574768,-0.24106165766716003,0.06462293863296509,-0.08818244934082031,-0.022045612335205078,-0.01220859307795763,0.008690178394317627,0.04568757116794586,0.011421892791986465,-0.007957099005579948,-0.0389585979282856,0.07849813997745514,0.019624534994363785,0.03443498909473419,0.0710492953658104,-0.08698393404483795,-0.021745983511209488,-0.014146849513053894,-0.03814002871513367,0.6720417737960815,0.16801044344902039,0.20157037675380707,0.04375394806265831,1.2120749950408936,0.3030187487602234,0.25271695852279663,0.061255037784576416,0.16138555109500885,0.04034638777375221,0.01674650050699711,-0.015387368388473988,3.271591901779175,0.8178979754447937,0.8849982619285583,-0.10428570955991745,0.10289660841226578,0.025724152103066444,0.0019196746870875359,0.078740194439888,0.43194758892059326,0.10798689723014832,0.03338544815778732,0.1425391286611557,0.35212722420692444,0.08803180605173111,0.010665640234947205,0.12339992821216583,1.1033884286880493,0.27584710717201233,0.2803906500339508,0.04965994507074356,-1.107642650604248,-0.276910662651062,-0.26275765895843506,-0.0052908421494066715,-0.002472102642059326,-0.0006180256605148315,-0.005429360084235668,0.060419704765081406,3.598400831222534,0.8996002078056335,0.9284982681274414,0.0447215810418129,-0.059538334608078,-0.0148845836520195,0.00316805113106966,0.055029191076755524,-0.10912497341632843,-0.027281243354082108,-0.0008609956130385399,0.006210410501807928,0.023379117250442505,0.005844779312610626,-0.0030527375638484955,0.0021038593258708715
0.5939332246780396,0.1484833061695099,0.17073984444141388,0.05454219505190849,0.4627017378807068,0.1156754344701767,0.02605058066546917,0.014470732770860195,0.4896184802055359,0.12240462005138397,0.14482621848583221,-0.040692295879125595,0.26659268140792847,0.06664817035198212,0.053879156708717346,-0.03341541811823845,0.4963991641998291,0.12409979104995728,-0.17071691155433655,0.03588461875915527,0.3534855246543884,0.0883713811635971,-0.031756557524204254,0.07019903510808945,0.47717833518981934,0.11929458379745483,0.16991080343723297,-0.007044708821922541,-0.40398722887039185,-0.10099680721759796,-0.01050698570907116,0.04041224718093872,1.026997685432434,0.2567494213581085,0.22829042375087738,-0.07686161249876022,0.54539954662323,0.1363498866558075,0.11826936155557632,-0.036564070731401443,-0.013055175542831421,-0.0032637938857078552,-0.23795554041862488,-0.061713021248579025,-0.3362719714641571,-0.08406799286603928,0.001096487045288086,-0.06518623977899551,-0.060864441096782684,-0.015216110274195671,-0.0034186458215117455,-0.019224125891923904,-0.19439110159873962,-0.048597775399684906,0.023669486865401268,-0.018231315538287163,0.049755144864320755,0.012438786216080189,-0.006263596937060356,-0.05242667719721794,0.7378835678100586,0.18447089195251465,0.18630792200565338,-0.0638846680521965,1.0478317737579346,0.26195794343948364,0.24855424463748932,0.03563809394836426,-0.015201326459646225,-0.0038003316149115562,0.009424993768334389,-0.02742151916027069,3.693240165710449,0.9233100414276123,0.9139165282249451,-0.030321771278977394,-0.11489593237638474,-0.028723983094096184,-0.0005721403285861015,-0.01064248662441969,-0.6509116291999817,-0.16272790729999542,-0.0015090331435203552,-0.05046725273132324,-0.5458127856254578,-0.13645319640636444,-0.02694493904709816,-0.11516308784484863,1.2091375589370728,0.3022843897342682,0.2773503363132477,0.021664274856448174,-0.8924604058265686,-0.22311510145664215,-0.24522759020328522,0.02352042868733406,-0.10672944784164429,-0.026682361960411072,-0.02763448655605316,0.00488708633929491,3.616457939147949,0.9041144847869873,0.9198586940765381,0.02484491467475891,-0.005596339702606201,-0.0013990849256515503,-0.010570334270596504,0.06397616118192673,0.09575219452381134,0.023938048630952835,0.010219022631645203,0.03221524879336357,0.07896441221237183,0.019741103053092957,0.009908402338624,0.007256507873535156
0.6189157962799072,0.1547289490699768,0.15847113728523254,-0.06515860557556152,0.28706881403923035,0.07176720350980759,0.021152552217245102,-0.03818761557340622,0.5241591334342957,0.1310397833585739,0.14626158773899078,-0.022721899673342705,0.3700276017189026,0.09250690042972565,0.05042079836130142,-0.0057083903811872005,0.5085873007774353,0.12714682519435883,-0.16354677081108093,0.027360081672668457,0.32805338501930237,0.08201334625482559,-0.03412017971277237,0.008632051758468151,0.4387894868850708,0.1096973717212677,0.15057025849819183,0.02924330346286297,-0.4421978294849396,-0.1105494573712349,-0.011317422613501549,-0.05270683765411377,1.1320030689239502,0.28300076723098755,0.22808116674423218,0.09023535251617432,0.5369352102279663,0.13423380255699158,0.11543364077806473,-0.07472521811723709,0.26898813247680664,0.06724703311920166,-0.24542920291423798,0.05441708490252495,-0.17330822348594666,-0.043327055871486664,-0.0006454810500144958,0.06517859548330307,0.1186603531241417,0.029665088281035423,-0.005715708248317242,0.017262060195207596,0.08097006380558014,0.020242515951395035,0.02120143733918667,-0.046641819179058075,0.025322217494249344,0.006330554373562336,-0.013209524564445019,-0.0525629036128521,0.7342984676361084,0.1835746169090271,0.19688743352890015,-0.005746579263359308,1.046971082687378,0.2617427706718445,0.2440483719110489,-0.017402440309524536,0.09032563865184784,0.02258140966296196,0.004716465249657631,-0.041546571999788284,3.38590145111084,0.84647536277771,0.8942347764968872,-0.04796069115400314,-0.023113900795578957,-0.005778475198894739,-0.0073896534740924835,0.04035479947924614,0.294238805770874,0.0735597014427185,-0.0024119927547872066,0.0967392697930336,0.485135555267334,0.1212838888168335,0.014228502288460732,0.09501727670431137,1.1588613986968994,0.28971534967422485,0.2822364866733551,0.05861586332321167,-1.1204707622528076,-0.2801176905632019,-0.2584163546562195,0.04660942777991295,0.08109480142593384,0.02027370035648346,0.0006492501124739647,0.023563791066408157,3.5738375186920166,0.8934593796730042,0.9136397242546082,-0.08182021230459213,0.1350899636745453,0.03377249091863632,0.006280271336436272,0.07273178547620773,-0.05314648151397705,-0.013286620378494263,0.001958884298801422,-0.0016323149902746081,-0.2583896517753601,-0.06459741294384003,-0.005346651189029217,-0.015330183319747448
0.604460597038269,0.15111514925956726,0.16629047691822052,0.016708850860595703,0.2865155041217804,0.0716288760304451,0.030755026265978813,0.009869259782135487,0.5079329013824463,0.12698322534561157,0.14452964067459106,0.024438245221972466,0.2227482795715332,0.0556870698928833,0.04525993764400482,-0.006759262178093195,0.4079090356826782,0.10197725892066956,-0.16097941994667053,0.02236531488597393,0.36416399478912354,0.09104099869728088,-0.03365834802389145,0.030791569501161575,0.4616507291793823,0.11541268229484558,0.17244665324687958,0.014642215333878994,-0.34479495882987976,-0.08619873970746994,-0.008068937808275223,0.03100423887372017,1.0018291473388672,0.2504572868347168,0.22980616986751556,0.0028673948254436255,0.537785530090332,0.134446382522583,0.11483307927846909,-0.07894405722618103,0.06320896744728088,0.01580224186182022,-0.2525480091571808,-0.07347758859395981,-0.4050121605396271,-0.10125304013490677,0.00416736863553524,0.06043725088238716,-0.12673428654670715,-0.03168357163667679,-0.005372342653572559,-0.1059720516204834,0.0516987144947052,0.0129246786236763,0.028942054137587547,-0.06809820234775543,0.09203965961933136,0.02300991490483284,-0.007926189340651035,-0.0016182840336114168,0.8197349905967712,0.2049337476491928,0.18391789495944977,-0.03840400278568268,1.1491355895996094,0.28728389739990234,0.25554579496383667,-0.02656823955476284,0.07089857757091522,0.017724644392728806,0.013448962941765785,-0.05114008113741875,3.6289405822753906,0.9072351455688477,0.8982768058776855,0.048209547996520996,-0.06210281699895859,-0.015525704249739647,-0.013102827593684196,0.011775958351790905,-0.0689026415348053,-0.017225660383701324,-0.007709389552474022,-0.05135820433497429,-0.4459744095802307,-0.11149360239505768,-0.00988110899925232,-0.0985102504491806,1.123247742652893,0.28081193566322327,0.27883926033973694,-0.043902408331632614,-1.087902545928955,-0.27197563648223877,-0.24766862392425537,-0.008685427717864513,-0.2105356752872467,-0.052633918821811676,-0.01878746971487999,-0.10210555046796799,3.6065890789031982,0.9016472697257996,0.9098708033561707,0.03196683153510094,-0.053224533796310425,-0.013306133449077606,-0.006320366635918617,-0.08889592438936234,0.08666814863681793,0.021667037159204483,0.0020478973165154457,-0.02892407216131687,0.1521817147731781,0.038045428693294525,-0.00445881811901927,0.10609892755746841
0.6581460237503052,0.1645365059375763,0.16817587614059448,0.051431454718112946,0.2422628104686737,0.060565702617168427,0.02942226640880108,0.056067775934934616,0.44709086418151855,0.11177271604537964,0.15378183126449585,0.009418720379471779,0.20708557963371277,0.05177139490842819,0.036854952573776245,-0.023233061656355858,-0.07966725528240204,-0.01991681382060051,-0.15706026554107666,0.014763749204576015,0.4922716021537781,0.12306790053844452,-0.016471777111291885,-0.008725250139832497,0.6344837546348572,0.1586209386587143,0.17824505269527435,0.0288864616304636,-0.35930392146110535,-0.08982598036527634,-0.014146748930215836,0.04410545900464058,0.9931671619415283,0.24829179048538208,0.2307843267917633,0.032127585262060165,0.5528606176376343,0.13821515440940857,0.12342847138643265,-0.07247310131788254,-0.03805378079414368,-0.00951344519853592,-0.24296441674232483,-0.002217870904132724,-0.5835609436035156,-0.1458902359008789,-0.011690175160765648,0.007560515310615301,0.0306163989007473,0.007654099725186825,-0.003625691868364811,-0.012303078547120094,0.08163565397262573,0.020408913493156433,0.01848316751420498,0.06635113060474396,0.013401348143815994,0.0033503370359539986,0.011363700032234192,0.04782130941748619,0.6024330854415894,0.15060827136039734,0.18722766637802124,0.005219459533691406,1.1113245487213135,0.27783113718032837,0.24009986221790314,-0.0438898466527462,0.11708281934261322,0.029270704835653305,0.009449603036046028,0.03508098050951958,3.4045419692993164,0.8511354923248291,0.8882187604904175,0.020676041021943092,0.019114231690764427,0.004778557922691107,-0.003815647214651108,0.04885070398449898,0.2367854118347168,0.0591963529586792,0.011321526020765305,0.08069717884063721,0.277275025844574,0.0693187564611435,0.008309885859489441,0.05801497772336006,1.216365098953247,0.30409127473831177,0.2908080518245697,0.08825000375509262,-1.1675362586975098,-0.29188406467437744,-0.2549384832382202,0.012753319926559925,0.07626515626907349,0.01906628906726837,0.00398104265332222,0.028417004272341728,3.6469476222991943,0.9117369055747986,0.9109335541725159,0.037046756595373154,0.1469506323337555,0.03673765808343887,0.015381822362542152,-0.03342752531170845,0.13429534435272217,0.03357383608818054,0.023280402645468712,0.044600676745176315,-0.2527078688144684,-0.0631769672036171,-0.024509474635124207,-0.09486132860183716
0.7104665637016296,0.1776166409254074,0.16529490053653717,-0.06405346840620041,0.2267344892024994,0.05668362230062485,0.007290378212928772,0.021505994722247124,0.46447333693504333,0.11611833423376083,0.1513114720582962,0.04211622476577759,0.1801094114780426,0.04502735286951065,0.0471411794424057,-0.005150884389877319,-0.38174939155578613,-0.09543734788894653,-0.1668434888124466,0.06766438484191895,0.5985970497131348,0.1496492624282837,0.008160008117556572,0.0009373843786306679,0.34543073177337646,0.08635768294334412,0.1571345329284668,-0.07539829611778259,-0.25455838441848755,-0.06363959610462189,-0.00829499214887619,0.05889098718762398,0.9661782383918762,0.24154455959796906,0.2157370001077652,0.03284196928143501,0.5746263265609741,0.14365658164024353,0.1373017132282257,0.08976022154092789,-0.4053851366043091,-0.10134628415107727,-0.2601305842399597,-0.03377890586853027,-0.5430136919021606,-0.13575342297554016,-0.003135552629828453,-0.021970564499497414,-0.02095281332731247,-0.005238203331828117,-0.004990070126950741,-0.032030586153268814,0.07097753882408142,0.017744384706020355,0.011447470635175705,0.01882796362042427,-0.061837684363126755,-0.015459421090781689,-0.013476499356329441,-0.05756198987364769,0.8646642565727234,0.21616606414318085,0.1964515745639801,-0.019782859832048416,1.2385549545288086,0.30963873863220215,0.24822022020816803,0.06283767521381378,0.0500468872487545,0.012511721812188625,0.008579833433032036,-0.02665206789970398,3.512160539627075,0.8780401349067688,0.8844510316848755,0.011575991287827492,-0.0900324210524559,-0.022508105263113976,-0.010234976187348366,-0.03800451382994652,-0.2250034213066101,-0.05625085532665253,0.002516689710319042,-0.09966343641281128,-0.3129017651081085,-0.07822544127702713,-0.010252093896269798,0.02037068083882332,0.9743407368659973,0.24358518421649933,0.27762702107429504,0.05196971818804741,-1.0919398069381714,-0.27298495173454285,-0.2577175498008728,0.044631946831941605,-0.18309855461120605,-0.045774638652801514,-0.01667334884405136,0.03804953023791313,3.7162225246429443,0.9290556311607361,0.9436183571815491,0.09465823322534561,-0.17445534467697144,-0.04361383616924286,-0.004020816646516323,0.003059899900108576,-0.331160306930542,-0.0827900767326355,-0.0029879622161388397,-0.06604494154453278,0.5077120065689087,0.12692800164222717,0.025026435032486916,0.013608467765152454
0.567446768283844,0.141861692070961,0.17270825803279877,0.06257077306509018,0.4320101737976074,0.10800254344940186,0.020697956904768944,0.03914492204785347,0.3882981538772583,0.09707453846931458,0.13948465883731842,-0.0004201650735922158,0.08344478905200958,0.020861197263002396,0.029868265613913536,-0.056278616189956665,-0.5732182264328003,-0.14330455660820007,-0.16112956404685974,0.07097601145505905,0.5950398445129395,0.14875996112823486,0.018448008224368095,-0.025935286656022072,0.3989289402961731,0.09973223507404327,0.149833545088768,0.0032207847107201815,-0.3466416299343109,-0.08666040748357773,-0.0054975030943751335,-0.011352521367371082,0.9249231815338135,0.23123079538345337,0.22647295892238617,0.02576812542974949,0.608900785446167,0.15222519636154175,0.14485597610473633,-0.022862881422042847,-0.408250093460083,-0.10206252336502075,-0.2625899612903595,-0.08307438343763351,-0.6665241718292236,-0.1666310429573059,-0.03238275647163391,-0.05127537250518799,0.0307694673538208,0.0076923668384552,-0.018253376707434654,-0.008594954386353493,-0.040681302547454834,-0.010170325636863708,0.014811070635914803,0.06423371285200119,0.07474265992641449,0.018685664981603622,-0.0009992336854338646,0.00770794739946723,0.7219982147216797,0.18049955368041992,0.18882815539836884,0.03968071937561035,1.1077804565429688,0.2769451141357422,0.24442528188228607,-0.005203944630920887,0.0857536792755127,0.021438419818878174,0.005032090470194817,-0.033965110778808594,3.383124351501465,0.8457810878753662,0.8885987997055054,-0.08114315569400787,0.005265360698103905,0.0013163401745259762,-0.005194357596337795,-0.06236131116747856,0.19650053977966309,0.04912513494491577,0.019040917977690697,-0.004682350438088179,0.02088726870715618,0.005221817176789045,-0.005641269497573376,-0.011948972940444946,0.8412560820579529,0.21031402051448822,0.27733027935028076,-0.06642458587884903,-1.0543984174728394,-0.26359960436820984,-0.24431560933589935,-0.0666591003537178,-0.04776310920715332,-0.01194077730178833,-0.021209290251135826,0.07091426104307175,3.5597236156463623,0.8899309039115906,0.92476487159729,-0.02789890207350254,0.036969125270843506,0.009242281317710876,-0.0014091189950704575,-0.014956635423004627,0.26329565048217773,0.06582391262054443,0.018956730142235756,0.030485451221466064,-0.36802297830581665,-0.09200574457645416,-0.0015008868649601936,-0.047343142330646515
0.5583598613739014,0.13958996534347534,0.16228075325489044,-0.05838124081492424,0.3497541546821594,0.08743853867053986,0.018434273079037666,-0.009341627359390259,0.44945475459098816,0.11236368864774704,0.1448131501674652,0.051963724195957184,0.09893259406089783,0.024733148515224457,0.037422195076942444,-0.014862400479614735,-0.5769602656364441,-0.14424006640911102,-0.1574617475271225,-0.0715700015425682,0.6205065250396729,0.1551266312599182,0.02047138102352619,0.009411203674972057,0.38274937868118286,0.09568734467029572,0.14583143591880798,-0.029478920623660088,-0.2008478343486786,-0.05021195858716965,-0.004871828481554985,0.03137516975402832,0.9408383965492249,0.2352095991373062,0.2187817096710205,0.06342621147632599,0.5951806306838989,0.14879515767097473,0.15358959138393402,-0.019856024533510208,-0.2791675627231598,-0.06979189068078995,-0.27481043338775635,-0.03532323241233826,-0.606560468673706,-0.1516401171684265,-0.03804371505975723,-0.0075643244199454784,0.026702724397182465,0.006675681099295616,-0.007753027603030205,0.07022233307361603,-0.07623952627182007,-0.019059881567955017,0.006084868684411049,0.03387333080172539,-0.008572708815336227,-0.002143177203834057,-0.016521122306585312,-0.059991754591464996,0.7408482432365417,0.18521206080913544,0.19575436413288116,0.0655444785952568,1.0117497444152832,0.2529374361038208,0.236022487282753,0.04038447141647339,0.07922723889350891,0.019806809723377228,0.00760207325220108,-0.00846954621374607,3.500175714492798,0.8750439286231995,0.8855562806129456,-0.03577544540166855,0.029700761660933495,0.007425190415233374,-0.0009426400065422058,0.052996695041656494,-0.20990785956382751,-0.05247696489095688,-0.009247880429029465,-0.07552552223205566,-0.08286777138710022,-0.020716942846775055,-0.0133382398635149,-0.02836872637271881,1.0166889429092407,0.2541722357273102,0.2744717001914978,-0.04098592326045036,-0.9789562225341797,-0.24473905563354492,-0.24018645286560059,0.05976298078894615,-0.12759307026863098,-0.031898267567157745,-0.02771550603210926,-0.0519958920776844,3.680006265640259,0.9200015664100647,0.9354748129844666,0.08295837789773941,-0.05516137182712555,-0.013790342956781387,0.0007769819349050522,-0.0029404403176158667,-0.08382917940616608,-0.02095729485154152,0.011948605999350548,-0.03338940069079399,0.11929699778556824,0.02982424944639206,0.009313195943832397,0.016465533524751663
0.7888389825820923,0.19720974564552307,0.16523660719394684,-0.006797814276069403,0.31923550367355347,0.07980887591838837,0.009165769442915916,0.0402253158390522,0.4487619400024414,0.11219048500061035,0.14290586113929749,0.04245220497250557,0.12893733382225037,0.03223433345556259,0.02888024039566517,0.04921410232782364,-0.5009531378746033,-0.12523828446865082,-0.16146333515644073,0.05610981211066246,0.7021830081939697,0.17554575204849243,0.026258328929543495,-0.027405811473727226,0.15649797022342682,0.039124492555856705,0.14265987277030945,-0.047554027289152145,-0.3319770097732544,-0.0829942524433136,-0.009286533109843731,0.006394130177795887,0.9008045792579651,0.22520114481449127,0.22000640630722046,-0.05965499207377434,0.6088356971740723,0.15220892429351807,0.1675640344619751,-0.04481605440378189,-0.35776591300964355,-0.08944147825241089,-0.2841015160083771,-0.0476001612842083,-0.6025527715682983,-0.15063819289207458,-0.03343503177165985,-0.01873726211488247,-0.053700126707553864,-0.013425031676888466,-0.00836285948753357,-0.03870197758078575,-0.009763762354850769,-0.0024409405887126923,-0.001531580463051796,-0.011820024810731411,0.10134588181972504,0.02533647045493126,-0.01683877781033516,0.006672358606010675,0.801703929901123,0.20042598247528076,0.19171448051929474,-0.054562728852033615,1.0590054988861084,0.2647513747215271,0.23490563035011292,0.02543666400015354,0.07997767627239227,0.019994419068098068,0.010001275688409805,0.07051528990268707,3.320840358734131,0.8302100896835327,0.8697816133499146,0.03201797232031822,-0.10469531267881393,-0.026173828169703484,0.005008690059185028,-0.06239813193678856,0.37949204444885254,0.09487301111221313,0.01779079996049404,0.03963107988238335,0.09859427809715271,0.024648569524288177,-0.007462643086910248,0.06248526647686958,0.9083837270736694,0.22709593176841736,0.2762962877750397,0.028570031747221947,-1.1906461715698242,-0.29766154289245605,-0.2506958544254303,0.018331153318285942,0.05554717779159546,0.013886794447898865,0.0018250169232487679,0.07871353626251221,3.6639325618743896,0.9159831404685974,0.9420114755630493,-0.0632435753941536,0.005155488848686218,0.0012888722121715546,-0.007784584071487188,-0.0009619951597414911,0.090517058968544,0.022629264742136,0.02146775834262371,0.05655912309885025,-0.16798333823680878,-0.041995834559202194,0.0025697071105241776,0.013938319869339466
0.6830043196678162,0.17075107991695404,0.17240329086780548,0.07115217298269272,0.320808470249176,0.080202117562294,0.013313503935933113,0.01452831644564867,0.44755077362060547,0.11188769340515137,0.1451105922460556,0.029588257893919945,0.07752007246017456,0.01938001811504364,0.01927763596177101,0.002144503640010953,-0.433185875415802,-0.1082964688539505,-0.16613249480724335,-0.009128570556640625,0.7164208292961121,0.17910520732402802,0.040049098432064056,0.03595907613635063,0.2667635679244995,0.06669089198112488,0.15309244394302368,-0.027739200741052628,-0.29649797081947327,-0.07412449270486832,-0.016970377415418625,-0.060096461325883865,0.9630711078643799,0.24076777696609497,0.22634229063987732,-0.042586978524923325,0.6369709968566895,0.15924274921417236,0.1677330732345581,0.07182379066944122,-0.3208285868167877,-0.08020714670419693,-0.289089173078537,0.0113158468157053,-0.6423816680908203,-0.16059541702270508,-0.04562932997941971,-0.0347386971116066,-0.0959441140294075,-0.023986028507351875,-0.015929849818348885,0.03932959958910942,0.032748401165008545,0.008187100291252136,-0.009444745257496834,-0.06066569313406944,0.044814009219408035,0.011203502304852009,-0.014523647725582123,-0.0585348978638649,0.7588752508163452,0.1897188127040863,0.20023833215236664,-0.03882644698023796,1.0851540565490723,0.27128851413726807,0.24535097181797028,0.012455755844712257,-0.026751089841127396,-0.006687772460281849,-0.007439201697707176,-0.01619780622422695,3.526409149169922,0.8816022872924805,0.8906068801879883,0.04249972105026245,-0.044685982167720795,-0.011171495541930199,-0.006760729476809502,-0.042748432606458664,-0.26051655411720276,-0.06512913852930069,-0.001506858505308628,-0.04639074206352234,-0.2967652380466461,-0.07419130951166153,-0.01753687672317028,0.0008524418226443231,0.9919420480728149,0.24798551201820374,0.2597781717777252,-0.06179574877023697,-1.0234792232513428,-0.2558698058128357,-0.23652119934558868,-0.037565771490335464,-0.24596166610717773,-0.061490416526794434,-0.02143561840057373,-0.007685584016144276,3.681572675704956,0.920393168926239,0.935499370098114,0.009237385354936123,0.04098990559577942,0.010247476398944855,-0.011064763180911541,-0.05103796720504761,-0.12493108212947845,-0.031232770532369614,0.010355658829212189,0.047154854983091354,-0.06790074706077576,-0.01697518676519394,4.3128617107868195e-05,-0.07312025874853134
0.770880937576294,0.1927202343940735,0.18288809061050415,0.03646349906921387,0.3554670214653015,0.08886675536632538,0.011332236230373383,0.006101501174271107,0.46453040838241577,0.11613260209560394,0.13861435651779175,0.066122867166996,0.18352290987968445,0.04588072746992111,0.017608996480703354,0.03865974023938179,0.05239374563097954,0.013098436407744884,-0.17614999413490295,-0.06113957241177559,0.6945592761039734,0.17363981902599335,0.030254708603024483,-0.04160467907786369,0.38950616121292114,0.09737654030323029,0.14908236265182495,0.06392350047826767,-0.22981047630310059,-0.057452619075775146,-0.01887460984289646,-0.05484585091471672,0.9744470715522766,0.24361176788806915,0.23108415305614471,0.0807143971323967,0.6053997278213501,0.15134993195533752,0.16611140966415405,-0.0010791957611218095,-0.152698814868927,-0.03817470371723175,-0.2735538184642792,-0.0556713230907917,-0.5746599435806274,-0.14366498589515686,-0.049324460327625275,0.06525176018476486,0.016354583203792572,0.004088645800948143,-0.022365018725395203,0.04528551176190376,0.07062312960624695,0.017655782401561737,0.0035642068833112717,0.010037916712462902,0.04023801162838936,0.01005950290709734,0.0031072068959474564,-0.006647908594459295,0.7485519051551819,0.18713797628879547,0.20514015853405,-0.05055460333824158,1.0139245986938477,0.2534811496734619,0.2286597639322281,-0.08718153089284897,0.16354434192180634,0.040886085480451584,0.017725849524140358,0.041124142706394196,3.414881706237793,0.8537204265594482,0.8732761740684509,-0.05947616323828697,-0.04651545733213425,-0.011628864333033562,-0.0007467372342944145,0.04734281450510025,0.1548057496547699,0.038701437413692474,0.016514522954821587,-0.036460407078266144,0.11241978406906128,0.02810494601726532,-0.013946102932095528,0.039220619946718216,0.9841288328170776,0.2460322082042694,0.24930940568447113,0.039508093148469925,-0.9976280927658081,-0.24940702319145203,-0.23161759972572327,0.040185023099184036,0.003877699375152588,0.000969424843788147,-0.011096056550741196,0.026373697444796562,3.5037477016448975,0.8759369254112244,0.9279060959815979,-0.011666572652757168,0.12432554364204407,0.031081385910511017,0.011755116283893585,-0.015568995848298073,-0.10199056565761566,-0.025497641414403915,-0.0046690902672708035,-0.07890696078538895,0.16122210025787354,0.040305525064468384,0.007445408031344414,-0.0031970739364624023
0.6954162120819092,0.1738540530204773,0.17367395758628845,-0.04587215185165405,0.3561807870864868,0.0890451967716217,0.005989303812384605,-0.016976362094283104,0.380698025226593,0.09517450630664825,0.1441384255886078,0.04421825334429741,0.09294843673706055,0.023237109184265137,0.007654003798961639,-0.010532284155488014,0.13268597424030304,0.03317149356007576,-0.16200558841228485,-0.0539279580116272,0.7341470718383789,0.18353676795959473,0.033937968313694,-0.049837030470371246,0.4685664772987366,0.11714161932468414,0.16128835082054138,-0.0430341437458992,-0.1637539565563202,-0.04093848913908005,-0.011265573091804981,-0.06268972158432007,0.8541028499603271,0.2135257124900818,0.21023648977279663,-0.06520485132932663,0.6851428747177124,0.1712857186794281,0.1587797850370407,-0.07583785802125931,-0.11215606331825256,-0.02803901582956314,-0.2914014458656311,-0.0001469910203013569,-0.6438922882080078,-0.16097307205200195,-0.04739020764827728,-0.002050036331638694,-0.04263900965452194,-0.010659752413630486,-0.014675169251859188,0.06615974009037018,-0.026405036449432373,-0.006601259112358093,-0.00782254058867693,0.03989868238568306,-0.08087636530399323,-0.020219091325998306,-0.017349015921354294,-0.036103811115026474,0.696062445640564,0.174015611410141,0.1930333822965622,0.0047834813594818115,1.2796711921691895,0.31991779804229736,0.22650527954101562,0.020219815894961357,-0.040344495326280594,-0.010086123831570148,-0.005227381829172373,-0.07515709102153778,3.553402900695801,0.8883507251739502,0.9007978439331055,0.06294184923171997,-0.0821734294295311,-0.020543357357382774,0.0009124446660280228,0.05924464389681816,-0.08833125233650208,-0.02208281308412552,0.009967705234885216,-0.042441628873348236,-0.04722236096858978,-0.011805590242147446,-0.007996664382517338,-0.07079335302114487,1.0034481287002563,0.2508620321750641,0.26591747999191284,0.06441663950681686,-1.187485694885254,-0.2968714237213135,-0.23239652812480927,0.03738926723599434,-0.14021331071853638,-0.035053327679634094,-0.02858950011432171,-0.029390666633844376,3.5366923809051514,0.8841730952262878,0.9159372448921204,-0.0130569813773036,-0.06646358221769333,-0.016615895554423332,-0.00011302158236503601,-0.05977754667401314,0.24576787650585175,0.061441969126462936,0.01556866243481636,-0.009870392270386219,-0.20802293717861176,-0.05200573429465294,-0.003656403161585331,0.009203660301864147
0.8686034679412842,0.21715086698532104,0.18733973801136017,0.05545356497168541,0.405315101146698,0.1013287752866745,0.013290435075759888,-0.0440344400703907,0.4487284719944,0.1121821179986,0.13990382850170135,0.05139734968543053,0.1372986137866974,0.03432465344667435,0.006782887503504753,-0.006278514862060547,-0.012155700474977493,-0.0030389251187443733,-0.17424577474594116,0.0010451198322698474,0.7810364961624146,0.19525912404060364,0.05033780634403229,-0.0323873832821846,0.39228659868240356,0.09807164967060089,0.166301429271698,-0.009647148661315441,-0.2358250916004181,-0.05895627290010452,-0.013099689967930317,0.06126314401626587,0.9133993983268738,0.22834984958171844,0.21081800758838654,-0.05268740653991699,0.6520123481750488,0.1630030870437622,0.14795424044132233,0.006622135639190674,-0.14334601163864136,-0.03583650290966034,-0.29298487305641174,-0.05187321826815605,-0.5899579524993896,-0.1474894881248474,-0.05451945960521698,-0.07449561357498169,-0.05892234295606613,-0.014730585739016533,-0.007701164111495018,0.0548878088593483,0.16261811554431915,0.04065452888607979,0.0023379363119602203,0.05902450159192085,0.03749291971325874,0.009373229928314686,-0.014622248709201813,0.05943312868475914,0.7176434993743896,0.1794108748435974,0.20009499788284302,-0.06236724182963371,1.3192944526672363,0.3298236131668091,0.24061839282512665,0.014218694530427456,0.2623613774776459,0.06559034436941147,0.019921759143471718,0.016069108620285988,3.422543525695801,0.8556358814239502,0.8900248408317566,-0.0649203211069107,-0.08332525938749313,-0.020831314846873283,-0.009221702814102173,-0.0631680116057396,0.044567614793777466,0.011141903698444366,0.006880778819322586,-0.0022778750862926245,0.13431456685066223,0.03357864171266556,0.0008005788549780846,0.02748173475265503,0.9678373336791992,0.2419593334197998,0.25138506293296814,-0.08335180580615997,-1.288330316543579,-0.3220825791358948,-0.2537134289741516,-0.003956615924835205,-0.008210241794586182,-0.0020525604486465454,-0.013691188767552376,0.03116633929312229,3.5947253704071045,0.8986813426017761,0.915754497051239,0.0594077967107296,0.09221950173377991,0.023054875433444977,0.00814606249332428,0.06623110920190811,-0.05712921917438507,-0.014282304793596268,0.001920466311275959,0.05743823200464249,0.040576279163360596,0.010144069790840149,0.0024136751890182495,0.08767911046743393
0.8280553817749023,0.20701384544372559,0.20146267116069794,-0.03909502178430557,0.42708075046539307,0.10677018761634827,0.00986657477915287,0.005878263618797064,0.43917179107666016,0.10979294776916504,0.1269279569387436,-0.08384000509977341,0.18185144662857056,0.04546286165714264,0.007399756461381912,-0.06343799084424973,0.18807245790958405,0.04701811447739601,-0.16725848615169525,0.0584600456058979,0.7257207036018372,0.1814301759004593,0.043163858354091644,-0.0005164981121197343,0.4526594281196594,0.11316485702991486,0.18141354620456696,-0.004562938120216131,-0.35035407543182373,-0.08758851885795593,-0.020210828632116318,-0.0030330182053148746,0.9710332155227661,0.24275830388069153,0.22612364590168,0.0598294623196125,0.5867904424667358,0.14669761061668396,0.1401863694190979,-0.09164494276046753,0.009048551321029663,0.0022621378302574158,-0.2993963360786438,-0.01798229292035103,-0.5403364896774292,-0.1350841224193573,-0.04277076572179794,-0.04047371819615364,-0.07677005976438522,-0.019192514941096306,-0.018866967409849167,0.0014052152400836349,-0.06366506218910217,-0.015916265547275543,-0.008702675811946392,-0.05540077015757561,0.03081788495182991,0.007704471237957478,-0.00416809506714344,0.001989763928577304,0.8950350284576416,0.2237587571144104,0.19286872446537018,0.06730734556913376,1.1892895698547363,0.2973223924636841,0.24744652211666107,0.060420047491788864,-0.002296317368745804,-0.000574079342186451,0.01440909318625927,-0.03700801730155945,3.5017051696777344,0.8754262924194336,0.8897554874420166,-0.023187989369034767,-0.011930609121918678,-0.0029826522804796696,0.0030470509082078934,-0.0063720825128257275,0.03370481729507446,0.008426204323768616,0.007488764822483063,0.0017284512287005782,-0.268205463886261,-0.06705136597156525,-0.017778653651475906,0.01221234817057848,0.9358746409416199,0.23396866023540497,0.2464173585176468,-0.09295032173395157,-0.9491375684738159,-0.23728439211845398,-0.2407814860343933,-0.05113061144948006,-0.07599616050720215,-0.018999040126800537,-0.01707489974796772,0.05888254567980766,3.560706853866577,0.8901767134666443,0.9085411429405212,-0.029627716168761253,-0.0760606974363327,-0.019015174359083176,-0.009568419307470322,0.04559265449643135,0.013940602540969849,0.003485150635242462,0.004220807924866676,0.024997591972351074,-0.2611328065395355,-0.06528320163488388,-0.025392916053533554,0.015806138515472412
0.9127565622329712,0.2281891405582428,0.20727281272411346,-0.018053138628602028,0.36084049940109253,0.09021012485027313,0.007392948493361473,0.07718516886234283,0.480031818151474,0.1200079545378685,0.1347629725933075,-0.034355565905570984,0.206701397895813,0.05167534947395325,0.01415175013244152,0.014519530348479748,0.3137975335121155,0.07844938337802887,-0.17506077885627747,-0.059190113097429276,0.6740225553512573,0.16850563883781433,0.034431181848049164,0.02880479209125042,0.5903794765472412,0.1475948691368103,0.1913345754146576,0.06725151836872101,-0.2713190019130707,-0.06782975047826767,-0.004161235876381397,0.0444149486720562,0.9347723126411438,0.23369307816028595,0.21993398666381836,0.026260018348693848,0.603317379951477,0.15082934498786926,0.13099484145641327,0.029700566083192825,0.20901954174041748,0.05225488543510437,-0.2837141156196594,-0.040597498416900635,-0.5055335760116577,-0.12638339400291443,-0.0484597384929657,0.054588496685028076,-0.04444120079278946,-0.011110300198197365,-0.015587464906275272,0.07593559473752975,0.16103750467300415,0.04025937616825104,0.006139388307929039,-0.004228615667670965,-0.09142066538333893,-0.022855166345834732,-0.013352710753679276,-0.04476273059844971,0.620823085308075,0.15520577132701874,0.1942339837551117,-0.0877443179488182,0.871126651763916,0.217781662940979,0.25451594591140747,0.018322378396987915,0.06024254485964775,0.015060636214911938,0.004294795915484428,0.04115641117095947,3.5297114849090576,0.8824278712272644,0.8881990909576416,0.02207815647125244,-0.12529298663139343,-0.03132324665784836,-0.015195390209555626,0.020641177892684937,-0.047181904315948486,-0.011795476078987122,0.007366463541984558,-0.04266135394573212,0.07836543023586273,0.019591357558965683,-0.014401150867342949,0.006016242783516645,1.0552761554718018,0.26381903886795044,0.2366056591272354,0.05575468763709068,-0.8577470779418945,-0.21443676948547363,-0.24002136290073395,-0.046208806335926056,-0.06690075993537903,-0.016725189983844757,-0.012938126921653748,-0.04631247743964195,3.626366376876831,0.9065915942192078,0.9062210321426392,0.04969973489642143,0.08277374505996704,0.02069343626499176,-0.0032618148252367973,-0.018870919942855835,0.01541261374950409,0.0038531534373760223,0.018324753269553185,0.04647505283355713,0.29030588269233704,0.07257647067308426,0.008447995409369469,0.007837987504899502
0.9316930770874023,0.23292326927185059,0.2106785774230957,0.02472158707678318,0.30702710151672363,0.07675677537918091,-0.002237532753497362,-0.011351889930665493,0.44190824031829834,0.11047706007957458,0.12592542171478271,-0.05111053213477135,0.20641851425170898,0.051604628562927246,0.015379972755908966,-0.0694756731390953,0.5474554896354675,0.13686387240886688,-0.17578305304050446,0.012617969885468483,0.5943375825881958,0.14858439564704895,0.027542272582650185,0.006258619017899036,0.4009774923324585,0.10024437308311462,0.19664932787418365,-0.026806101202964783,-0.3369092643260956,-0.0842273160815239,-0.019797882065176964,-0.014632130041718483,0.899478554725647,0.22486963868141174,0.22040660679340363,0.051667071878910065,0.57270747423172,0.14317686855793,0.12160583585500717,-0.05239234119653702,0.2074434757232666,0.05186086893081665,-0.2884289026260376,0.01623143069446087,-0.4881329834461212,-0.1220332458615303,-0.03032967820763588,0.09608174860477448,-0.09187126904726028,-0.02296781726181507,-0.016112051904201508,-0.03780944272875786,0.07101583480834961,0.017753958702087402,0.006867814809083939,-0.018821632489562035,0.05156509950757027,0.012891274876892567,-0.018137827515602112,0.010081738233566284,0.8255196809768677,0.20637992024421692,0.191763773560524,-0.027897894382476807,0.9617212414741516,0.2404303103685379,0.25008442997932434,0.03389327600598335,0.03809363767504692,0.00952340941876173,0.013032423332333565,-0.0747237429022789,3.4405505657196045,0.8601376414299011,0.8914724588394165,0.04366804286837578,-0.01715725101530552,-0.00428931275382638,0.0032126624137163162,0.06104071065783501,0.11661508679389954,0.029153771698474884,0.015091966837644577,0.0807909369468689,0.019485799595713615,0.004871449898928404,0.00502210296690464,0.017338765785098076,0.9069108963012695,0.22672772407531738,0.23372675478458405,-0.05944691225886345,-0.9065861701965332,-0.2266465425491333,-0.23275446891784668,0.06937157362699509,-0.013121604919433594,-0.0032804012298583984,-0.024096623063087463,-0.05020105838775635,3.59024715423584,0.89756178855896,0.915522038936615,0.01655307412147522,0.10548993945121765,0.026372484862804413,0.004279709421098232,-0.011411363258957863,-0.23356463015079498,-0.058391157537698746,-0.006364911794662476,-0.003934389445930719,-0.15863174200057983,-0.03965793550014496,0.00043905898928642273,0.039092183113098145
0.9408873319625854,0.23522183299064636,0.2154914289712906,0.06802959740161896,0.5719317197799683,0.14298292994499207,0.012381358072161674,0.07824994623661041,0.4153919816017151,0.10384799540042877,0.11818822473287582,-0.07814560830593109,0.3062858581542969,0.07657146453857422,0.01439705491065979,0.034577932208776474,0.7393890023231506,0.18484725058078766,-0.2002929002046585,-0.035236906260252,0.601567804813385,0.15039195120334625,0.013527000322937965,0.008891808800399303,0.6055023074150085,0.15137557685375214,0.2116612046957016,0.09031691402196884,-0.19412434101104736,-0.04853108525276184,-0.004355686716735363,0.039173271507024765,0.8594890236854553,0.21487225592136383,0.2160872519016266,0.0012343943817541003,0.5713071823120117,0.14282679557800293,0.12642697989940643,-0.09284177422523499,0.5197645425796509,0.12994113564491272,-0.2908858358860016,-0.016061056405305862,-0.560802698135376,-0.140200674533844,-0.041879117488861084,-0.006725198123604059,-0.033959902822971344,-0.008489975705742836,-0.019915170967578888,0.026715731248259544,-0.007062673568725586,-0.0017656683921813965,0.0060899872332811356,0.02740330807864666,0.042416203767061234,0.010604050941765308,-0.0065348101779818535,0.0335683599114418,0.750388503074646,0.1875971257686615,0.19266845285892487,-0.0706632062792778,0.9415903687477112,0.2353975921869278,0.2478683441877365,0.041423000395298004,0.04924262687563896,0.01231065671890974,0.009374288842082024,0.028881419450044632,3.64445424079895,0.9111135601997375,0.9112772941589355,0.10181696712970734,-0.1815071851015091,-0.045376796275377274,-0.02369925007224083,0.0464104525744915,-0.22020292282104492,-0.05505073070526123,0.004983133636415005,0.021980732679367065,-0.22823290526866913,-0.05705822631716728,-0.012133878655731678,-0.0965556725859642,1.0574760437011719,0.26436901092529297,0.2404395192861557,0.057350803166627884,-1.180537223815918,-0.2951343059539795,-0.2416723370552063,0.036274053156375885,0.012717723846435547,0.0031794309616088867,-0.010241108015179634,0.06080303341150284,3.595414161682129,0.8988535404205322,0.9013686776161194,-0.07391420751810074,0.0007673352956771851,0.00019183382391929626,0.003242610953748226,0.06380411237478256,0.17401237785816193,0.04350309446454048,-0.00029580947011709213,0.011947023682296276,-0.07040590047836304,-0.01760147511959076,-0.0013611484318971634,0.06078803539276123
0.9058138132095337,0.22645345330238342,0.2069202959537506,-0.015128159895539284,0.2897114157676697,0.07242785394191742,0.010393911972641945,-0.011975926347076893,0.4349941611289978,0.10874854028224945,0.11826621741056442,-0.0007939338684082031,0.3307967782020569,0.08269919455051422,0.02864774502813816,-0.011732662096619606,0.6686012148857117,0.16715030372142792,-0.2097962647676468,-0.019089533016085625,0.5791791677474976,0.1447947919368744,0.017467288300395012,0.03217310830950737,0.6374160647392273,0.15935401618480682,0.2081274688243866,-0.037525203078985214,-0.3530980348587036,-0.0882745087146759,-0.00704408623278141,-0.0456232987344265,0.9116370677947998,0.22790926694869995,0.21085426211357117,0.06807225942611694,0.5822867155075073,0.14557167887687683,0.1231113001704216,-0.033780645579099655,0.49687397480010986,0.12421849370002747,-0.2843761146068573,-0.024939758703112602,-0.38067427277565,-0.0951685681939125,-0.021569984033703804,0.0011524141300469637,-0.04706491529941559,-0.011766228824853897,-0.01781569980084896,-0.04870755597949028,0.13475410640239716,0.03368852660059929,0.008504940196871758,0.08128642290830612,-0.15783680975437164,-0.03945920243859291,-0.024555020034313202,-0.07188678532838821,0.5348488092422485,0.13371220231056213,0.18021856248378754,0.001054400228895247,1.0848515033721924,0.2712128758430481,0.22561076283454895,-0.01849846914410591,0.07447826862335205,0.018619567155838013,0.00887705571949482,-0.07936754822731018,3.4506301879882812,0.8626575469970703,0.9016867876052856,0.0034901679027825594,0.0292875524610281,0.007321888115257025,-0.015290873125195503,0.03579673916101456,-0.08371317386627197,-0.020928293466567993,-0.0012496467679738998,-0.0288515817373991,0.27359288930892944,0.06839822232723236,0.0003077201545238495,0.01567021571099758,1.017776370048523,0.25444409251213074,0.2400466948747635,0.06075874716043472,-1.2507846355438232,-0.3126961588859558,-0.2313583642244339,-0.06245535612106323,-0.1944178342819214,-0.04860445857048035,-0.009886902756989002,0.003675949526950717,3.5580239295959473,0.8895059823989868,0.9090806841850281,0.06473586708307266,-0.02455592155456543,-0.006138980388641357,0.007462702691555023,0.05406315252184868,-0.06023783981800079,-0.015059459954500198,0.012448104098439217,-0.03142770752310753,-0.15441851317882538,-0.038604628294706345,-0.019561920315027237,0.011066329665482044
1.0767267942428589,0.2691816985607147,0.21422073245048523,0.0012133002746850252,0.40318799018859863,0.10079699754714966,0.022715697064995766,0.04230344295501709,0.388111412525177,0.09702785313129425,0.11651628464460373,-0.060817278921604156,0.36417996883392334,0.09104499220848083,0.02554205246269703,0.014521623030304909,0.8373469710350037,0.20933674275875092,-0.21560226380825043,-0.06319940835237503,0.6440247297286987,0.16100618243217468,0.013118229806423187,0.05035160854458809,0.5529496073722839,0.13823740184307098,0.22284720838069916,0.04935356602072716,-0.32407981157302856,-0.08101995289325714,-0.018745597451925278,0.05435055494308472,0.8822818398475647,0.22057045996189117,0.21282215416431427,0.058226633816957474,0.5519570112228394,0.13798925280570984,0.12029378861188889,-0.04240497574210167,0.5884219408035278,0.14710548520088196,-0.29146823287010193,0.019909990951418877,-0.3334449231624603,-0.08336123079061508,-0.028680475428700447,0.044000137597322464,-0.05858812481164932,-0.01464703120291233,-0.005663419608026743,-0.03028116188943386,0.07578611373901367,0.018946528434753418,0.023028740659356117,0.003815209958702326,0.008243460208177567,0.0020608650520443916,-0.012540820986032486,-0.005051529500633478,0.5776202082633972,0.1444050520658493,0.1815175861120224,0.013065624050796032,1.2589174509048462,0.31472936272621155,0.21822473406791687,0.045282866805791855,0.14692674577236176,0.03673168644309044,0.0032117003574967384,0.0490666888654232,3.4151408672332764,0.8537852168083191,0.8865667581558228,0.01634848676621914,-0.09124087542295456,-0.02281021885573864,-0.014478430151939392,-0.009603566490113735,0.14302581548690796,0.03575645387172699,0.01657053641974926,-0.024036085233092308,-0.1147690862417221,-0.028692271560430527,-0.004417031072080135,-0.09410645812749863,0.9740967750549316,0.2435241937637329,0.24760524928569794,-0.05980020761489868,-1.011995792388916,-0.252998948097229,-0.2336118221282959,-0.006879073567688465,-0.057525634765625,-0.01438140869140625,-0.0072758011519908905,0.06339167803525925,3.6132051944732666,0.9033012986183167,0.9132676124572754,-0.007104009389877319,-0.01800239086151123,-0.004500597715377808,0.005883123725652695,-0.005292171146720648,-0.061658844351768494,-0.015414711087942123,-0.003612376283854246,-0.030704228207468987,0.31848397850990295,0.07962099462747574,0.0029074009507894516,0.064674012362957
1.0758376121520996,0.2689594030380249,0.20719358325004578,-0.0018778204685077071,0.29810959100723267,0.07452739775180817,0.021918287500739098,-0.06039193272590637,0.4077449440956116,0.1019362360239029,0.10538414865732193,0.05965552479028702,0.33062243461608887,0.08265560865402222,0.01952452026307583,0.057775020599365234,0.8305765986442566,0.20764414966106415,-0.22057048976421356,0.00859756488353014,0.6309548616409302,0.15773871541023254,0.03246711939573288,-0.037582725286483765,0.4911019206047058,0.12277548015117645,0.21881785988807678,0.03550059720873833,-0.32608193159103394,-0.08152048289775848,-0.004668622277677059,-0.058857548981904984,0.8740823268890381,0.21852058172225952,0.21626120805740356,-0.018540937453508377,0.5144343376159668,0.1286085844039917,0.11152756214141846,-0.048741307109594345,0.6375457048416138,0.15938642621040344,-0.30430832505226135,0.013864791952073574,-0.31663623452186584,-0.07915905863046646,-0.01988682523369789,0.016763627529144287,-0.07084039598703384,-0.01771009899675846,-0.01444188877940178,-0.02956790290772915,0.06598013639450073,0.016495034098625183,0.02170024998486042,0.0010903954971581697,-0.08112700283527374,-0.020281750708818436,-0.016378428786993027,-0.0889948233962059,0.6020209193229675,0.15050522983074188,0.18030187487602234,-0.05442553758621216,1.2085368633270264,0.3021342158317566,0.2268722802400589,0.03419846296310425,0.02448340877890587,0.006120852194726467,0.01063200831413269,0.0052284360863268375,3.491636037826538,0.8729090094566345,0.9002948999404907,-0.046238429844379425,-0.02654477395117283,-0.006636193487793207,-0.006987838074564934,0.04022331163287163,-0.08636075258255005,-0.021590188145637512,0.007420850917696953,0.025190651416778564,0.12252028286457062,0.030630070716142654,0.011311311274766922,-0.052554901689291,1.005815863609314,0.2514539659023285,0.25406280159950256,-0.06819798797369003,-1.068334937095642,-0.2670837342739105,-0.2388121783733368,-0.029721615836024284,-0.12277892231941223,-0.030694730579853058,-0.019397152587771416,0.029589200392365456,3.6159818172454834,0.9039954543113708,0.9058103561401367,-0.006762707140296698,0.0788726955652237,0.019718173891305923,0.011773224920034409,0.075930155813694,0.13409440219402313,0.03352360054850578,0.017451206222176552,0.09072306007146835,-0.19234980642795563,-0.04808745160698891,-0.012414976954460144,0.03181103616952896
1.1828396320343018,0.29570990800857544,0.2216714471578598,-0.013284504413604736,0.31157660484313965,0.07789415121078491,0.005109063349664211,-0.021836543455719948,0.36303776502609253,0.09075944125652313,0.1024506539106369,-0.04502493143081665,0.44975751638412476,0.11243937909603119,0.018398238345980644,0.0523064024746418,1.013298749923706,0.2533246874809265,-0.2192447930574417,-0.08719033747911453,0.6658905148506165,0.1664726287126541,0.03527045249938965,-0.00434263376519084,0.5874524712562561,0.14686311781406403,0.22547103464603424,0.03822404146194458,-0.3263064920902252,-0.0815766230225563,-0.016576875001192093,0.007460671942681074,0.9302459955215454,0.23256149888038635,0.20929144322872162,0.07076171785593033,0.5493263006210327,0.13733157515525818,0.11320967227220535,0.0398530475795269,0.7985506057739258,0.19963765144348145,-0.31119439005851746,0.036805834621191025,-0.2697296440601349,-0.06743241101503372,-0.03569910675287247,-0.06412838399410248,-0.09767631441354752,-0.02441907860338688,-0.015158760361373425,-0.04044494777917862,-0.008830726146697998,-0.0022076815366744995,0.020917067304253578,0.032276976853609085,0.016380775719881058,0.0040951939299702644,-0.016215959563851357,0.023559456691145897,0.6655775904655457,0.1663943976163864,0.1651538759469986,-0.0005733013385906816,1.0856494903564453,0.27141237258911133,0.24968110024929047,0.04264139011502266,0.02661220356822014,0.006653050892055035,0.0010308325290679932,0.023001408204436302,3.536409854888916,0.884102463722229,0.8990839123725891,0.0018959463341161609,-0.16526047885417938,-0.041315119713544846,-0.022362396121025085,-0.045000579208135605,-0.064552903175354,-0.0161382257938385,-0.01066275592893362,-0.07865848392248154,-0.20117071270942688,-0.05029267817735672,-0.009930180385708809,0.017953192815184593,1.0535365343093872,0.2633841335773468,0.23293474316596985,0.02784968726336956,-1.0339080095291138,-0.25847700238227844,-0.23908694088459015,0.05847380310297012,-0.07559967041015625,-0.018899917602539062,-0.027321644127368927,-0.024756742641329765,3.7266945838928223,0.9316736459732056,0.923175036907196,-0.05245735123753548,-0.05188514292240143,-0.012971285730600357,-0.008081926964223385,0.015039551071822643,-0.31681007146835327,-0.07920251786708832,-0.0037326598539948463,-0.08830942958593369,0.0726788341999054,0.01816970854997635,-0.006235197652131319,0.07810057699680328
1.157991886138916,0.289497971534729,0.2211713045835495,0.030247604474425316,0.4382922649383545,0.10957306623458862,0.012299103662371635,0.03079890087246895,0.31992867588996887,0.07998216897249222,0.087274931371212,0.009118258953094482,0.40917813777923584,0.10229453444480896,0.029350942000746727,0.003288775682449341,1.2557302713394165,0.3139325678348541,-0.21589602530002594,0.009964060969650745,0.6114556193351746,0.15286390483379364,0.023256434127688408,-0.005124259274452925,0.6666358709335327,0.16665896773338318,0.23342809081077576,0.053305815905332565,-0.2930651307106018,-0.07326628267765045,-0.017475638538599014,-0.03840992972254753,0.8369801640510559,0.20924504101276398,0.2086518257856369,0.05233835056424141,0.5834963917732239,0.14587409794330597,0.10697552561759949,-0.021935701370239258,0.9515647888183594,0.23789119720458984,-0.2973736524581909,0.018242353573441505,-0.11978214979171753,-0.029945537447929382,-0.02861519530415535,-0.024447506293654442,-0.07134745270013809,-0.017836863175034523,-0.002089674584567547,0.005449926946312189,0.022430144250392914,0.0056075360625982285,0.03184773772954941,0.03622400760650635,-0.12763698399066925,-0.03190924599766731,-0.006338189356029034,-0.03875777870416641,0.4339047074317932,0.1084761768579483,0.15962857007980347,-0.004746168851852417,0.8672553896903992,0.2168138474225998,0.23441918194293976,-0.08328542858362198,0.05944858118891716,0.01486214529722929,0.016838351264595985,0.05110664293169975,3.443250894546509,0.8608127236366272,0.8893256783485413,-0.05488470941781998,0.047936104238033295,0.011984026059508324,0.0021181292831897736,-0.01676999405026436,0.32727426290512085,0.08181856572628021,0.02291453815996647,0.00656392564997077,0.06728506088256836,0.01682126522064209,0.0015170928090810776,0.010060555301606655,1.0856550931930542,0.27141377329826355,0.24237008392810822,0.038971759378910065,-1.058390736579895,-0.26459768414497375,-0.23698259890079498,0.06020808219909668,0.06633281707763672,0.01658320426940918,-0.0027611292898654938,0.06447257846593857,3.628878116607666,0.9072195291519165,0.9244473576545715,-0.06718858331441879,0.14463314414024353,0.03615828603506088,-0.0020476561039686203,0.08513136208057404,0.25958847999572754,0.06489711999893188,0.00043804384768009186,0.06475788354873657,-0.06522375345230103,-0.016305938363075256,-0.003082173876464367,-0.016198379918932915
1.2491217851638794,0.31228044629096985,0.22088177502155304,-0.03653804212808609,0.3002815246582031,0.07507038116455078,0.024369431659579277,0.038721393793821335,0.3060816824436188,0.0765204206109047,0.0708049014210701,-0.09225095808506012,0.5038411617279053,0.12596029043197632,0.02727346681058407,-0.006341272499412298,1.2839909791946411,0.3209977447986603,-0.22569943964481354,-0.047168370336294174,0.586286187171936,0.146571546792984,0.021556971594691277,0.05933437496423721,0.5981355309486389,0.14953388273715973,0.23786118626594543,0.046081867069005966,-0.21847642958164215,-0.05461910739541054,-0.006813586223870516,0.06737279891967773,0.8353533744812012,0.2088383436203003,0.21262657642364502,-0.03490012139081955,0.5659586191177368,0.1414896547794342,0.11355267465114594,0.01046608667820692,0.994875431060791,0.24871885776519775,-0.2964271605014801,0.07394595444202423,-0.04345431923866272,-0.01086357980966568,-0.04290672391653061,-0.05975964665412903,-0.1635071337223053,-0.040876783430576324,-0.018502814695239067,-0.08567340672016144,-0.06698140501976013,-0.016745351254940033,0.02005586214363575,-0.01073919516056776,-0.051283370703458786,-0.012820842675864697,-0.01847938448190689,0.021989930421113968,0.6887359023094177,0.17218397557735443,0.15757785737514496,0.010776531882584095,1.2448782920837402,0.31121957302093506,0.24073146283626556,0.09023717790842056,-0.02742791548371315,-0.0068569788709282875,-0.0032016877084970474,-0.002790951868519187,3.609445333480835,0.9023613333702087,0.9110032916069031,0.042220305651426315,-0.13248467445373535,-0.03312116861343384,-0.010204220190644264,-0.0573166087269783,-0.21802479028701782,-0.054506197571754456,-0.003360704518854618,-0.07184413820505142,-0.222928985953331,-0.05573224648833275,-0.015739619731903076,-0.06947600096464157,0.9839767217636108,0.2459941804409027,0.2468472570180893,0.05074772983789444,-1.2261093854904175,-0.30652734637260437,-0.23977911472320557,0.005470877978950739,-0.1717028021812439,-0.042925700545310974,-0.01423888374119997,-0.06052204594016075,3.7569222450256348,0.9392305612564087,0.9339359402656555,-0.023841822519898415,0.10769841074943542,0.026924602687358856,0.013005716726183891,0.038407694548368454,-0.12882862985134125,-0.03220715746283531,0.0010374784469604492,0.006843877024948597,0.027021676301956177,0.006755419075489044,0.009117046371102333,0.0754648968577385
1.1413359642028809,0.2853339910507202,0.22930076718330383,0.036751773208379745,0.09544102847576141,0.023860257118940353,0.02252219431102276,-0.03873962536454201,0.26950323581695557,0.06737580895423889,0.06804642081260681,0.021244604140520096,0.6106935143470764,0.1526733785867691,0.03425025939941406,0.0010839581955224276,1.2386722564697266,0.30966806411743164,-0.222049281001091,-0.04355967789888382,0.5138663053512573,0.12846657633781433,0.007323484867811203,-0.04584912210702896,0.7602928280830383,0.19007320702075958,0.24284689128398895,0.030577493831515312,-0.4226583242416382,-0.10566458106040955,-0.007612983696162701,-0.06523635238409042,0.8696126937866211,0.21740317344665527,0.21419455111026764,-0.0115366755053401,0.643751859664917,0.16093796491622925,0.11743273586034775,-0.019218415021896362,1.1457593441009521,0.28643983602523804,-0.2984825372695923,0.014508235268294811,0.1568792164325714,0.03921980410814285,-0.04744184762239456,0.0027863681316375732,-0.006413362920284271,-0.0016033407300710678,-0.019692283123731613,0.02776421420276165,0.17615488171577454,0.044038720428943634,0.02283451519906521,0.06387624889612198,-0.15552617609500885,-0.03888154402375221,-0.018109438940882683,-0.005609697196632624,0.3612172603607178,0.09030431509017944,0.14513759315013885,-0.05597102642059326,1.2076287269592285,0.30190718173980713,0.2401645928621292,0.017495304346084595,0.16453208029270172,0.04113302007317543,0.004317243583500385,0.07606922835111618,3.3634653091430664,0.8408663272857666,0.9023450016975403,-0.018317073583602905,-0.015302116051316261,-0.0038255290128290653,-0.013894466683268547,0.010727936401963234,0.2400420606136322,0.06001051515340805,0.025977207347750664,0.07400400936603546,0.308329701423645,0.07708242535591125,-0.0022445893846452236,0.10582220554351807,1.1148228645324707,0.2787057161331177,0.24399827420711517,0.0030863762367516756,-1.1255673170089722,-0.28139182925224304,-0.23492951691150665,-0.06726916134357452,-0.02354186773300171,-0.005885466933250427,0.0002663424238562584,0.03762686252593994,3.715193271636963,0.9287983179092407,0.9306324124336243,0.023941397666931152,-0.019364148378372192,-0.004841037094593048,0.001134546473622322,0.0039317249320447445,-0.04729779064655304,-0.01182444766163826,0.002906964160501957,0.05484796687960625,-0.2837103605270386,-0.07092759013175964,-0.0185994990170002,-0.023390555754303932
1.0672353506088257,0.2668088376522064,0.23124344646930695,0.0307708028703928,0.18298844993114471,0.04574711248278618,0.010594243183732033,0.050857748836278915,0.2413354516029358,0.06033386290073395,0.07331535220146179,-0.08355622738599777,0.665127694606781,0.16628192365169525,0.06972344219684601,0.07664137333631516,1.255069375038147,0.31376734375953674,-0.2113526463508606,-0.01935356855392456,0.5940130352973938,0.14850325882434845,0.02513335458934307,0.024487484246492386,0.7915928363800049,0.19789820909500122,0.2655382454395294,0.08390504121780396,-0.28979772329330444,-0.07244943082332611,-0.019821036607027054,0.046679843217134476,0.8854321837425232,0.2213580459356308,0.20554229617118835,-0.05912996456027031,0.620864987373352,0.155216246843338,0.10237900912761688,-0.04005816578865051,1.4558227062225342,0.36395567655563354,-0.3000760078430176,0.013933521695435047,0.1417151391506195,0.03542878478765488,-0.042285919189453125,-0.05338031053543091,-0.07287866622209549,-0.018219666555523872,-0.02125529572367668,-0.07926338165998459,-0.03855451941490173,-0.009638629853725433,0.01849748194217682,-0.03429105132818222,-0.008723568171262741,-0.0021808920428156853,-0.008053385652601719,-0.011349833570420742,0.7682041525840759,0.19205103814601898,0.1461927890777588,-0.038925252854824066,1.0924813747406006,0.27312034368515015,0.23580612242221832,0.040423739701509476,-0.010790575295686722,-0.0026976438239216805,-0.004114324226975441,-0.04588180035352707,3.7010691165924072,0.9252672791481018,0.9125264883041382,-0.04247964546084404,-0.06124350428581238,-0.015310876071453094,-0.010006241500377655,0.06204313039779663,-0.3140486478805542,-0.07851216197013855,-0.013061788864433765,-0.03052455745637417,-0.3106505274772644,-0.0776626318693161,-0.011680533178150654,-0.11871359497308731,1.0920741558074951,0.2730185389518738,0.24224288761615753,0.051820721477270126,-0.922392725944519,-0.23059818148612976,-0.24005736410617828,-0.04373191297054291,-0.1385418176651001,-0.034635454416275024,-0.020022397860884666,-0.09494047611951828,3.8201684951782227,0.9550421237945557,0.9432092308998108,0.07882380485534668,0.11789777874946594,0.029474444687366486,0.006645241752266884,-0.019390428438782692,-0.14022834599018097,-0.03505708649754524,-0.013722186908125877,-0.0651920810341835,0.25403720140457153,0.06350930035114288,0.01236569881439209,0.10561420768499374
0.8542481660842896,0.2135620415210724,0.21305109560489655,-0.07858152687549591,0.017679676413536072,0.004419919103384018,0.006300818175077438,0.020801682025194168,0.22961357235908508,0.05740339308977127,0.06593232601881027,-0.06933944672346115,0.7622824311256409,0.19057060778141022,0.10535162687301636,0.0495210662484169,0.7355449795722961,0.18388624489307404,-0.2117958515882492,0.041936494410037994,0.4503266215324402,0.11258165538311005,0.02731621079146862,-0.043633755296468735,0.9549978375434875,0.2387494593858719,0.2578483819961548,0.04373067617416382,-0.3265509009361267,-0.08163772523403168,-0.013436779379844666,0.04938780143857002,0.8022636771202087,0.20056591928005219,0.21247394382953644,0.08304009586572647,0.7277956008911133,0.18194890022277832,0.10874802619218826,0.015026628971099854,1.721552848815918,0.4303882122039795,-0.29185545444488525,0.08893480151891708,0.45033571124076843,0.11258392781019211,-0.04356621950864792,-0.03007037751376629,0.13491234183311462,0.033728085458278656,-0.007605896331369877,0.05049643665552139,0.04052085056900978,0.010130212642252445,0.018032217398285866,-0.006943053100258112,-0.09154827892780304,-0.02288706973195076,-0.01427227072417736,0.03563690185546875,0.6788234710693359,0.16970586776733398,0.15219208598136902,-0.028633177280426025,1.2318828105926514,0.30797070264816284,0.23433956503868103,0.061626482754945755,0.1504978984594345,0.03762447461485863,0.015514584258198738,0.024771500378847122,3.4409971237182617,0.8602492809295654,0.8905550837516785,0.02752683125436306,-0.06082268804311752,-0.01520567201077938,-0.013379894196987152,0.03858300670981407,0.37272077798843384,0.09318019449710846,0.02825809456408024,0.1286291629076004,0.3976554870605469,0.09941387176513672,0.008534293621778488,0.06863146275281906,1.03671395778656,0.25917848944664,0.2638487219810486,0.07296966761350632,-0.9781938791275024,-0.2445484697818756,-0.24298302829265594,0.0324697270989418,0.08111065626144409,0.020277664065361023,-0.012548940256237984,0.038570620119571686,3.6963250637054443,0.9240812659263611,0.9381535053253174,-0.0624227337539196,0.06041683256626129,0.015104208141565323,0.00693846307694912,0.061167169362306595,0.24573923647403717,0.06143480911850929,0.0047598835080862045,0.009951531887054443,-0.36866411566734314,-0.09216602891683578,-0.024384064599871635,-0.07503285259008408
0.6713807582855225,0.16784518957138062,0.18750353157520294,-0.06066683679819107,-0.02841097116470337,-0.007102742791175842,0.01580190844833851,0.05291927978396416,0.22280585765838623,0.05570146441459656,0.05480588972568512,-0.02478749118745327,0.8231159448623657,0.20577898621559143,0.15185832977294922,0.18093529343605042,-0.1617099493741989,-0.04042748734354973,-0.20748557150363922,0.016124356538057327,0.3821626901626587,0.09554067254066467,0.02348543517291546,-0.030924750491976738,1.0004022121429443,0.2501005530357361,0.2732490301132202,-0.03542124852538109,-0.35637491941452026,-0.08909372985363007,-0.012988446280360222,0.049834322184324265,0.773342490196228,0.193335622549057,0.19241441786289215,-0.0018078446155413985,0.7030651569366455,0.17576628923416138,0.11134018003940582,0.012975716963410378,1.9073352813720703,0.4768338203430176,-0.26167675852775574,0.11124148219823837,0.4338303506374359,0.10845758765935898,-0.0360705628991127,-0.03828142210841179,-0.05666705220937729,-0.014166763052344322,-0.02336994931101799,-0.01533056516200304,-0.10031026601791382,-0.025077566504478455,0.02242560125887394,0.08810960501432419,-0.015153657644987106,-0.0037884144112467766,-0.014064899645745754,0.07180718332529068,1.1406314373016357,0.28515785932540894,0.1655634641647339,0.03733508661389351,1.1784595251083374,0.29461488127708435,0.24295638501644135,0.032028164714574814,0.031685721129179,0.00792143028229475,0.007990418002009392,-0.03176886960864067,3.796332836151123,0.9490832090377808,0.9067263007164001,0.07478868216276169,-0.08422359079122543,-0.02105589769780636,-0.008703183382749557,-0.06937564164400101,-0.35999906063079834,-0.08999976515769958,-0.007081429474055767,-0.06784387677907944,-0.19952815771102905,-0.04988203942775726,-0.012181518599390984,0.017335547134280205,0.7748171091079712,0.1937042772769928,0.2581968307495117,-0.0706413984298706,-1.0662366151809692,-0.2665591537952423,-0.23871484398841858,-0.013581144623458385,-0.08258849382400513,-0.020647123456001282,-0.004030524753034115,-0.028252361342310905,3.7893693447113037,0.9473423361778259,0.9666973352432251,-0.03521282598376274,-0.028404593467712402,-0.007101148366928101,0.007524134591221809,-0.0612635612487793,-0.2066989690065384,-0.0516747422516346,-0.0031738332472741604,0.005074107553809881,0.5412153005599976,0.1353038251399994,0.01311510056257248,0.09573495388031006
0.26692628860473633,0.06673157215118408,0.1640148162841797,-0.03476906567811966,-0.4434106945991516,-0.1108526736497879,-0.015254217199981213,-0.08341894298791885,0.11785737425088882,0.029464343562722206,0.01654488407075405,0.004338383674621582,1.173445463180542,0.2933613657951355,0.23835359513759613,0.24398048222064972,-1.4801923036575317,-0.37004807591438293,-0.25459885597229004,-0.1752249002456665,0.10491327196359634,0.026228317990899086,0.02786332555115223,0.010692036710679531,1.2582300901412964,0.3145575225353241,0.26057925820350647,-0.06130268797278404,-0.3163813054561615,-0.07909532636404037,-0.01022401638329029,-0.026315605267882347,0.7861120104789734,0.19652800261974335,0.19670534133911133,0.02174896001815796,0.8720183372497559,0.21800458431243896,0.12139203399419785,0.03639935329556465,1.8121416568756104,0.4530354142189026,-0.26784747838974,-0.0030552507378160954,0.8135166168212891,0.20337915420532227,-0.016726261004805565,0.04937706142663956,0.229272723197937,0.05731818079948425,-0.02539565972983837,0.032697178423404694,-0.3560919165611267,-0.08902297914028168,0.030373526737093925,-0.0698140487074852,-0.158749058842659,-0.03968726471066475,-0.036399729549884796,-0.09136571735143661,1.0972875356674194,0.27432188391685486,0.18436576426029205,0.09852679818868637,1.1558964252471924,0.2889741063117981,0.25344014167785645,-0.053419556468725204,0.12594051659107208,0.03148512914776802,0.018029121682047844,0.009779363870620728,3.513772487640381,0.8784431219100952,0.893492579460144,0.013106035999953747,0.03354629874229431,0.008386574685573578,-0.0018729083240032196,0.022551346570253372,0.5107392072677612,0.1276848018169403,0.020953025668859482,0.09723808616399765,0.1108546257019043,0.027713656425476074,0.008689302951097488,0.03260239586234093,0.6918032169342041,0.17295080423355103,0.25550132989883423,0.010437453165650368,-1.197706937789917,-0.29942673444747925,-0.25398996472358704,0.033059775829315186,-0.016117453575134277,-0.004029363393783569,-0.014660820364952087,0.016930008307099342,3.8002212047576904,0.9500553011894226,0.9758257269859314,0.09182951599359512,-0.026286736130714417,-0.006571684032678604,-0.0035348907113075256,0.0621505044400692,0.08320596069097519,0.020801490172743797,0.01456262357532978,0.0016239642864093184,-0.3553672730922699,-0.08884181827306747,0.0004899278283119202,-0.09719284623861313
-0.035400763154029846,-0.008850190788507462,0.1232488676905632,-0.08473052829504013,-0.21337662637233734,-0.053344156593084335,-0.0157815869897604,-0.06975487619638443,0.11067237704992294,0.027668094262480736,0.012264663353562355,-0.05715436860918999,1.313399076461792,0.328349769115448,0.3027179539203644,0.06698506325483322,-1.9414302110671997,-0.4853575527667999,-0.32153376936912537,-0.1065635085105896,0.05585760623216629,0.013964401558041573,0.030553368851542473,-0.01486879587173462,1.0030152797698975,0.25075381994247437,0.2713014781475067,0.025176001712679863,-0.5293861627578735,-0.13234654068946838,-0.02904052846133709,-0.03873417526483536,0.7822145223617554,0.19555363059043884,0.19431784749031067,-0.024983132258057594,0.7557168006896973,0.18892920017242432,0.11733763664960861,0.06895946711301804,1.637204885482788,0.409301221370697,-0.27057984471321106,-0.0980677381157875,0.5704355239868164,0.1426088809967041,-0.01899668388068676,0.02649175003170967,0.06587356328964233,0.016468390822410583,-0.014803558588027954,-0.05338006094098091,-0.488101989030838,-0.1220254972577095,0.00910974107682705,-0.05804724618792534,0.1977439969778061,0.04943599924445152,-0.028429405763745308,0.03478754684329033,1.350027084350586,0.3375067710876465,0.2243884950876236,0.056961800903081894,1.1996190547943115,0.2999047636985779,0.2636677324771881,-0.003257882548496127,0.08880488574504852,0.02220122143626213,0.01605500839650631,-0.06811916828155518,3.6633830070495605,0.9158457517623901,0.8869253396987915,0.022493112832307816,-0.06395972520112991,-0.01598993130028248,0.003551875241100788,-0.07678592950105667,-0.3306851089000702,-0.08267127722501755,-0.0013977205380797386,-0.07521707564592361,-0.2153494656085968,-0.0538373664021492,-0.0015394510701298714,-0.09070123732089996,0.7530467510223389,0.18826168775558472,0.23589156568050385,-0.05055161193013191,-1.0566396713256836,-0.2641599178314209,-0.2499041110277176,-0.03704836592078209,0.04286932945251465,0.010717332363128662,0.0011547934263944626,0.07612818479537964,3.521940231323242,0.8804850578308105,0.9530341625213623,-0.002334892749786377,-0.10756213963031769,-0.026890534907579422,-0.005874547176063061,-0.05860234051942825,-0.20093075931072235,-0.05023268982768059,0.002722344361245632,-0.07947274297475815,0.296487957239151,0.07412198930978775,0.008478052914142609,0.06452202796936035
-0.1758757084608078,-0.04396892711520195,0.06236742436885834,-0.1339137703180313,-0.40793412923812866,-0.10198353230953217,-0.03154963627457619,-0.034205447882413864,0.2949996888637543,0.07374992221593857,0.03565468639135361,0.04654083400964737,1.7794197797775269,0.4448549449443817,0.38698986172676086,0.11977948993444443,-1.9170931577682495,-0.4792732894420624,-0.3839619755744934,-0.14997729659080505,0.04787857085466385,0.011969642713665962,0.015090527012944221,0.028288377448916435,1.1080427169799805,0.2770106792449951,0.27088674902915955,-0.02711506560444832,-0.5263863205909729,-0.13159658014774323,-0.03715154156088829,-0.006320273969322443,0.7145134210586548,0.1786283552646637,0.1929185837507248,0.0038103999104350805,0.8545968532562256,0.2136492133140564,0.11959848552942276,0.010424685664474964,2.6881566047668457,0.6720391511917114,-0.2682841420173645,0.06315996497869492,0.47623947262763977,0.11905986815690994,-0.03686945140361786,-0.06369829922914505,0.12040131539106369,0.030100328847765923,-0.02845568023622036,0.031127143651247025,-0.28895893692970276,-0.07223973423242569,-0.00912310741841793,0.00365580921061337,0.04514365270733833,0.011285913176834583,-0.035854920744895935,0.07026820629835129,1.3359522819519043,0.3339880704879761,0.2421954721212387,0.08113344013690948,1.2455198764801025,0.31137996912002563,0.26126956939697266,-0.05105575546622276,0.13277095556259155,0.03319273889064789,0.022547820582985878,0.041642941534519196,3.522578001022339,0.8806445002555847,0.8910362720489502,-0.03566305339336395,0.0250179972499609,0.006254499312490225,0.009175950661301613,-0.019774680957198143,0.3066440224647522,0.07666100561618805,0.013100916519761086,0.06960459053516388,0.25142592191696167,0.06285648047924042,0.00739130936563015,-0.005335628986358643,0.6003934144973755,0.15009835362434387,0.24128775298595428,0.03064833953976631,-0.9248794317245483,-0.23121985793113708,-0.2471347451210022,-0.025375669822096825,-0.07103052735328674,-0.017757631838321686,-0.016508150845766068,0.023710215464234352,3.4140307903289795,0.8535076975822449,0.9162741899490356,-0.10178972780704498,-0.03438654541969299,-0.008596636354923248,-0.0012607350945472717,0.047309257090091705,0.26172858476638794,0.06543214619159698,0.023949572816491127,0.06964137405157089,-0.15832200646400452,-0.03958050161600113,0.008054062724113464,0.033635880798101425
-0.23666922748088837,-0.05916730687022209,0.027769094333052635,-0.13344214856624603,-0.27810829877853394,-0.06952707469463348,-0.03187396377325058,-0.0420222207903862,0.3176501989364624,0.0794125497341156,0.05807992070913315,-0.006545519921928644,1.9623439311981201,0.49058598279953003,0.45668554306030273,0.11277519911527634,-2.098684310913086,-0.5246710777282715,-0.41523292660713196,-0.046700604259967804,-0.1483461856842041,-0.037086546421051025,-0.00478637870401144,-0.10247041285037994,1.1906527280807495,0.2976631820201874,0.27137765288352966,0.06475096195936203,-0.6248310804367065,-0.15620777010917664,-0.01657196693122387,0.00532571692019701,0.6765323877334595,0.16913309693336487,0.18599583208560944,-0.057066407054662704,1.0307739973068237,0.25769349932670593,0.12825541198253632,0.04266350343823433,2.5454177856445312,0.6363544464111328,-0.27365487813949585,-0.03731224313378334,0.3876577913761139,0.09691444784402847,-0.04820053279399872,0.04136735200881958,0.09393284469842911,0.023483211174607277,-0.025972513481974602,0.06191089376807213,-0.3688070476055145,-0.09220176190137863,-0.00021969154477119446,-0.003103268099948764,-0.04122508689761162,-0.010306271724402905,-0.011259922757744789,0.0878908783197403,1.4471290111541748,0.3617822527885437,0.261212021112442,0.12535198032855988,1.173323154449463,0.2933307886123657,0.27104854583740234,0.043323613703250885,0.038970839232206345,0.009742709808051586,0.01416570320725441,-0.0045559825375676155,3.623563289642334,0.9058908224105835,0.9005719423294067,0.032621026039123535,-0.021755630150437355,-0.005438907537609339,0.009849868714809418,0.03395606204867363,-0.20816440880298615,-0.052041102200746536,-0.00948617048561573,0.032294999808073044,-0.11570578813552856,-0.02892644703388214,0.002059672959148884,-0.09515977650880814,0.4550561308860779,0.11376403272151947,0.22490160167217255,0.006263560149818659,-0.9461343884468079,-0.23653359711170197,-0.2512679994106293,0.0035072804894298315,0.035592734813690186,0.008898183703422546,-0.0071001010946929455,0.0336095355451107,3.4097282886505127,0.8524320721626282,0.9157531261444092,-0.02544102445244789,-0.14892466366291046,-0.037231165915727615,-0.016230367124080658,0.05291565880179405,-0.30423039197921753,-0.07605759799480438,0.00038295984268188477,-0.04051097854971886,-0.030069395899772644,-0.007517348974943161,-0.010148023255169392,0.03889352083206177
-0.2988350987434387,-0.07470877468585968,-0.01709115132689476,-0.15860740840435028,-0.22546671330928802,-0.056366678327322006,-0.025326695293188095,-0.06808120012283325,0.44766634702682495,0.11191658675670624,0.07082944363355637,0.013100880198180676,2.107131004333496,0.526782751083374,0.5058298707008362,0.03382299095392227,-2.1420798301696777,-0.5355199575424194,-0.46008527278900146,-0.06825312227010727,0.07908964902162552,0.01977241225540638,-0.0009671952575445175,-0.04447236657142639,1.073740839958191,0.26843520998954773,0.2522413730621338,-0.05122722312808037,-0.6391081809997559,-0.15977704524993896,-0.009941061958670616,0.03983227163553238,0.6351723074913025,0.15879307687282562,0.1669560670852661,-0.05001365765929222,1.1745107173919678,0.29362767934799194,0.14550261199474335,0.10474848747253418,2.882751941680908,0.720687985420227,-0.2796100676059723,0.06618469208478928,0.12358391284942627,0.030895978212356567,-0.04688281565904617,-0.05152623727917671,-0.00029189884662628174,-7.297471165657043e-05,-0.017227841541171074,0.01793345808982849,-0.5375051498413086,-0.13437628746032715,-0.004577173851430416,-0.03794500604271889,-0.19610776007175446,-0.049026940017938614,-0.02509082295000553,0.0025533854495733976,1.2215771675109863,0.3053942918777466,0.2988988757133484,0.1054924950003624,0.9516675472259521,0.23791688680648804,0.268199622631073,-0.019379032775759697,0.07419995963573456,0.01854998990893364,0.016343742609024048,0.03648785501718521,3.4354891777038574,0.8588722944259644,0.8952184319496155,0.041932668536901474,-0.06293483823537827,-0.015733709558844566,-0.003956865984946489,-0.03360440209507942,0.06566673517227173,0.016416683793067932,-0.002439259085804224,0.03491411358118057,0.20968186855316162,0.052420467138290405,0.014243042096495628,0.10088900476694107,0.48650532960891724,0.12162633240222931,0.20003029704093933,-0.06277813017368317,-1.003957748413086,-0.2509894371032715,-0.23621414601802826,-0.06336002796888351,-0.03949660062789917,-0.009874150156974792,-0.015087155625224113,-0.035064708441495895,3.22151255607605,0.8053781390190125,0.8949517011642456,-0.10049565136432648,-0.06882736086845398,-0.017206840217113495,-0.011255990713834763,-0.0038696289993822575,0.11789219081401825,0.029473047703504562,0.01124483160674572,0.0609092116355896,0.14604246616363525,0.036510616540908813,0.00395197793841362,0.06414761394262314
0.2765895128250122,0.06914737820625305,-0.03487342596054077,-0.024100780487060547,-0.02117525041103363,-0.005293812602758408,-0.013688255101442337,0.03576480224728584,0.40777695178985596,0.10194423794746399,0.102652907371521,0.03599070385098457,2.001267910003662,0.5003169775009155,0.4871838390827179,0.018958449363708496,-2.122570037841797,-0.5306425094604492,-0.46653443574905396,-0.044893521815538406,0.40253037214279175,0.10063259303569794,0.03926869481801987,0.10257070511579514,0.4574570655822754,0.11436426639556885,0.24532164633274078,-0.09870433807373047,-0.5719648003578186,-0.14299120008945465,0.01846345141530037,0.02869856357574463,0.7157225012779236,0.1789306253194809,0.17435753345489502,0.04182806238532066,1.2865550518035889,0.3216387629508972,0.19883425533771515,0.09005152434110641,2.0676939487457275,0.5169234871864319,-0.2908335328102112,-0.08747581392526627,0.24528080224990845,0.06132020056247711,-0.06325814127922058,-0.05134883150458336,-0.21287423372268677,-0.05321855843067169,-0.004539410583674908,-0.03725389391183853,-0.2945645749568939,-0.07364114373922348,-0.011672628112137318,0.04035823419690132,-0.09928776323795319,-0.024821940809488297,-0.00229854229837656,0.04293935373425484,1.2259248495101929,0.3064812123775482,0.32055458426475525,0.1214974895119667,1.11289381980896,0.27822345495224,0.2457488626241684,-0.0648353174328804,-0.005046103149652481,-0.0012615257874131203,0.015184171497821808,-0.07497002929449081,3.4403820037841797,0.8600955009460449,0.9026927351951599,-0.017788304015994072,0.022635584697127342,0.0056588961742818356,-0.003150336444377899,0.05318565294146538,-0.15611962974071503,-0.03902990743517876,0.005946256220340729,0.04877765104174614,-0.3591116666793823,-0.08977791666984558,-0.017430856823921204,-0.08280225843191147,0.74319988489151,0.1857999712228775,0.1799168437719345,-0.05960183963179588,-0.9670175313949585,-0.24175438284873962,-0.24796122312545776,-0.04198281094431877,0.023870646953582764,0.005967661738395691,0.004104455932974815,-0.03836916759610176,3.3442301750183105,0.8360575437545776,0.8727113008499146,-0.08370022475719452,-0.005353286862373352,-0.001338321715593338,-0.015351125970482826,0.07966728508472443,-0.0809461921453476,-0.0202365480363369,0.015016714110970497,0.007373559754341841,-0.0825674831867218,-0.02064187079668045,-0.0013467101380228996,-0.018973326310515404
1.125975489616394,0.2814938724040985,-0.020817751064896584,-0.05229373648762703,0.31369900703430176,0.07842475175857544,-0.008347894996404648,-0.03171445429325104,-0.007451780140399933,-0.0018629450350999832,0.07510456442832947,-0.1952148675918579,1.4763866662979126,0.36909666657447815,0.4303503930568695,-0.08967513591051102,-2.1832966804504395,-0.5458241701126099,-0.4749738872051239,0.15048573911190033,0.35566475987434387,0.08891618996858597,0.04282765835523605,-0.17395922541618347,-0.5539093017578125,-0.13847732543945312,0.1673220545053482,-0.2057214081287384,-0.13718712329864502,-0.034296780824661255,0.02151617221534252,-0.0034702718257904053,0.4820956587791443,0.12052391469478607,0.13352912664413452,-0.05708444118499756,1.760746717453003,0.44018667936325073,0.3581874966621399,0.284567266702652,-1.7064701318740845,-0.4266175329685211,-0.3462902903556824,-0.1467249095439911,0.3074500262737274,0.07686250656843185,-0.006883813068270683,0.039747454226017,-0.5865955352783203,-0.14664888381958008,0.009950032457709312,0.02594909630715847,0.17239974439144135,0.043099936097860336,-0.01363991666585207,0.028135288506746292,-0.2667301893234253,-0.06668254733085632,-0.013226117938756943,0.015643704682588577,0.6757174134254456,0.1689293533563614,0.3346693813800812,-0.028376435860991478,1.4296953678131104,0.3574238419532776,0.24769361317157745,0.030122458934783936,0.22880344092845917,0.05720086023211479,0.01925334520637989,0.04459216818213463,3.2853972911834717,0.8213493227958679,0.903157651424408,-0.023107493296265602,0.057512737810611725,0.014378184452652931,0.0011755004525184631,-0.005732828285545111,-0.34857404232025146,-0.08714351058006287,-0.016910292208194733,-0.10206804424524307,0.3782270550727844,0.0945567637681961,0.0018715271726250648,0.1210433766245842,1.4925776720046997,0.3731444180011749,0.1882055252790451,-0.021014338359236717,-0.9537522792816162,-0.23843806982040405,-0.23214320838451385,-0.024976570159196854,-0.0696173906326294,-0.01740434765815735,-0.0026818551123142242,0.0008886814466677606,3.3711225986480713,0.8427806496620178,0.8351381421089172,-0.04840412735939026,0.01998203992843628,0.00499550998210907,-0.013679470866918564,0.017523234710097313,-0.009181156754493713,-0.0022952891886234283,0.005259668454527855,-0.02536757104098797,0.06569606065750122,0.016424015164375305,0.010038180276751518,0.02296426333487034
1.0375312566757202,0.25938281416893005,-0.012659948319196701,0.11538542807102203,0.8491497039794922,0.21228742599487305,-0.016313573345541954,0.011305177584290504,-0.0831681564450264,-0.0207920391112566,0.06236525624990463,0.01306849718093872,1.1969043016433716,0.2992260754108429,0.4194006621837616,0.06652422249317169,-2.3473219871520996,-0.5868304967880249,-0.40374889969825745,0.1678839772939682,0.45646780729293823,0.11411695182323456,0.022097637876868248,0.004853886552155018,-0.6310555934906006,-0.15776389837265015,0.13064104318618774,-0.09999392181634903,-0.07477191090583801,-0.018692977726459503,0.008785227313637733,0.035903073847293854,0.11269088089466095,0.028172720223665237,0.04597468674182892,-0.14306940138339996,2.3426270484924316,0.5856567621231079,0.5121393203735352,0.36366358399391174,-2.6324000358581543,-0.6581000089645386,-0.4442037045955658,-0.18953964114189148,-0.047036439180374146,-0.011759109795093536,-0.010448325425386429,0.018307894468307495,-0.840705156326294,-0.2101762890815735,0.0057729631662368774,-0.09413637220859528,0.4700715243816376,0.1175178810954094,-0.011976782232522964,-0.013732231222093105,-0.03921039029955864,-0.00980259757488966,-0.010640211403369904,0.063625767827034,0.38775864243507385,0.09693966060876846,0.3270569443702698,-0.09922810643911362,1.3170619010925293,0.3292654752731323,0.26056236028671265,0.010544151067733765,-0.09790690243244171,-0.024476725608110428,0.002545326016843319,-0.018113750964403152,3.4044060707092285,0.8511015176773071,0.9123633503913879,0.0058651091530919075,0.16010335087776184,0.04002583771944046,0.012472722679376602,-0.021242588758468628,0.09561124444007874,0.023902811110019684,-0.0016255108639597893,0.031213128939270973,-0.240202397108078,-0.0600505992770195,0.002719379961490631,-0.06609883159399033,1.7862892150878906,0.44657230377197266,0.199019655585289,-0.012215793132781982,-1.0312551259994507,-0.25781378149986267,-0.23905068635940552,0.018251657485961914,-0.06677305698394775,-0.01669326424598694,4.553701728582382e-05,0.0762520357966423,3.464216709136963,0.8660541772842407,0.8232679963111877,-0.025230897590517998,0.06537224352359772,0.01634306088089943,0.0005539227277040482,0.01621427573263645,0.21477673947811127,0.05369418486952782,-0.00180094875395298,0.0026665092445909977,-0.12819208204746246,-0.032048020511865616,-0.009214291349053383,0.003077906323596835
0.030609354376792908,0.007652338594198227,0.0018603131175041199,-0.041155170649290085,1.5844061374664307,0.39610153436660767,0.0036187097430229187,0.021789228543639183,-0.370064377784729,-0.09251609444618225,0.05661994218826294,0.057017065584659576,0.7116448283195496,0.1779112070798874,0.43265536427497864,-0.04804301634430885,-2.1806633472442627,-0.5451658368110657,-0.415835440158844,-0.0627683624625206,0.1017361506819725,0.025434037670493126,0.005698438733816147,-0.02739393152296543,-0.6908604502677917,-0.17271511256694794,0.05453469604253769,-0.21067337691783905,0.242739737033844,0.060684934258461,0.00981229916214943,-0.00842013955116272,0.009538941085338593,0.002384735271334648,0.02768714912235737,-0.07847282290458679,2.6041970252990723,0.6510492563247681,0.6196812987327576,0.2039623260498047,-2.8762454986572266,-0.7190613746643066,-0.5250149965286255,-0.11006778478622437,-0.26801803708076477,-0.06700450927019119,-0.029368413612246513,0.030859649181365967,-0.31815698742866516,-0.07953924685716629,0.014818701893091202,0.016573775559663773,0.3825446367263794,0.09563615918159485,-0.005633497145026922,-0.04645225778222084,0.1712377518415451,0.042809437960386276,-0.012438978999853134,-0.07070489972829819,0.3845129907131195,0.09612824767827988,0.2959088683128357,-0.01601373590528965,0.9094987511634827,0.22737468779087067,0.25587213039398193,0.04077298566699028,-0.008867640048265457,-0.0022169100120663643,0.00738515704870224,-0.006221163552254438,3.4375977516174316,0.8593994379043579,0.9439059495925903,0.022890616208314896,0.13478398323059082,0.033695995807647705,0.015211990103125572,0.05932995304465294,-0.26640889048576355,-0.06660222262144089,0.0007115956395864487,-0.0026052058674395084,0.0676216185092926,0.01690540462732315,-0.003230078611522913,0.024599118158221245,1.6711145639419556,0.4177786409854889,0.23715104162693024,0.19333791732788086,-1.2305166721343994,-0.30762916803359985,-0.23122410476207733,-0.0056874873116612434,-0.20966121554374695,-0.05241530388593674,-0.02670338563621044,0.04690521955490112,3.199795961380005,0.7999489903450012,0.7990216612815857,0.04405326768755913,0.0038964152336120605,0.0009741038084030151,-0.009518492966890335,0.05725524574518204,0.02949090301990509,0.007372725754976273,0.006507808342576027,-0.05788576230406761,0.0841570794582367,0.021039269864559174,0.0029212143272161484,-0.053131092339754105
0.09559421241283417,0.023898553103208542,0.03137967735528946,0.16145853698253632,1.4078211784362793,0.3519552946090698,0.010793989524245262,0.020303208380937576,-0.3051852583885193,-0.07629631459712982,0.07165170460939407,-0.07049274444580078,0.6464532017707825,0.16161330044269562,0.40187549591064453,-0.1202264204621315,-1.3505889177322388,-0.3376472294330597,-0.4264407753944397,0.010032624006271362,0.2751290798187256,0.0687822699546814,0.017027558758854866,-0.06358557939529419,-0.5774723291397095,-0.14436808228492737,-0.0008663013577461243,-0.11453703790903091,0.048645198345184326,0.012161299586296082,0.0003181546926498413,-0.05036957189440727,-0.07987584173679352,-0.01996896043419838,0.009926930069923401,-0.015723181888461113,2.8689305782318115,0.7172326445579529,0.6675559878349304,0.07530435174703598,-2.5647852420806885,-0.6411963105201721,-0.5658576488494873,-0.0018412828212603927,-0.16719922423362732,-0.04179980605840683,-0.03842820227146149,-0.03985143452882767,-0.29836270213127136,-0.07459067553281784,0.007069850340485573,-0.059055257588624954,0.17510563135147095,0.04377640783786774,-0.0043689776211977005,0.002092730952426791,0.09930633008480072,0.02482658252120018,-0.01380358636379242,0.06742202490568161,0.23660124838352203,0.05915031209588051,0.2753254771232605,-0.0929352417588234,0.9640166163444519,0.24100415408611298,0.2601745128631592,-0.08381440490484238,-0.0704556256532669,-0.017613906413316727,-0.010549763217568398,-0.06974205374717712,3.28483510017395,0.8212087750434875,0.9282431602478027,0.04312319681048393,-0.1256803572177887,-0.031420089304447174,0.01809409074485302,0.03294035419821739,-0.3859170079231262,-0.09647925198078156,-0.022386763244867325,-0.0754406601190567,0.10827852785587311,0.027069631963968277,0.016141841188073158,-0.004857433028519154,1.0632301568984985,0.26580753922462463,0.2631288766860962,0.09710224717855453,-1.4190900325775146,-0.35477250814437866,-0.22937273979187012,-0.08352915197610855,-0.06660109758377075,-0.016650274395942688,-0.00342562235891819,0.03506825119256973,3.1563079357147217,0.7890769839286804,0.8007473945617676,0.1009763851761818,0.034618079662323,0.00865451991558075,0.000775560736656189,-0.03135723993182182,0.020032599568367004,0.005008149892091751,0.0007235072553157806,0.0851810947060585,0.020754367113113403,0.005188591778278351,0.014103865250945091,-0.030701875686645508
-0.25743311643600464,-0.06435827910900116,0.07888690382242203,0.11570747196674347,1.020031213760376,0.255007803440094,0.0075760651379823685,-0.05863150581717491,0.018955416977405548,0.004738854244351387,0.07862844318151474,0.06947054713964462,0.3733878433704376,0.0933469608426094,0.3408598005771637,-0.10987420380115509,-0.7133178114891052,-0.1783294528722763,-0.4087678790092468,-0.004608291666954756,0.18803003430366516,0.04700750857591629,0.0021874364465475082,-0.015459197573363781,-0.566595733165741,-0.14164893329143524,-0.052118659019470215,-0.2033361941576004,0.23921406269073486,0.059803515672683716,0.0007920553907752037,-0.008392619900405407,-0.27178603410720825,-0.06794650852680206,-0.01869509182870388,-0.019915534183382988,3.0040700435638428,0.7510175108909607,0.7188183069229126,0.022601187229156494,-2.351316213607788,-0.587829053401947,-0.5696413516998291,0.01254662312567234,-0.15222546458244324,-0.03805636614561081,-0.03239135816693306,0.0518857017159462,-0.1489773690700531,-0.037244342267513275,0.010451925918459892,0.006325274705886841,0.08745453506708145,0.021863633766770363,-0.010363147594034672,-0.051281895488500595,0.14158128201961517,0.03539532050490379,-0.043444134294986725,-0.023007679730653763,-0.15072979032993317,-0.03768244758248329,0.23374871909618378,-0.0747038722038269,1.2180461883544922,0.30451154708862305,0.2520950734615326,-0.03973212465643883,0.23160259425640106,0.057900648564100266,0.016899006441235542,-0.017016423866152763,2.945390224456787,0.7363475561141968,0.8850812911987305,-0.029051436111330986,-0.12343385070562363,-0.030858462676405907,-0.002990908920764923,-0.07881786674261093,0.05809563398361206,0.014523908495903015,0.008999280631542206,0.00908041000366211,-0.046473123133182526,-0.011618280783295631,-0.008153554983437061,-0.04626774415373802,1.3268547058105469,0.3317136764526367,0.31190988421440125,0.06889312714338303,-1.399842381477356,-0.349960595369339,-0.23692560195922852,-0.06707228720188141,-0.22267907857894897,-0.055669769644737244,-0.023559944704174995,-0.02821427956223488,3.2108685970306396,0.8027171492576599,0.8184549808502197,0.0601160041987896,0.05560268461704254,0.013900671154260635,0.009812785312533379,-0.04412449523806572,-0.15750549733638763,-0.03937637433409691,0.0011439807713031769,-0.030319398269057274,-0.17829453945159912,-0.04457363486289978,-0.008587095886468887,-0.09542109817266464
-0.12875960767269135,-0.032189901918172836,0.13383503258228302,0.19542522728443146,1.2974092960357666,0.32435232400894165,0.0030981730669736862,0.09364087879657745,0.05797826498746872,0.01449456624686718,0.08422724157571793,0.010127735324203968,0.35601377487182617,0.08900344371795654,0.2694254219532013,-0.11347854137420654,0.2688332200050354,0.06720830500125885,-0.3855430483818054,0.09847690910100937,0.09823546558618546,0.024558866396546364,-0.0008332692086696625,-0.05592065677046776,-0.47972410917282104,-0.11993102729320526,-0.11082537472248077,-0.05962548404932022,-0.015092015266418457,-0.0037730038166046143,-0.002227235119789839,-0.008539450354874134,-0.3987785875797272,-0.0996946468949318,-0.07814345508813858,-0.18022142350673676,3.257631301879883,0.8144078254699707,0.7534140348434448,0.12508323788642883,-2.512747049331665,-0.6281867623329163,-0.591224193572998,0.010640758089721203,-0.2944766581058502,-0.07361916452646255,-0.048464447259902954,-0.0694320946931839,0.05430210754275322,0.013575526885688305,0.013604842126369476,0.01801334135234356,0.37944188714027405,0.09486047178506851,-0.004299808293581009,0.05298149585723877,0.2928336262702942,0.07320840656757355,-0.019338175654411316,0.10178472846746445,0.09784756600856781,0.024461891502141953,0.17639316618442535,-0.15796318650245667,1.0485899448394775,0.2621474862098694,0.24185042083263397,0.02511158026754856,-0.02263890579342842,-0.005659726448357105,0.009516444057226181,-0.06181276962161064,3.158176898956299,0.7895442247390747,0.8686801791191101,-0.1351037472486496,0.054164476692676544,0.013541119173169136,0.000698525458574295,-0.008302641101181507,-0.4004993736743927,-0.10012484341859818,-0.02334260568022728,-0.12199924141168594,0.3319939076900482,0.08299847692251205,0.02285049669444561,0.07707090675830841,1.3321741819381714,0.33304354548454285,0.3297466039657593,0.13798700273036957,-1.0982238054275513,-0.2745559513568878,-0.24850018322467804,-0.058808039873838425,0.09993785619735718,0.024984464049339294,-0.013548643328249454,0.0717499628663063,3.0683863162994385,0.7670965790748596,0.8110041618347168,-0.03604531288146973,0.058749720454216,0.014687430113554,-8.471496403217316e-05,-0.019458098337054253,0.06820045411586761,0.017050113528966904,0.0003509167581796646,-0.03684714064002037,0.3369775116443634,0.08424437791109085,0.025276722386479378,0.09808602184057236
0.33389872312545776,0.08347468078136444,0.17100511491298676,0.08701195567846298,0.8223070502281189,0.20557676255702972,0.020733192563056946,0.05845491960644722,0.2222159206867218,0.05555398017168045,0.07189780473709106,-0.059333693236112595,0.6237536668777466,0.15593841671943665,0.20522397756576538,-0.18556487560272217,1.3965245485305786,0.34913113713264465,-0.3575451076030731,0.09344585239887238,0.055248625576496124,0.013812156394124031,-0.00567507604137063,0.05704198032617569,-0.6263561248779297,-0.15658903121948242,-0.14680905640125275,-0.14346183836460114,-0.24534113705158234,-0.061335284262895584,0.0036215297877788544,0.04431886598467827,-0.31058067083358765,-0.07764516770839691,-0.09935541450977325,-0.0696171447634697,2.976595163345337,0.7441487908363342,0.7546831965446472,-0.0638882964849472,-2.2216029167175293,-0.5554007291793823,-0.5628494024276733,0.044434260576963425,-0.14970114827156067,-0.03742528706789017,-0.04912912845611572,0.05625898763537407,0.10975298285484314,0.027438245713710785,0.0025890618562698364,0.0212594922631979,0.36782732605934143,0.09195683151483536,-0.0010255491361021996,0.07638838142156601,-0.05117292329668999,-0.012793230824172497,-0.02940027229487896,0.03147081285715103,0.07740823924541473,0.019352059811353683,0.10019552707672119,-0.13074848055839539,1.2968318462371826,0.32420796155929565,0.26113197207450867,0.07730429619550705,0.016499381512403488,0.004124845378100872,-0.006598117295652628,-0.07846417278051376,3.139763355255127,0.7849408388137817,0.8320497274398804,-0.12316051870584488,0.030820881947875023,0.007705220486968756,-0.0003517288714647293,-0.024734139442443848,0.37986719608306885,0.09496679902076721,0.013000855222344398,0.11122319847345352,-0.25651100277900696,-0.06412775069475174,-0.00038277916610240936,-0.03342438489198685,1.1860638856887817,0.29651597142219543,0.34514355659484863,0.018391644582152367,-0.8790284395217896,-0.2197571098804474,-0.251258909702301,0.09182678908109665,-0.12690487504005432,-0.03172621876001358,-0.018982166424393654,-0.10287069529294968,3.305579900741577,0.8263949751853943,0.8283304572105408,0.035619426518678665,0.08228953182697296,0.02057238295674324,0.013251068070530891,-0.06654924154281616,0.0701405480504036,0.0175351370126009,0.02077183872461319,-0.05389467999339104,-0.5676670074462891,-0.14191675186157227,-0.013509895652532578,-0.15361802279949188
0.4196511507034302,0.10491278767585754,0.193546861410141,-0.00019358396821189672,0.8342467546463013,0.20856168866157532,0.005705693736672401,-0.019467324018478394,0.32815462350845337,0.08203865587711334,0.08799662441015244,0.03618183359503746,0.861162006855011,0.21529050171375275,0.17482873797416687,-0.07507631927728653,1.9747605323791504,0.4936901330947876,-0.3477431833744049,0.04077068716287613,0.01875791698694229,0.004689479246735573,-0.006068003363907337,-0.05213123559951782,-0.3851419687271118,-0.09628549218177795,-0.185763880610466,-0.1233481913805008,-0.36693745851516724,-0.09173436462879181,0.004408308304846287,-0.03206844627857208,-0.33976057171821594,-0.08494014292955399,-0.1182514876127243,-0.011948895640671253,3.0154621601104736,0.7538655400276184,0.7393730878829956,-0.07094414532184601,-2.1823768615722656,-0.5455942153930664,-0.5534836053848267,0.08474123477935791,-0.4165023863315582,-0.10412559658288956,-0.07069239020347595,0.01456710696220398,0.2891862392425537,0.07229655981063843,-0.011157327331602573,0.03747798129916191,0.2796364426612854,0.06990911066532135,0.004580134525895119,-0.0041709961369633675,0.029271889477968216,0.007317972369492054,-0.0071692876517772675,0.10398080199956894,0.4160785675048828,0.1040196418762207,0.05994115769863129,-0.14256659150123596,0.876019299030304,0.219004824757576,0.2558783292770386,-0.04666107892990112,0.14175768196582794,0.035439420491456985,0.023530492559075356,0.09744098037481308,3.36503529548645,0.8412588238716125,0.8293595314025879,-0.04841136187314987,0.03576294332742691,0.008940735831856728,0.005019437521696091,-0.06875016540288925,-0.4127720892429352,-0.1031930223107338,-0.02591160126030445,-0.0884372815489769,0.19987133145332336,0.04996783286333084,0.022108839824795723,-0.002266788622364402,1.1018701791763306,0.27546754479408264,0.35292214155197144,-0.036378175020217896,-1.2387347221374512,-0.3096836805343628,-0.24945573508739471,-0.03700801357626915,0.07514452934265137,0.018786132335662842,0.00013937614858150482,0.07464727014303207,3.254905939102173,0.8137264847755432,0.840591311454773,0.04816461727023125,-0.02284678816795349,-0.005711697041988373,0.0018092654645442963,0.044841062277555466,-0.3108366131782532,-0.0777091532945633,-0.0062911673448979855,-0.018356049433350563,0.48681703209877014,0.12170425802469254,0.01579185761511326,0.09349177032709122
-0.0025544166564941406,-0.0006386041641235352,0.20544902980327606,0.058631956577301025,0.7042638063430786,0.17606595158576965,0.010228259488940239,0.0380963571369648,0.31224095821380615,0.07806023955345154,0.0883059874176979,-0.04165152087807655,0.7156369090080261,0.17890922725200653,0.17709054052829742,0.08112934976816177,1.716878056526184,0.429219514131546,-0.33387476205825806,0.04713207483291626,-0.03471755236387253,-0.008679388090968132,0.00037155672907829285,0.056578781455755234,-0.013113394379615784,-0.003278348594903946,-0.21472810208797455,-0.08677046746015549,-0.11985287070274353,-0.029963217675685883,-0.004911206662654877,-0.007302362006157637,-0.4289551377296448,-0.1072387844324112,-0.12724851071834564,0.03430711105465889,2.973205804824829,0.7433014512062073,0.7124171853065491,-0.008328080177307129,-1.613702416419983,-0.4034256041049957,-0.49944061040878296,0.0759836956858635,-0.3494432866573334,-0.08736082166433334,-0.08399596065282822,0.01693195104598999,0.34855082631111145,0.08713770657777786,0.0023541226983070374,0.05676063522696495,0.3829891085624695,0.09574727714061737,-0.0023790691047906876,0.04560364410281181,-0.16761936247348785,-0.041904840618371964,-0.00956808216869831,-0.027923190966248512,0.28907740116119385,0.07226935029029846,0.0001621721312403679,-0.10466530174016953,1.0006797313690186,0.25016993284225464,0.2560204565525055,0.012418610043823719,-0.2808373272418976,-0.0702093318104744,-0.01621101051568985,-0.03576282784342766,3.4035022258758545,0.8508755564689636,0.8290421366691589,-0.027800677344202995,-0.03704281896352768,-0.00926070474088192,0.011666452512145042,-0.07884018868207932,0.45180511474609375,0.11295127868652344,0.009774826467037201,0.028804302215576172,-0.17319130897521973,-0.04329782724380493,-0.0030997577123343945,0.010031021200120449,1.2100549936294556,0.3025137484073639,0.3507518172264099,0.00646209716796875,-1.0379974842071533,-0.25949937105178833,-0.25940966606140137,-0.012029850855469704,-0.11916226148605347,-0.029790565371513367,-0.012899832800030708,-0.06289195269346237,3.471606731414795,0.8679016828536987,0.8720252513885498,-0.00775070209056139,-0.006504178047180176,-0.001626044511795044,-0.007878761738538742,-0.07697396725416183,-0.015649929642677307,-0.003912482410669327,0.001846039667725563,-0.039132166653871536,-0.5139878988265991,-0.12849697470664978,-0.024065587669610977,-0.030365873128175735
0.1367039531469345,0.03417598828673363,0.21155914664268494,-0.053087662905454636,0.5051596760749817,0.12628991901874542,0.005200805142521858,-0.050412535667419434,0.32854658365249634,0.08213664591312408,0.09286751598119736,0.048915933817625046,1.2699512243270874,0.31748780608177185,0.21814002096652985,0.10072723776102066,1.8288897275924683,0.45722243189811707,-0.3334813416004181,-0.00678480276837945,-0.17286241054534912,-0.04321560263633728,-0.0031948480755090714,-0.03956126794219017,-0.13672129809856415,-0.03418032452464104,-0.2120547592639923,0.08631739765405655,-0.10436210036277771,-0.026090525090694427,0.0016746055334806442,0.021602248772978783,-0.4098850190639496,-0.1024712547659874,-0.12924440205097198,0.04601803049445152,2.5946688652038574,0.6486672163009644,0.6606483459472656,-0.08800982683897018,-1.8466134071350098,-0.46165335178375244,-0.4973945915699005,-0.0061723352409899235,-0.4280311167240143,-0.10700777918100357,-0.08344287425279617,-0.012982035055756569,0.41226479411125183,0.10306619852781296,-0.006891307421028614,-0.057207394391298294,0.3541874289512634,0.08854685723781586,0.009847324341535568,-0.04082184657454491,0.022850025445222855,0.005712506361305714,0.0021202415227890015,0.013147843070328236,0.6855135560035706,0.17137838900089264,-0.020985212177038193,-0.04670296236872673,1.0657589435577393,0.2664397358894348,0.2515639662742615,-0.08858316391706467,0.20136748254299164,0.05034187063574791,0.001975294202566147,-0.006525170989334583,3.609896659851074,0.9024741649627686,0.8323352336883545,-0.02890150621533394,-0.04511972516775131,-0.011279931291937828,0.014273734763264656,0.01093265414237976,-0.18524232506752014,-0.046310581266880035,-0.017399292439222336,-0.10700714588165283,0.1596815586090088,0.0399203896522522,0.0009738616645336151,0.06594615429639816,0.9524112939834595,0.23810282349586487,0.3355359137058258,-0.004130351822823286,-0.9637196063995361,-0.24092990159988403,-0.2604300081729889,-0.04919619858264923,0.043066442012786865,0.010766610503196716,-0.017305292189121246,0.013012385927140713,3.404801368713379,0.8512003421783447,0.8890137672424316,-0.002463388489559293,0.18183806538581848,0.04545951634645462,0.010899242013692856,0.006202077958732843,-0.1821168214082718,-0.04552920535206795,-0.016977500170469284,-0.02828511968255043,0.4387359321117401,0.10968398302793503,0.0041961390525102615,0.027305329218506813
-0.41536080837249756,-0.10384020209312439,0.17191237211227417,-0.17566761374473572,0.360371470451355,0.09009286761283875,0.01237514428794384,-0.06670909374952316,0.26964911818504333,0.06741227954626083,0.08596410602331161,0.02410717122256756,1.5610429048538208,0.3902607262134552,0.3338768780231476,0.31675493717193604,-0.5903615951538086,-0.14759039878845215,-0.3665253221988678,0.019794737920165062,-0.09386532753705978,-0.023466331884264946,-0.013796254061162472,0.0409642718732357,0.015073776245117188,0.003768444061279297,-0.2012052685022354,-0.030150815844535828,-0.4100034236907959,-0.10250085592269897,-0.017530357465147972,-0.04738975688815117,-0.28406423330307007,-0.07101605832576752,-0.11543215066194534,-0.04488858953118324,2.1367499828338623,0.5341874957084656,0.596191942691803,-0.06724780797958374,-1.4600847959518433,-0.3650211989879608,-0.4244594871997833,0.2911105751991272,-0.5040664672851562,-0.12601661682128906,-0.086899533867836,0.01893538236618042,0.5558611750602722,0.13896529376506805,-0.020905405282974243,0.0035955787170678377,0.2761209011077881,0.06903022527694702,0.0027337465435266495,-0.028496449813246727,0.013829458504915237,0.0034573646262288094,-0.0149003891274333,0.039522480219602585,0.7482813000679016,0.1870703250169754,-0.00346585176885128,0.04086635261774063,1.3380627632141113,0.33451569080352783,0.25874537229537964,-0.0637652575969696,0.0303790383040905,0.007594759576022625,-0.005551802460104227,-0.05517256259918213,3.6456615924835205,0.9114153981208801,0.8291928172111511,-0.03810759261250496,-0.2712051570415497,-0.06780128926038742,-0.005904087796807289,-0.024112677201628685,0.5447466969490051,0.13618667423725128,0.0026538949459791183,0.14072833955287933,-0.07203946262598038,-0.018009865656495094,0.006007855758070946,0.04562699794769287,0.8198642730712891,0.20496606826782227,0.3211553990840912,-0.061471592634916306,-0.8120157718658447,-0.20300394296646118,-0.2456662803888321,0.05918462201952934,0.06546038389205933,0.01636509597301483,-0.00014558341354131699,-0.05018855258822441,3.7023580074310303,0.9255895018577576,0.9179246425628662,0.03911319002509117,-0.030679404735565186,-0.007669851183891296,-0.0014701690524816513,0.0011042117839679122,0.11545350402593613,0.02886337600648403,0.007413113489747047,0.01431430596858263,-0.11341409385204315,-0.028353523463010788,-0.00584345031529665,-0.09416957199573517
-0.6228398680686951,-0.15570996701717377,0.11299758404493332,-0.06030325964093208,0.036608316004276276,0.009152079001069069,0.012910876423120499,0.045035410672426224,0.3455238938331604,0.0863809734582901,0.06627915799617767,-0.03245299682021141,2.1829800605773926,0.5457450151443481,0.4826676547527313,0.2501181364059448,-2.707232713699341,-0.6768081784248352,-0.4573487937450409,-0.27168941497802734,-0.4006578326225281,-0.10016445815563202,-0.03933398053050041,-0.053066641092300415,-0.11957143247127533,-0.029892858117818832,-0.1766374558210373,0.12263595312833786,-0.7798138856887817,-0.19495347142219543,-0.00345697533339262,0.06762106716632843,0.031022563576698303,0.007755640894174576,-0.1065579503774643,0.006757986731827259,1.5630474090576172,0.3907618522644043,0.5920597314834595,-0.0317918099462986,-2.4972007274627686,-0.6243001818656921,-0.3814373016357422,-0.0680893212556839,-0.5295542478561401,-0.13238856196403503,-0.05199018120765686,-0.02067774534225464,0.3774074614048004,0.0943518653512001,-0.0074461679905653,0.05376988649368286,-0.21046069264411926,-0.052615173161029816,0.02840837650001049,0.05992347002029419,0.27701324224472046,0.06925331056118011,-0.013617570511996746,0.0693807601928711,1.0920414924621582,0.27301037311553955,0.010493354871869087,0.1411934643983841,1.4143290519714355,0.3535822629928589,0.24665643274784088,0.06225011497735977,0.3160366117954254,0.07900915294885635,0.02299663983285427,0.0876479521393776,3.770458698272705,0.9426146745681763,0.8575748801231384,-0.012723512016236782,-0.06806328147649765,-0.017015820369124413,-0.010620207525789738,0.07029121369123459,-0.14209526777267456,-0.03552381694316864,-0.01390695758163929,-0.06098077818751335,-0.08846743404865265,-0.022116858512163162,-0.0005616676062345505,0.020928872749209404,0.998501181602478,0.2496252954006195,0.29918554425239563,-0.011195165105164051,-1.1528114080429077,-0.28820285201072693,-0.24848107993602753,0.0001767814246704802,0.041261136531829834,0.010315284132957458,0.009469814598560333,0.024061178788542747,3.923004388809204,0.980751097202301,0.9473140239715576,0.15578632056713104,0.012502819299697876,0.003125704824924469,-0.00444000493735075,-0.05122736841440201,-0.19038547575473785,-0.047596368938684464,-0.00986048299819231,-0.09396909177303314,0.41652223467826843,0.10413055866956711,0.029775375500321388,0.06964138895273209
-0.643180787563324,-0.160795196890831,0.04481857270002365,-0.14067840576171875,-0.33910083770751953,-0.08477520942687988,0.022508421912789345,0.015694184228777885,0.40029555559158325,0.10007388889789581,0.06762022525072098,-0.007900870405137539,2.4464025497436523,0.6116006374359131,0.5668113231658936,0.21262264251708984,-2.2514233589172363,-0.5628558397293091,-0.4921700954437256,-0.0017418265342712402,-0.48504340648651123,-0.12126085162162781,-0.06768807023763657,-0.07903202623128891,-0.5141133069992065,-0.12852832674980164,-0.1699201762676239,0.01792033389210701,-0.9915794134140015,-0.24789485335350037,0.005892762914299965,0.042496707290410995,0.1921413093805313,0.04803532734513283,-0.12001942843198776,0.08623923361301422,1.1916592121124268,0.2979148030281067,0.5872600674629211,0.034312378615140915,-2.1823439598083496,-0.5455859899520874,-0.4203200340270996,-0.032789722084999084,-0.4410655200481415,-0.11026638001203537,-0.052178166806697845,-0.03664235770702362,0.1838054656982422,0.04595136642456055,-0.011624520644545555,0.05551209673285484,-0.5605560541152954,-0.14013901352882385,0.037613645195961,0.07606227695941925,0.17919306457042694,0.044798266142606735,-0.011197509244084358,0.001460433006286621,1.0477347373962402,0.26193368434906006,0.06778789311647415,0.1705186814069748,1.318772315979004,0.329693078994751,0.27022120356559753,0.0572994239628315,-0.18716980516910553,-0.04679245129227638,-0.010957902297377586,-0.030392421409487724,3.5573017597198486,0.8893254399299622,0.8579339385032654,-0.005122518632560968,-0.018206262961030006,-0.004551565740257502,-0.004443329758942127,-0.029471134766936302,0.3189820647239685,0.07974551618099213,0.007243720814585686,0.010596788488328457,0.1018092930316925,0.025452323257923126,-0.003209326881915331,-0.02384236454963684,0.548051655292511,0.13701291382312775,0.27880898118019104,-0.06563378125429153,-1.2357419729232788,-0.3089354932308197,-0.2395104467868805,0.03262939676642418,-0.12241929769515991,-0.030604824423789978,0.007498301565647125,-0.060692448168992996,3.574551582336426,0.8936378955841064,0.9495633244514465,0.038067687302827835,0.08293110132217407,0.020732775330543518,0.006231838837265968,0.023358404636383057,0.21752916276454926,0.054382290691137314,0.012983931228518486,0.1288589984178543,-0.4560592770576477,-0.11401481926441193,-0.009853892959654331,-0.09912703186273575
-0.8653342723846436,-0.2163335680961609,-0.002324262633919716,-0.05004417896270752,-0.1688900887966156,-0.0422225221991539,0.011037280783057213,0.020213617011904716,0.3611881136894226,0.09029702842235565,0.059119537472724915,-0.05548057705163956,2.6072473526000977,0.6518118381500244,0.6325739622116089,0.1630660593509674,-2.3101279735565186,-0.5775319933891296,-0.5048197507858276,-0.012235045433044434,-0.4961366653442383,-0.12403416633605957,-0.09281739592552185,-0.04730577394366264,-0.24026893079280853,-0.06006723269820213,-0.14882773160934448,0.15215323865413666,-1.309053897857666,-0.3272634744644165,-0.002059931866824627,0.07317467033863068,0.27116072177886963,0.06779018044471741,-0.11628497391939163,0.0375506766140461,1.0047208070755005,0.2511802017688751,0.5769433975219727,-0.008118266239762306,-1.7643282413482666,-0.44108206033706665,-0.4258933365345001,-0.03929683938622475,-0.39456841349601746,-0.09864210337400436,-0.042534083127975464,0.04133559390902519,0.16024616360664368,0.04006154090166092,-0.029436850920319557,0.047348666936159134,-0.58371901512146,-0.145929753780365,0.026156285777688026,-0.001071119331754744,0.2236756533384323,0.05591891333460808,-0.010517661459743977,0.0055119991302490234,1.0306940078735352,0.2576735019683838,0.13918869197368622,0.17905867099761963,0.9189897179603577,0.22974742949008942,0.2573409676551819,0.034298717975616455,0.11085276305675507,0.027713190764188766,0.005530291236937046,0.058463551104068756,3.5024595260620117,0.8756148815155029,0.8773134350776672,0.03414824232459068,0.0620613768696785,0.015515344217419624,-0.007660265080630779,-0.004582357592880726,-0.07506048679351807,-0.018765121698379517,0.007915982976555824,-0.04464903473854065,0.04299473762512207,0.010748684406280518,0.007133446633815765,0.012675481848418713,0.589135468006134,0.1472838670015335,0.2482336014509201,-0.086319200694561,-1.2982417345046997,-0.3245604336261749,-0.2319929152727127,0.030696213245391846,-0.11845454573631287,-0.029613636434078217,-0.0030138720758259296,0.04685819149017334,3.494166374206543,0.8735415935516357,0.9526537656784058,0.020315026864409447,-0.07981303334236145,-0.019953258335590363,0.0013732267543673515,-0.06412308663129807,-0.56564861536026,-0.141412153840065,-0.016554012894630432,-0.14720650017261505,0.4995659291744232,0.1248914822936058,0.026341436430811882,0.12815594673156738
-1.2505252361297607,-0.3126313090324402,-0.07332552969455719,-0.11570671945810318,0.08136865496635437,0.020342163741588593,0.02011365257203579,-0.08605773001909256,0.2928520441055298,0.07321301102638245,0.0560213178396225,0.03528275713324547,2.8336386680603027,0.7084096670150757,0.6880683898925781,0.06187720224261284,-2.467217206954956,-0.616804301738739,-0.5378373861312866,-0.12869158387184143,-0.3577209413051605,-0.08943023532629013,-0.0849442109465599,-0.0033620954491198063,0.05713222920894623,0.014283057302236557,-0.1204804852604866,0.11132170259952545,-1.5909287929534912,-0.3977321982383728,-0.0006092078983783722,-0.06163228675723076,0.26332026720046997,0.06583006680011749,-0.11592034995555878,0.019491171464323997,1.1685585975646973,0.2921396493911743,0.5300091505050659,-0.15578816831111908,-0.6223254203796387,-0.15558135509490967,-0.4023398756980896,-0.04507509991526604,-0.6499122381210327,-0.16247805953025818,-0.04948147386312485,-0.009042120538651943,0.3127858638763428,0.0781964659690857,-0.0027526067569851875,0.04705030843615532,-0.2566423714160919,-0.06416059285402298,0.02749462239444256,0.0020544291473925114,0.05990879610180855,0.014977199025452137,0.0060227178037166595,-0.06219397857785225,0.930762767791748,0.232690691947937,0.1795152872800827,0.164567232131958,1.0638771057128906,0.26596927642822266,0.26157331466674805,-0.06796404719352722,-0.13141922652721405,-0.03285480663180351,-0.013674824498593807,-0.014471662230789661,3.5899081230163574,0.8974770307540894,0.8940019011497498,0.03106585703790188,0.0023014750331640244,0.0005753687582910061,0.002716721035540104,0.036795247346162796,-0.05763322114944458,-0.014408305287361145,-0.002113417722284794,-0.023780321702361107,-0.11100773513317108,-0.02775193378329277,-0.0007694615051150322,-0.052371349185705185,0.22447554767131805,0.056118886917829514,0.2367587685585022,0.009930861182510853,-1.2053942680358887,-0.30134856700897217,-0.23318593204021454,-0.01055674534291029,-0.11297518014907837,-0.028243795037269592,-0.013074801303446293,0.01631794683635235,3.1960678100585938,0.7990169525146484,0.9140021800994873,-0.027663661167025566,0.12313023209571838,0.030782558023929596,0.011955751106142998,0.06652579456567764,0.30287760496139526,0.07571940124034882,0.007321201264858246,0.06104928255081177,-0.5306814908981323,-0.13267037272453308,-0.014608459547162056,-0.15330113470554352
-1.0582830905914307,-0.26457077264785767,-0.13168461620807648,-0.1442849338054657,0.0735078901052475,0.018376972526311874,0.0072179436683654785,-0.049553170800209045,0.32323554158210754,0.08080888539552689,0.0712994784116745,0.09930510818958282,3.2439427375793457,0.8109856843948364,0.7488239407539368,0.1539321392774582,-2.199228048324585,-0.5498070120811462,-0.5441667437553406,-0.046182792633771896,-0.4522201418876648,-0.1130550354719162,-0.10053139925003052,0.05226323753595352,0.1605198234319687,0.04012995585799217,-0.07619882375001907,0.11169295758008957,-1.4197232723236084,-0.3549308180809021,0.009877534583210945,-0.06702741235494614,0.11232727766036987,0.028081819415092468,-0.12171986699104309,0.015937495976686478,1.2045267820358276,0.3011316955089569,0.45877814292907715,-0.21057644486427307,0.24147963523864746,0.060369908809661865,-0.39571502804756165,-0.027818677946925163,-0.7045141458511353,-0.1761285364627838,-0.04024980589747429,0.06873529404401779,0.21341633796691895,0.053354084491729736,0.0005683507770299911,0.03292800113558769,-0.21948689222335815,-0.05487172305583954,0.012843254953622818,-0.06564266234636307,-0.0354657880961895,-0.008866447024047375,0.024550514295697212,0.12199775129556656,1.3817400932312012,0.3454350233078003,0.23990464210510254,0.06992518156766891,1.2664446830749512,0.3166111707687378,0.2574779987335205,-0.06160733848810196,0.22031356394290924,0.05507839098572731,0.0009229611605405807,0.11458168178796768,3.5335943698883057,0.8833985924720764,0.8888481259346008,-0.05545952543616295,-0.06888479739427567,-0.017221199348568916,0.003092486411333084,0.060376860201358795,0.13021957874298096,0.03255489468574524,0.007100759074091911,0.07366801798343658,0.16958604753017426,0.042396511882543564,-0.0017242832109332085,0.09304608404636383,-0.36897656321525574,-0.09224414080381393,0.17321056127548218,-0.13363292813301086,-1.193773627281189,-0.29844340682029724,-0.23685167729854584,-0.026103055104613304,-0.027105093002319336,-0.006776273250579834,-0.012473765760660172,-0.030781930312514305,3.207108974456787,0.8017772436141968,0.9049846529960632,0.03507658466696739,-0.14795753359794617,-0.03698938339948654,-0.009104808792471886,-0.04560299590229988,-0.5359731912612915,-0.13399329781532288,0.00243455171585083,-0.015462852083146572,0.7722246646881104,0.1930561661720276,0.026165766641497612,0.13071469962596893
-1.025172472000122,-0.2562931180000305,-0.19236153364181519,-0.05666850879788399,0.09600333869457245,0.024000834673643112,0.0040885452181100845,-0.10326844453811646,0.25259798765182495,0.06314949691295624,0.072652168571949,0.06458669900894165,2.849898338317871,0.7124745845794678,0.7525723576545715,-0.03031369484961033,-1.9151731729507446,-0.47879329323768616,-0.5059830546379089,0.024246668443083763,-0.4465283751487732,-0.1116320937871933,-0.1123853549361229,-0.07891782373189926,0.3449028730392456,0.0862257182598114,-0.009923983365297318,0.11014367640018463,-1.2569315433502197,-0.31423288583755493,0.0025530606508255005,0.06742911785840988,-0.12704479694366455,-0.03176119923591614,-0.1203082948923111,-0.013628805056214333,1.222107172012329,0.3055267930030823,0.38340699672698975,-0.2533247470855713,1.176265835762024,0.294066458940506,-0.37544170022010803,0.078517846763134,-0.8303849697113037,-0.20759624242782593,-0.05478322505950928,-0.04047979786992073,-0.020257048308849335,-0.005064262077212334,-0.011056583374738693,-0.00953224953263998,-0.03413259983062744,-0.00853314995765686,-0.004698607139289379,0.011499005369842052,-0.26251620054244995,-0.06562905013561249,0.018141234293580055,-0.03548352047801018,1.1478310823440552,0.2869577705860138,0.2807878255844116,0.10872944444417953,1.3171207904815674,0.32928019762039185,0.2645342946052551,-0.004997271578758955,-0.14770151674747467,-0.03692537918686867,-0.008319539949297905,-0.08609690517187119,3.7358856201171875,0.9339714050292969,0.9222798347473145,0.06457362323999405,-0.12509575486183167,-0.031273938715457916,0.00012495089322328568,-0.08302482217550278,-0.29224950075149536,-0.07306237518787384,-0.0008771652355790138,0.01216737087816,-0.25497978925704956,-0.06374494731426239,-0.0038558989763259888,-0.05383435636758804,-0.4162953197956085,-0.10407382994890213,0.11449966579675674,-0.1256795972585678,-0.9555655121803284,-0.2388913780450821,-0.2530451714992523,-0.006624370813369751,0.09828007221221924,0.02457001805305481,0.00598953478038311,0.08403714001178741,3.234773874282837,0.8086934685707092,0.8882397413253784,-0.052922435104846954,0.24427086114883423,0.06106771528720856,0.006261907517910004,0.000348639499861747,-0.1752682477235794,-0.04381706193089485,-0.016498368233442307,0.03878936916589737,-0.581924557685852,-0.145481139421463,-0.004189547151327133,-0.14511053264141083
-0.9138234853744507,-0.22845587134361267,-0.23962540924549103,-0.12034384161233902,0.09125544130802155,0.022813860327005386,-0.0016713431105017662,0.06914644688367844,0.44843554496765137,0.11210888624191284,0.09287553280591965,0.11003588885068893,3.0271167755126953,0.7567791938781738,0.7452387809753418,0.020584946498274803,-1.7978168725967407,-0.4494542181491852,-0.49093368649482727,0.06692397594451904,-0.19500839710235596,-0.04875209927558899,-0.0788891464471817,-0.023520922288298607,0.26055383682250977,0.06513845920562744,0.05204206705093384,0.20815478265285492,-0.9637932181358337,-0.24094830453395844,0.018170880153775215,0.023800456896424294,-0.35023123025894165,-0.08755780756473541,-0.12104304134845734,-0.0374295674264431,0.9660773873329163,0.24151934683322906,0.30025413632392883,-0.16193418204784393,1.172325611114502,0.2930814027786255,-0.3564361333847046,0.07977869361639023,-0.23104920983314514,-0.057762302458286285,-0.03553486242890358,0.002521479269489646,-0.03708875924348831,-0.009272189810872078,0.0007442999631166458,0.022552460432052612,0.04109692573547363,0.010274231433868408,-0.012628166936337948,-0.04550571367144585,-0.10216917097568512,-0.02554229274392128,0.018092408776283264,-0.06064232066273689,0.9326022267341614,0.23315055668354034,0.32664576172828674,0.007301521487534046,1.1135919094085693,0.27839797735214233,0.24038062989711761,-0.04732014611363411,0.29547905921936035,0.07386976480484009,0.01191435195505619,0.013669860549271107,3.4363062381744385,0.8590765595436096,0.9260855317115784,-0.045336637645959854,0.017761236056685448,0.004440309014171362,-0.00910913199186325,0.018857700750231743,-0.004210472106933594,-0.0010526180267333984,0.012610023841261864,0.0702671930193901,0.2003128081560135,0.05007820203900337,0.011105310171842575,0.025847483426332474,-0.038222283124923706,-0.009555570781230927,0.048301950097084045,-0.11142780631780624,-0.985771656036377,-0.24644291400909424,-0.252030611038208,-0.0017394662136211991,-0.08467459678649902,-0.021168649196624756,-0.009436122141778469,-0.09404341131448746,3.0694031715393066,0.7673507928848267,0.8538674116134644,-0.16392956674098969,-0.04647231101989746,-0.011618077754974365,-0.0010567884892225266,-0.05889710783958435,0.07746358215808868,0.01936589553952217,5.647633224725723e-05,0.06336876004934311,0.632057785987854,0.1580144464969635,0.028892574831843376,0.09942412376403809
-0.6086103916168213,-0.15215259790420532,-0.28291022777557373,-0.03445112332701683,-0.3199700117111206,-0.07999250292778015,0.01379207894206047,-0.02189786545932293,0.6209768652915955,0.15524421632289886,0.11774546653032303,0.07746706157922745,2.6689109802246094,0.6672277450561523,0.6897456049919128,-0.1507948487997055,-1.267811894416809,-0.31695297360420227,-0.419583261013031,0.17758727073669434,-0.11578410118818283,-0.028946025297045708,-0.0747474879026413,0.08218371868133545,-0.0305870920419693,-0.007646773010492325,0.1004042848944664,0.08167532831430435,-0.4756667912006378,-0.11891669780015945,0.0031119585037231445,-0.005583173129707575,-0.471685528755188,-0.117921382188797,-0.12225699424743652,-0.0010743261082097888,0.9547008275985718,0.23867520689964294,0.23657111823558807,-0.17781324684619904,2.355806350708008,0.588951587677002,-0.32951653003692627,0.05991676077246666,0.387290358543396,0.096822589635849,-0.03930990397930145,-0.06495597958564758,-0.347133070230484,-0.086783267557621,0.0043302420526742935,-0.02233855240046978,-0.11625838279724121,-0.029064595699310303,-0.011666722595691681,0.000940215599257499,-0.008817862719297409,-0.0022044656798243523,0.03334537148475647,-0.01708105206489563,1.1866897344589233,0.29667243361473083,0.3548978865146637,0.09238386154174805,1.3756325244903564,0.3439081311225891,0.24826271831989288,0.0563802495598793,-0.07763731479644775,-0.01940932869911194,-0.0010468093678355217,-0.09736471623182297,3.589221477508545,0.8973053693771362,0.9507536888122559,0.006401163525879383,-0.11792787164449692,-0.02948196791112423,-0.015559965744614601,0.05500819906592369,-0.26784852147102356,-0.06696213036775589,-0.014147971756756306,-0.005229437258094549,-0.2278141975402832,-0.0569535493850708,-0.014853645116090775,-0.05674007162451744,-0.00032894499599933624,-8.223624899983406e-05,0.008089471608400345,-0.19958488643169403,-1.0428900718688965,-0.2607225179672241,-0.25811469554901123,0.036235760897397995,0.09870487451553345,0.024676218628883362,0.008053798228502274,0.05757160112261772,3.331883192062378,0.8329707980155945,0.8435611724853516,-0.022756367921829224,0.15022927522659302,0.037557318806648254,0.0047836098819971085,-0.04119747877120972,-0.08720375597476959,-0.021800938993692398,-0.00968777947127819,-0.0014729738468304276,-0.5928744077682495,-0.14821860194206238,-0.014941391535103321,-0.1518504023551941
0.008001193404197693,0.0020002983510494232,-0.29003652930259705,0.048982035368680954,-0.14617572724819183,-0.03654393181204796,-0.001655522733926773,0.016775881871581078,0.5353718996047974,0.13384297490119934,0.11956620961427689,-0.048521995544433594,2.546802520751953,0.6367006301879883,0.6136443614959717,-0.17257730662822723,-1.1950162649154663,-0.2987540662288666,-0.37906333804130554,0.05923435837030411,0.30443471670150757,0.07610867917537689,-0.018341194838285446,0.0657581314444542,-0.26568520069122314,-0.06642130017280579,0.121851347386837,0.1013670340180397,-0.2408386468887329,-0.06020966172218323,0.009632980450987816,0.09838896989822388,-0.5120151042938232,-0.1280037760734558,-0.12437658756971359,-0.02644544281065464,1.1868393421173096,0.2967098355293274,0.2370496392250061,-0.025098973885178566,2.406749963760376,0.601687490940094,-0.3260972201824188,0.012044561095535755,0.9012125730514526,0.22530314326286316,-0.01832043007016182,0.09498844295740128,-0.34200701117515564,-0.08550175279378891,0.024011483415961266,0.0619235523045063,-0.3410477638244629,-0.08526194095611572,-0.013054506853222847,-0.009295177645981312,-0.2607833743095398,-0.06519584357738495,0.03055601380765438,-0.054858047515153885,0.9634137749671936,0.2408534437417984,0.3600727915763855,0.011651146225631237,1.041604995727539,0.26040124893188477,0.24216173589229584,-0.09389274567365646,0.26704323291778564,0.06676080822944641,0.02229049988090992,-0.0080718994140625,3.315889835357666,0.8289724588394165,0.9284946918487549,-0.10878773033618927,0.05654320865869522,0.014135802164673805,0.008074643090367317,0.0051715075969696045,0.25755801796913147,0.06438950449228287,0.012508293613791466,0.06705403327941895,0.3186708688735962,0.07966771721839905,0.012143595144152641,-0.005060661118477583,0.4131764769554138,0.10329411923885345,-0.027754807844758034,-0.12756656110286713,-1.2103224992752075,-0.3025806248188019,-0.2813031077384949,0.0207762960344553,-0.18545860052108765,-0.04636465013027191,-0.01088782586157322,0.03338359668850899,3.346275568008423,0.8365688920021057,0.8174048066139221,0.03602497652173042,-0.05257347226142883,-0.013143368065357208,0.006151750683784485,-0.05232219770550728,0.246323361992836,0.061580840498209,-0.0014988360926508904,0.04525890573859215,0.7327569723129272,0.1831892430782318,0.03127781301736832,0.07902061939239502
0.4206768274307251,0.10516920685768127,-0.2717747688293457,0.0074055674485862255,-0.12783147394657135,-0.03195786848664284,-0.0057298727333545685,-0.03224014863371849,0.48569944500923157,0.12142486125230789,0.1319912225008011,0.02181142568588257,2.183925151824951,0.5459812879562378,0.5296177864074707,-0.18020054697990417,-0.7514505386352539,-0.18786263465881348,-0.30598369240760803,0.08808145672082901,0.38587719202041626,0.09646929800510406,0.02511744014918804,0.027385985478758812,-0.606460452079773,-0.15161511301994324,0.11009783297777176,0.021789705380797386,-0.4799039959907532,-0.1199759989976883,0.00200677290558815,-0.06798284500837326,-0.5033745169639587,-0.12584362924098969,-0.13741742074489594,-0.07408317923545837,1.6726763248443604,0.4181690812110901,0.31559550762176514,0.3009161949157715,0.7580939531326294,0.18952348828315735,-0.3232995867729187,0.0422469861805439,0.5304646492004395,0.13261616230010986,-0.011848500929772854,0.03312164545059204,-0.7381467819213867,-0.18453669548034668,0.0231791902333498,-0.09979656338691711,-0.36063894629478455,-0.09015973657369614,-0.009832117706537247,-0.10566333681344986,-0.20141537487506866,-0.050353843718767166,0.006889937445521355,0.006854027509689331,1.2467981576919556,0.3116995394229889,0.37759166955947876,0.017124200239777565,1.3944134712219238,0.34860336780548096,0.26797670125961304,-0.017845500260591507,-0.05891238525509834,-0.014728096313774586,0.013263467699289322,-0.021948492154479027,3.48453950881958,0.871134877204895,0.9144766926765442,0.05513113737106323,-0.1052827462553978,-0.02632068656384945,0.0009938273578882217,-0.016169780865311623,-0.3918469548225403,-0.09796173870563507,-0.006628170143812895,-0.012966233305633068,-0.24721461534500122,-0.061803653836250305,-0.011508263647556305,0.015769148245453835,0.7832890748977661,0.19582226872444153,-0.05567513406276703,0.04778505489230156,-1.0406113862991333,-0.2601528465747833,-0.2626892924308777,-0.03529433533549309,-0.09338390827178955,-0.023345977067947388,-0.02156989462673664,-0.03683236241340637,3.5802509784698486,0.8950627446174622,0.8283493518829346,0.035926152020692825,0.009056076407432556,0.002264019101858139,0.0037748105823993683,-0.0505736842751503,0.11191265285015106,0.027978163212537766,0.013208352029323578,0.0434303879737854,-0.6119033694267273,-0.15297584235668182,0.0006138104945421219,-0.1721889078617096
0.4861915111541748,0.1215478777885437,-0.24575917422771454,0.03650113567709923,0.6460897922515869,0.16152244806289673,-0.006445541046559811,0.008210009895265102,0.06639561802148819,0.016598904505372047,0.11597753316164017,-0.002650189446285367,1.7575106620788574,0.43937766551971436,0.4856995642185211,-0.04014234617352486,-1.4139901399612427,-0.35349753499031067,-0.290951669216156,0.15231218934059143,0.16263028979301453,0.04065757244825363,0.06014662981033325,0.14767499268054962,-1.2441678047180176,-0.3110419511795044,0.047876641154289246,-0.09539475291967392,-0.1583181917667389,-0.03957954794168472,0.0187119971960783,0.07949785143136978,-0.5285634398460388,-0.1321408599615097,-0.13550376892089844,-0.09369403123855591,2.068514347076416,0.517128586769104,0.4629286229610443,0.33149176836013794,-2.647334098815918,-0.6618335247039795,-0.4409569203853607,-0.17230062186717987,0.22071602940559387,0.05517900735139847,0.011168817058205605,0.07959619909524918,-0.5480376482009888,-0.1370094120502472,0.009195078164339066,0.06038873270153999,0.454468697309494,0.1136171743273735,-0.011319582350552082,0.03342493996024132,-0.11474670469760895,-0.028686676174402237,-0.020440638065338135,-0.031170343980193138,0.9854749441146851,0.24636873602867126,0.39469340443611145,0.03794823959469795,1.149176836013794,0.2872942090034485,0.2706792950630188,-0.015288126654922962,0.05465857312083244,0.01366464328020811,0.011509912088513374,-0.013513016514480114,3.41084623336792,0.85271155834198,0.9286209344863892,0.006856173276901245,0.09419355541467667,0.023548388853669167,0.013577647507190704,0.0595402829349041,0.04949924349784851,0.012374810874462128,-0.00033443979918956757,-0.017829542979598045,0.031074104830622673,0.007768526207655668,-0.014186417683959007,0.0800427794456482,1.2256149053573608,0.3064037263393402,-0.026229536160826683,0.13671031594276428,-1.046552062034607,-0.26163801550865173,-0.27994304895401,-0.05766734108328819,0.053294599056243896,0.013323649764060974,-0.0019600261002779007,0.09346337616443634,3.513143301010132,0.878285825252533,0.7997305989265442,-0.05566195398569107,0.06807437539100647,0.017018593847751617,0.0016981735825538635,0.04576103761792183,0.03970719873905182,0.009926799684762955,0.0011758040636777878,0.004030764102935791,0.39290210604667664,0.09822552651166916,0.012735320255160332,0.11871335655450821
-0.047100797295570374,-0.011775199323892593,-0.22948887944221497,0.1457979530096054,1.1218611001968384,0.2804652750492096,0.008609050884842873,-0.062238194048404694,0.030912131071090698,0.0077280327677726746,0.1118992418050766,-0.021031856536865234,1.5871728658676147,0.3967932164669037,0.5087986588478088,0.1132773905992508,-1.763995885848999,-0.44099897146224976,-0.2904736399650574,-0.1706773042678833,-0.1593983769416809,-0.03984959423542023,0.048028476536273956,-0.07898890227079391,-1.2203731536865234,-0.30509328842163086,0.005105478689074516,-0.09707681089639664,-0.5095246434211731,-0.12738116085529327,0.004520487040281296,-0.08397288620471954,-0.631854236125946,-0.1579635590314865,-0.1589268445968628,-0.12102291733026505,2.363370895385742,0.5908427238464355,0.565041184425354,0.16719932854175568,-2.8549530506134033,-0.7137382626533508,-0.5132754445075989,-0.1314302384853363,-0.13638398051261902,-0.034095995128154755,-0.00020872987806797028,-0.01187989767640829,-0.38549116253852844,-0.09637279063463211,0.012213768437504768,-0.05116381123661995,0.43518152832984924,0.10879538208246231,0.0009528882801532745,-0.06221088767051697,0.21070383489131927,0.05267595872282982,-0.029624028131365776,-0.06806868314743042,1.1132676601409912,0.2783169150352478,0.36500656604766846,-0.08376901596784592,1.1554629802703857,0.28886574506759644,0.27475491166114807,0.07168371975421906,0.0005684308707714081,0.00014210771769285202,0.009557146579027176,0.003596317721530795,3.739612579345703,0.9349031448364258,0.9508270621299744,0.02583937719464302,-0.016854966059327126,-0.004213741514831781,0.0134041216224432,0.039968203753232956,-0.1499738097190857,-0.03749345242977142,-0.012250625528395176,-0.07583948224782944,0.11513939499855042,0.028784848749637604,0.0013944907113909721,0.07363294810056686,1.0786229372024536,0.2696557343006134,0.02522004209458828,0.1323421448469162,-0.722655177116394,-0.1806637942790985,-0.2581655979156494,0.08828385174274445,-0.09253999590873718,-0.023134998977184296,-0.027050497010350227,-0.06574168801307678,3.3558361530303955,0.8389590382575989,0.7887647151947021,0.06683416664600372,-0.006562426686286926,-0.0016406066715717316,-0.0007497714832425117,0.007382017560303211,0.018644794821739197,0.004661198705434799,-0.008102349005639553,-0.0018856227397918701,-0.5462120771408081,-0.13655301928520203,-0.024900425225496292,-0.030109895393252373
-0.5697721838951111,-0.14244304597377777,-0.1945844143629074,-0.02330293133854866,1.4273271560668945,0.35683178901672363,0.017342906445264816,0.02656548097729683,-0.12720802426338196,-0.03180200606584549,0.11145894229412079,-0.03767477720975876,1.1993130445480347,0.29982826113700867,0.5199626684188843,-0.0289235208183527,-1.003351092338562,-0.2508377730846405,-0.31080859899520874,-0.13370434939861298,0.09385160356760025,0.023462900891900063,0.04042825102806091,0.016999995335936546,-1.1794230937957764,-0.2948557734489441,-0.05223049223423004,-0.11174196004867554,0.10400575399398804,0.02600143849849701,0.0014615915715694427,-0.054113950580358505,-0.6049218773841858,-0.15123046934604645,-0.13877511024475098,-0.012584961019456387,2.716423988342285,0.6791059970855713,0.6420727968215942,0.08551204204559326,-2.5810792446136475,-0.6452698111534119,-0.5596309900283813,-0.09159642457962036,-0.09365209937095642,-0.023413024842739105,-0.017573893070220947,-0.003081894014030695,-0.2916485667228699,-0.07291214168071747,0.018274808302521706,0.04519383981823921,0.41146495938301086,0.10286623984575272,0.0028505101799964905,0.05059586837887764,0.29159486293792725,0.07289871573448181,-0.021890215575695038,-0.05550727993249893,0.8870663046836853,0.22176657617092133,0.33778199553489685,-0.02949882112443447,0.7923051714897156,0.1980762928724289,0.25488021969795227,0.034208010882139206,-0.1567370444536209,-0.03918426111340523,-0.013663128018379211,0.002874362515285611,3.5970582962036133,0.8992645740509033,0.9420243501663208,-0.05297547206282616,0.08713219314813614,0.021783048287034035,0.01558179222047329,0.08261342346668243,0.20697623491287231,0.05174405872821808,0.01316894218325615,0.07651449739933014,-0.1858992576599121,-0.04647481441497803,-0.010208344087004662,0.03362656757235527,1.1908538341522217,0.2977134585380554,0.07964195311069489,0.13793952763080597,-1.243822455406189,-0.31095561385154724,-0.2465265989303589,-0.012459427118301392,0.08978688716888428,0.02244672179222107,-0.003885210957378149,0.026524771004915237,3.1068456172943115,0.7767114043235779,0.7774527072906494,-0.026839783415198326,-0.026674404740333557,-0.006668601185083389,-0.0020672278478741646,-0.074512779712677,0.22293232381343842,0.055733080953359604,0.0028832703828811646,0.057865239679813385,0.46424731612205505,0.11606182903051376,0.0013771113008260727,0.11941760778427124
-0.5104091167449951,-0.12760227918624878,-0.16851504147052765,0.14041505753993988,1.0350995063781738,0.25877487659454346,0.012787090614438057,0.016853172332048416,0.017313025891780853,0.004328256472945213,0.11624530702829361,-0.06887509673833847,0.9924466609954834,0.24811166524887085,0.49199986457824707,-0.15970344841480255,-0.5243809223175049,-0.13109523057937622,-0.3249601721763611,-0.011691415682435036,0.04308975487947464,0.01077243871986866,0.050125181674957275,0.04213539510965347,-1.011759877204895,-0.25293996930122375,-0.10180633515119553,-0.16292273998260498,0.186958909034729,0.04673972725868225,-0.007828176952898502,-0.0739191547036171,-0.6085739135742188,-0.1521434783935547,-0.132318913936615,0.07571142166852951,2.846848249435425,0.7117120623588562,0.6926229000091553,0.13697758316993713,-2.3000905513763428,-0.5750226378440857,-0.5535438060760498,0.035574864596128464,0.13967499136924744,0.03491874784231186,0.0009215250611305237,0.0042708697728812695,-0.3198482096195221,-0.07996205240488052,0.005156511440873146,-0.09473346918821335,0.001495257019996643,0.00037381425499916077,0.014360340312123299,-0.04686089605093002,0.15497104823589325,0.03874276205897331,-0.016069483011960983,-0.027622221037745476,0.8603487014770508,0.2150871753692627,0.3170832097530365,-0.07319312542676926,1.0215189456939697,0.25537973642349243,0.2540845572948456,-0.0356714129447937,0.010775204747915268,0.002693801186978817,-0.014917186461389065,0.060589518398046494,3.6892504692077637,0.9223126173019409,0.9496272802352905,0.077774278819561,-0.06918623298406601,-0.017296558246016502,0.010504646226763725,0.005064267199486494,-0.5067636370658875,-0.12669090926647186,-0.016076277941465378,-0.15589749813079834,0.14396801590919495,0.03599200397729874,0.010874755680561066,-0.02937685325741768,0.8720824718475342,0.21802061796188354,0.12939999997615814,0.0748637467622757,-1.6069508790969849,-0.4017377197742462,-0.24894629418849945,0.007963120937347412,-0.26517361402511597,-0.06629340350627899,-0.005088397301733494,0.03593471273779869,3.3551738262176514,0.8387934565544128,0.807478129863739,0.12385282665491104,0.11379069089889526,0.028447672724723816,-0.003063676878809929,0.049130406230688095,-0.09139926731586456,-0.02284981682896614,-0.008959176950156689,0.03812674432992935,-0.41116970777511597,-0.10279242694377899,-0.013968992978334427,-0.13684536516666412
-1.0364365577697754,-0.25910913944244385,-0.13080810010433197,0.025787746533751488,1.4562809467315674,0.36407023668289185,-0.004397998563945293,0.050202108919620514,0.051545776426792145,0.012886444106698036,0.1265009343624115,-0.05862525850534439,0.7276815176010132,0.1819203794002533,0.4423844516277313,-0.05005539208650589,-0.9658635258674622,-0.24146588146686554,-0.317362904548645,-0.0019970715511590242,0.2938612699508667,0.07346531748771667,0.044552482664585114,-0.0327950082719326,-0.8756001591682434,-0.21890003979206085,-0.18306377530097961,-0.22141042351722717,0.13299408555030823,0.03324852138757706,-0.017469923943281174,0.04431427642703056,-0.4761451482772827,-0.11903628706932068,-0.09706206619739532,-0.023888422176241875,3.113724946975708,0.778431236743927,0.7278217077255249,0.062244962900877,-2.140824794769287,-0.5352061986923218,-0.5537967681884766,0.07267411798238754,0.149673730134964,0.037418432533741,0.018138041719794273,0.023910094052553177,0.07412100583314896,0.01853025145828724,0.0138108991086483,-0.04158955067396164,0.2340262234210968,0.0585065558552742,0.008130539208650589,-0.011929357424378395,0.20495794713497162,0.051239486783742905,-0.011443949304521084,-0.05406910181045532,0.42909154295921326,0.10727288573980331,0.27568134665489197,-0.1657751053571701,0.9478296637535095,0.23695741593837738,0.24151180684566498,0.0345662496984005,-0.0032057948410511017,-0.0008014487102627754,0.002687007188796997,-0.011027360334992409,3.365990400314331,0.8414976000785828,0.9328264594078064,-0.0018983423942700028,-0.03325357288122177,-0.008313393220305443,-0.0015962552279233932,-0.06393779069185257,0.34469074010849,0.0861726850271225,0.013581063598394394,0.017962610349059105,-0.04428744316101074,-0.011071860790252686,0.004701752215623856,-0.0016797780990600586,0.8899269104003906,0.22248172760009766,0.19016990065574646,0.16709056496620178,-1.3179372549057007,-0.32948431372642517,-0.256892591714859,-0.002656841417774558,-0.04513651132583618,-0.011284127831459045,0.00398473534733057,0.026566077023744583,3.205423355102539,0.8013558387756348,0.8163502812385559,0.08574085682630539,-0.04476770758628845,-0.011191926896572113,0.008653683587908745,-0.05094020441174507,0.07423518598079681,0.018558796495199203,-0.0020724134519696236,0.025932157412171364,0.5116840600967407,0.12792101502418518,0.02384892664849758,0.09179864078760147
-0.8864742517471313,-0.22161856293678284,-0.07828712463378906,0.15925367176532745,1.1446382999420166,0.28615957498550415,-0.006960050668567419,0.0036989988293498755,0.20004868507385254,0.050012171268463135,0.1251600831747055,-0.05738389492034912,0.6229177117347717,0.15572942793369293,0.3861630856990814,-0.18835477530956268,-0.3378082513809204,-0.0844520628452301,-0.31010034680366516,0.016969287768006325,0.35826581716537476,0.08956645429134369,0.036177217960357666,-0.010961085557937622,-0.5720224976539612,-0.1430056244134903,-0.23917928338050842,-0.0956302210688591,-0.034471720457077026,-0.008617930114269257,-0.009335527196526527,0.06529176235198975,-0.3197554349899292,-0.0799388587474823,-0.08080875873565674,0.09072822332382202,3.226679563522339,0.8066698908805847,0.7536624670028687,0.09529569000005722,-1.9251854419708252,-0.4812963604927063,-0.5291231274604797,0.059454988688230515,0.1179209053516388,0.0294802263379097,0.01491277851164341,-0.006921446416527033,0.06254862993955612,0.01563715748488903,-0.0062829554080963135,0.005725455470383167,0.045378200709819794,0.011344550177454948,-0.005568880122154951,-0.031830716878175735,0.03637980297207832,0.00909495074301958,-0.0008242912590503693,0.07615245878696442,0.5957125425338745,0.14892813563346863,0.21313464641571045,-0.11818671226501465,1.0139827728271484,0.2534956932067871,0.23308756947517395,0.03571777418255806,0.0153968445956707,0.003849211148917675,0.002865908667445183,-0.004664027597755194,3.550442695617676,0.887610673904419,0.9218425154685974,-0.10465274006128311,0.03048471175134182,0.007621177937835455,0.006949272006750107,0.00690533546730876,-0.49158191680908203,-0.12289547920227051,-0.02184819057583809,-0.03540192171931267,0.0623917281627655,0.015597932040691376,0.002057037316262722,-0.01281440258026123,0.7103811502456665,0.17759528756141663,0.2304903119802475,0.00986055750399828,-1.0382970571517944,-0.2595742642879486,-0.24664604663848877,0.06986981630325317,-0.1449272632598877,-0.036231815814971924,-0.005408261902630329,-0.06526016443967819,3.2777721881866455,0.8194430470466614,0.8434932231903076,0.13356058299541473,0.027820587158203125,0.006955146789550781,-0.004992646165192127,-0.03674127161502838,-0.0947900265455246,-0.02369750663638115,-0.000968211330473423,0.02431684173643589,-0.6580907106399536,-0.1645226776599884,-0.026670904830098152,-0.18556702136993408
-0.4607096314430237,-0.11517740786075592,-0.0237438827753067,0.15560698509216309,0.9495642185211182,0.23739105463027954,-0.0048822928220033646,-0.04624961316585541,0.3819042444229126,0.09547606110572815,0.1247309073805809,0.03950904682278633,0.7540681958198547,0.18851704895496368,0.31872665882110596,-0.08344607800245285,0.5166286826133728,0.1291571706533432,-0.2920949459075928,-0.021263230592012405,0.23422569036483765,0.05855642259120941,0.022661784663796425,-0.06828422844409943,-0.8399046659469604,-0.2099761664867401,-0.26658403873443604,-0.05759454891085625,-0.15830481052398682,-0.039576202630996704,-0.016308318823575974,0.004000925924628973,-0.37206733226776123,-0.09301683306694031,-0.08581274002790451,-0.036243364214897156,3.0430099964141846,0.7607524991035461,0.7527212500572205,-0.03770747408270836,-1.7469675540924072,-0.4367418885231018,-0.4966409504413605,0.00548588065430522,0.04901781678199768,0.01225445419549942,0.009393619373440742,0.013874965719878674,0.2445748746395111,0.06114371865987778,0.0027636010199785233,0.07935698330402374,0.4173916280269623,0.10434790700674057,0.011510070413351059,0.037054192274808884,-0.06108803674578667,-0.015272009186446667,0.003744380548596382,-0.001663851784542203,0.44983482360839844,0.11245870590209961,0.18149907886981964,-0.1768830269575119,1.0574431419372559,0.26436078548431396,0.2191559225320816,0.03712575510144234,0.02284778282046318,0.005711945705115795,-0.01374476496130228,0.021979188546538353,3.2658796310424805,0.8164699077606201,0.880965530872345,-0.15102991461753845,0.02362832985818386,0.005907082464545965,0.01131860725581646,0.04235959053039551,0.2673788070678711,0.06684470176696777,0.014498699456453323,0.11087852716445923,0.1364392638206482,0.03410981595516205,0.015289822593331337,0.03818864747881889,0.9686916470527649,0.24217291176319122,0.2784423828125,0.10906992107629776,-1.2555930614471436,-0.3138982653617859,-0.256602942943573,-0.05525891110301018,-0.017915695905685425,-0.004478923976421356,-0.019903693348169327,-0.027285128831863403,3.2019219398498535,0.8004804849624634,0.8541457056999207,0.016923636198043823,0.008532419800758362,0.0021331049501895905,-0.002407306805253029,0.07269719988107681,-0.056652411818504333,-0.014163102954626083,0.012607766315340996,-0.014260346069931984,0.8182334899902344,0.2045583724975586,0.030341608449816704,0.1050168052315712
-0.17425039410591125,-0.043562598526477814,0.022384634241461754,0.07864341884851456,0.751328706741333,0.18783217668533325,-0.0017615938559174538,0.06984464079141617,0.3610263168811798,0.09025657922029495,0.128543883562088,-0.040500085800886154,0.9824941158294678,0.24562352895736694,0.2801545560359955,-0.11254020780324936,1.8300458192825317,0.45751145482063293,-0.2799527943134308,0.036744751036167145,0.07460207492113113,0.018650518730282784,0.014246514067053795,-0.015466326847672462,-0.7552438378334045,-0.18881095945835114,-0.29519280791282654,-0.04556376114487648,0.029310524463653564,0.007327631115913391,-0.0025785965844988823,0.015049511566758156,-0.44936496019363403,-0.11234124004840851,-0.11134281009435654,-0.04603554680943489,2.818467140197754,0.7046167850494385,0.7145383954048157,-0.07902063429355621,-1.5123608112335205,-0.3780902028083801,-0.44079819321632385,0.1041828915476799,0.028325051069259644,0.007081262767314911,0.0179031640291214,-0.01288603525608778,0.164505273103714,0.0411263182759285,-0.005302009172737598,-0.09547605365514755,0.028112590312957764,0.007028147578239441,0.021179253235459328,-0.05757807567715645,-0.057167898863554,-0.0142919747158885,0.015366954728960991,0.02676973305642605,0.663966178894043,0.16599154472351074,0.13906855881214142,-0.026079237461090088,1.1883132457733154,0.29707831144332886,0.22836528718471527,0.08726904541254044,0.03028140589594841,0.0075703514739871025,-0.003941860981285572,0.02673659287393093,3.6195082664489746,0.9048770666122437,0.8806386590003967,0.052960216999053955,-0.16027295589447021,-0.040068238973617554,-0.0006140479817986488,-0.030781257897615433,-0.4728330373764038,-0.11820825934410095,-0.03052649460732937,-0.15470579266548157,-0.1067500114440918,-0.02668750286102295,-0.003459600731730461,0.04246718809008598,0.984167218208313,0.24604180455207825,0.28775259852409363,0.014387547969818115,-1.1075223684310913,-0.2768805921077728,-0.26326850056648254,0.015548467636108398,-0.04631182551383972,-0.01157795637845993,-0.013863202184438705,0.010678655467927456,3.349437713623047,0.8373594284057617,0.8726568222045898,0.04792468622326851,0.06737880408763885,0.016844701021909714,0.007802238687872887,0.02907799556851387,-0.2156686931848526,-0.05391717329621315,-0.0023173559457063675,-0.03138077259063721,-0.7723217010498047,-0.19308042526245117,-0.01682554930448532,-0.14959433674812317
-0.15897776186466217,-0.03974444046616554,0.04670019447803497,0.07547762244939804,0.42241090536117554,0.10560272634029388,-0.009663093835115433,0.003952002618461847,0.5947648882865906,0.14869122207164764,0.13614411652088165,0.01660815440118313,1.033332347869873,0.25833308696746826,0.24719347059726715,-0.012924546375870705,1.9183273315429688,0.4795818328857422,-0.2831944525241852,0.07245143502950668,0.18503281474113464,0.04625820368528366,0.018634093925356865,0.0008531928178854287,-0.6660857796669006,-0.16652144491672516,-0.32639279961586,-0.11272232979536057,-0.09180696308612823,-0.02295174077153206,-0.018317416310310364,0.0493575818836689,-0.39735379815101624,-0.09933844953775406,-0.11124952137470245,-0.023515701293945312,2.7527196407318115,0.6881799101829529,0.6627006530761719,-0.010772901587188244,-1.2394027709960938,-0.30985069274902344,-0.39173200726509094,0.08056008070707321,0.11404439806938171,0.02851109951734543,0.022737963125109673,-0.03355272486805916,0.4449135959148407,0.11122839897871017,0.0042458269745111465,0.09135275334119797,0.38128408789634705,0.09532102197408676,0.0034628501161932945,0.0009632885339669883,-0.19793231785297394,-0.049483079463243484,0.020316699519753456,-0.06045851111412048,0.30094340443611145,0.07523585110902786,0.08817099034786224,-0.12388594448566437,0.8597342371940613,0.21493355929851532,0.23539111018180847,0.002160316798835993,-0.0552116222679615,-0.013802905566990376,-0.0030050231143832207,0.07091361284255981,3.189026117324829,0.7972565293312073,0.8512049317359924,-0.018692130222916603,0.1104334369301796,0.0276083592325449,0.014544211328029633,0.08483268320560455,0.5815122127532959,0.14537805318832397,0.014132963493466377,0.06499140709638596,0.12061238288879395,0.030153095722198486,0.007915424183011055,-0.0470161996781826,0.9571919441223145,0.2392979860305786,0.3306037187576294,0.14490126073360443,-1.0098851919174194,-0.25247129797935486,-0.2503136694431305,-0.006169766187667847,-0.02005508542060852,-0.00501377135515213,-0.014403482899069786,-0.0668131485581398,3.158815860748291,0.7897039651870728,0.8590347170829773,-0.03423161059617996,-0.11863807588815689,-0.029659518972039223,-0.0032953033223748207,0.02278345823287964,0.02467299997806549,0.006168249994516373,0.008551528677344322,-0.0514463447034359,0.5553855895996094,0.13884639739990234,0.016039220616221428,0.14405213296413422
-0.5365920066833496,-0.1341480016708374,0.05626717209815979,0.06404218822717667,0.5052498579025269,0.1263124644756317,-0.011536015197634697,-0.03464895859360695,0.4720418155193329,0.11801045387983322,0.11892645806074142,-0.042375702410936356,1.2192285060882568,0.3048071265220642,0.26914098858833313,0.1275436133146286,1.46790611743927,0.3669765293598175,-0.28309836983680725,-0.03608277067542076,0.02621377259492874,0.006553443148732185,0.002808450721204281,0.03911980614066124,-0.22087781131267548,-0.05521945282816887,-0.3181275427341461,0.019224608317017555,-0.06960119307041168,-0.01740029826760292,-0.01738814450800419,0.011452168226242065,-0.3304220736026764,-0.0826055184006691,-0.09475484490394592,0.06890968233346939,2.541116237640381,0.6352790594100952,0.6089046001434326,-0.12867239117622375,-1.0299909114837646,-0.25749772787094116,-0.35528233647346497,0.031698357313871384,0.0157029926776886,0.00392574816942215,0.017808960750699043,0.030635345727205276,0.42553749680519104,0.10638437420129776,0.004016213119029999,-0.022347604855895042,0.32081490755081177,0.08020372688770294,0.010333940386772156,-0.022646594792604446,-0.17533697187900543,-0.04383424296975136,0.017067009583115578,0.05238518863916397,0.8372651934623718,0.20931629836559296,0.06549566984176636,-0.05640894174575806,1.0293357372283936,0.2573339343070984,0.2285386621952057,-0.013491690158843994,-0.15135900676250458,-0.037839751690626144,-0.024134453386068344,0.03185145929455757,3.7074224948883057,0.9268556237220764,0.8715980052947998,0.06437938660383224,-0.18648052215576172,-0.04662013053894043,0.0009691193699836731,-0.04495931789278984,-0.3905485272407532,-0.0976371318101883,-0.017109863460063934,-0.13180673122406006,0.012677429243922234,0.0031693573109805584,0.01066596806049347,-0.04539244994521141,0.5470659136772156,0.1367664784193039,0.33140829205513,-0.007574558258056641,-0.9979885816574097,-0.24949714541435242,-0.2563008666038513,-0.028273476287722588,0.06501597166061401,0.016253992915153503,-0.005490211304277182,0.08771657943725586,3.2536461353302,0.81341153383255,0.8792940378189087,0.0057100774720311165,0.0793645977973938,0.01984114944934845,-0.00038339756429195404,0.0873955637216568,-0.24091167747974396,-0.06022791936993599,0.00030357949435710907,0.0102749764919281,-0.6956099271774292,-0.1739024817943573,-0.03355632722377777,-0.08275919407606125
-0.6343891620635986,-0.15859729051589966,0.048085667192935944,-0.02912702038884163,0.20848199725151062,0.052120499312877655,-0.002418914809823036,0.05526231601834297,0.5496281981468201,0.13740704953670502,0.1257690042257309,0.015290582552552223,1.6612497568130493,0.41531243920326233,0.3496752977371216,0.2229289561510086,0.4331473708152771,0.10828684270381927,-0.29686298966407776,0.021614355966448784,-0.015279822051525116,-0.003819955512881279,-0.006624440662562847,-0.093718983232975,-0.1131744235754013,-0.028293605893850327,-0.28911054134368896,0.04320633411407471,-0.09753894805908203,-0.024384737014770508,-0.02031276375055313,-0.009947741404175758,-0.2936902344226837,-0.07342255860567093,-0.09189965575933456,0.006024718284606934,2.1215832233428955,0.5303958058357239,0.5368821024894714,-0.21734347939491272,-0.7417705059051514,-0.18544262647628784,-0.2984254062175751,0.12189304828643799,-0.14713317155838013,-0.03678329288959503,-0.0023489263840019703,0.035238564014434814,0.5795592069625854,0.14488980174064636,0.0006094044074416161,-0.017316831275820732,0.14212918281555176,0.03553229570388794,0.006684118881821632,-0.07300270348787308,-0.17052061855793,-0.0426301546394825,0.004431752488017082,0.0004216313536744565,1.0452756881713867,0.2613189220428467,0.05855407565832138,-0.05216312035918236,1.1990036964416504,0.2997509241104126,0.229596808552742,0.05716512352228165,0.17003946006298065,0.04250986501574516,0.0028643105179071426,0.06410938501358032,3.479337692260742,0.8698344230651855,0.8397831916809082,-0.07782652974128723,0.04539082199335098,0.011347705498337746,-0.0016482463106513023,0.027949143201112747,0.5483235716819763,0.13708089292049408,0.00420401431620121,0.09561963379383087,0.10297451913356781,0.025743629783391953,0.007994001731276512,0.02922365628182888,0.6067963242530823,0.15169908106327057,0.31777089834213257,-0.0566619411110878,-0.9764741659164429,-0.24411854147911072,-0.24928778409957886,0.02365856245160103,-0.09786957502365112,-0.02446739375591278,-0.01875007525086403,-0.057177018374204636,3.3634889125823975,0.8408722281455994,0.8897583484649658,-0.03591490909457207,-0.02678471803665161,-0.006696179509162903,-0.009213464334607124,0.029243290424346924,-0.1214158684015274,-0.03035396710038185,-0.009510411880910397,-0.07189402729272842,0.6894092559814453,0.17235231399536133,0.003916366025805473,0.1337750405073166
-1.262203574180603,-0.31555089354515076,-0.013112233951687813,-0.11949443817138672,-0.09090660512447357,-0.022726651281118393,-0.007732086814939976,0.055046916007995605,0.5362581014633179,0.13406452536582947,0.10829547047615051,0.03024597279727459,2.2876951694488525,0.5719237923622131,0.48865777254104614,0.41019877791404724,-2.134193181991577,-0.5335482954978943,-0.36910492181777954,-0.08368369191884995,-0.011919133365154266,-0.0029797833412885666,-0.004636337980628014,0.02963276021182537,0.1817350536584854,0.04543376341462135,-0.27881333231925964,0.04784407839179039,-0.4963912069797516,-0.1240978017449379,-0.019586343318223953,-0.03704138472676277,-0.12025117874145508,-0.03006279468536377,-0.08415216207504272,0.06955448538064957,1.9357662200927734,0.48394155502319336,0.5235233902931213,0.10197102278470993,-1.010867953300476,-0.252716988325119,-0.257870078086853,-0.025531673803925514,-0.14730077981948853,-0.03682519495487213,-0.04942984879016876,0.009514379315078259,0.6012744307518005,0.15031860768795013,0.006697973236441612,0.08701794594526291,0.009465470910072327,0.0023663677275180817,0.015902094542980194,-0.010492819361388683,0.06214951351284981,0.015537378378212452,0.011526625603437424,0.08114232122898102,1.5165554285049438,0.37913885712623596,0.07043849676847458,0.026438070461153984,1.2336955070495605,0.30842387676239014,0.241799995303154,0.030417073518037796,-0.024209875613451004,-0.006052468903362751,-0.002052484080195427,0.022407805547118187,4.001707553863525,1.0004268884658813,0.8754026889801025,0.07694500684738159,-0.0948004350066185,-0.023700108751654625,-0.005288530141115189,0.037802018225193024,0.010377764701843262,0.0025944411754608154,0.005211704410612583,-0.06468039005994797,-0.15771427750587463,-0.03942856937646866,-0.011770501732826233,-0.029534239321947098,0.38346266746520996,0.09586566686630249,0.28471967577934265,-0.12993888556957245,-1.035938024520874,-0.2589845061302185,-0.23277214169502258,0.02306106686592102,0.16767925024032593,0.04191981256008148,0.016736524179577827,0.09492087364196777,3.63336181640625,0.9083404541015625,0.9208231568336487,0.02345404587686062,0.12468791007995605,0.031171977519989014,-0.0019143223762512207,0.00475885858759284,0.15295958518981934,0.038239896297454834,0.01141943596303463,-0.007752138655632734,-0.4100301265716553,-0.10250753164291382,-0.017694368958473206,-0.10149451345205307
-1.4686195850372314,-0.36715489625930786,-0.04278344660997391,-0.14936301112174988,-0.3044505715370178,-0.07611264288425446,-0.0038590352050960064,0.06977558135986328,0.5122713446617126,0.12806783616542816,0.08560024946928024,-0.10587938129901886,2.5629453659057617,0.6407363414764404,0.6174551844596863,0.23909564316272736,-2.477329969406128,-0.619332492351532,-0.4418116509914398,-0.16318050026893616,-0.40278637409210205,-0.10069659352302551,-0.0418272465467453,-0.08642471581697464,0.12509705126285553,0.03127426281571388,-0.25122371315956116,0.11341803520917892,-1.0623695850372314,-0.26559239625930786,-0.003768486902117729,0.014221489429473877,0.1489274650812149,0.037231866270303726,-0.10071447491645813,-0.07211504131555557,1.670549988746643,0.41763749718666077,0.5451877117156982,0.09315784275531769,-0.5731953382492065,-0.14329883456230164,-0.30130910873413086,-0.15155726671218872,-0.16629227995872498,-0.041573069989681244,-0.03776663541793823,0.0424811951816082,0.15066316723823547,0.03766579180955887,-0.01755490154027939,-0.10517697781324387,-0.6232427358627319,-0.15581068396568298,0.027435539290308952,0.036868464201688766,0.04257016256451607,0.010642540641129017,-0.002809060737490654,0.023485159501433372,1.3397035598754883,0.33492588996887207,0.11921925097703934,0.11058962345123291,1.2305514812469482,0.30763787031173706,0.24935944378376007,0.013919591903686523,0.05759493634104729,0.014398734085261822,-0.012163457460701466,0.0741523876786232,3.873887062072754,0.9684717655181885,0.8865982890129089,0.1094505563378334,0.056514300405979156,0.014128575101494789,0.0001832973212003708,-0.007260334677994251,0.23968994617462158,0.059922486543655396,0.012789467349648476,-0.03244641050696373,0.2861843705177307,0.07154609262943268,0.01968827098608017,0.021019721403717995,0.49094367027282715,0.12273591756820679,0.21599608659744263,-0.12739668786525726,-1.3565471172332764,-0.3391367793083191,-0.23630647361278534,0.05465058237314224,-0.19750577211380005,-0.04937644302845001,0.0021369028836488724,-0.03387068957090378,3.6377627849578857,0.9094406962394714,0.926580011844635,0.0993976816534996,-0.02394011616706848,-0.00598502904176712,0.002508845180273056,-0.058047544211149216,-0.20647354423999786,-0.051618386059999466,-0.00423654867336154,-0.06936313211917877,0.5534942150115967,0.13837355375289917,0.017765367403626442,0.16581164300441742
-1.5784019231796265,-0.3946004807949066,-0.09779725223779678,-0.16116613149642944,-0.08821620047092438,-0.022054050117731094,0.008782561868429184,-0.07150428742170334,0.4421839118003845,0.11054597795009613,0.08064563572406769,0.04477571323513985,2.683689594268799,0.6709223985671997,0.6682975888252258,0.09542379528284073,-2.1179983615875244,-0.5294995903968811,-0.4652808606624603,-0.025593454018235207,-0.32778483629226685,-0.08194620907306671,-0.056928254663944244,-0.08307357132434845,0.12728719413280487,0.03182179853320122,-0.22995173931121826,0.06384141743183136,-1.3853886127471924,-0.3463471531867981,-0.015843242406845093,-0.0016223908169195056,0.3222399353981018,0.08055998384952545,-0.08982926607131958,0.04541680961847305,1.6002631187438965,0.4000657796859741,0.5408710241317749,-0.06691944599151611,0.7800201177597046,0.19500502943992615,-0.3249238431453705,0.02558797597885132,-0.25685635209083557,-0.06421408802270889,-0.03794173523783684,-0.018391622230410576,0.2670656144618988,0.0667664036154747,-0.011427849531173706,-0.025130843743681908,-0.38515445590019226,-0.09628861397504807,0.03560604155063629,-0.06550975143909454,0.0542590506374836,0.0135647626593709,0.015201376751065254,0.02828354947268963,0.8835798501968384,0.2208949625492096,0.14426268637180328,0.0952959805727005,1.3145127296447754,0.32862818241119385,0.2541491389274597,0.06618964672088623,-0.005555827170610428,-0.001388956792652607,-0.0009458232671022415,0.04064181074500084,3.7915563583374023,0.9478890895843506,0.9257215261459351,0.1254962980747223,0.03786370903253555,0.009465927258133888,0.007412426173686981,-0.01726519502699375,-0.07473099231719971,-0.018682748079299927,-0.0018574781715869904,-0.06919214874505997,-0.3361343741416931,-0.08403359353542328,-0.012891113758087158,-0.024020999670028687,0.42595595121383667,0.10648898780345917,0.19747212529182434,-0.09431921690702438,-1.2619292736053467,-0.31548231840133667,-0.24825230240821838,-0.028160113841295242,-0.035931527614593506,-0.008982881903648376,-0.005717214196920395,0.026564395055174828,3.4617226123809814,0.8654306530952454,0.9257224202156067,-0.10354884713888168,0.04269224405288696,0.01067306101322174,-2.338644117116928e-05,0.07002738863229752,0.12298975884914398,0.030747439712285995,0.021999096497893333,0.0299677737057209,-0.5817396640777588,-0.1454349160194397,0.0006849458441138268,-0.15267956256866455
-1.2695215940475464,-0.3173803985118866,-0.16334588825702667,-0.12957404553890228,0.13619011640548706,0.034047529101371765,0.012275239452719688,-0.024859149008989334,0.38139504194259644,0.09534876048564911,0.08116813749074936,0.053974699229002,3.035874843597412,0.758968710899353,0.7338258624076843,0.04940643534064293,-2.221191644668579,-0.5552979111671448,-0.49172860383987427,-0.11776160448789597,-0.3070768117904663,-0.07676920294761658,-0.059939906001091,-0.05639519914984703,-0.1084890216588974,-0.02712225541472435,-0.18360161781311035,0.04374569654464722,-1.5925803184509277,-0.39814507961273193,-0.002956193871796131,0.01924443244934082,0.24563491344451904,0.06140872836112976,-0.10661341995000839,-0.026346711441874504,1.4781427383422852,0.3695356845855713,0.5091732740402222,-0.11202380806207657,0.6726354956626892,0.1681588739156723,-0.32504597306251526,-0.09504588693380356,-0.4408600628376007,-0.11021501570940018,-0.05494260787963867,0.026848793029785156,0.21269869804382324,0.05317467451095581,0.01145087368786335,0.016933655366301537,-0.25032004714012146,-0.06258001178503036,0.03278477489948273,0.01152076106518507,-0.14299441874027252,-0.03574860468506813,0.012851383537054062,0.021967722102999687,0.9058208465576172,0.2264552116394043,0.19373297691345215,0.06790246814489365,1.0096125602722168,0.2524031400680542,0.2611907124519348,-0.05650709941983223,0.06871606409549713,0.017179016023874283,-0.008555793203413486,0.07735785096883774,3.6126744747161865,0.9031686186790466,0.9296149611473083,0.02884625270962715,-0.022505665197968483,-0.005626416299492121,0.010631481185555458,-0.011975920759141445,0.17150664329528809,0.04287666082382202,0.02728019468486309,-0.03183959051966667,0.15102331340312958,0.037755828350782394,-0.0018646810203790665,0.099636510014534,0.28366145491600037,0.07091536372900009,0.16943761706352234,-0.0391702726483345,-1.1028478145599365,-0.27571195363998413,-0.26296842098236084,0.00139142875559628,-0.050859153270721436,-0.012714788317680359,-0.0047496287152171135,0.02749549224972725,3.4832112789154053,0.8708028197288513,0.9212192893028259,-0.050069522112607956,0.0005367547273635864,0.0001341886818408966,0.0033663026988506317,-0.02543756365776062,-0.4460073709487915,-0.11150184273719788,-0.009220443665981293,-0.02248874306678772,0.5158720016479492,0.1289680004119873,0.019726410508155823,0.15918222069740295
-1.1422230005264282,-0.28555575013160706,-0.2105991393327713,-0.19012220203876495,0.054773494601249695,0.013693373650312424,0.012252992019057274,0.048371292650699615,0.3852301239967346,0.09630753099918365,0.08569410443305969,0.0025710822083055973,3.035001277923584,0.758750319480896,0.7454437613487244,-0.04711398109793663,-1.942111849784851,-0.48552796244621277,-0.4786604046821594,0.023193586617708206,-0.245846688747406,-0.0614616721868515,-0.06982672959566116,-0.03948737308382988,-0.18319128453731537,-0.04579782113432884,-0.15076600015163422,0.12525872886180878,-1.447782278060913,-0.36194556951522827,0.0026324810460209846,-0.009376853704452515,0.0987900048494339,0.024697501212358475,-0.10018527507781982,-0.046170517802238464,1.4102447032928467,0.35256117582321167,0.46990054845809937,-0.11157150566577911,1.562721610069275,0.3906804025173187,-0.33289024233818054,-0.009151125326752663,-0.4328024685382843,-0.10820061713457108,-0.04821198433637619,-0.014580941759049892,0.09913242608308792,0.02478310652077198,0.007672568783164024,0.07153455168008804,-0.11002260446548462,-0.027505651116371155,0.037712134420871735,-0.09385824203491211,-0.14038540422916412,-0.03509635105729103,0.014856679365038872,0.0015600800979882479,1.2389723062515259,0.30974307656288147,0.22512495517730713,0.04591183736920357,1.132699966430664,0.283174991607666,0.25045719742774963,0.001168197370134294,-0.015776801854372025,-0.003944200463593006,-0.009819140657782555,-0.0027815222274512053,3.816528558731079,0.9541321396827698,0.9482631087303162,0.07015913724899292,-0.10061027854681015,-0.025152569636702538,0.004690458998084068,-0.022722555324435234,-0.31399616599082947,-0.07849904149770737,-0.008771002292633057,-0.07391458004713058,-0.27037978172302246,-0.06759494543075562,-0.013120020739734173,-0.06584211438894272,-0.40003275871276855,-0.10000818967819214,0.10817801207304001,-0.08955933153629303,-0.8031554222106934,-0.20078885555267334,-0.2570841312408447,0.02024637535214424,0.07246267795562744,0.01811566948890686,0.002033776603639126,0.05183180794119835,3.235322952270508,0.808830738067627,0.9052531123161316,0.001195287681184709,0.2025335729122162,0.05063339322805405,0.019189266487956047,0.023256434127688408,0.12347187101840973,0.030867967754602432,0.0005754586309194565,0.052701186388731,-0.5846564769744873,-0.14616411924362183,-0.01824295148253441,-0.13872507214546204
-0.9094197154045105,-0.22735492885112762,-0.25446057319641113,-0.10817907005548477,-0.15818138420581818,-0.039545346051454544,0.013189075514674187,0.003408414078876376,0.4567163586616516,0.1141790896654129,0.09911811351776123,-0.02598307840526104,3.111513137817383,0.7778782844543457,0.7566874027252197,-0.07047677040100098,-1.562050461769104,-0.390512615442276,-0.4508987367153168,0.14497442543506622,-0.19381853938102722,-0.048454634845256805,-0.059839099645614624,-0.0050852298736572266,-0.5581756234169006,-0.13954390585422516,-0.09515288472175598,0.14936159551143646,-1.0725653171539307,-0.26814132928848267,-0.0011359164491295815,-0.01211081724613905,-0.1480468511581421,-0.03701171278953552,-0.1087002083659172,-0.021889759227633476,1.1258400678634644,0.2814600169658661,0.4035978615283966,-0.11299995332956314,1.676088571548462,0.4190221428871155,-0.32665446400642395,0.030322719365358353,-0.13131776452064514,-0.032829441130161285,-0.05588521063327789,-0.034920934587717056,-0.08982545882463455,-0.022456364706158638,0.0037367884069681168,-0.021199775859713554,-0.04423849284648895,-0.011059623211622238,0.03386019170284271,0.012487078085541725,-0.11746396124362946,-0.029365990310907364,-0.002332089003175497,-0.020190322771668434,1.2306805849075317,0.30767014622688293,0.27265435457229614,0.07610224932432175,1.211667537689209,0.30291688442230225,0.24802358448505402,0.057217419147491455,0.15468667447566986,0.038671668618917465,0.011429237201809883,0.025351500138640404,3.4349355697631836,0.8587338924407959,0.9251113533973694,-0.09945380687713623,0.02355295978486538,0.005888239946216345,-0.003752298653125763,-0.04856831952929497,0.38215142488479614,0.09553785622119904,0.029801269993185997,0.14536769688129425,0.2873747944831848,0.0718436986207962,0.013670820742845535,0.0002709925174713135,-0.25383687019348145,-0.06345921754837036,0.04707439988851547,-0.10578697919845581,-1.004962682723999,-0.25124067068099976,-0.2475900650024414,-0.05158258602023125,-0.02036169171333313,-0.0050904229283332825,-0.014296776615083218,-0.0016009568935260177,3.2167015075683594,0.8041753768920898,0.8781927227973938,-0.025526171550154686,-0.08853614330291748,-0.02213403582572937,-0.0033547040075063705,0.030531644821166992,-0.17273248732089996,-0.04318312183022499,0.0032049650326371193,-0.09135280549526215,0.7003928422927856,0.1750982105731964,0.0252706166356802,0.11195413023233414
-1.1146551370620728,-0.2786637842655182,-0.2726733386516571,-0.0567006878554821,-0.05996410548686981,-0.014991026371717453,0.002387458458542824,-0.09190132468938828,0.4953509569168091,0.12383773922920227,0.1021030992269516,0.09901586920022964,2.6892471313476562,0.6723117828369141,0.7068368196487427,-0.0792982205748558,-1.5763472318649292,-0.3940868079662323,-0.42399150133132935,0.01978090964257717,-0.2141147255897522,-0.05352868139743805,-0.05442958325147629,0.060428667813539505,-0.15174329280853271,-0.03793582320213318,-0.03031080961227417,0.1805603802204132,-0.955568253993988,-0.238892063498497,0.0037103109061717987,0.02200171910226345,-0.2805832028388977,-0.07014580070972443,-0.10140746831893921,0.013397800736129284,1.214697003364563,0.30367425084114075,0.3415790796279907,-0.07838942855596542,2.5761594772338867,0.6440398693084717,-0.31508302688598633,-0.025815311819314957,0.08548209071159363,0.021370522677898407,-0.04640638828277588,0.007692885585129261,-0.10468544811010361,-0.026171362027525902,0.008112011477351189,-0.024936949834227562,-0.39088866114616394,-0.09772216528654099,0.009029744192957878,-0.009113455191254616,0.052330899983644485,0.013082724995911121,0.01752348802983761,0.06628121435642242,1.4451178312301636,0.3612794578075409,0.3252331018447876,0.09021518379449844,1.114135980606079,0.2785339951515198,0.2529013454914093,-0.020809775218367577,-0.0859130471944809,-0.021478261798620224,-0.0011917157098650932,0.017418598756194115,3.755197525024414,0.9387993812561035,0.9435852766036987,0.004831528756767511,-0.05778622627258301,-0.014446556568145752,-0.005849109962582588,0.03302258253097534,-0.6228207349777222,-0.15570518374443054,-0.022560710087418556,-0.05340160056948662,-0.28686273097991943,-0.07171568274497986,-0.0074020130559802055,-0.0658535584807396,-0.23258338868618011,-0.05814584717154503,0.0017156507819890976,-0.1636262983083725,-1.0380492210388184,-0.2595123052597046,-0.2383166402578354,-0.033774517476558685,0.05761069059371948,0.01440267264842987,0.003025870770215988,0.06765315681695938,3.1757619380950928,0.7939404845237732,0.8578979969024658,-0.06988028436899185,0.20314863324165344,0.05078715831041336,0.011953799054026604,0.08951393514871597,0.1524120420217514,0.03810301050543785,0.008250502869486809,-0.02571605145931244,-0.4588812589645386,-0.11472031474113464,-0.008151991292834282,-0.050776269286870956
-0.843270480632782,-0.2108176201581955,-0.3111666142940521,-0.09196355938911438,0.012846305966377258,0.0032115764915943146,0.008337283506989479,0.04179142788052559,0.5288386940956116,0.1322096735239029,0.11431499570608139,-0.02578066661953926,2.613966464996338,0.6534916162490845,0.6646994948387146,-0.03487638384103775,-1.091740369796753,-0.27293509244918823,-0.3742654323577881,0.12388511002063751,-0.2054676115512848,-0.0513669028878212,-0.06529489904642105,-0.04063111171126366,-0.015900447964668274,-0.0039751119911670685,-0.009774255566298962,0.07625305652618408,-0.6474874019622803,-0.16187185049057007,0.0042625004425644875,-0.010854500345885754,-0.4586642384529114,-0.11466605961322784,-0.11977750062942505,0.030941559001803398,1.3773179054260254,0.34432947635650635,0.30100151896476746,-0.02061014249920845,3.114304780960083,0.7785761952400208,-0.2826211750507355,0.15915970504283905,0.6235644817352295,0.15589112043380737,-0.050111547112464905,-0.04499595984816551,-0.24052247405052185,-0.06013061851263046,0.000888308510184288,-0.04198972135782242,-0.14530238509178162,-0.036325596272945404,0.01205446757376194,0.01600438356399536,-0.27702596783638,-0.069256491959095,0.0037544164806604385,-0.08581449836492538,1.2745543718338013,0.3186385929584503,0.36028432846069336,-0.007503319066017866,1.0900137424468994,0.27250343561172485,0.24005715548992157,-0.08236747235059738,0.10071657598018646,0.025179143995046616,0.00721069797873497,0.013696146197617054,3.402949810028076,0.850737452507019,0.9247379899024963,0.0074315788224339485,-0.05933638662099838,-0.014834096655249596,0.006066441535949707,-0.03694269806146622,0.4987140893936157,0.12467852234840393,0.027109546586871147,0.11845846474170685,0.19407838582992554,0.048519596457481384,0.008581098169088364,0.07994573563337326,0.007365366443991661,0.0018413416109979153,-0.050928980112075806,-0.04398719593882561,-1.1046504974365234,-0.27616262435913086,-0.2510542869567871,-0.051532991230487823,-0.07439950108528137,-0.018599875271320343,-0.005717278458178043,-0.07152141630649567,3.2181811332702637,0.8045452833175659,0.8269742727279663,-0.10533223301172256,-0.15056803822517395,-0.03764200955629349,0.002917066216468811,-0.10057558864355087,0.06939662992954254,0.017349157482385635,0.0014428989961743355,0.022772883996367455,0.3736312687397003,0.09340781718492508,0.018326574936509132,0.058786701411008835
-0.41574352979660034,-0.10393588244915009,-0.30203840136528015,0.03202096372842789,-0.21137742698192596,-0.05284435674548149,-0.011436719447374344,-0.04012308269739151,0.5083363652229309,0.12708409130573273,0.1314241737127304,-0.0018964946502819657,2.1628684997558594,0.5407171249389648,0.5759137272834778,-0.22104792296886444,-0.9958681464195251,-0.2489670366048813,-0.31988319754600525,0.09250817447900772,0.10434446483850479,0.026086116209626198,-0.0227948147803545,0.11396894603967667,-0.3972894549369812,-0.0993223637342453,0.03224537521600723,0.04136564955115318,-0.5834972858428955,-0.14587432146072388,0.00580965168774128,0.028433049097657204,-0.4031534194946289,-0.10078835487365723,-0.11792326718568802,0.03435584530234337,1.3887807130813599,0.34719517827033997,0.30385932326316833,0.08991902321577072,2.386356830596924,0.596589207649231,-0.2680876851081848,0.0019859671592712402,0.5309343338012695,0.13273358345031738,-0.03975478932261467,0.01545132976025343,-0.2578819990158081,-0.06447049975395203,0.006160244345664978,-0.04014630615711212,-0.4795067608356476,-0.1198766902089119,-0.005115156061947346,0.005927646066993475,-0.019225727766752243,-0.004806431941688061,0.023648394271731377,0.038552891463041306,1.4463163614273071,0.3615790903568268,0.3834157884120941,0.07654867321252823,1.2836296558380127,0.3209074139595032,0.23702570796012878,0.0023344755172729492,0.09507584571838379,0.023768961429595947,0.010723486542701721,-0.04123598337173462,3.6665053367614746,0.9166263341903687,0.9437462091445923,-0.038085877895355225,-0.059881143271923065,-0.014970285817980766,-0.006533746607601643,0.015542698092758656,-0.583237886428833,-0.14580947160720825,-0.007206645794212818,-0.1558520644903183,-0.4804238975048065,-0.12010597437620163,-0.03185611218214035,-0.1373383104801178,0.1436672955751419,0.03591682389378548,-0.0766121968626976,-0.021809006109833717,-0.9152488112449646,-0.22881220281124115,-0.23643560707569122,0.05184037610888481,0.08068788051605225,0.02017197012901306,-0.002288913819938898,0.05315767601132393,3.386662244796753,0.8466655611991882,0.8077885508537292,-0.02137383259832859,0.16480183601379395,0.041200459003448486,0.012471335008740425,-0.01508787926286459,0.07054780423641205,0.017636951059103012,0.007044276222586632,0.0030783654656261206,-0.33646103739738464,-0.08411525934934616,0.0020869430154561996,-0.02690301649272442
0.14240743219852448,0.03560185804963112,-0.27561116218566895,-0.04282023012638092,0.15441153943538666,0.038602884858846664,-0.00900905579328537,0.019908016547560692,0.4174438714981079,0.10436096787452698,0.1239774152636528,0.046420883387327194,1.9583430290222168,0.4895857572555542,0.4864025115966797,-0.22526131570339203,-0.8247984051704407,-0.20619960129261017,-0.2895084023475647,0.07190404087305069,0.14405035972595215,0.03601258993148804,-0.015284089371562004,-0.02753356657922268,-0.8669247031211853,-0.21673117578029633,0.019566120579838753,-0.11076678335666656,-0.18894590437412262,-0.047236476093530655,0.008663058280944824,-0.0032091380562633276,-0.6274784207344055,-0.15686960518360138,-0.13315902650356293,-0.08420602232217789,1.7464632987976074,0.43661582469940186,0.3893207609653473,0.19234685599803925,-0.12159514427185059,-0.030398786067962646,-0.26789990067481995,0.08328544348478317,0.5571644306182861,0.13929110765457153,0.0008679404854774475,0.05827167257666588,-0.5491359829902649,-0.13728399574756622,0.015450535342097282,0.07532228529453278,0.03587603569030762,0.008969008922576904,-0.0038704783655703068,-0.014568805694580078,-0.34330087900161743,-0.08582521975040436,0.004766033962368965,-0.06319931894540787,1.0511952638626099,0.26279881596565247,0.392875611782074,0.10611166059970856,1.2364726066589355,0.3091181516647339,0.24602748453617096,-0.0026889683213084936,0.12673555314540863,0.03168388828635216,0.0053420644253492355,0.05524050071835518,3.1655592918395996,0.7913898229598999,0.9155645370483398,-0.11480492353439331,0.08051548153162003,0.020128870382905006,-0.0009429194033145905,-0.05250592157244682,0.4045391082763672,0.1011347770690918,0.02942698635160923,0.15688498318195343,0.615516722202301,0.15387918055057526,0.009746847674250603,0.1329030990600586,0.8647809028625488,0.2161952257156372,-0.057645298540592194,0.044437505304813385,-1.2840254306793213,-0.3210063576698303,-0.2535833418369293,-0.024562377482652664,-0.058550477027893066,-0.014637619256973267,0.003862256184220314,0.03078213892877102,3.43196702003479,0.8579917550086975,0.8080279231071472,-0.10619895905256271,-0.09535638242959976,-0.02383909560739994,0.004564587026834488,0.035063471645116806,0.2672842741012573,0.06682106852531433,0.01513453759253025,0.027743542566895485,0.021624475717544556,0.005406118929386139,0.004202327691018581,-0.008904069662094116
0.46450865268707275,0.11612716317176819,-0.24955713748931885,0.15155625343322754,0.6244271397590637,0.15610678493976593,0.017565472051501274,0.0382954366505146,0.14996719360351562,0.037491798400878906,0.1134539321064949,-0.011474496684968472,1.7611814737319946,0.44029536843299866,0.42504483461380005,0.042496588081121445,-1.1312816143035889,-0.2828204035758972,-0.27496016025543213,0.16116133332252502,0.19863420724868774,0.049658551812171936,0.01353311724960804,0.17833498120307922,-1.3849425315856934,-0.34623563289642334,-0.011828652583062649,0.02077723853290081,-0.3468449115753174,-0.08671122789382935,0.020330796018242836,0.02753448486328125,-0.5299584269523621,-0.13248960673809052,-0.15472905337810516,-0.02579217031598091,2.171969413757324,0.542992353439331,0.5026038885116577,0.2487371414899826,-2.6751768589019775,-0.6687942147254944,-0.38332390785217285,-0.30803582072257996,0.16518285870552063,0.04129571467638016,0.010697705671191216,0.0857425257563591,-0.6222097873687744,-0.1555524468421936,0.018773993477225304,-0.02577880583703518,0.22653067111968994,0.056632667779922485,0.015629185363650322,0.011197388172149658,0.02068566158413887,0.0051714153960347176,-0.0144890658557415,-0.06076942756772041,1.336418628692627,0.33410465717315674,0.39436644315719604,-0.05254528671503067,1.2069556713104248,0.3017389178276062,0.24764303863048553,0.008579111658036709,0.042288344353437424,0.010572086088359356,0.009924881160259247,-0.02240939252078533,3.8433923721313477,0.9608480930328369,0.9387503266334534,0.10582126677036285,0.07188323885202408,0.01797080971300602,0.01722416840493679,0.055600475519895554,-0.7506403923034668,-0.1876600980758667,-0.019064681604504585,-0.1164705753326416,-0.4855365455150604,-0.1213841363787651,-0.012079848907887936,-0.03742169216275215,1.0257612466812134,0.25644031167030334,-0.043238237500190735,0.06706811487674713,-1.144343376159668,-0.286085844039917,-0.24774892628192902,-0.06418194621801376,-0.1587706208229065,-0.039692655205726624,-0.0054770950227975845,-0.05591334030032158,3.5778214931488037,0.8944553732872009,0.7979568243026733,-0.030197888612747192,0.04820086061954498,0.012050215154886246,-0.0023872083984315395,-0.02854388952255249,0.03316064178943634,0.008290160447359085,0.0034928079694509506,0.03417663648724556,0.047675520181655884,0.011918880045413971,0.01299125887453556,0.009023278951644897
-0.1580134481191635,-0.03950336202979088,-0.23099736869335175,0.03784915432333946,0.9425188899040222,0.23562972247600555,0.028367387130856514,0.08691977709531784,0.18492162227630615,0.04623040556907654,0.11622942239046097,-0.014921749010682106,1.4280332326889038,0.35700830817222595,0.4340042173862457,0.07888771593570709,-1.354011058807373,-0.33850276470184326,-0.1888536512851715,0.17127561569213867,-0.18068534135818481,-0.045171335339546204,0.050761833786964417,-0.03841027244925499,-1.6452205181121826,-0.41130512952804565,-0.053206898272037506,-0.1309751719236374,-0.27710020542144775,-0.06927505135536194,0.012894416227936745,0.02911989763379097,-0.6404679417610168,-0.1601169854402542,-0.1604091376066208,0.025569308549165726,2.260615825653076,0.565153956413269,0.5929953455924988,0.12699399888515472,-2.566848039627075,-0.6417120099067688,-0.47093406319618225,-0.11944257467985153,0.09086939692497253,0.022717349231243134,0.019453976303339005,-0.04781011864542961,-0.35431376099586487,-0.08857844024896622,0.007783124223351479,-0.05924602970480919,0.3069855570793152,0.0767463892698288,0.013684172183275223,0.0030639530159533024,0.2654572129249573,0.06636430323123932,-0.011006433516740799,0.007993238978087902,1.1274499893188477,0.2818624973297119,0.39638200402259827,-0.0508890263736248,1.1227002143859863,0.2806750535964966,0.2645827531814575,0.06349746137857437,-0.01813945546746254,-0.004534863866865635,-0.00014608073979616165,0.01997184194624424,3.6289780139923096,0.9072445034980774,0.9506741166114807,0.05472753196954727,0.008555090054869652,0.002138772513717413,0.0010904110968112946,-0.044001348316669464,0.3690674304962158,0.09226685762405396,-0.006705614738166332,0.09467028826475143,0.33828771114349365,0.08457192778587341,0.006738429889082909,0.059716951102018356,0.9228401780128479,0.23071004450321198,0.005822313949465752,0.18044905364513397,-0.9560555219650269,-0.2390138804912567,-0.2508607804775238,0.07414563745260239,0.04477053880691528,0.01119263470172882,-0.012375959195196629,0.08094953745603561,3.3142688274383545,0.8285672068595886,0.8022018671035767,-0.002673804759979248,0.060487911105155945,0.015121977776288986,-0.0035175434313714504,0.034688640385866165,0.03038705885410309,0.007596764713525772,0.008755730465054512,0.02487351931631565,-0.29362374544143677,-0.07340593636035919,-0.015660565346479416,-0.03491732478141785
-0.43696242570877075,-0.10924060642719269,-0.21564315259456635,0.1296437829732895,0.9214766025543213,0.23036915063858032,0.03545275330543518,0.009908485226333141,0.16470952332019806,0.041177380830049515,0.1330679953098297,0.028383029624819756,1.1833034753799438,0.29582586884498596,0.4651971161365509,-0.007315147202461958,-1.211498737335205,-0.30287468433380127,-0.22413671016693115,-0.015192407183349133,-0.0032179877161979675,-0.0008044969290494919,0.043221838772296906,0.0661153718829155,-1.1448725461959839,-0.28621813654899597,-0.09250170737504959,-0.02420647256076336,-0.061471402645111084,-0.015367850661277771,-0.0028769667260348797,-0.06681271642446518,-0.5671026706695557,-0.14177566766738892,-0.1553955376148224,0.07545842230319977,2.5238630771636963,0.6309657692909241,0.6236265301704407,0.06439721584320068,-2.4454290866851807,-0.6113572716712952,-0.5044994354248047,-0.10121309757232666,0.23598438501358032,0.05899609625339508,0.038472309708595276,0.08263837546110153,-0.2941884994506836,-0.0735471248626709,0.00455397367477417,0.05263238027691841,0.29377830028533936,0.07344457507133484,-0.0024649351835250854,-0.09573401510715485,0.09313361346721649,0.023283403366804123,-0.015623005107045174,0.07735057920217514,0.9296033978462219,0.23240084946155548,0.3692190945148468,-0.0667000338435173,0.7855284214019775,0.19638210535049438,0.2639235258102417,-0.0665900930762291,-0.1317296177148819,-0.032932404428720474,-0.00818376149982214,-0.02547903172671795,3.7988247871398926,0.9497061967849731,0.964296817779541,0.08747400343418121,0.0995728150010109,0.024893203750252724,0.02277090959250927,0.04298801347613335,-0.350483775138855,-0.08762094378471375,-0.01864338107407093,-0.03853106126189232,-0.20400798320770264,-0.05100199580192566,-0.010346239432692528,0.005193197634071112,0.7556946277618408,0.1889236569404602,0.05335359275341034,0.08952368795871735,-1.2615463733673096,-0.3153865933418274,-0.24842584133148193,-0.04019905999302864,-0.17567431926727295,-0.04391857981681824,-0.01778622716665268,0.0313977375626564,3.215122938156128,0.803780734539032,0.8039180040359497,0.05658525228500366,-0.0521794855594635,-0.013044871389865875,-0.011408193036913872,-0.041671764105558395,-0.1305064707994461,-0.032626617699861526,-0.017900705337524414,-0.03627409040927887,0.44021543860435486,0.11005385965108871,0.01784079149365425,0.05397222191095352
-0.5486070513725281,-0.13715176284313202,-0.20468571782112122,0.05588829517364502,1.3038115501403809,0.3259528875350952,0.03473316878080368,0.06657510995864868,0.019241929054260254,0.0048104822635650635,0.1305806189775467,-0.0353151373565197,1.0247466564178467,0.25618666410446167,0.47589677572250366,0.0011885821586474776,-1.059432864189148,-0.264858216047287,-0.24991968274116516,-0.12576870620250702,0.21138820052146912,0.05284705013036728,0.04098385572433472,0.06197136640548706,-1.2271356582641602,-0.30678391456604004,-0.14711670577526093,-0.12529084086418152,0.23578590154647827,0.05894647538661957,-0.00726259034126997,0.0456477515399456,-0.5703999996185303,-0.14259999990463257,-0.12338890135288239,0.0018312454922124743,2.780430555343628,0.695107638835907,0.6704562902450562,0.05683961138129234,-2.066934585571289,-0.5167336463928223,-0.5125972032546997,0.0673784613609314,0.16370734572410583,0.04092683643102646,0.03943429887294769,-0.05990847572684288,-0.17783769965171814,-0.044459424912929535,0.009785709902644157,-0.009081644006073475,0.4894927740097046,0.12237319350242615,-0.019175328314304352,-0.0001923620729940012,0.01047222688794136,0.00261805672198534,-0.01584978774189949,0.0549585334956646,0.718981921672821,0.17974548041820526,0.3337737023830414,-0.02634347788989544,1.0058205127716064,0.2514551281929016,0.24908475577831268,-0.08558695763349533,-0.02204737439751625,-0.005511843599379063,-0.013387421146035194,0.0502367727458477,3.599212169647217,0.8998030424118042,0.9616105556488037,-0.010794395580887794,-0.1612054705619812,-0.0403013676404953,0.00021637789905071259,-0.060296680778265,0.07618939876556396,0.01904734969139099,0.0026963502168655396,0.09208893775939941,0.15184563398361206,0.037961408495903015,-0.0011422578245401382,0.09802303463220596,0.7163594961166382,0.17908987402915955,0.11367250978946686,0.0702810063958168,-1.2873042821884155,-0.3218260705471039,-0.24626225233078003,-0.01184757985174656,-0.05572229623794556,-0.01393057405948639,-0.004778839647769928,0.04659687355160713,3.1394095420837402,0.7848523855209351,0.7962073683738708,-0.02243785932660103,0.16587525606155396,0.04146881401538849,0.015419160947203636,-0.03632891923189163,0.39947324991226196,0.09986831247806549,0.025855233892798424,0.1322859525680542,-0.4381903409957886,-0.10954758524894714,-0.008142157457768917,-0.09534468501806259
-0.8288089036941528,-0.2072022259235382,-0.1660124957561493,0.1452874392271042,1.3484423160552979,0.33711057901382446,0.021255848929286003,0.055821824818849564,0.07978969812393188,0.01994742453098297,0.1418982744216919,0.023478811606764793,0.835838258266449,0.20895956456661224,0.4579356014728546,-0.005664736032485962,-0.7147583365440369,-0.17868958413600922,-0.25582608580589294,-0.04043160378932953,0.37474051117897034,0.09368512779474258,0.03830958902835846,-0.03103191964328289,-1.012021780014038,-0.2530054450035095,-0.20931604504585266,-0.08468770980834961,-0.19514083862304688,-0.04878520965576172,-0.024301845580339432,0.004435467999428511,-0.40186354517936707,-0.10046588629484177,-0.09799680858850479,0.06753959506750107,3.0323779582977295,0.7580944895744324,0.7032058238983154,0.11832062155008316,-2.1778225898742676,-0.5444556474685669,-0.5135602951049805,0.005910682957619429,0.1889595091342926,0.04723987728357315,0.039963871240615845,-0.047786980867385864,-0.029817111790180206,-0.007454277947545052,0.01193857192993164,-0.05418703705072403,0.49243274331092834,0.12310818582773209,-0.001634138636291027,-0.06541350483894348,0.10172735154628754,0.025431837886571884,-0.010351922363042831,0.008206319995224476,0.7488582134246826,0.18721455335617065,0.28269651532173157,-0.09404368698596954,1.305229663848877,0.32630741596221924,0.23812651634216309,0.047473277896642685,0.06714017689228058,0.016785044223070145,-0.01093784999102354,0.036702465265989304,3.620887279510498,0.9052218198776245,0.962043285369873,-0.07460110634565353,0.0764126256108284,0.0191031564027071,0.016296284273266792,0.05283508449792862,-0.28315067291259766,-0.07078766822814941,-0.0025982866063714027,-0.012054651975631714,-0.1530698835849762,-0.03826747089624405,0.0016414299607276917,-0.08952688425779343,0.7100669145584106,0.17751672863960266,0.14420299232006073,0.09546492248773575,-1.142659068107605,-0.28566476702690125,-0.2546849548816681,-0.0785101056098938,-0.1580081582069397,-0.039502039551734924,-0.0283613670617342,-0.06364297866821289,3.325089693069458,0.8312724232673645,0.8259797692298889,0.10904242843389511,-0.07828672230243683,-0.019571680575609207,-0.010115931741893291,-0.07042241096496582,-0.6734903454780579,-0.16837258636951447,-0.02820761874318123,-0.1637592315673828,0.41320350766181946,0.10330087691545486,0.01640760898590088,0.061265792697668076
-1.187144160270691,-0.29678604006767273,-0.14633478224277496,0.14135511219501495,1.3566570281982422,0.33916425704956055,0.014185534790158272,0.0234051700681448,0.14018796384334564,0.03504699096083641,0.1433326005935669,0.03354686498641968,0.6380944848060608,0.1595236212015152,0.41594570875167847,-0.10148463398218155,-0.7940875887870789,-0.19852189719676971,-0.2539661228656769,-0.039025355130434036,0.6480936408042908,0.1620234102010727,0.03771510720252991,-0.03417232632637024,-0.8022227883338928,-0.2005556970834732,-0.26265689730644226,-0.11600311845541,-0.1202792227268219,-0.030069805681705475,-0.026752233505249023,-0.05824333429336548,-0.3049677014350891,-0.07624192535877228,-0.07616347074508667,0.10929621756076813,3.224846124649048,0.806211531162262,0.7435866594314575,0.0307723768055439,-1.7782471179962158,-0.44456177949905396,-0.4970875084400177,0.03576717525720596,0.15617620944976807,0.03904405236244202,0.04096735268831253,0.039716947823762894,0.10478784888982773,0.026196962222456932,-0.0005212277173995972,-0.03968700394034386,0.2697330713272095,0.06743326783180237,-0.010444139130413532,0.013941019773483276,-0.004757296293973923,-0.0011893240734934807,-0.005002249032258987,-0.02294744923710823,0.4599122405052185,0.11497806012630463,0.2299133986234665,-0.1915019303560257,1.1482447385787964,0.2870611846446991,0.23737676441669464,0.0006024897447787225,0.02349875494837761,0.005874688737094402,0.0004913825541734695,-0.011825400404632092,3.5877909660339355,0.8969477415084839,0.9537787437438965,0.0391634963452816,-0.11536254733800888,-0.02884063683450222,0.0066501423716545105,0.03947436809539795,-0.11483776569366455,-0.028709441423416138,-0.013411561027169228,-0.011801349930465221,0.30864107608795166,0.07716026902198792,0.00897274911403656,0.049639105796813965,0.592249870300293,0.14806246757507324,0.1835329234600067,0.11405415832996368,-0.7750065326690674,-0.19375163316726685,-0.26222291588783264,-0.010712969116866589,0.16955280303955078,0.042388200759887695,-0.013927595689892769,0.017155325040221214,3.049731969833374,0.7624329924583435,0.8173840641975403,-0.03710069879889488,0.18812093138694763,0.04703023284673691,0.007828526198863983,0.04389451816678047,0.7087870836257935,0.17719677090644836,0.028957517817616463,0.13740825653076172,-0.360831618309021,-0.09020790457725525,-0.01697416789829731,-0.11616724729537964
-0.5952090620994568,-0.1488022655248642,-0.09735172986984253,0.15053780376911163,1.0534602403640747,0.2633650600910187,0.009502941742539406,-0.04196527227759361,0.2816205322742462,0.07040513306856155,0.14502964913845062,0.07209999859333038,0.8912426829338074,0.22281067073345184,0.38223955035209656,-0.060143887996673584,-0.008726943284273148,-0.002181735821068287,-0.2645420432090759,0.04298461601138115,0.7144400477409363,0.17861001193523407,0.03984498977661133,-0.06199028715491295,-1.0348317623138428,-0.2587079405784607,-0.28752896189689636,-0.035494934767484665,0.0846802294254303,0.021170057356357574,-0.024086114019155502,-0.005836695432662964,-0.13357897102832794,-0.033394742757081985,-0.04036491736769676,0.07568679004907608,3.0548388957977295,0.7637097239494324,0.7338411808013916,-0.02296709455549717,-1.8025696277618408,-0.4506424069404602,-0.46571406722068787,0.06936229765415192,0.060195356607437134,0.015048839151859283,0.033486053347587585,-0.03627724200487137,0.18799196183681488,0.04699799045920372,-0.0012081218883395195,-0.050149597227573395,0.27319300174713135,0.06829825043678284,0.008366314694285393,0.09852685034275055,0.10760240256786346,0.026900600641965866,0.012410692870616913,0.08444676548242569,0.5651566982269287,0.14128917455673218,0.18703262507915497,-0.10152429342269897,1.0239983797073364,0.2559995949268341,0.24608556926250458,-0.056185778230428696,0.03149668499827385,0.007874171249568462,0.004908936098217964,-0.060894597321748734,3.44667387008667,0.8616684675216675,0.9133049249649048,-0.13437716662883759,-0.020619476214051247,-0.005154869053512812,0.01075923815369606,-0.06347406655550003,0.07041269540786743,0.017603173851966858,0.0065313223749399185,-0.015916336327791214,-0.13049530982971191,-0.03262382745742798,0.004495373927056789,-0.017748583108186722,0.8161575198173523,0.20403937995433807,0.20976522564888,0.054402973502874374,-0.9549736976623535,-0.23874342441558838,-0.24948973953723907,-0.024208415299654007,-0.04580852389335632,-0.01145213097333908,-0.018491819500923157,0.05108863115310669,3.431899309158325,0.8579748272895813,0.8436867594718933,0.022421598434448242,-0.1240837424993515,-0.031020935624837875,-0.009198260493576527,-0.03511336073279381,-0.6489415168762207,-0.16223537921905518,0.008591026067733765,-0.11601430177688599,0.48631057143211365,0.12157764285802841,0.0232850331813097,0.10523474216461182
-0.69651859998703,-0.1741296499967575,-0.06211154907941818,0.10464199632406235,0.7826191186904907,0.19565477967262268,0.01693321205675602,0.05083376169204712,0.40204745531082153,0.10051186382770538,0.14767996966838837,-0.05620317533612251,0.902883768081665,0.22572094202041626,0.3284974694252014,-0.029888762161135674,0.4701651334762573,0.11754128336906433,-0.25253504514694214,-0.07064859569072723,0.6887637972831726,0.17219094932079315,0.021316388621926308,-0.02797797881066799,-0.7758545875549316,-0.1939636468887329,-0.3202529847621918,-0.03789525851607323,0.20511287450790405,0.05127821862697601,-0.004062319174408913,0.04798547178506851,-0.3464546203613281,-0.08661365509033203,-0.04302762448787689,0.04056445509195328,2.82665753364563,0.7066643834114075,0.7082545161247253,-0.03832778334617615,-1.3269636631011963,-0.3317409157752991,-0.41855719685554504,0.18124738335609436,0.26055195927619934,0.06513798981904984,0.0477621853351593,0.022700345143675804,0.34669724106788635,0.08667431026697159,0.004575849510729313,0.010436373762786388,-0.22189867496490479,-0.055474668741226196,-0.004049225244671106,-0.0029876292683184147,-0.13225509226322174,-0.033063773065805435,0.01197151467204094,0.03907120227813721,0.5305982232093811,0.13264955580234528,0.14044757187366486,-0.14294373989105225,1.0593945980072021,0.26484864950180054,0.23684054613113403,0.04910336807370186,0.03204820677638054,0.008012051694095135,0.0035976432263851166,0.007116788532584906,3.5433075428009033,0.8858268857002258,0.901087760925293,0.03232928737998009,0.006666099652647972,0.001666524913161993,-0.0019389046356081963,-0.055429231375455856,-0.13753539323806763,-0.03438384830951691,-0.006241180934011936,0.02145012654364109,0.21315708756446838,0.053289271891117096,0.010208668187260628,0.08258169889450073,0.7674592733383179,0.19186481833457947,0.24746738374233246,0.12508784234523773,-1.1301052570343018,-0.28252631425857544,-0.2243945598602295,0.03513190895318985,-0.04993915557861328,-0.01248478889465332,-0.00631293561309576,-0.050915610045194626,3.2573835849761963,0.8143458962440491,0.8569738268852234,0.08918249607086182,0.13917073607444763,0.03479268401861191,0.0021533705294132233,0.01745464839041233,0.16367925703525543,0.04091981425881386,0.011441268026828766,0.04016075283288956,-0.6524292826652527,-0.16310732066631317,-0.018510697409510612,-0.07167645543813705
-0.24897141754627228,-0.06224285438656807,-0.026550138369202614,-0.00477483868598938,0.32508575916290283,0.08127143979072571,0.012622041627764702,0.025903964415192604,0.5881717801094055,0.14704294502735138,0.14858655631542206,0.07617032527923584,1.3891493082046509,0.3472873270511627,0.3091140687465668,-0.016388678923249245,2.211559772491455,0.5528899431228638,-0.24752874672412872,0.04242623969912529,0.4734589457511902,0.11836473643779755,0.027061311528086662,-0.021014869213104248,-0.7953293919563293,-0.19883234798908234,-0.3249993622303009,-0.043563056737184525,0.07666337490081787,0.019165843725204468,-0.009703857824206352,-0.061490412801504135,-0.18287627398967743,-0.04571906849741936,-0.033436715602874756,0.06937489658594131,2.3512167930603027,0.5878041982650757,0.6348055005073547,-0.19782577455043793,-1.1880061626434326,-0.29700154066085815,-0.3801364600658417,0.15869469940662384,0.32365408539772034,0.08091352134943008,0.0541933998465538,0.043709445744752884,0.4121454358100891,0.10303635895252228,0.00790359452366829,-0.044396985322237015,0.2544300854206085,0.06360752135515213,0.006416738033294678,0.055216431617736816,-0.1715642362833023,-0.04289105907082558,0.012152133509516716,-0.02336384728550911,0.9720947742462158,0.24302369356155396,0.11514624208211899,-0.04918559268116951,1.1411914825439453,0.28529787063598633,0.237452894449234,0.06394543498754501,-0.04611443355679512,-0.01152860838919878,-0.0008856579661369324,0.022423923015594482,3.5614328384399414,0.8903582096099854,0.8787954449653625,0.015314496122300625,0.1371603012084961,0.03429007530212402,0.018891742452979088,0.019732719287276268,0.026202678680419922,0.0065506696701049805,-0.015054820105433464,-0.001338100410066545,-0.21226909756660461,-0.053067274391651154,0.0015447083860635757,0.0007392168045043945,0.5435546040534973,0.13588865101337433,0.26642587780952454,-0.04082882031798363,-1.475016713142395,-0.36875417828559875,-0.23533892631530762,0.031814634799957275,-0.0982547402381897,-0.024563685059547424,-0.0011547273024916649,-0.060438044369220734,3.104445219039917,0.7761113047599792,0.8698761463165283,0.012276030145585537,-0.03023134171962738,-0.007557835429906845,-0.006266705691814423,-0.0051674130372703075,-0.28578490018844604,-0.07144622504711151,0.014192234724760056,-0.050279706716537476,0.35553404688835144,0.08888351172208786,-0.0018938416615128517,0.09704305976629257
-0.3825245499610901,-0.09563113749027252,-0.02405683323740959,-0.01337978895753622,0.19640971720218658,0.049102429300546646,0.007274480536580086,-0.09173575788736343,0.553638219833374,0.1384095549583435,0.14470693469047546,-0.05596958473324776,1.6812963485717773,0.42032408714294434,0.33560866117477417,0.12049005180597305,2.286658525466919,0.5716646313667297,-0.24366234242916107,0.0790681466460228,0.3528522253036499,0.08821305632591248,0.005199192091822624,-0.017254460602998734,-0.3524312376976013,-0.08810780942440033,-0.3069542646408081,0.02163245715200901,0.1816304326057434,0.04540760815143585,-0.002353680320084095,-0.02530716173350811,-0.12039263546466827,-0.03009815886616707,-0.01589197851717472,0.1017923355102539,2.246795892715454,0.5616989731788635,0.5469277501106262,-0.08911611884832382,-0.49166834354400635,-0.12291708588600159,-0.28985700011253357,0.11361588537693024,0.2739255726337433,0.06848139315843582,0.04719877243041992,0.054800450801849365,0.3601554036140442,0.09003885090351105,-0.010661272332072258,-0.020345402881503105,0.22299331426620483,0.05574832856655121,0.013780755922198296,0.04462788254022598,-0.27599042654037476,-0.06899760663509369,0.016313431784510612,0.032492686063051224,0.8023793697357178,0.20059484243392944,0.09611425548791885,0.0037724971771240234,0.9844818711280823,0.24612046778202057,0.24488206207752228,-0.03900113329291344,-0.03879242017865181,-0.009698105044662952,-0.006397859193384647,-0.05398780107498169,3.633953332901001,0.9084883332252502,0.884284257888794,-0.02395687811076641,-0.126351997256279,-0.03158799931406975,0.011804787442088127,-0.016245925799012184,0.20465785264968872,0.05116446316242218,0.003845485858619213,-0.01934049092233181,0.09579502046108246,0.023948755115270615,-0.004002423956990242,-0.04065673425793648,0.7030263543128967,0.17575658857822418,0.2757871448993683,-0.04656087979674339,-1.3768882751464844,-0.3442220687866211,-0.23830369114875793,-0.07149678468704224,-0.03202176094055176,-0.00800544023513794,0.006220361217856407,0.033093344420194626,3.331125497817993,0.8327813744544983,0.8649028539657593,0.03163335472345352,0.07063643634319305,0.017659109085798264,-0.0004079742357134819,-0.02787790633738041,-0.30851876735687256,-0.07712969183921814,-0.008751177228987217,0.02401905693113804,-0.3668316900730133,-0.09170792251825333,-0.011774461716413498,-0.006752330344170332
-1.1650028228759766,-0.29125070571899414,-0.04929063469171524,-0.06518866121768951,0.2694275975227356,0.0673568993806839,-7.150880992412567e-05,0.009104043245315552,0.5903175473213196,0.1475793868303299,0.1341240406036377,0.0711037665605545,2.117419719696045,0.5293549299240112,0.44771867990493774,0.3567061424255371,-0.3913138508796692,-0.0978284627199173,-0.26343414187431335,-0.10483907908201218,0.2798234820365906,0.06995587050914764,0.00983555056154728,0.027324510738253593,0.11473333835601807,0.028683334589004517,-0.2753910720348358,0.13846127688884735,-0.11507910490036011,-0.028769776225090027,-0.006287808530032635,-0.07262357324361801,-0.050637662410736084,-0.012659415602684021,-0.02015024423599243,0.06640269607305527,1.9680954217910767,0.49202385544776917,0.4866804778575897,-0.116435706615448,0.5111830234527588,0.1277957558631897,-0.14708052575588226,0.3779790997505188,0.07517215609550476,0.01879303902387619,0.03513209521770477,-0.025111112743616104,0.7087706327438354,0.17719265818595886,0.007894476875662804,0.005760872270911932,-0.060715824365615845,-0.015178956091403961,-0.006109605543315411,0.040182601660490036,-0.15926529467105865,-0.039816323667764664,-0.002701020333915949,-0.018145758658647537,1.300718069076538,0.3251795172691345,0.10132163763046265,0.0600004568696022,1.1335949897766113,0.28339874744415283,0.24537645280361176,0.06980259716510773,0.1690400093793869,0.042260002344846725,-0.000975707545876503,-0.029903773218393326,3.6933250427246094,0.9233312606811523,0.8661625385284424,-0.0039497376419603825,0.012337101623415947,0.0030842754058539867,0.005359696224331856,-0.020650267601013184,0.049760282039642334,0.012440070509910583,-0.005327400751411915,0.058223675936460495,0.20539388060569763,0.05134847015142441,0.02139970473945141,-0.008281469345092773,0.49411189556121826,0.12352797389030457,0.2805882692337036,0.004749923944473267,-0.9872899055480957,-0.24682247638702393,-0.24712088704109192,0.016663432121276855,-0.0037882328033447266,-0.0009470582008361816,0.0041759805753827095,-0.05968485027551651,3.349527597427368,0.837381899356842,0.8843603134155273,-0.036772459745407104,0.06816267967224121,0.017040669918060303,0.016480786725878716,0.06479275226593018,-0.06054455041885376,-0.01513613760471344,-0.004781760275363922,0.04623338207602501,0.12356865406036377,0.030892163515090942,0.005609896034002304,0.05836549028754234
-1.5732864141464233,-0.39332160353660583,-0.10969299077987671,-0.14535115659236908,-0.19873522222042084,-0.04968380555510521,-0.007395685650408268,-0.027450818568468094,0.5455705523490906,0.13639263808727264,0.12428484112024307,0.0014418959617614746,2.499825954437256,0.624956488609314,0.577035665512085,0.29524263739585876,-2.4093234539031982,-0.6023308634757996,-0.3747226893901825,-0.28872260451316833,-0.05664973706007004,-0.01416243426501751,-0.0022089332342147827,-0.03444916754961014,-0.024659276008605957,-0.006164819002151489,-0.2622564136981964,-0.04647886008024216,-0.5154681205749512,-0.1288670301437378,-0.01207759603857994,0.03599357604980469,-0.062279924750328064,-0.015569981187582016,-0.019361667335033417,-0.0683155432343483,2.232997179031372,0.558249294757843,0.4940519332885742,0.06084350496530533,1.0366733074188232,0.2591683268547058,-0.21647405624389648,-0.1306982785463333,0.037862688302993774,0.009465672075748444,-0.03421271592378616,-0.06752731651067734,0.3923420011997223,0.09808550029993057,-0.005658301524817944,-0.026463020592927933,-0.1412237286567688,-0.0353059321641922,0.0034233126789331436,0.05245993286371231,0.06145470216870308,0.01536367554217577,-0.008579353801906109,0.0034200847148895264,1.4992389678955078,0.37480974197387695,0.11661721020936966,-0.0031077624298632145,1.3162841796875,0.329071044921875,0.25810354948043823,0.028710901737213135,0.09249942004680634,0.023124855011701584,0.00613757036626339,-0.03145456314086914,3.8876614570617676,0.9719153642654419,0.8837712407112122,0.08283016830682755,0.023785924538969994,0.005946481134742498,-0.001674986444413662,0.015993965789675713,0.15757417678833008,0.03939354419708252,-0.011582971550524235,-0.05135161802172661,-0.2041534185409546,-0.05103835463523865,-0.0024925777688622475,-0.0073375403881073,0.4006567597389221,0.10016418993473053,0.2514864504337311,-0.10659904778003693,-0.9114153385162354,-0.22785383462905884,-0.2502657473087311,-0.09495598822832108,0.09406900405883789,0.023517251014709473,0.009801063686609268,-0.01800936460494995,3.6351840496063232,0.9087960124015808,0.9106443524360657,0.05249053239822388,-0.10586652159690857,-0.026466630399227142,-0.006414366886019707,0.027238810434937477,-0.19488267600536346,-0.048720669001340866,-0.020482860505580902,-0.03772475942969322,-0.11672058701515198,-0.029180146753787994,-0.018824415281414986,-0.013878846541047096
-1.7590230703353882,-0.43975576758384705,-0.14722320437431335,-0.12816761434078217,-0.15384672582149506,-0.038461681455373764,-0.0019695302471518517,-0.04946260526776314,0.5944545269012451,0.14861363172531128,0.10331559181213379,0.06226644665002823,2.602205753326416,0.650551438331604,0.6499612331390381,0.08096043020486832,-2.020965337753296,-0.505241334438324,-0.39774012565612793,-0.03837166354060173,-0.21405166387557983,-0.05351291596889496,-0.016743551939725876,-0.07897187769412994,0.1303996592760086,0.03259991481900215,-0.2503890097141266,0.08785989135503769,-1.0746245384216309,-0.2686561346054077,-0.006210550665855408,0.03364574909210205,0.22033178806304932,0.05508294701576233,-0.027128739282488823,-0.07703927159309387,2.145686388015747,0.5364215970039368,0.534331738948822,0.05138760805130005,2.392923355102539,0.5982308387756348,-0.24060951173305511,-0.08580091595649719,0.21266040205955505,0.05316510051488876,-0.03358381241559982,3.2544137411605334e-06,0.155520498752594,0.0388801246881485,-0.00779950525611639,0.004565727896988392,-0.4417104423046112,-0.1104276105761528,0.01243504323065281,-0.041743289679288864,-0.04842759296298027,-0.012106898240745068,-0.009928717277944088,0.01290222443640232,0.940148115158081,0.23503702878952026,0.14438247680664062,0.09556522220373154,1.181980848312378,0.2954952120780945,0.25057411193847656,0.000678801559843123,0.12850795686244965,0.03212698921561241,0.006593788042664528,0.05336261913180351,3.718168020248413,0.9295420050621033,0.899581789970398,0.016469372436404228,0.15579445660114288,0.03894861415028572,0.01510469801723957,0.0633770003914833,0.363419771194458,0.0908549427986145,0.025443604215979576,-0.0031676292419433594,0.23474842309951782,0.058687105774879456,0.010909650474786758,-0.004085981752723455,0.7474488019943237,0.18686220049858093,0.2112591564655304,-0.094945527613163,-0.5652681589126587,-0.14131703972816467,-0.25051161646842957,0.1013520285487175,0.06683611869812012,0.01670902967453003,0.002712184563279152,-0.07087945938110352,3.462596893310547,0.8656492233276367,0.9031534194946289,-0.03538547828793526,0.09097687900066376,0.02274421975016594,0.008171921595931053,0.0653652772307396,0.3569681644439697,0.08924204111099243,0.025698283687233925,0.06566350907087326,0.43188342452049255,0.10797085613012314,0.021261895075440407,0.07910585403442383
-1.3435522317886353,-0.3358880579471588,-0.18704456090927124,-0.10839515179395676,0.008834972977638245,0.002208743244409561,0.024019965901970863,-0.03727061673998833,0.6604114174842834,0.16510285437107086,0.1336286962032318,0.04732176288962364,2.7358903884887695,0.6839725971221924,0.6874457001686096,0.1040472760796547,-1.8332728147506714,-0.45831820368766785,-0.426712304353714,-0.06574685871601105,-0.17972147464752197,-0.04493036866188049,-0.028461189940571785,0.049267541617155075,-0.4317648410797119,-0.10794121026992798,-0.23048163950443268,0.028068436309695244,-1.358489990234375,-0.33962249755859375,-0.004377118311822414,-0.012314731255173683,0.40203166007995605,0.10050791501998901,-0.028297698125243187,-0.04550820216536522,1.8706244230270386,0.46765610575675964,0.5375396609306335,0.05852089077234268,3.0114800930023193,0.7528700232505798,-0.2744477689266205,-0.08877808600664139,0.1917969286441803,0.047949232161045074,-0.038317855447530746,-0.10752963274717331,0.18452271819114685,0.04613067954778671,0.018403436988592148,0.04317907243967056,-0.22941097617149353,-0.05735274404287338,0.01932823471724987,0.05543117597699165,0.004112888127565384,0.001028222031891346,-0.0013413392007350922,0.06770803034305573,0.9898229837417603,0.24745574593544006,0.15682953596115112,0.10535519570112228,1.400324821472168,0.350081205368042,0.26345324516296387,-0.05468729883432388,0.012788545340299606,0.0031971363350749016,0.011559123173356056,-0.03698413446545601,3.7121472358703613,0.9280368089675903,0.9191114902496338,0.009569442830979824,-0.05887755751609802,-0.014719389379024506,0.02022595889866352,0.022893911227583885,-0.241359680891037,-0.06033992022275925,0.005320830270648003,-0.04219803959131241,-0.2106839418411255,-0.05267098546028137,-0.004518955014646053,0.009441733360290527,0.4680672585964203,0.11701681464910507,0.1804187297821045,-0.12316469103097916,-1.1110219955444336,-0.2777554988861084,-0.2360295206308365,-0.03056555986404419,0.054298996925354004,0.013574749231338501,0.0027296356856822968,-0.02009492553770542,3.641939878463745,0.9104849696159363,0.9101405143737793,0.04870864376425743,-0.11274290084838867,-0.028185725212097168,-0.010593040846288204,0.052753448486328125,-0.4416194558143616,-0.1104048639535904,-0.01851731538772583,-0.051892805844545364,-0.46865764260292053,-0.11716441065073013,-0.014125541783869267,-0.08972536772489548
-1.1738752126693726,-0.29346880316734314,-0.2516635060310364,-0.16886141896247864,0.10047106444835663,0.025117766112089157,0.01905633695423603,-0.077265664935112,0.47387149930000305,0.11846787482500076,0.1281658560037613,-0.05094807222485542,2.9336233139038086,0.7334058284759521,0.6981431245803833,0.022888625040650368,-1.6416510343551636,-0.4104127585887909,-0.40423935651779175,-0.0368662029504776,-0.052691273391246796,-0.013172818347811699,-0.015278929844498634,-0.003321093274280429,-0.857434093952179,-0.21435852348804474,-0.24227231740951538,0.09568283706903458,-1.5804505348205566,-0.39511263370513916,0.006049269810318947,0.032182514667510986,0.5282915234565735,0.13207288086414337,-0.025755351409316063,-0.007547223474830389,1.603352427482605,0.40083810687065125,0.5190867185592651,-0.02399212121963501,2.8468616008758545,0.7117154002189636,-0.26946353912353516,-0.03338826820254326,0.1641768515110016,0.0410442128777504,-0.029937034472823143,-0.13482075929641724,-0.05273275822401047,-0.013183189556002617,0.002140331082046032,0.041478481143713,-0.4375576674938202,-0.10938941687345505,0.029273806139826775,-0.01822519861161709,-0.13355059921741486,-0.033387649804353714,-0.0020443154498934746,-0.066281758248806,1.1835650205612183,0.29589125514030457,0.2011270970106125,0.15748067200183868,1.2606852054595947,0.3151713013648987,0.2694482207298279,0.07372777909040451,0.09587708115577698,0.023969270288944244,0.00013653188943862915,-0.012305105105042458,3.531571388244629,0.8828928470611572,0.9043938517570496,-0.018206631764769554,-0.030794912949204445,-0.007698728237301111,0.003409399650990963,-0.026371298357844353,0.11185848712921143,0.027964621782302856,0.012943698093295097,0.07726438343524933,0.01907467655837536,0.00476866913959384,-0.007417894434183836,0.037767719477415085,0.1297222077846527,0.03243055194616318,0.1427440345287323,-0.0871051773428917,-1.2419623136520386,-0.31049057841300964,-0.23508672416210175,-0.06755854189395905,-0.06367570161819458,-0.015918925404548645,-0.0007134582847356796,0.06027194485068321,3.2223453521728516,0.8055863380432129,0.9024806618690491,-0.06754569709300995,0.19310858845710754,0.048277147114276886,-0.0018261568620800972,0.049684859812259674,0.37431371212005615,0.09357842803001404,0.023389151319861412,0.09335648268461227,0.5364174842834473,0.13410437107086182,0.02228250540792942,0.12056801468133926
-1.228702187538147,-0.30717554688453674,-0.287409245967865,-0.04980836063623428,0.1960693746805191,0.049017343670129776,0.027246972545981407,0.06968855857849121,0.49784404039382935,0.12446101009845734,0.11798209697008133,-0.016966545954346657,2.942711353302002,0.7356778383255005,0.7020671367645264,0.04135281965136528,-1.5830230712890625,-0.3957557678222656,-0.3908884823322296,-0.00943062361329794,-0.08456581085920334,-0.021141452714800835,-0.03213329613208771,0.0636182650923729,-0.4764553904533386,-0.11911384761333466,-0.19987784326076508,0.14171171188354492,-1.519014835357666,-0.3797537088394165,-0.007306546904146671,0.030467987060546875,0.29977497458457947,0.07494374364614487,-0.03208117187023163,0.04855337366461754,1.8279392719268799,0.45698481798171997,0.4989916682243347,-0.14673960208892822,3.6242287158966064,0.9060571789741516,-0.28048449754714966,-0.007962686009705067,0.3469514548778534,0.08673786371946335,-0.03853454068303108,-0.09783119708299637,-0.08441025763750076,-0.02110256440937519,0.00209650956094265,-0.05506864935159683,-0.24525782465934753,-0.061314456164836884,0.02715822122991085,0.023487193509936333,-0.07574756443500519,-0.018936891108751297,0.006330613046884537,0.11317159235477448,0.926902174949646,0.2317255437374115,0.2407534271478653,0.12883129715919495,1.0055289268493652,0.2513822317123413,0.25330856442451477,0.00670237559825182,-0.011029232293367386,-0.0027573080733418465,0.004546872340142727,0.06331466883420944,3.5946874618530273,0.8986718654632568,0.9232629537582397,0.09696066379547119,0.04089333862066269,0.010223334655165672,0.01703931950032711,0.0712243840098381,-0.34600144624710083,-0.08650036156177521,-0.02015034109354019,-0.013656067661941051,-0.13738015294075012,-0.03434503823518753,-0.006318695843219757,0.04247632250189781,0.23226003348827362,0.058065008372068405,0.08207911252975464,-0.06952764093875885,-0.953856348991394,-0.2384640872478485,-0.23422664403915405,-0.059984441846609116,-0.016250133514404297,-0.004062533378601074,0.003409012220799923,-0.04588575288653374,3.5318727493286133,0.8829681873321533,0.899759829044342,0.019365740939974785,0.03733259439468384,0.00933314859867096,0.002323199063539505,0.03958214446902275,-0.39637017250061035,-0.09909254312515259,-0.012125136330723763,-0.023300452157855034,-0.5096036791801453,-0.12740091979503632,-0.011359771713614464,-0.08222170919179916
-1.037140965461731,-0.25928524136543274,-0.33390337228775024,-0.165980264544487,0.020176127552986145,0.005044031888246536,0.014381403103470802,0.0032620371785014868,0.30448779463768005,0.07612194865942001,0.10506512224674225,-0.010381621308624744,2.7064528465270996,0.6766132116317749,0.6767677664756775,-0.07057618349790573,-1.3091546297073364,-0.3272886574268341,-0.3738613426685333,0.06033387407660484,-0.2828751802444458,-0.07071879506111145,-0.04932066798210144,-0.016119932755827904,-0.6165106892585754,-0.15412767231464386,-0.1792697012424469,-0.03151383250951767,-0.9863644242286682,-0.24659110605716705,0.011023197323083878,0.011108040809631348,0.06714650988578796,0.01678662747144699,-0.039019595831632614,0.03189089521765709,1.7972486019134521,0.44931215047836304,0.4660683870315552,-0.09426594525575638,3.3538615703582764,0.8384653925895691,-0.25907936692237854,0.12321801483631134,0.4368937015533447,0.10922342538833618,-0.0247354656457901,-0.05340776592493057,-0.09539175778627396,-0.02384793944656849,0.009385719895362854,0.04286068677902222,-0.17630606889724731,-0.04407651722431183,0.026235641911625862,0.06242353841662407,-0.4442172944545746,-0.11105432361364365,0.015975430607795715,0.038216330111026764,0.789271891117096,0.197317972779274,0.2622506022453308,0.09555218368768692,0.937931478023529,0.23448286950588226,0.23985086381435394,-0.1115785762667656,-0.00386950746178627,-0.0009673768654465675,0.01033393107354641,-0.078785739839077,3.3573591709136963,0.8393397927284241,0.9046468138694763,0.05039374902844429,-0.04906734824180603,-0.012266837060451508,-0.002977641299366951,0.010762358084321022,0.2978801131248474,0.07447002828121185,0.016941769048571587,0.09630818665027618,-0.025864632800221443,-0.006466158200055361,-0.015048455446958542,0.01825728453695774,-0.04503867030143738,-0.011259667575359344,0.06130995601415634,-0.04143955186009407,-0.8972115516662598,-0.22430288791656494,-0.2420666217803955,-0.017607396468520164,0.07599586248397827,0.018998965620994568,0.008250121027231216,-0.05256058648228645,3.2030296325683594,0.8007574081420898,0.8673136234283447,-0.09441190958023071,0.0398993194103241,0.009974829852581024,-0.0025523086078464985,0.026116108521819115,0.20678792893886566,0.051696982234716415,0.0076044704765081406,0.11412914097309113,0.5974290370941162,0.14935725927352905,0.01407395675778389,0.04764411598443985
-0.6031162738800049,-0.15077906847000122,-0.3301495909690857,0.04138748720288277,-0.028883948922157288,-0.007220987230539322,-0.0007184119895100594,-0.01305688638240099,0.37779784202575684,0.09444946050643921,0.0893465131521225,-0.052133288234472275,2.547638416290283,0.6369096040725708,0.6323320865631104,-0.12722526490688324,-0.959644615650177,-0.23991115391254425,-0.3180122971534729,0.1665767878293991,-0.1788700819015503,-0.04471752047538757,-0.03631436079740524,0.015521514229476452,-0.7840443253517151,-0.19601108133792877,-0.13627871870994568,0.14712338149547577,-0.8458887338638306,-0.21147218346595764,0.006432745605707169,-0.06667371839284897,0.06341693550348282,0.015854233875870705,-0.04014710709452629,0.052178382873535156,1.4441869258880615,0.3610467314720154,0.4368187189102173,-0.1782565414905548,2.3299357891082764,0.5824839472770691,-0.24813780188560486,-0.03571223467588425,0.43596887588500977,0.10899221897125244,-0.02773517556488514,0.018073124811053276,-0.3444983959197998,-0.08612459897994995,0.002716127783060074,0.0001185655637527816,-0.35376617312431335,-0.08844154328107834,0.02525162510573864,-0.066501185297966,-0.3174225687980652,-0.0793556421995163,0.024196648970246315,0.04579292610287666,0.8398438692092896,0.2099609673023224,0.2720450460910797,0.06603500992059708,1.3862762451171875,0.3465690612792969,0.241794154047966,-0.025977158918976784,0.1754806488752365,0.04387016221880913,0.010667610913515091,0.04126377031207085,3.4203901290893555,0.8550975322723389,0.9169542193412781,0.0639481320977211,0.0221386905759573,0.005534672643989325,0.012768983840942383,-0.02774476446211338,-0.47914135456085205,-0.11978533864021301,-0.007115287706255913,-0.06204574927687645,0.06166478991508484,0.01541619747877121,-0.0057882037945091724,-0.05342048406600952,0.16515129804611206,0.041287824511528015,0.022858360782265663,-0.10847015678882599,-1.0546945333480835,-0.2636736333370209,-0.2399308979511261,0.0744461938738823,0.008226454257965088,0.002056613564491272,0.007198454812169075,0.016123611479997635,3.503002882003784,0.875750720500946,0.8719369769096375,-0.048383794724941254,0.049438804388046265,0.012359701097011566,0.006068119779229164,-0.048955291509628296,-0.3385546803474426,-0.08463867008686066,-0.016858888790011406,-0.015137243084609509,-0.19440016150474548,-0.04860004037618637,0.014097103849053383,-0.1025332361459732
-0.6946283578872681,-0.17365708947181702,-0.322182297706604,-0.003148502204567194,0.09689806401729584,0.02422451600432396,0.02092120610177517,0.08293496817350388,0.42876875400543213,0.10719218850135803,0.10254431515932083,0.009303814731538296,1.980796217918396,0.495199054479599,0.5417720079421997,-0.24658344686031342,-0.7151778340339661,-0.17879445850849152,-0.26180386543273926,0.05434534698724747,-0.18242931365966797,-0.04560732841491699,-0.05026838183403015,0.04849820211529732,-0.7668347954750061,-0.19170869886875153,-0.11294541507959366,0.10105185955762863,-0.33218154311180115,-0.08304538577795029,0.006159920245409012,0.00488935736939311,-0.10717839002609253,-0.026794597506523132,-0.04560457915067673,-0.027195487171411514,1.5097029209136963,0.3774257302284241,0.40723514556884766,-0.07004645466804504,2.225839853286743,0.5564599633216858,-0.23842169344425201,0.05074426159262657,0.49567705392837524,0.12391926348209381,-0.016899581998586655,-0.03949454054236412,-0.34686464071273804,-0.08671616017818451,-0.00288432277739048,0.04796772077679634,-0.10863122344017029,-0.027157805860042572,0.019437355920672417,0.0525924451649189,-0.23964102566242218,-0.059910256415605545,-0.0056848833337426186,-0.040178779512643814,0.6823833584785461,0.17059583961963654,0.28856879472732544,-0.05482487753033638,1.3333094120025635,0.33332735300064087,0.24432681500911713,0.03630653768777847,0.038149233907461166,0.009537308476865292,-0.005468986462801695,-0.08585407584905624,3.2231884002685547,0.8057971000671387,0.9049679636955261,-0.02854703925549984,-6.232596933841705e-05,-1.5581492334604263e-05,0.01131497323513031,-0.06069672107696533,0.17773419618606567,0.04443354904651642,0.02003055065870285,0.05140693113207817,0.14523601531982422,0.036309003829956055,-0.0036247465759515762,-0.003979599568992853,0.5138899683952332,0.1284724920988083,0.010255834087729454,0.02964874543249607,-1.4104593992233276,-0.3526148498058319,-0.23367466032505035,-0.09678250551223755,-0.0770612359046936,-0.0192653089761734,0.0011961665004491806,-0.021230751648545265,3.3162856101989746,0.8290714025497437,0.8483396768569946,-0.07937204092741013,0.0355454683303833,0.008886367082595825,0.006624853238463402,-0.06497582048177719,0.418861448764801,0.10471536219120026,0.023178329691290855,0.11649024486541748,0.1292860507965088,0.0323215126991272,0.007326964288949966,0.03772726282477379
-0.36345410346984863,-0.09086352586746216,-0.290849506855011,0.07019098103046417,-0.23080264031887054,-0.057700660079717636,0.00011952593922615051,-0.028322840109467506,0.4108467102050781,0.10271167755126953,0.09635888785123825,0.01050723809748888,1.8645967245101929,0.4661491811275482,0.4699627757072449,-0.17523768544197083,0.2578434646129608,0.0644608661532402,-0.15548983216285706,0.29874321818351746,0.010414309799671173,0.0026035774499177933,-0.023262284696102142,-0.024895919486880302,-0.8660209774971008,-0.2165052443742752,-0.09059365838766098,0.0655352845788002,-0.5384081602096558,-0.13460204005241394,0.009759614244103432,-0.07804004848003387,0.0032117068767547607,0.0008029267191886902,-0.03577964007854462,-0.008214241825044155,1.6596676111221313,0.41491690278053284,0.40214431285858154,0.0145407197996974,1.1551923751831055,0.28879809379577637,-0.2238135039806366,-0.038830529898405075,0.2822321355342865,0.07055803388357162,-0.023993078619241714,0.03877226263284683,-0.4190095365047455,-0.10475238412618637,0.00685795396566391,-0.007027083542197943,-0.29051271080970764,-0.07262817770242691,0.008052492514252663,0.01486960705369711,-6.85565173625946e-05,-1.713912934064865e-05,0.000994943082332611,-0.007771164178848267,1.0993226766586304,0.2748306691646576,0.3019780218601227,0.07273884117603302,1.0935533046722412,0.2733883261680603,0.24526824057102203,-0.050482142716646194,0.2452722191810608,0.0613180547952652,0.013212686404585838,0.1143028512597084,3.3040716648101807,0.8260179162025452,0.8684951663017273,-0.09957192093133926,0.01724342070519924,0.00431085517629981,0.0017022853717207909,0.05824469402432442,-0.28500497341156006,-0.07125124335289001,0.0018278341740369797,-0.008764791302382946,-0.02826092578470707,-0.007065231446176767,0.008205318823456764,-0.004635680001229048,0.7631127238273621,0.19077818095684052,0.02059178613126278,-0.03607681021094322,-1.1852928400039673,-0.2963232100009918,-0.2382410615682602,0.005386066623032093,-0.13020068407058716,-0.03255017101764679,-0.003574601374566555,-0.03839241340756416,3.590235948562622,0.8975589871406555,0.849800705909729,0.041049566119909286,0.03350821137428284,0.00837705284357071,-0.0026565268635749817,-0.021687258034944534,-0.33988505601882935,-0.08497126400470734,-0.0172930508852005,-0.010244679637253284,-0.14279614388942719,-0.035699035972356796,-0.0016653705388307571,0.022827982902526855
-0.33863115310668945,-0.08465778827667236,-0.27750810980796814,-0.04691436514258385,0.7383509278297424,0.1845877319574356,0.024350257590413094,0.07734844833612442,0.19763866066932678,0.049409665167331696,0.09480144828557968,0.0031520964112132788,1.6106270551681519,0.40265676379203796,0.40959787368774414,-0.1401517540216446,0.12849469482898712,0.03212367370724678,-0.10037381201982498,0.1862512081861496,0.16617009043693542,0.041542522609233856,-0.008608299307525158,0.08854658901691437,-1.326097011566162,-0.3315242528915405,-0.11115732789039612,-0.013800215907394886,0.025701969861984253,0.006425492465496063,0.015694713220000267,0.05477697774767876,-0.13734951615333557,-0.03433737903833389,-0.04255285859107971,0.00865087565034628,1.8010538816452026,0.45026347041130066,0.4511069655418396,0.04789326339960098,-1.53827702999115,-0.3845692574977875,-0.27479177713394165,-0.16264262795448303,0.28124159574508667,0.07031039893627167,0.0008285138756036758,0.06898100674152374,-0.3620457351207733,-0.09051143378019333,0.014265576377511024,-0.05134871229529381,0.224003404378891,0.05600085109472275,0.027373002842068672,-0.007656967733055353,-0.03367508575320244,-0.00841877143830061,-0.013686009682714939,-0.00872159656137228,0.8399187922477722,0.20997969806194305,0.2836199104785919,0.04637996107339859,1.0153816938400269,0.2538454234600067,0.24505753815174103,0.03788791969418526,-0.20851756632328033,-0.052129391580820084,-0.011022968217730522,-0.022720908746123314,3.3814899921417236,0.8453724980354309,0.866866946220398,0.03916513919830322,0.04419708997011185,0.011049272492527962,0.018653983250260353,0.06123093515634537,0.06575238704681396,0.01643809676170349,-0.0056980750523507595,0.07224787771701813,-0.19794544577598572,-0.04948636144399643,-0.003273055888712406,-0.08482857048511505,1.139390230178833,0.28484755754470825,0.05687376856803894,0.15295349061489105,-1.022032618522644,-0.255508154630661,-0.2687925696372986,-0.06254943460226059,0.13620907068252563,0.03405226767063141,0.01043652556836605,0.07054352760314941,3.2486720085144043,0.8121680021286011,0.8031852841377258,-0.09179510921239853,0.065655916929245,0.01641397923231125,0.012479322031140327,-0.004697859287261963,0.5420663356781006,0.13551658391952515,0.00912630558013916,0.06431793421506882,-0.08636525273323059,-0.021591313183307648,-0.0018035732209682465,0.024369651451706886
-0.13274939358234406,-0.033187348395586014,-0.24493055045604706,0.04989880323410034,0.5275982022285461,0.13189955055713654,0.027524037286639214,-0.03813664987683296,0.18543827533721924,0.04635956883430481,0.0893082395195961,0.012575238943099976,1.629042625427246,0.4072606563568115,0.39739444851875305,0.06112677976489067,0.927230179309845,0.23180754482746124,-0.10583581775426865,-0.026679223403334618,-0.049034856259822845,-0.012258714064955711,0.03605788201093674,-0.09699183702468872,-1.2015349864959717,-0.3003837466239929,-0.11033117771148682,-0.04018610715866089,-0.11508843302726746,-0.028772108256816864,0.029357334598898888,-0.12504325807094574,-0.23446625471115112,-0.05861656367778778,-0.06234820932149887,-0.0964752808213234,2.225165367126465,0.5562913417816162,0.5281066298484802,0.1770995855331421,-2.7383034229278564,-0.6845758557319641,-0.40577802062034607,-0.28443050384521484,0.4418737590312958,0.11046843975782394,0.035269707441329956,0.027378035709261894,-0.2940767705440521,-0.07351919263601303,-6.308779120445251e-05,-0.09147030115127563,0.23949211835861206,0.059873029589653015,0.030200036242604256,-0.07549043744802475,-0.10648716986179352,-0.02662179246544838,-0.021326031535863876,0.06505540758371353,0.7701823711395264,0.1925455927848816,0.2593781650066376,-0.07277458906173706,1.0517539978027344,0.2629384994506836,0.2412058562040329,0.010779297910630703,0.1864820271730423,0.046620506793260574,0.018189681693911552,0.079584039747715,3.577883005142212,0.894470751285553,0.8852248191833496,0.09839993715286255,-0.03170653432607651,-0.007926633581519127,0.01231231540441513,0.01028832234442234,-0.2051035761833191,-0.05127589404582977,-0.009046590887010098,-0.08230685442686081,0.279421329498291,0.06985533237457275,0.01777324639260769,0.0898880735039711,1.0694453716278076,0.2673613429069519,0.08246434479951859,0.03463311120867729,-0.7928820252418518,-0.19822050631046295,-0.24790409207344055,0.07432522624731064,-0.13754767179489136,-0.03438691794872284,-0.014281596057116985,0.0010077775223180652,3.270375967025757,0.8175939917564392,0.8033187985420227,-0.023105060681700706,-0.1342415064573288,-0.0335603766143322,0.000737365335226059,-0.029554350301623344,-0.2671284079551697,-0.06678210198879242,-0.003808354027569294,-0.01914491131901741,-0.005859345197677612,-0.001464836299419403,0.004035379737615585,-0.07221006602048874
-0.425687313079834,-0.1064218282699585,-0.26442092657089233,-0.06975213438272476,1.735060214996338,0.4337650537490845,0.030920030549168587,0.038494862616062164,-0.21823370456695557,-0.05455842614173889,0.0893293097615242,0.02708493545651436,1.5932189226150513,0.3983047306537628,0.4286428391933441,0.1413811296224594,1.9176260232925415,0.4794065058231354,-0.14008429646492004,-0.09293734282255173,0.49764829874038696,0.12441207468509674,0.02255767397582531,-0.038573600351810455,-1.2916203737258911,-0.3229050934314728,-0.1385204941034317,-0.1270730346441269,0.056769609451293945,0.014192402362823486,0.02468329854309559,0.05046215280890465,-0.10439135134220123,-0.026097837835550308,-0.04177144169807434,0.12074942886829376,2.372952461242676,0.593238115310669,0.5793367624282837,0.01659386232495308,-2.2354350090026855,-0.5588587522506714,-0.46401745080947876,-0.12271104007959366,0.2675893306732178,0.06689733266830444,0.047112494707107544,0.03763459995388985,-0.0077603161334991455,-0.0019400790333747864,0.01907123252749443,0.0907348021864891,0.6408035755157471,0.16020089387893677,0.015896642580628395,-0.053120553493499756,0.053817082196474075,0.013454270549118519,-0.016808636486530304,0.0520421527326107,0.6576282978057861,0.16440707445144653,0.23130187392234802,-0.15974751114845276,1.1565146446228027,0.2891286611557007,0.269294410943985,-0.032211724668741226,-0.1960730105638504,-0.0490182526409626,-0.017899658530950546,0.004282355308532715,3.6554811000823975,0.9138702750205994,0.9225456118583679,0.08184557408094406,0.13954125344753265,0.03488531336188316,0.020215796306729317,0.07432650774717331,0.13813811540603638,0.034534528851509094,-0.006199711933732033,-0.009908139705657959,-0.4279436469078064,-0.1069859117269516,-0.0176572073251009,-0.08725719898939133,1.324734091758728,0.331183522939682,0.13513067364692688,0.11752390116453171,-1.263295292854309,-0.31582382321357727,-0.2598808705806732,-0.0424824021756649,0.09689360857009888,0.02422340214252472,0.005114775151014328,0.107174351811409,3.0477349758148193,0.7619337439537048,0.7768741846084595,-0.014095515012741089,-0.09829962253570557,-0.02457490563392639,-0.01972140558063984,-0.00479657668620348,0.16378067433834076,0.04094516858458519,0.001752997748553753,0.06224041059613228,-0.0159151554107666,-0.00397878885269165,-0.006923727225512266,-0.027759870514273643
-0.7967374324798584,-0.1991843581199646,-0.23405888676643372,-0.0013210952747613192,1.631861925125122,0.4079654812812805,0.021171648055315018,0.018650520592927933,-0.18825069069862366,-0.047062672674655914,0.08773063123226166,-0.02951786480844021,1.1727960109710693,0.29319900274276733,0.42982080578804016,-0.07514853775501251,2.087430953979492,0.521857738494873,-0.13638654351234436,-0.033568669110536575,0.8333914279937744,0.2083478569984436,0.028627680614590645,-0.02936943806707859,-0.7272679209709167,-0.1818169802427292,-0.17175906896591187,-0.06157853826880455,-0.3355187773704529,-0.08387969434261322,0.007317136973142624,-4.7338009608210996e-05,-0.04572031646966934,-0.011430079117417336,-0.029026629403233528,-0.010312670841813087,2.584120512008667,0.6460301280021667,0.6166014671325684,0.06946245580911636,-2.02264666557312,-0.50566166639328,-0.4772239625453949,-0.04889616742730141,0.24361565709114075,0.06090391427278519,0.04506596177816391,-0.03689192607998848,-0.08912854641675949,-0.022282136604189873,-0.003956776112318039,-0.10964244604110718,0.3832615613937378,0.09581539034843445,-0.005851739086210728,0.03400715813040733,-0.05981702730059624,-0.01495425682514906,0.011079303920269012,-0.02766941860318184,0.8928508162498474,0.22321270406246185,0.20186194777488708,-0.07097508758306503,1.0907530784606934,0.27268826961517334,0.2538799047470093,-0.07931353896856308,0.23226509988307953,0.05806627497076988,0.01547834649682045,0.045224737375974655,3.8074259757995605,0.9518564939498901,0.9264103770256042,0.037103187292814255,-0.11405488103628159,-0.028513720259070396,-0.001201452687382698,-0.07783138006925583,-0.10072767734527588,-0.02518191933631897,-0.0027627842500805855,-0.044654157012701035,0.3856995105743408,0.0964248776435852,-0.002573687117546797,0.07545430958271027,0.8332492113113403,0.20831230282783508,0.16929081082344055,0.08808720111846924,-1.300715446472168,-0.325178861618042,-0.2591133713722229,0.014596349559724331,-0.16318568587303162,-0.040796421468257904,0.002683039754629135,0.05160960182547569,3.1181116104125977,0.7795279026031494,0.7939733266830444,0.09551385790109634,0.11790016293525696,0.02947504073381424,0.0007252302020788193,-0.021804416552186012,-0.2668858766555786,-0.06672146916389465,-0.0158090777695179,-0.048424944281578064,-0.11891385912895203,-0.029728464782238007,-0.007907265797257423,0.022534405812621117
-1.594272494316101,-0.39856812357902527,-0.23097844421863556,0.046749651432037354,1.4615724086761475,0.36539310216903687,0.014857864007353783,-0.0015761435497552156,-0.07709801942110062,-0.019274504855275154,0.09162312746047974,0.04112614318728447,0.8364088535308838,0.20910221338272095,0.4072796106338501,-0.051269616931676865,1.2385520935058594,0.30963802337646484,-0.14710965752601624,-0.024002159014344215,0.9461806416511536,0.2365451604127884,0.03724375367164612,-0.03520672023296356,-0.3001112937927246,-0.07502782344818115,-0.18973596394062042,-0.013306242413818836,-0.031244784593582153,-0.007811196148395538,0.00604248046875,0.07613380253314972,0.20458078384399414,0.051145195960998535,0.02086212858557701,0.08618495613336563,2.5875742435455322,0.6468935608863831,0.6129102110862732,-0.008334237150847912,-1.52083420753479,-0.3802085518836975,-0.4443187713623047,0.02286028303205967,0.24627259373664856,0.06156814843416214,0.06368444114923477,0.04793384298682213,0.3031034767627716,0.0757758691906929,-0.003634912893176079,0.020063800737261772,0.2960129678249359,0.07400324195623398,-0.0045746490359306335,-0.04329771175980568,0.014564145356416702,0.0036410363391041756,-0.005691473837941885,-0.08738285303115845,0.6792813539505005,0.16982033848762512,0.16640733182430267,-0.01738455891609192,1.1196684837341309,0.2799171209335327,0.2574401795864105,-0.06365609914064407,-0.1011357456445694,-0.02528393641114235,0.003757668659090996,-0.033936046063899994,3.832479476928711,0.9581198692321777,0.9395944476127625,0.03922677040100098,0.09189864993095398,0.022974662482738495,0.012325955554842949,-0.016470903530716896,-0.004084646701812744,-0.001021161675453186,0.007544893771409988,-0.03159014508128166,-0.2635062336921692,-0.0658765584230423,-0.0021409569308161736,-0.0010400295723229647,0.7986209392547607,0.19965523481369019,0.21144627034664154,0.077497199177742,-1.0766937732696533,-0.26917344331741333,-0.25114119052886963,-0.06341951340436935,0.004632115364074707,0.0011580288410186768,-0.0004781484603881836,-0.012642699293792248,3.061300754547119,0.7653251886367798,0.790673553943634,0.06043173000216484,-0.18544679880142212,-0.04636169970035553,-0.007843266241252422,0.044947803020477295,0.20052550733089447,0.05013137683272362,0.004220150411128998,0.01639997400343418,-0.1115100085735321,-0.027877502143383026,-0.019986959174275398,-0.0012168288230895996
-1.3643709421157837,-0.3410927355289459,-0.1953231543302536,-0.04215841367840767,1.157965898513794,0.2894914746284485,0.0007775714620947838,-0.005853205919265747,0.009569898247718811,0.0023924745619297028,0.08936454355716705,0.04441450908780098,1.0374780893325806,0.25936952233314514,0.3776038587093353,-0.03238966688513756,1.2404674291610718,0.31011685729026794,-0.13846759498119354,0.08621201664209366,0.8938518762588501,0.22346296906471252,0.029751615598797798,-0.03998541459441185,-0.48867613077163696,-0.12216903269290924,-0.20354999601840973,-0.07422205805778503,-0.09644204378128052,-0.02411051094532013,0.011362016201019287,0.05571650341153145,0.2147543579339981,0.05368858948349953,0.04108397662639618,0.07605765014886856,2.237074851989746,0.5592687129974365,0.5732339024543762,-0.11740215122699738,-1.4517593383789062,-0.36293983459472656,-0.41663122177124023,0.05113024637103081,0.017678052186965942,0.004419513046741486,0.04201503098011017,-0.007137036416679621,0.272540807723999,0.06813520193099976,-0.005119341425597668,-0.02890142612159252,0.06189662218093872,0.01547415554523468,-0.0018402086570858955,0.03841447830200195,0.21040765941143036,0.05260191485285759,0.014845788478851318,-0.008134424686431885,0.812419056892395,0.20310476422309875,0.14918172359466553,0.01664699986577034,1.0881843566894531,0.2720460891723633,0.2533930838108063,-0.07204719632863998,0.14002104103565216,0.03500526025891304,0.011487821117043495,0.024003727361559868,3.746328830718994,0.9365822076797485,0.9422107934951782,-0.07698141783475876,-0.05137455463409424,-0.01284363865852356,0.00037288013845682144,0.010834462009370327,-0.04238197207450867,-0.010595493018627167,-0.007245179731398821,-0.04326293617486954,0.05718255043029785,0.014295637607574463,-0.005083196330815554,-0.05474165827035904,0.8547275066375732,0.2136818766593933,0.25021684169769287,0.09348710626363754,-1.0795053243637085,-0.2698763310909271,-0.24333716928958893,0.01909084990620613,0.05536699295043945,0.013841748237609863,0.009311186149716377,-0.026313884183764458,3.243105888366699,0.8107764720916748,0.8253946900367737,0.07444723695516586,-0.09425991773605347,-0.023564979434013367,-0.0196792371571064,-0.014834350906312466,-0.15102733671665192,-0.03775683417916298,-0.01125579047948122,-0.06159549951553345,0.1242506206035614,0.03106265515089035,-0.01054098829627037,0.0914268046617508
-1.1726068258285522,-0.29315170645713806,-0.1836017668247223,0.09225185960531235,1.0928728580474854,0.27321821451187134,0.013022484257817268,0.015062547288835049,0.11683850735425949,0.029209626838564873,0.09393622726202011,-0.0382077656686306,0.8870145678520203,0.22175364196300507,0.3477502465248108,-0.14394864439964294,0.8772867321968079,0.21932168304920197,-0.12093330174684525,0.02206813171505928,0.7265987396240234,0.18164968490600586,0.040766678750514984,-0.03749021515250206,-0.2439524531364441,-0.06098811328411102,-0.1968844085931778,0.010169029235839844,0.08040711283683777,0.020101778209209442,-0.001100202091038227,-0.09232067316770554,0.1412578821182251,0.035314470529556274,0.057988494634628296,0.035372018814086914,2.130368232727051,0.5325920581817627,0.5372211337089539,-0.06096797063946724,-0.9284365177154541,-0.23210912942886353,-0.350877046585083,0.07661036401987076,0.28172770142555237,0.07043192535638809,0.04053150862455368,0.02299743890762329,0.4291037917137146,0.10727594792842865,0.009210636839270592,-0.017569810152053833,0.01726020872592926,0.004315052181482315,-0.003937666770070791,0.06372242420911789,-0.12289418280124664,-0.03072354570031166,0.0076505206525325775,-0.005459457635879517,0.8847140073776245,0.22117850184440613,0.14589010179042816,0.05377570539712906,0.999842643737793,0.24996066093444824,0.24465619027614594,0.03860335424542427,-0.06476481258869171,-0.016191203147172928,0.0016901716589927673,0.023247791454195976,3.6837549209594727,0.9209387302398682,0.9253223538398743,-0.05131446197628975,-0.0633668303489685,-0.015841707587242126,0.003521522507071495,-0.05941266939043999,0.21425917744636536,0.05356479436159134,0.006622685119509697,0.07470495998859406,0.22991260886192322,0.057478152215480804,0.005298391915857792,0.049997925758361816,0.5094687938690186,0.12736719846725464,0.2530992031097412,0.02321760728955269,-1.1933038234710693,-0.29832595586776733,-0.2531735301017761,-0.0393417663872242,-0.013311803340911865,-0.0033279508352279663,0.008061233907938004,-0.03848922997713089,3.122697591781616,0.780674397945404,0.8340772390365601,0.040359675884246826,0.022040098905563354,0.005510024726390839,-0.015652276575565338,-0.003005045698955655,0.07293057441711426,0.018232643604278564,0.01460985653102398,0.0967027097940445,-0.21031811833381653,-0.05257952958345413,-0.009412539191544056,-0.04813395068049431
-0.9696584939956665,-0.24241462349891663,-0.17257869243621826,0.047522079199552536,0.9087671041488647,0.2271917760372162,0.011716490611433983,-0.006242227740585804,0.18823596835136414,0.047058992087841034,0.08946378529071808,0.06682188808917999,1.0868381261825562,0.27170953154563904,0.33220577239990234,-0.051794808357954025,0.9862989783287048,0.2465747445821762,-0.1154918447136879,-0.04014114663004875,0.7139576077461243,0.17848940193653107,0.019505837932229042,-0.030122974887490273,-0.2602720856666565,-0.06506802141666412,-0.17103274166584015,0.0752016231417656,0.005819588899612427,0.0014548972249031067,-0.0010817935690283775,0.05252045392990112,0.38972631096839905,0.09743157774209976,0.08468800038099289,0.05956592783331871,1.6206257343292236,0.4051564335823059,0.4518686532974243,-0.22670690715312958,-0.42373332381248474,-0.10593333095312119,-0.2582491934299469,0.2525177597999573,0.2953534424304962,0.07383836060762405,0.05119284242391586,-0.04262898489832878,0.259431928396225,0.06485798209905624,0.01433258131146431,0.03203805908560753,-0.1263810098171234,-0.03159525245428085,-0.018173731863498688,-0.08010353147983551,-0.055873703211545944,-0.013968425802886486,0.01795407198369503,-0.04959692806005478,0.9953364133834839,0.24883410334587097,0.14366665482521057,0.09814610332250595,0.9122782349586487,0.22806955873966217,0.2467339187860489,-0.0774356871843338,0.023745249956846237,0.005936312489211559,0.008960394188761711,-0.061735380440950394,3.722071647644043,0.9305179119110107,0.9218742847442627,-0.08374704420566559,0.008598243817687035,0.0021495609544217587,0.0065351445227861404,0.06565815210342407,-0.16031643748283386,-0.040079109370708466,-0.016695594415068626,-0.0655210092663765,-0.19653719663619995,-0.04913429915904999,-0.012438824400305748,-0.08537865430116653,0.5613160133361816,0.1403290033340454,0.25573083758354187,-0.018353505060076714,-1.152034044265747,-0.28800851106643677,-0.2358558177947998,0.009005904197692871,-0.09766530990600586,-0.024416327476501465,-0.004023808985948563,-0.01878436841070652,3.3220202922821045,0.8305050730705261,0.8574392199516296,-0.005710697267204523,0.028306305408477783,0.007076576352119446,-0.006734072230756283,-0.03000059723854065,-0.5123842358589172,-0.1280960589647293,-0.00993140134960413,-0.08597131818532944,0.17099791765213013,0.04274947941303253,-0.004120027646422386,0.05072036013007164
-0.5314269661903381,-0.13285674154758453,-0.16682972013950348,0.02535719983279705,0.6412264704704285,0.16030661761760712,0.0029559098184108734,-0.002678519580513239,0.1646503508090973,0.04116258770227432,0.1047014370560646,-0.046955253928899765,1.0595872402191162,0.26489681005477905,0.3014734387397766,-0.08473830670118332,0.834742546081543,0.20868563652038574,-0.10278309136629105,-0.037350088357925415,0.6515946984291077,0.16289867460727692,0.01970694214105606,0.000480461138067767,-0.43154627084732056,-0.10788656771183014,-0.14871522784233093,-0.018730854615569115,-0.2868525981903076,-0.0717131495475769,0.004342695698142052,-0.032403554767370224,0.4473436772823334,0.11183591932058334,0.09201494604349136,0.015751440078020096,1.2142460346221924,0.3035615086555481,0.36660125851631165,-0.07614348083734512,-0.15175357460975647,-0.03793839365243912,-0.18521763384342194,-0.013814061880111694,0.3432844281196594,0.08582110702991486,0.0560726523399353,-0.10601172596216202,0.10745034366846085,0.02686258591711521,-0.0022960039786994457,-0.05726275593042374,0.1977941393852234,0.04944853484630585,-0.009762899950146675,0.018297923728823662,-0.10228298604488373,-0.025570746511220932,0.030178910121321678,0.03743903711438179,0.610809862613678,0.1527024656534195,0.15082527697086334,-0.03199619799852371,1.1531319618225098,0.28828299045562744,0.23127727210521698,-0.035743385553359985,0.0610739104449749,0.015268477611243725,0.006388308480381966,-0.026102472096681595,3.4441940784454346,0.8610485196113586,0.9110254645347595,0.04327359423041344,-0.13408607244491577,-0.03352151811122894,-0.010178286582231522,-0.08644887059926987,0.46658384799957275,0.11664596199989319,0.018614448606967926,0.09110362827777863,0.3384859561920166,0.08462148904800415,0.024230828508734703,0.12662754952907562,0.7684345245361328,0.1921086311340332,0.24453572928905487,-0.0436457023024559,-1.0929909944534302,-0.27324774861335754,-0.23890165984630585,0.025915849953889847,-0.0026604533195495605,-0.0006651133298873901,0.005160161294043064,-0.011527913622558117,3.3447084426879883,0.8361771106719971,0.869976818561554,-0.06556274741888046,-0.005986317992210388,-0.001496579498052597,-0.014254994690418243,-0.0589144229888916,0.22191786766052246,0.055479466915130615,-0.0017634257674217224,-0.01563166454434395,-0.16291403770446777,-0.04072850942611694,-0.008630091324448586,-0.019630838185548782
-0.5278039574623108,-0.1319509893655777,-0.13632722198963165,0.1119655966758728,0.5481389760971069,0.13703474402427673,0.011949026957154274,-0.0427091084420681,0.2510177195072174,0.06275442987680435,0.08635953068733215,-0.04157426208257675,0.8655416369438171,0.21638540923595428,0.2753184735774994,-0.029767906293272972,0.7682532668113708,0.1920633167028427,-0.10617512464523315,-0.011425989679992199,0.36280199885368347,0.09070049971342087,0.017303232103586197,-0.010703432373702526,-0.19002987444400787,-0.04750746861100197,-0.12017706781625748,0.14105883240699768,-0.24014264345169067,-0.06003566086292267,-0.00398085406050086,0.061588775366544724,0.5504866242408752,0.1376216560602188,0.09484947472810745,0.02420099452137947,0.8911745548248291,0.22279363870620728,0.30830439925193787,-0.13744835555553436,0.7673995494842529,0.19184988737106323,-0.15361963212490082,0.05311599001288414,0.2884122133255005,0.07210305333137512,0.027839066460728645,0.02522970549762249,0.07652916014194489,0.01913229003548622,0.01031997799873352,0.07021024078130722,-0.06234195828437805,-0.015585489571094513,-0.008870238438248634,0.0008192539098672569,-0.13244827091693878,-0.033112067729234695,0.03730069845914841,-0.08679304271936417,0.6773455142974854,0.16933637857437134,0.1493796557188034,-0.03777272626757622,1.370624303817749,0.34265607595443726,0.23378270864486694,0.07325513660907745,0.13407428562641144,0.03351857140660286,-0.004631327465176582,-0.0010825932258740067,3.7356433868408203,0.9339108467102051,0.9284828901290894,0.03711283206939697,0.08900164812803268,0.02225041203200817,0.00784006156027317,0.06801881641149521,-0.3868175745010376,-0.0967043936252594,-0.005772903561592102,-0.12277211248874664,-0.5746046900749207,-0.14365117251873016,-0.020435476675629616,-0.1720455437898636,0.9585444331169128,0.2396361082792282,0.22823742032051086,-0.028925759717822075,-1.1331712007522583,-0.2832928001880646,-0.2472555786371231,0.033556293696165085,-0.08095195889472961,-0.020237989723682404,-0.013164369389414787,-0.013338744640350342,3.4951798915863037,0.8737949728965759,0.8710020780563354,-0.0075920880772173405,0.09611552953720093,0.024028882384300232,0.008320599794387817,-0.02707868255674839,0.06680618226528168,0.01670154556632042,0.018294835463166237,0.003906422760337591,0.21194162964820862,0.052985407412052155,-0.0008841641247272491,-0.028202513232827187
-0.41019606590270996,-0.10254901647567749,-0.11070798337459564,0.016184872016310692,0.16880352795124054,0.042200881987810135,-0.004164069425314665,-0.04295066371560097,0.24131810665130615,0.06032952666282654,0.08131493628025055,-0.06302262842655182,0.798982560634613,0.19974564015865326,0.22676312923431396,-0.13470666110515594,0.8706640005111694,0.21766600012779236,-0.08209571987390518,0.07722234725952148,0.05774206668138504,0.01443551667034626,0.02550787292420864,-0.003565835999324918,-0.1356130987405777,-0.033903274685144424,-0.08551189303398132,0.08410453051328659,-0.3287191390991211,-0.08217978477478027,0.008530927821993828,0.025959229096770287,0.512249231338501,0.12806230783462524,0.07941949367523193,0.06450646370649338,0.8875135183334351,0.22187837958335876,0.2437189668416977,-0.21231412887573242,0.987886905670166,0.2469717264175415,-0.12547649443149567,0.11502479761838913,0.16771259903907776,0.04192814975976944,0.02222050540149212,-0.014207077212631702,-0.13775226473808289,-0.03443806618452072,0.0020002061501145363,-0.01801241748034954,-0.11812593042850494,-0.029531482607126236,-0.003246977925300598,-0.039848461747169495,-0.10779820382595062,-0.026949550956487656,0.011621356010437012,-0.05261915922164917,0.4805419445037842,0.12013548612594604,0.16426239907741547,-0.04487183317542076,1.2722954750061035,0.3180738687515259,0.23255404829978943,-0.0587933175265789,0.17366428673267365,0.04341607168316841,0.012804878875613213,-0.015171480365097523,3.4919986724853516,0.8729996681213379,0.9143510460853577,0.05605966970324516,-0.10564906150102615,-0.02641226537525654,-0.0070354752242565155,-0.052859555929899216,0.4345279932022095,0.10863199830055237,0.03524211794137955,0.03004446066915989,0.5303325653076172,0.1325831413269043,0.01692940853536129,0.13763026893138885,1.0036336183547974,0.25090840458869934,0.23126909136772156,0.04098919779062271,-1.38939368724823,-0.3473484218120575,-0.2529604136943817,-0.06228330358862877,0.015655696392059326,0.0039139240980148315,0.013647900894284248,0.08285190910100937,3.6606340408325195,0.9151585102081299,0.8939341306686401,0.07923784106969833,-0.04753674566745758,-0.011884186416864395,-0.006851713173091412,0.03243362903594971,-0.27397817373275757,-0.06849454343318939,-0.005547300912439823,-0.08296679705381393,-0.09656700491905212,-0.02414175122976303,-0.006873836740851402,0.0030173063278198242
-0.24717678129673004,-0.06179419532418251,-0.07709576934576035,0.01959090307354927,0.3780979514122009,0.09452448785305023,0.00850745104253292,0.0196169912815094,0.2304488718509674,0.05761221796274185,0.09091679006814957,-0.013030767440795898,0.6411584615707397,0.16028961539268494,0.17729516327381134,-0.07134389132261276,0.6150118708610535,0.15375296771526337,-0.06789422035217285,-0.01703297533094883,-0.014107219874858856,-0.003526804968714714,0.014103857800364494,-0.04139260575175285,-0.09063982963562012,-0.02265995740890503,-0.036657847464084625,0.13235966861248016,-0.34291550517082214,-0.08572887629270554,-0.00526407640427351,0.07237565517425537,0.5103017091751099,0.12757542729377747,0.09365636855363846,0.013978737406432629,0.6854230761528015,0.17135576903820038,0.18586143851280212,-0.1679346114397049,0.8543288707733154,0.21358221769332886,-0.10104348510503769,-0.004660308361053467,-0.07887986302375793,-0.019719965755939484,0.02768266387283802,-0.0011803389061242342,0.005667336285114288,0.001416834071278572,0.007228918373584747,-0.025853773579001427,0.1843906193971634,0.04609765484929085,-0.006437469273805618,-0.015811437740921974,0.051282692700624466,0.012820673175156116,0.03122398816049099,0.08598411083221436,0.7521830797195435,0.18804576992988586,0.1549444943666458,-0.06301761418581009,1.3376266956329346,0.33440667390823364,0.24944184720516205,-0.02650516666471958,0.04911578819155693,0.012278947047889233,0.01061360165476799,-0.013745784759521484,3.840700626373291,0.9601751565933228,0.9340006709098816,0.10393481701612473,-0.00896030105650425,-0.0022400752641260624,0.007630068808794022,-0.05369848012924194,-0.4953120946884155,-0.12382802367210388,-0.012751780450344086,-0.09320542216300964,-0.664908230304718,-0.1662270575761795,-0.021049097180366516,-0.055851854383945465,0.799532413482666,0.1998831033706665,0.22177112102508545,-0.0036344469990581274,-0.985332727432251,-0.24633318185806274,-0.24261312186717987,0.06711483001708984,-0.19355922937393188,-0.04838980734348297,-0.02173062041401863,0.017659330740571022,3.4473392963409424,0.8618348240852356,0.8826016783714294,-0.04860644415020943,0.04583512246608734,0.011458780616521835,-0.005139663815498352,-0.01917448081076145,0.19673453271389008,0.04918363317847252,0.019195036962628365,0.08183231204748154,0.06227371096611023,0.015568427741527557,0.014344345778226852,0.0762605294585228
-0.17348961532115936,-0.04337240383028984,-0.08017345517873764,-0.036601465195417404,0.1540447324514389,0.038511183112859726,0.012771781533956528,-0.0014885604614391923,0.2205408215522766,0.05513520538806915,0.09356110543012619,-0.013316864147782326,0.5480841398239136,0.1370210349559784,0.15857402980327606,-0.005206340458244085,0.42615801095962524,0.10653950273990631,-0.05660740286111832,0.01672798953950405,-0.06572509557008743,-0.016431273892521858,0.020800335332751274,-0.032188963145017624,0.10378901660442352,0.02594725415110588,-0.01849529705941677,0.07065433263778687,-0.30634844303131104,-0.07658711075782776,-0.0034865746274590492,-0.03046131692826748,0.5007642507553101,0.12519106268882751,0.08926656097173691,-0.07681059092283249,0.6841493844985962,0.17103734612464905,0.1498720496892929,-0.1086023822426796,0.876914381980896,0.219228595495224,-0.08458217978477478,-0.024028927087783813,-0.06824660301208496,-0.01706165075302124,0.02214363031089306,-0.036596786230802536,-0.07662669569253922,-0.019156673923134804,-0.006579000037163496,0.03337555006146431,0.19431376457214355,0.04857844114303589,0.006329722702503204,-0.0445430763065815,-0.24096526205539703,-0.06024131551384926,0.022555435076355934,-0.049280084669589996,0.5072399377822876,0.1268099844455719,0.15457388758659363,-0.01760132983326912,1.1726868152618408,0.2931717038154602,0.2564709782600403,0.08147113770246506,0.16462385654449463,0.04115596413612366,0.026032088324427605,-0.040795642882585526,3.4919917583465576,0.8729979395866394,0.9306110739707947,0.009453224949538708,-0.030250893905758858,-0.007562723476439714,-0.005352148786187172,0.010049039497971535,0.5683163404464722,0.14207908511161804,0.020450985059142113,0.04465923458337784,0.349487841129303,0.08737196028232574,-0.0013780482113361359,0.03530328348278999,1.0361082553863525,0.25902706384658813,0.22121742367744446,-0.01291745901107788,-1.225399136543274,-0.3063497841358185,-0.2541047930717468,-0.047137290239334106,0.1298767328262329,0.03246918320655823,0.008441738784313202,0.025465011596679688,3.737408399581909,0.9343520998954773,0.9153109192848206,-0.00905067939311266,0.09785518050193787,0.024463795125484467,0.013123290613293648,-0.03379444032907486,-0.3453047275543213,-0.08632618188858032,-0.01154835894703865,-0.02441459335386753,-0.4237034320831299,-0.10592585802078247,-0.03027784638106823,-0.10097485035657883
-0.10884670913219452,-0.02721167728304863,-0.049255870282649994,0.09719689190387726,0.23697006702423096,0.05924251675605774,0.013364024460315704,0.010673224925994873,0.2540220320224762,0.06350550800561905,0.0900067612528801,0.02177497185766697,0.4853108525276184,0.1213277131319046,0.12754198908805847,-0.11183122545480728,0.4951780438423157,0.12379451096057892,-0.04369354248046875,-0.020577657967805862,0.07729173451662064,0.01932293362915516,0.028457341715693474,-0.02526729740202427,0.1946772187948227,0.04866930469870567,-0.004430227912962437,0.07047934830188751,-0.25672194361686707,-0.06418048590421677,0.0021258918568491936,0.024339115247130394,0.5417815446853638,0.13544538617134094,0.09434343129396439,-0.05844494327902794,0.6465267539024353,0.16163168847560883,0.11856577545404434,-0.08535050600767136,0.8887920379638672,0.2221980094909668,-0.07551226019859314,0.07352723181247711,-0.09574902057647705,-0.023937255144119263,0.017608080059289932,-0.030944595113396645,-0.034205131232738495,-0.008551282808184624,-0.008780640549957752,-0.026286983862519264,0.039085716009140015,0.009771429002285004,0.011627070605754852,0.0506332628428936,-0.01055113598704338,-0.002637783996760845,0.028998931869864464,-0.02404649928212166,0.6241937279701233,0.15604843199253082,0.1524215042591095,0.023136282339692116,0.9235520958900452,0.2308880239725113,0.27128979563713074,0.004295819904655218,0.0462527833878994,0.01156319584697485,0.02633688412606716,-0.035082802176475525,3.7561614513397217,0.9390403628349304,0.9323140978813171,0.06958978623151779,-0.01226113922894001,-0.0030652848072350025,0.00043791811913251877,0.049890220165252686,-0.22176149487495422,-0.055440373718738556,0.011677809059619904,0.001738429069519043,-0.27100804448127747,-0.06775201112031937,-0.028373785316944122,-0.017629122361540794,1.0565136671066284,0.2641284167766571,0.22130896151065826,-0.0656241849064827,-1.0483895540237427,-0.26209738850593567,-0.25174206495285034,0.020682865753769875,-0.12366601824760437,-0.030916504561901093,-0.01857072487473488,-0.01469435729086399,3.5116066932678223,0.8779016733169556,0.8914080858230591,0.011112004518508911,-0.09441784769296646,-0.023604461923241615,-0.014315402135252953,-0.0731138214468956,0.2429656833410263,0.06074142083525658,-0.0029393574222922325,0.0367339625954628,0.6560428142547607,0.16401070356369019,0.017001470550894737,0.0833287462592125
-0.264248251914978,-0.0660620629787445,-0.053618647158145905,-0.06725901365280151,0.2675746977329254,0.06689367443323135,-0.003341461531817913,-0.03276519104838371,0.2291501760482788,0.0572875440120697,0.08857028186321259,-0.07721997052431107,0.4179813861846924,0.1044953465461731,0.11314579099416733,-0.025340748950839043,0.3547464609146118,0.08868661522865295,-0.04369606077671051,-0.015993529930710793,0.1127578392624855,0.028189459815621376,0.011211199685931206,0.05774962902069092,0.17501552402973175,0.04375388100743294,-0.007178272120654583,-0.05605660006403923,-0.289608359336853,-0.07240208983421326,0.0014096945524215698,-0.01790572516620159,0.5828859210014343,0.14572148025035858,0.08859807252883911,-0.07841791957616806,0.5113308429718018,0.12783271074295044,0.1000392735004425,-0.0860413908958435,0.49045073986053467,0.12261268496513367,-0.07827266305685043,-0.039557624608278275,-0.07476094365119934,-0.018690235912799835,0.026057271286845207,-0.036878373473882675,-0.05403364449739456,-0.01350841112434864,0.008227316662669182,0.03949066624045372,-0.015448257327079773,-0.0038620643317699432,0.01103232242166996,0.0052745104767382145,-0.08439220488071442,-0.021098051220178604,0.004903444088995457,-0.04866785556077957,0.40963244438171387,0.10240811109542847,0.1380649209022522,-0.07496222853660583,0.9843812584877014,0.24609531462192535,0.25692814588546753,0.040081869810819626,0.006882425397634506,0.0017206063494086266,0.00410955585539341,0.042147766798734665,3.6259500980377197,0.9064875245094299,0.9351903796195984,-0.006704974453896284,-0.0805019959807396,-0.0201254989951849,-0.0007729837670922279,-0.022615259513258934,0.03824561834335327,0.009561404585838318,0.020745987072587013,0.07285156100988388,0.2993496060371399,0.07483740150928497,0.006162641569972038,-0.005703854840248823,1.256104588508606,0.3140261471271515,0.22540472447872162,-0.02853930927813053,-1.088720440864563,-0.27218011021614075,-0.2568177580833435,-0.04961950704455376,0.12484979629516602,0.031212449073791504,-0.003192584030330181,0.012238514609634876,3.6395938396453857,0.9098984599113464,0.9071958065032959,0.058674346655607224,0.1806163191795349,0.04515407979488373,0.002280324697494507,0.013244956731796265,0.007354423403739929,0.0018386058509349823,0.0007650358602404594,-0.05433092266321182,-0.44404336810112,-0.11101084202528,0.0021317806094884872,-0.08304866403341293
-0.10669471323490143,-0.026673678308725357,-0.02282092161476612,0.08370023220777512,0.37977874279022217,0.09494468569755554,0.009491121396422386,0.03796384483575821,0.25827503204345703,0.06456875801086426,0.07990606874227524,0.0017288804519921541,0.21415120363235474,0.053537800908088684,0.08701124042272568,-0.07603469491004944,-0.053891707211732864,-0.013472926802933216,-0.033887363970279694,0.029043544083833694,0.12372442334890366,0.030931105837225914,0.02357499860227108,-0.03458843380212784,0.12562398612499237,0.03140599653124809,0.02301102690398693,0.05891374498605728,-0.2640836238861084,-0.0660209059715271,-0.008284302428364754,-0.047411173582077026,0.5498752593994141,0.13746881484985352,0.09146535396575928,-0.017366236075758934,0.4770462214946747,0.11926155537366867,0.09740044921636581,0.0455334447324276,0.05668330192565918,0.014170825481414795,-0.06647172570228577,0.05671612173318863,-0.2567767798900604,-0.0641941949725151,0.025435497984290123,0.06349056214094162,-0.11213057488203049,-0.028032643720507622,0.004123108461499214,0.04486091062426567,0.001509159803390503,0.00037728995084762573,0.015097880735993385,0.01670079305768013,0.10150890052318573,0.025377225130796432,0.017972007393836975,0.05132812261581421,0.7620763778686523,0.19051909446716309,0.1492861956357956,0.07396461814641953,0.9560370445251465,0.23900926113128662,0.2633323669433594,-0.07961966842412949,0.07963168621063232,0.01990792155265808,0.01197412982583046,0.06975460052490234,3.6810600757598877,0.9202650189399719,0.934363067150116,-0.09204874187707901,-0.007041687145829201,-0.0017604217864573002,-0.008594121783971786,0.026755882427096367,-0.14537309110164642,-0.036343272775411606,-0.0028944630175828934,-0.0005366682889871299,-0.24179181456565857,-0.06044795364141464,-0.01998347043991089,-0.06779612600803375,1.2103263139724731,0.3025815784931183,0.24118955433368683,-0.0076729715801775455,-0.9748103618621826,-0.24370259046554565,-0.257254958152771,0.00392462033778429,-0.07654082775115967,-0.019135206937789917,-0.014570902101695538,0.0369277261197567,3.4988138675689697,0.8747034668922424,0.9004954695701599,-0.007879412733018398,0.013517975807189941,0.0033794939517974854,-0.005045378115028143,-0.06381823122501373,0.3324393928050995,0.08310984820127487,0.01746717281639576,0.02777383290231228,0.2190479040145874,0.05476197600364685,0.009710947051644325,0.001111960387788713
-0.2540161609649658,-0.06350404024124146,-0.011126937344670296,0.010499054566025734,0.24967263638973236,0.06241815909743309,-0.006594020873308182,0.022014230489730835,0.21789759397506714,0.054474398493766785,0.084818996489048,-0.07058364152908325,0.18207186460494995,0.04551796615123749,0.07483307272195816,-0.062197811901569366,-0.2968454957008362,-0.07421137392520905,-0.028422122821211815,-0.06584393233060837,0.16606378555297852,0.04151594638824463,0.02082882635295391,0.00960953813046217,0.16413001716136932,0.04103250429034233,0.02085190638899803,0.04196953773498535,-0.12391349673271179,-0.030978374183177948,-0.00585866579785943,0.03860507160425186,0.5381765961647034,0.13454414904117584,0.09344293177127838,0.042794253677129745,0.37249240279197693,0.09312310069799423,0.09134407341480255,0.004920977633446455,-0.07726544141769409,-0.019316360354423523,-0.08269763737916946,0.015366876497864723,-0.3932959735393524,-0.0983239933848381,0.015030181035399437,0.012604582123458385,-0.01781482994556427,-0.0044537074863910675,0.0027289772406220436,-0.06302543729543686,0.013342559337615967,0.0033356398344039917,0.01960514299571514,0.04271727800369263,0.06681464612483978,0.016703661531209946,0.0062566716223955154,-0.01660614088177681,0.7938984632492065,0.19847461581230164,0.14971204102039337,-0.015690375119447708,1.1141059398651123,0.2785264849662781,0.2405921369791031,-0.012868130579590797,0.005620177835226059,0.0014050444588065147,0.002033296972513199,-0.004656809847801924,3.5856447219848633,0.8964111804962158,0.9221516847610474,-0.0009269476286135614,-0.035530634224414825,-0.008882658556103706,-0.0037957429885864258,-0.025051698088645935,0.3517712354660034,0.08794280886650085,0.016848376020789146,0.0286133773624897,0.2480400800704956,0.0620100200176239,0.0034945327788591385,0.07830654829740524,1.0788519382476807,0.26971298456192017,0.240102156996727,-0.003679567715153098,-1.1029953956604004,-0.2757488489151001,-0.24173621833324432,0.05871538072824478,0.015761613845825195,0.003940403461456299,0.007969409227371216,0.05967242643237114,3.7050578594207764,0.9262644648551941,0.9037880897521973,0.025697743520140648,0.06115148961544037,0.015287872403860092,-0.0017567472532391548,-0.06165877729654312,-0.1394142061471939,-0.03485355153679848,0.015635093674063683,-0.009040248580276966,-0.11915001273155212,-0.02978750318288803,0.0084865503013134,0.01215102057904005
-0.167636901140213,-0.04190922528505325,0.003545386716723442,0.06677348911762238,0.3659716248512268,0.0914929062128067,0.004377624019980431,0.020572049543261528,0.22457373142242432,0.05614343285560608,0.07607007026672363,0.02651265822350979,0.203550785779953,0.05088769644498825,0.07858490943908691,-0.031849537044763565,-0.10969977080821991,-0.027424942702054977,-0.021908452734351158,0.0495295524597168,0.10009140521287918,0.025022851303219795,0.009085671976208687,0.03999469429254532,0.2143564373254776,0.0535891093313694,0.027632998302578926,0.05914851650595665,-0.13255640864372253,-0.033139102160930634,0.007396997883915901,0.056153930723667145,0.5033717155456543,0.12584292888641357,0.09789557754993439,-0.060844141989946365,0.41493913531303406,0.10373478382825851,0.1021183654665947,-0.002829986857250333,-0.0625985860824585,-0.015649646520614624,-0.08243164420127869,-0.05041668564081192,-0.5583722591400146,-0.13959306478500366,-0.0007827561348676682,-0.06642680615186691,0.07670481503009796,0.01917620375752449,-0.002721952274441719,-0.06922448426485062,-0.11356799304485321,-0.028391998261213303,0.01868828758597374,-0.008103745989501476,0.10616336762905121,0.026540841907262802,0.021475864574313164,-0.013959914445877075,0.916888415813446,0.2292221039533615,0.1594482809305191,-0.03764503076672554,1.294320821762085,0.32358020544052124,0.24566040933132172,-0.0074092629365623,0.1646653115749359,0.04116632789373398,0.012108946219086647,-0.033796899020671844,3.744079113006592,0.936019778251648,0.9224857687950134,0.08093350380659103,-0.07379656285047531,-0.018449140712618828,0.0006868811324238777,-0.03180880844593048,-0.030709534883499146,-0.007677383720874786,0.023648763075470924,-0.0579313300549984,-0.34215807914733887,-0.08553951978683472,-0.012639366090297699,-0.08952315151691437,1.0337845087051392,0.2584461271762848,0.24209298193454742,0.004224628210067749,-1.401172399520874,-0.3502930998802185,-0.24841472506523132,-0.017299581319093704,-0.19934046268463135,-0.04983511567115784,-0.010292247869074345,-0.008776319213211536,3.6775128841400146,0.9193782210350037,0.9178826212882996,0.027555597946047783,0.044430702924728394,0.011107675731182098,0.003649652935564518,-0.061383116990327835,-0.06603999435901642,-0.016509998589754105,-0.0005490891635417938,-0.07657177746295929,-0.05203831195831299,-0.013009577989578247,-0.00866609811782837,-0.02184618078172207
-0.4597975015640259,-0.11494937539100647,-0.0023615555837750435,0.04706790670752525,0.3160862326622009,0.07902155816555023,0.003115398809313774,0.01921427808701992,0.16575078666210175,0.041437696665525436,0.09140724688768387,-0.015242231078445911,0.12864097952842712,0.03216024488210678,0.06945785135030746,0.021715689450502396,-0.387351393699646,-0.0968378484249115,-0.03659720718860626,-0.00022164583788253367,0.053991518914699554,0.013497879728674889,0.013682832941412926,0.0563616044819355,0.4894859790802002,0.12237149477005005,0.027737373486161232,0.015703661367297173,-0.3171769082546234,-0.07929422706365585,0.006115095689892769,0.02019261196255684,0.6005272269248962,0.15013180673122406,0.0911281630396843,-0.06903376430273056,0.4325486719608307,0.10813716799020767,0.08336588740348816,-0.03496723994612694,-0.0036780238151550293,-0.0009195059537887573,-0.07684333622455597,0.03643248230218887,-0.45839110016822815,-0.11459777504205704,0.0037770140916109085,-0.01338935550302267,0.05081336572766304,0.01270334143191576,0.00037070922553539276,-0.012256408110260963,0.0675109326839447,0.016877733170986176,0.015076922252774239,0.009559047408401966,-0.059712719172239304,-0.014928179793059826,0.011159365996718407,-0.0178994070738554,0.5915049910545349,0.14787624776363373,0.17190764844417572,0.06885496526956558,1.1552470922470093,0.2888117730617523,0.2411545068025589,-0.06961928308010101,0.10960473120212555,0.027401182800531387,0.00719020701944828,0.0654214397072792,3.6760315895080566,0.9190078973770142,0.9355395436286926,-0.024180341511964798,-0.022469425573945045,-0.005617356393486261,0.0001873532310128212,-0.009439748711884022,-0.06882357597351074,-0.017205893993377686,0.016707908362150192,0.048713792115449905,0.22888779640197754,0.057221949100494385,-0.00878997053951025,0.08228838443756104,1.0842527151107788,0.2710631787776947,0.2700537443161011,0.11601274460554123,-1.2233272790908813,-0.30583181977272034,-0.24130859971046448,-7.18832015991211e-05,-0.0037477612495422363,-0.0009369403123855591,-0.005041102878749371,0.030503643676638603,3.460904836654663,0.8652262091636658,0.9116451144218445,0.015041613951325417,-0.009645208716392517,-0.0024113021790981293,0.0012897541746497154,0.061337899416685104,0.21499629318714142,0.053749073296785355,0.025092078372836113,0.024393999949097633,0.12470424175262451,0.031176060438156128,-0.002843092195689678,0.06872867792844772
-0.1651448756456375,-0.04128621891140938,0.003625730983912945,-0.03637450933456421,0.2569124698638916,0.0642281174659729,0.0138297900557518,0.014882820658385754,0.24435153603553772,0.06108788400888443,0.09163498878479004,0.017902029678225517,0.2164231836795807,0.05410579591989517,0.08195143938064575,-0.053326696157455444,-0.2868242859840393,-0.07170607149600983,-0.03838188946247101,0.030619312077760696,0.08923166245222092,0.02230791561305523,0.017545761540532112,-0.03367946296930313,0.32267022132873535,0.08066755533218384,0.03661227971315384,0.04162672907114029,-0.2926867604255676,-0.0731716901063919,0.0057299379259347916,0.07216407358646393,0.5942114591598511,0.14855286478996277,0.10305233299732208,-0.0030631839763373137,0.44827330112457275,0.11206832528114319,0.09035219997167587,0.019831383600831032,-0.045494139194488525,-0.011373534798622131,-0.08115599304437637,-0.02889692783355713,-0.4999942481517792,-0.1249985620379448,-0.013892164453864098,-0.06556842476129532,0.04001309722661972,0.01000327430665493,-0.007373269647359848,-0.012392527423799038,0.09898597002029419,0.024746492505073547,0.021067125722765923,0.007041770499199629,0.06651528179645538,0.016628820449113846,0.022061092779040337,0.07674568146467209,0.7436167001724243,0.18590417504310608,0.1715133786201477,-0.0223537627607584,1.2771718502044678,0.31929296255111694,0.2621613144874573,-0.02891317382454872,0.034346919506788254,0.008586729876697063,0.010125957429409027,-0.07838179171085358,3.5970664024353027,0.8992666006088257,0.9262667298316956,0.01615871861577034,-0.08485660701990128,-0.02121415175497532,-0.007908082567155361,0.06532793492078781,-0.10644844174385071,-0.026612110435962677,0.0020619751885533333,-0.0008417427889071405,-0.20046696066856384,-0.05011674016714096,-0.01999621093273163,-0.04125991836190224,1.006949543952942,0.2517373859882355,0.2817274034023285,0.016695499420166016,-1.1762725114822388,-0.2940681278705597,-0.2454395592212677,0.008726472035050392,-0.06530556082725525,-0.016326390206813812,-0.008491963148117065,-0.026363244280219078,3.5895907878875732,0.8973976969718933,0.9237920045852661,0.04746692255139351,-0.06803004443645477,-0.017007511109113693,-0.000748584046959877,-0.020241349935531616,-0.26598310470581055,-0.06649577617645264,0.004204626195132732,-0.10569798946380615,-0.12430451810359955,-0.031076129525899887,0.008228031918406487,0.026782512664794922
-0.321723997592926,-0.0804309993982315,-0.005591533612459898,-0.0631345734000206,0.28573670983314514,0.07143417745828629,0.015880314633250237,-0.03227651119232178,0.16385728120803833,0.04096432030200958,0.07512272894382477,0.002423155354335904,0.05319023132324219,0.013297557830810547,0.08290263265371323,-0.0524614118039608,-0.7538278698921204,-0.1884569674730301,-0.04152103513479233,0.045265983790159225,0.24304348230361938,0.060760870575904846,-0.001680927351117134,0.01440273504704237,0.4136177897453308,0.1034044474363327,0.03808049112558365,-0.04533122852444649,-0.36997002363204956,-0.09249250590801239,0.015083014965057373,-0.0009874999523162842,0.564099133014679,0.14102478325366974,0.08885186165571213,-0.02191491238772869,0.4391447901725769,0.10978619754314423,0.08570437133312225,0.040399219840765,-0.41293007135391235,-0.10323251783847809,-0.08940427005290985,-0.01684798114001751,-0.4949677288532257,-0.12374193221330643,-0.0006446931511163712,0.034854937344789505,0.025546737015247345,0.006386684253811836,0.0022053178399801254,-0.001687127398326993,0.06689973175525665,0.016724932938814163,0.014297457411885262,0.023882240056991577,-0.17534874379634857,-0.04383718594908714,-0.0016408748924732208,-0.04825327917933464,0.573628306388855,0.14340707659721375,0.17976205050945282,0.052480995655059814,1.1676708459854126,0.29191771149635315,0.25558000802993774,0.007567924447357655,0.1688331812620163,0.042208295315504074,0.00695403479039669,0.02608361281454563,3.530663013458252,0.882665753364563,0.9309003949165344,-0.0815947875380516,0.05527883023023605,0.013819707557559013,0.0024787159636616707,-0.010877758264541626,0.12256154417991638,0.030640386044979095,0.020243950188159943,-0.03553186357021332,0.25301167368888855,0.06325291842222214,0.006128652021288872,0.00990759115666151,1.139426350593567,0.2848565876483917,0.28608518838882446,0.06540246307849884,-1.1612061262130737,-0.29030153155326843,-0.2596096098423004,-0.0009513855329714715,-0.014986813068389893,-0.003746703267097473,7.005035877227783e-05,0.05553145334124565,3.55037522315979,0.8875938057899475,0.913484513759613,-0.013806152157485485,-0.016848012804985046,-0.004212003201246262,-0.0065380120649933815,-0.06401687115430832,0.2747865915298462,0.06869664788246155,0.01348656415939331,-0.018287433311343193,-0.14930351078510284,-0.03732587769627571,-0.0025809090584516525,-0.017460107803344727
-0.07270994782447815,-0.018177486956119537,0.013306083157658577,0.08706247806549072,0.10720136016607285,0.02680034004151821,0.017007676884531975,0.05444169044494629,0.23585298657417297,0.05896324664354324,0.0758204385638237,0.03499716520309448,0.10977515578269958,0.027443788945674896,0.058629028499126434,-0.014625650830566883,-0.7007457613945007,-0.17518644034862518,-0.046135880053043365,0.026328647509217262,0.21603310108184814,0.054008275270462036,-0.000956815667450428,0.05136987194418907,0.1813182681798935,0.04532956704497337,0.05787378549575806,-0.0036505877505987883,-0.35138389468193054,-0.08784597367048264,0.004550477489829063,0.03178393840789795,0.6017439961433411,0.15043599903583527,0.09638506174087524,0.023632263764739037,0.39941853284835815,0.09985463321208954,0.0991550087928772,0.08155041188001633,-0.3927586078643799,-0.09818965196609497,-0.09238650649785995,0.014554726891219616,-0.6431549787521362,-0.16078874468803406,-0.01823681965470314,0.06491171568632126,0.0052380189299583435,0.0013095047324895859,-0.00036037713289260864,0.026743674650788307,-0.070929616689682,-0.0177324041724205,0.010117651894688606,-0.040935393422842026,0.1363667994737625,0.03409169986844063,0.005535062402486801,-0.026782233268022537,0.8130277991294861,0.20325694978237152,0.17706908285617828,0.012909352779388428,1.0847899913787842,0.27119749784469604,0.25877609848976135,0.05378234386444092,0.07713823020458221,0.019284557551145554,0.010256966575980186,-0.00931665301322937,3.62744402885437,0.9068610072135925,0.9148762822151184,-0.0655001550912857,-0.053354911506175995,-0.013338727876543999,0.007488586008548737,-0.05336266756057739,-0.020387768745422363,-0.005096942186355591,0.016954557970166206,0.010289127007126808,-0.3330009877681732,-0.0832502469420433,-0.020357651636004448,-0.03661171719431877,0.9948698282241821,0.24871745705604553,0.27444010972976685,-0.005675810854882002,-1.084889531135559,-0.27122238278388977,-0.26594263315200806,-0.006321317050606012,-0.1283445656299591,-0.03208614140748978,-0.014138229191303253,0.007164824288338423,3.6748321056365967,0.9187080264091492,0.9356330633163452,0.07121098041534424,0.06835804879665375,0.017089512199163437,-0.0045564924366772175,0.04769764095544815,0.05265553295612335,0.013163883239030838,0.03144896775484085,0.002709770342335105,0.12771126627922058,0.031927816569805145,0.00030949991196393967,-0.028217738494277
-0.34450680017471313,-0.08612670004367828,0.02262972481548786,-0.04429604485630989,0.11145678162574768,0.02786419540643692,0.002284575253725052,-0.025525493547320366,0.1801227331161499,0.045030683279037476,0.07040929049253464,-0.029917661100625992,0.06186872720718384,0.01546718180179596,0.06616580486297607,0.032224562019109726,-0.8419095873832703,-0.21047739684581757,-0.0334736667573452,-0.043134965002536774,0.22724145650863647,0.05681036412715912,0.0024199793115258217,0.055087506771087646,0.049264684319496155,0.012316171079874039,0.04012385755777359,-0.10359672456979752,-0.37204623222351074,-0.09301155805587769,0.010363137349486351,-0.028993068262934685,0.5958231687545776,0.1489557921886444,0.09167606383562088,0.020792365074157715,0.31852883100509644,0.07963220775127411,0.11527539044618607,0.09303122758865356,-0.7539335489273071,-0.18848338723182678,-0.10521219670772552,0.0059639993123710155,-0.7837471961975098,-0.19593679904937744,-0.030528536066412926,0.01905144564807415,0.030682001262903214,0.007670500315725803,-0.008119896985590458,-0.06539102643728256,-0.036738112568855286,-0.009184528142213821,0.014348449185490608,0.004500025417655706,0.10266570746898651,0.025666426867246628,-0.004287322051823139,-0.0459587387740612,0.8590388298034668,0.2147597074508667,0.2015552669763565,0.022821856662631035,0.8847633600234985,0.22119084000587463,0.2558196485042572,-0.036082830280065536,0.06806039810180664,0.01701509952545166,0.02655794285237789,0.07171189785003662,3.5842294692993164,0.8960573673248291,0.9074503183364868,-0.030454132705926895,-0.047941409051418304,-0.011985352262854576,0.007465336471796036,-0.03349822387099266,-0.07387250661849976,-0.01846812665462494,0.0005669146776199341,0.045848965644836426,0.11695227026939392,0.02923806756734848,-0.011601771228015423,-0.03358055278658867,1.047095537185669,0.26177388429641724,0.2879742383956909,-0.06590330600738525,-0.9857139587402344,-0.2464284896850586,-0.25145477056503296,-0.02974718250334263,0.011078834533691406,0.0027697086334228516,-0.016312919557094574,0.011718160472810268,3.573225975036621,0.8933064937591553,0.9268783330917358,-0.07119735330343246,-0.02114635705947876,-0.00528658926486969,0.0051147304475307465,-0.038524772971868515,-0.3040776252746582,-0.07601940631866455,0.0015054168179631233,-0.09629010409116745,0.005798831582069397,0.0014497078955173492,-0.004925103858113289,0.02546107769012451
-0.2801192104816437,-0.07002980262041092,0.025846241042017937,-0.00030019282712601125,0.311268150806427,0.07781703770160675,0.0024737082421779633,0.043647196143865585,0.16959303617477417,0.04239825904369354,0.05141535401344299,0.06263535469770432,0.004511028528213501,0.0011277571320533752,0.06507813185453415,0.049348484724760056,-0.7592234015464783,-0.18980585038661957,-0.04700636863708496,0.004894667770713568,0.2684900760650635,0.06712251901626587,-0.0018708528950810432,-0.07155903428792953,0.181305930018425,0.04532648250460625,0.04828447848558426,0.04867525026202202,-0.33028551936149597,-0.08257137984037399,0.02371254377067089,-0.02737007476389408,0.5848050117492676,0.1462012529373169,0.0949985533952713,-0.0633525475859642,0.36477914452552795,0.09119478613138199,0.11646216362714767,0.042869579046964645,-0.6795054078102112,-0.1698763519525528,-0.1030072420835495,0.044569291174411774,-0.7697122097015381,-0.19242805242538452,-0.04233025759458542,-0.06588353216648102,0.06232377141714096,0.01558094285428524,0.007007738575339317,-0.02755144238471985,-0.151622012257576,-0.037905503064394,0.017725229263305664,-0.002629155060276389,0.18586932122707367,0.04646733030676842,-0.01522836834192276,0.08839591592550278,0.6130657196044922,0.15326642990112305,0.20418551564216614,-0.02106728032231331,0.9321324229240417,0.23303310573101044,0.2532751262187958,0.01223061140626669,-0.06327849626541138,-0.015819624066352844,0.004504941403865814,-0.06187744811177254,3.5370516777038574,0.8842629194259644,0.9242197275161743,0.0670570656657219,-0.06575208157300949,-0.016438020393252373,-0.005349437240511179,0.023208213970065117,0.06484821438789368,0.01621205359697342,0.01660945639014244,0.08338140696287155,0.03779985010623932,0.00944996252655983,0.004291130229830742,0.01633070781826973,1.3201576471328735,0.3300394117832184,0.28431442379951477,0.09702543169260025,-1.009940266609192,-0.252485066652298,-0.24872153997421265,0.07184701412916183,0.012313902378082275,0.003078475594520569,-0.010176665149629116,0.0835411325097084,3.485133647918701,0.8712834119796753,0.8948336243629456,-0.026988107711076736,-0.08960115909576416,-0.02240028977394104,-0.010595427826046944,-0.05973708629608154,0.4205079972743988,0.1051269993185997,0.03348952531814575,0.015866821631789207,-0.05124963819980621,-0.012812409549951553,-0.007642216049134731,-0.013232993893325329
-0.15533336997032166,-0.038833342492580414,0.02272629924118519,-0.021665925160050392,0.22001518309116364,0.05500379577279091,0.007911743596196175,0.04705305024981499,0.15386492013931274,0.038466230034828186,0.05477377772331238,0.06805428117513657,0.032126545906066895,0.008031636476516724,0.06523840129375458,-0.06293785572052002,-0.7100236415863037,-0.17750591039657593,-0.04852049797773361,0.0013216257793828845,0.29899609088897705,0.07474902272224426,-0.003816829528659582,-0.07140539586544037,0.012120336294174194,0.0030300840735435486,0.04547499865293503,-0.06273072957992554,-0.27832216024398804,-0.06958054006099701,0.02909967117011547,0.06747660785913467,0.6504589319229126,0.16261473298072815,0.1019730493426323,0.02276596985757351,0.37445104122161865,0.09361276030540466,0.12335029989480972,0.0027910470962524414,-0.6090430617332458,-0.15226076543331146,-0.10890913009643555,0.052566029131412506,-0.7339522838592529,-0.18348807096481323,-0.0541834756731987,0.00031405090703628957,-0.07947806268930435,-0.019869515672326088,-0.003168480470776558,-0.0074565173126757145,-0.0388314425945282,-0.00970786064863205,0.008536497130990028,0.046182096004486084,0.1217753142118454,0.03044382855296135,-0.008104266598820686,-0.049263227730989456,0.9009405374526978,0.22523513436317444,0.212074875831604,0.06952440738677979,1.0504629611968994,0.26261574029922485,0.244024857878685,-0.0836675614118576,0.154376819729805,0.03859420493245125,0.015377229079604149,-0.05475976690649986,3.587611675262451,0.8969029188156128,0.908613920211792,0.00520474324002862,-0.01649736799299717,-0.004124341998249292,0.0003071082755923271,-0.01777666248381138,-0.24727392196655273,-0.061818480491638184,-0.011394090950489044,-0.05657622963190079,-0.1936371773481369,-0.048409294337034225,-0.01633307710289955,0.0036600648891180754,1.0150994062423706,0.25377485156059265,0.2917388081550598,0.040572669357061386,-1.3116397857666016,-0.3279099464416504,-0.24051733314990997,0.021240586414933205,-0.19603818655014038,-0.049009546637535095,-0.007667169906198978,0.013504886999726295,3.5773940086364746,0.8943485021591187,0.9103936553001404,-0.011953151784837246,0.037301868200302124,0.009325467050075531,0.00012085121124982834,-0.02836460806429386,-0.30354076623916626,-0.07588519155979156,0.004141038283705711,-0.10885617882013321,0.1678822636604309,0.04197056591510773,0.003184644505381584,0.08495644479990005
-0.04680629074573517,-0.011701572686433792,0.026250166818499565,0.027480829507112503,0.2078491598367691,0.051962289959192276,0.003201546147465706,-0.07431235164403915,0.07466044276952744,0.01866511069238186,0.04811450093984604,0.03304767608642578,0.181629478931427,0.04540736973285675,0.0566767156124115,0.04718821123242378,-0.4366496205329895,-0.10916240513324738,-0.05230765789747238,-0.01694156602025032,0.4183046817779541,0.10457617044448853,0.013378923758864403,0.06036661937832832,0.2679283618927002,0.06698209047317505,0.055343858897686005,0.02214597538113594,-0.49622148275375366,-0.12405537068843842,0.021537913009524345,-0.0514514222741127,0.6643224954605103,0.16608062386512756,0.10860239714384079,-0.020363271236419678,0.38375675678253174,0.09593918919563293,0.11297816038131714,-0.06913136690855026,-0.3387741446495056,-0.0846935361623764,-0.10792319476604462,-0.034669116139411926,-0.597118616104126,-0.1492796540260315,-0.04124075174331665,0.02145875059068203,0.13959667086601257,0.03489916771650314,0.007617944851517677,0.031486522406339645,0.019805021584033966,0.0049512553960084915,-0.00716252438724041,0.059837162494659424,0.004484701901674271,0.0011211754754185677,-0.003896898590028286,0.050177883356809616,0.6929416060447693,0.17323540151119232,0.19582019746303558,-0.07378710061311722,1.3234436511993408,0.3308609127998352,0.23905067145824432,0.06726332008838654,0.12444841861724854,0.031112104654312134,0.017628097906708717,-0.08441632986068726,3.4207663536071777,0.8551915884017944,0.8991345167160034,-0.03235333785414696,-0.06144649535417557,-0.015361623838543892,-0.00863579474389553,-0.003174865385517478,0.40263164043426514,0.10065791010856628,0.025548676028847694,0.09795062988996506,0.05684959888458252,0.01421239972114563,-0.0043355440720915794,0.05881531164050102,0.8234282732009888,0.2058570683002472,0.27722683548927307,0.03982958942651749,-1.291521668434143,-0.32288041710853577,-0.2609797418117523,-0.027598334476351738,-0.026816457509994507,-0.006704114377498627,-0.014927932992577553,-0.006757950875908136,3.45330548286438,0.863326370716095,0.8961349129676819,-0.010912835597991943,-0.04478243738412857,-0.011195609346032143,-0.0070647019892930984,0.06680238246917725,0.2026427686214447,0.050660692155361176,0.01641496829688549,0.03197824954986572,-0.25380972027778625,-0.06345243006944656,0.0012517999857664108,-0.11337152868509293
0.022992625832557678,0.0057481564581394196,0.03183845430612564,0.054723214358091354,0.3577061891555786,0.08942654728889465,0.006752360612154007,-0.04086226597428322,0.10591123253107071,0.026477808132767677,0.05047246068716049,-0.016852034255862236,0.06803515553474426,0.017008788883686066,0.046522803604602814,-0.08529305458068848,-0.36694079637527466,-0.09173519909381866,-0.054053664207458496,-0.06516046077013016,0.2667282521724701,0.06668206304311752,-0.0034263208508491516,0.030191754922270775,0.2055421620607376,0.0513855405151844,0.05657369643449783,-0.02774096094071865,-0.2621629536151886,-0.06554073840379715,0.0204334557056427,0.01840776763856411,0.6235644221305847,0.15589110553264618,0.10617905855178833,-0.013165957294404507,0.4019180238246918,0.10047950595617294,0.10602853447198868,-0.04678815230727196,-0.3493870496749878,-0.08734676241874695,-0.11561151593923569,-0.04357118159532547,-0.7094771862030029,-0.17736929655075073,-0.041665829718112946,-0.02891474962234497,-0.028582625091075897,-0.007145656272768974,-0.000949634239077568,-0.005642545409500599,-0.08579611778259277,-0.021449029445648193,-0.005112871527671814,-0.05971623584628105,-0.04676390811800957,-0.011690977029502392,-0.011528938077390194,0.03805413469672203,1.0134682655334473,0.2533670663833618,0.2056269496679306,-0.041665833443403244,0.9631855487823486,0.24079638719558716,0.23018278181552887,0.05111421272158623,0.1147293746471405,0.028682343661785126,0.018628301098942757,0.08617440611124039,3.7479488849639893,0.9369872212409973,0.9198395013809204,0.024622095748782158,0.010102396830916405,0.002525599207729101,0.0038120681419968605,0.029616117477416992,-0.4591382145881653,-0.11478455364704132,-0.0035413969308137894,-0.020397579297423363,-0.27407899498939514,-0.06851974874734879,-0.021858323365449905,-0.05940757319331169,0.8587766885757446,0.21469417214393616,0.25994428992271423,0.021695757284760475,-1.0172218084335327,-0.2543054521083832,-0.26163211464881897,-0.002283382462337613,-0.05268031358718872,-0.01317007839679718,-0.020860642194747925,-0.06663065403699875,3.529863119125366,0.8824657797813416,0.9173179268836975,0.016151607036590576,0.008195668458938599,0.0020489171147346497,-0.002532468643039465,-0.017431164160370827,-0.1801837831735611,-0.045045945793390274,0.004444090649485588,-0.07372099161148071,0.25187262892723083,0.06296815723180771,0.011842107400298119,-0.01380999106913805
-0.07434360682964325,-0.018585901707410812,0.052638597786426544,0.050335921347141266,0.253094345331192,0.063273586332798,0.01893124170601368,0.03791473060846329,0.1012948527932167,0.025323713198304176,0.055867359042167664,-0.04862663149833679,0.19109544157981873,0.04777386039495468,0.05465158075094223,-0.03471272438764572,-0.1735018938779831,-0.04337547346949577,-0.04510617256164551,-0.0029436410404741764,0.20902183651924133,0.05225545912981033,-0.014069844968616962,-0.07377324998378754,0.508428156375885,0.12710703909397125,0.05995906889438629,0.07061415165662766,-0.4904332756996155,-0.12260831892490387,0.02841520868241787,-0.06572116166353226,0.6500782370567322,0.16251955926418304,0.10413909703493118,0.05200228840112686,0.3966607451438904,0.0991651862859726,0.09762401878833771,-0.013111293315887451,-0.15855582058429718,-0.039638955146074295,-0.10373975336551666,-0.027334315702319145,-0.5177549123764038,-0.12943872809410095,-0.03641565889120102,0.0013077736366540194,0.1484552025794983,0.03711380064487457,-0.008121886290609837,-0.013737755827605724,0.05132211744785309,0.012830529361963272,-0.013587857596576214,0.00846295990049839,0.008184541016817093,0.0020461352542042732,0.014012161642313004,-0.004250973463058472,0.756792426109314,0.1891981065273285,0.21941833198070526,-0.07352038472890854,1.0527739524841309,0.2631934881210327,0.21977946162223816,0.01664477027952671,0.007813524454832077,0.0019533811137080193,0.004862099885940552,-0.07626257091760635,3.4938621520996094,0.8734655380249023,0.9056493639945984,-0.021191580221056938,-0.08809850364923477,-0.022024625912308693,-0.0006909109652042389,-0.0033798813819885254,0.34383654594421387,0.08595913648605347,0.014446768909692764,0.07917135208845139,0.20501072704792023,0.05125268176198006,-0.006746622268110514,0.10731227695941925,0.9889520406723022,0.24723801016807556,0.25138482451438904,-0.059907495975494385,-0.9612656831741333,-0.24031642079353333,-0.2619728744029999,-0.05716529116034508,0.17543870210647583,0.04385967552661896,0.007320007309317589,0.08808379620313644,3.4624407291412354,0.8656101822853088,0.9018256068229675,-0.044144295156002045,0.03607866168022156,0.00901966542005539,-0.012092245742678642,-0.040463823825120926,0.19223077595233917,0.04805769398808479,0.009075891226530075,-0.03269614279270172,-0.16322395205497742,-0.040805988013744354,-0.006529285106807947,0.022462928667664528
0.01178528368473053,0.0029463209211826324,0.03564213961362839,-0.04738330841064453,0.1379222720861435,0.03448056802153587,0.002056916244328022,-0.017966527491807938,0.17698827385902405,0.04424706846475601,0.052784666419029236,-0.004254597704857588,0.16248762607574463,0.04062190651893616,0.06090301275253296,-0.03460767865180969,-0.2398725003004074,-0.05996812507510185,-0.06439287215471268,-0.042903751134872437,0.4082789123058319,0.10206972807645798,0.003062891773879528,0.014665121212601662,0.20973892509937286,0.052434731274843216,0.064175084233284,-0.028869828209280968,-0.4150637984275818,-0.10376594960689545,0.030695883557200432,-0.034247029572725296,0.5958247780799866,0.14895619451999664,0.10290276259183884,-0.048317328095436096,0.331795334815979,0.08294883370399475,0.09175404906272888,-0.06499961763620377,-0.2663761079311371,-0.06659402698278427,-0.11495697498321533,0.04183695465326309,-0.5515663623809814,-0.13789159059524536,-0.021842200309038162,-0.015062970109283924,0.04137355834245682,0.010343389585614204,0.00900748185813427,-0.04713672399520874,0.2022922933101654,0.05057307332754135,-0.02042701095342636,-0.01531942468136549,-0.0016076378524303436,-0.0004019094631075859,-0.0038238195702433586,-0.10022968053817749,0.949005126953125,0.23725128173828125,0.21922944486141205,-0.05782371759414673,1.3281381130218506,0.33203452825546265,0.22399663925170898,-0.05413208529353142,0.1693919450044632,0.0423479862511158,0.001183144748210907,0.011486321687698364,3.7433552742004395,0.9358388185501099,0.9156628251075745,0.05715857818722725,-0.06740490347146988,-0.01685122586786747,-0.002424679696559906,0.04006735235452652,-0.12066816538572311,-0.03016704134643078,0.006754068657755852,0.016309428960084915,-0.276289165019989,-0.06907229125499725,-0.02519995905458927,0.004943549633026123,1.0471867322921753,0.2617966830730438,0.24500735104084015,0.05413616821169853,-0.9036989212036133,-0.22592473030090332,-0.248341366648674,0.10025999695062637,-0.2715325355529785,-0.06788313388824463,-0.029163291677832603,-0.08333777636289597,3.6415469646453857,0.9103867411613464,0.8932961821556091,0.06919826567173004,0.1378340721130371,0.03445851802825928,0.00845620222389698,0.0716487318277359,0.04373936355113983,0.010934840887784958,0.01156233437359333,0.05800923332571983,0.10570448637008667,0.026426121592521667,0.009400492534041405,-0.05060146003961563
0.19562716782093048,0.04890679195523262,0.05136435478925705,0.017567550763487816,0.1864980012178421,0.046624500304460526,0.01636812835931778,-0.06970687955617905,0.15147507190704346,0.037868767976760864,0.0549977570772171,0.007470172829926014,0.22608360648155212,0.05652090162038803,0.05811281502246857,-0.003691303776577115,-0.026258397847414017,-0.006564599461853504,-0.058290041983127594,-0.04969286546111107,0.3420597314834595,0.08551493287086487,0.0001276414841413498,0.0693632960319519,0.17337511479854584,0.04334377869963646,0.07774608582258224,0.07883080095052719,-0.4379290044307709,-0.10948225110769272,0.020443962886929512,-0.06279780715703964,0.6411615610122681,0.16029039025306702,0.11630216985940933,0.034508682787418365,0.3374936282634735,0.08437340706586838,0.09240404516458511,0.009774613194167614,-0.23944294452667236,-0.05986073613166809,-0.11788541823625565,-0.028609851375222206,-0.49357154965400696,-0.12339288741350174,-0.00393621064722538,-0.03732137382030487,-0.017521589994430542,-0.0043803974986076355,0.002239178866147995,0.005081772804260254,0.08375754207372665,0.020939385518431664,-0.014913891442120075,0.06503436714410782,0.15164799988269806,0.037911999970674515,0.0017416216433048248,0.03244779258966446,0.9145719408988953,0.22864298522472382,0.20770646631717682,0.08210913091897964,1.3930621147155762,0.34826552867889404,0.23277141153812408,-0.004814529325813055,0.1679592728614807,0.04198981821537018,0.012243291363120079,0.01628400757908821,3.578320026397705,0.8945800065994263,0.9201346039772034,0.057736169546842575,-0.11104605346918106,-0.027761513367295265,-0.018310192972421646,-0.05201539024710655,0.13623642921447754,0.034059107303619385,0.022813433781266212,0.04394251108169556,0.14123666286468506,0.035309165716171265,-0.015082046389579773,0.020977919921278954,0.9666595458984375,0.24166488647460938,0.24040110409259796,-0.024702979251742363,-1.3132529258728027,-0.3283132314682007,-0.24080659449100494,-0.01741604320704937,0.15769588947296143,0.039423972368240356,0.004123453050851822,0.11439468711614609,3.606346368789673,0.9015865921974182,0.91485995054245,0.030694782733917236,-0.08191768825054169,-0.020479422062635422,-0.007149365730583668,-0.01932203210890293,-0.15570710599422455,-0.03892677649855614,-0.0012063905596733093,0.03324032947421074,-0.07270631194114685,-0.018176577985286713,-0.006608054507523775,0.03972223028540611
0.13026519119739532,0.03256629779934883,0.06389886140823364,0.049652256071567535,0.26631903648376465,0.06657975912094116,0.0073829591274261475,0.03302282094955444,0.12061646580696106,0.030154116451740265,0.06712999939918518,0.05142371729016304,0.18176108598709106,0.045440271496772766,0.06174570322036743,0.00449677137658,0.04620547220110893,0.011551368050277233,-0.07371124625205994,-0.0001388847886119038,0.26155638694763184,0.06538909673690796,-0.0017530731856822968,-0.02062234841287136,0.2590634226799011,0.06476585566997528,0.08358845859766006,0.06738225370645523,-0.32570284605026245,-0.08142571151256561,0.016934743151068687,-0.04403263330459595,0.6330332159996033,0.15825830399990082,0.09908697754144669,-0.01060630101710558,0.32210254669189453,0.08052563667297363,0.09023385494947433,0.010741949081420898,-0.09658436477184296,-0.02414609119296074,-0.11410914361476898,0.06594498455524445,-0.4620479643344879,-0.11551199108362198,-0.02252858877182007,-0.013952082954347134,0.01991313323378563,0.004978283308446407,0.01539054699242115,0.03829539939761162,-0.09137001633644104,-0.02284250408411026,-0.009435590356588364,-0.043872199952602386,-0.05790073797106743,-0.014475184492766857,-0.004300109576433897,-0.068231962621212,0.8677409887313843,0.21693524718284607,0.22169442474842072,-0.004058373160660267,1.2255775928497314,0.30639439821243286,0.251717209815979,0.055579256266355515,-0.00018469616770744324,-4.617404192686081e-05,0.011931462213397026,0.04237152263522148,3.684401035308838,0.9211002588272095,0.925685703754425,0.06464552134275436,0.07698030024766922,0.019245075061917305,-0.008143885061144829,-0.00949394702911377,-0.24489033222198486,-0.061222583055496216,-0.002924524713307619,0.02766556851565838,-0.05726827681064606,-0.014317069202661514,-0.008888560347259045,-0.010109257884323597,0.9231787323951721,0.23079468309879303,0.23264411091804504,-0.043390098959207535,-1.330235242843628,-0.332558810710907,-0.2397991418838501,-0.06114242225885391,-0.26143836975097656,-0.06535959243774414,-0.006235595792531967,-0.02326737716794014,3.5810728073120117,0.8952682018280029,0.9004663228988647,0.028616463765501976,0.0498645156621933,0.012466128915548325,-0.005337325856089592,-0.04758932814002037,0.018297240138053894,0.0045743100345134735,-0.0005467105656862259,0.004172659013420343,-0.10967126488685608,-0.02741781622171402,0.001546436920762062,-0.07854678481817245
0.21308495104312897,0.05327123776078224,0.07131272554397583,-0.026157870888710022,0.2796030044555664,0.0699007511138916,0.008671911433339119,-0.042387813329696655,0.15993738174438477,0.03998434543609619,0.06632176786661148,0.005108475685119629,0.22044962644577026,0.055112406611442566,0.05872127413749695,-0.07441543787717819,0.20770521461963654,0.051926303654909134,-0.08155594766139984,0.030971312895417213,0.24198251962661743,0.06049562990665436,5.4370611906051636e-06,-0.06276344507932663,0.20407874882221222,0.051019687205553055,0.0819423720240593,0.052097152918577194,-0.34501615166664124,-0.08625403791666031,0.02564105950295925,-0.013619489036500454,0.6183040738105774,0.15457601845264435,0.11246336996555328,-0.07257027924060822,0.3131565749645233,0.07828914374113083,0.08816906809806824,-0.0526309609413147,-0.02513033151626587,-0.006282582879066467,-0.11804326623678207,-0.04992750659584999,-0.5376768112182617,-0.13441920280456543,-0.008100701496005058,-0.026814386248588562,-0.05210680514574051,-0.013026701286435127,-0.0062688491307199,-0.059842802584171295,-0.08731484413146973,-0.02182871103286743,-0.001021089032292366,0.07805873453617096,0.10527648031711578,0.026319120079278946,0.009541185572743416,0.009615356102585793,0.983078122138977,0.24576953053474426,0.2411266416311264,-0.024018121883273125,0.8955339193344116,0.2238834798336029,0.25313448905944824,0.0553097128868103,-0.02519536390900612,-0.00629884097725153,-0.0008975695818662643,0.00685651320964098,3.6042139530181885,0.9010534882545471,0.925859808921814,0.018348276615142822,-0.03376387804746628,-0.00844096951186657,-0.005737544037401676,0.040117014199495316,0.14607009291648865,0.03651752322912216,0.007606131955981255,0.09424109756946564,-0.10548876225948334,-0.026372190564870834,-0.014217096380889416,-0.024039452895522118,0.7955180406570435,0.19887951016426086,0.22313770651817322,-0.040158532559871674,-1.0983633995056152,-0.2745908498764038,-0.2525305449962616,0.020077025517821312,-0.0234299898147583,-0.005857497453689575,-0.014311907812952995,0.05206106975674629,3.4827563762664795,0.8706890940666199,0.900694727897644,0.0020614981185644865,0.13384094834327698,0.033460237085819244,0.0010908851400017738,0.023074163123965263,0.003735661506652832,0.000933915376663208,0.005288640037178993,-0.05710948631167412,0.11216166615486145,0.028040416538715363,0.0030427565798163414,-0.047940559685230255
0.17669831216335297,0.04417457804083824,0.07183331251144409,0.026608502492308617,0.3926478624343872,0.0981619656085968,0.014848591759800911,0.0049665155820548534,0.16936343908309937,0.04234085977077484,0.06395164132118225,-0.05404214933514595,0.21388357877731323,0.05347089469432831,0.03916970640420914,0.026356888934969902,0.36487364768981934,0.09121841192245483,-0.08110706508159637,0.007711094804108143,0.202593594789505,0.05064839869737625,-0.016727663576602936,-0.06740690022706985,0.5146306753158569,0.12865766882896423,0.08644913882017136,-0.055049438029527664,-0.38665688037872314,-0.09666422009468079,0.02363439090549946,0.007681083865463734,0.6718297600746155,0.16795744001865387,0.10315283387899399,-0.0345909558236599,0.392625093460083,0.09815627336502075,0.07378575950860977,0.010592001490294933,0.28367340564727783,0.07091835141181946,-0.12737783789634705,-0.020470423623919487,-0.4576815068721771,-0.11442037671804428,-0.019669797271490097,0.06505502760410309,0.051220931112766266,0.012805232778191566,-0.0029305522330105305,0.004239559173583984,-0.08842864632606506,-0.022107161581516266,-0.009910138323903084,0.02317761816084385,-0.12413693964481354,-0.031034234911203384,-0.008213307708501816,-0.05099163204431534,0.8257021903991699,0.20642554759979248,0.23399944603443146,0.01559873204678297,0.8528489470481873,0.21321223676204681,0.2500244379043579,-0.04086275398731232,0.08786030113697052,0.02196507528424263,0.018382446840405464,-0.05153784155845642,3.695059299468994,0.9237648248672485,0.9321646094322205,0.04293317720293999,-0.08073911815881729,-0.020184779539704323,0.006566207855939865,0.06007230281829834,-0.09527311474084854,-0.023818278685212135,0.005611862987279892,-0.05965321138501167,0.06717801839113235,0.01679450459778309,-0.0044318269938230515,0.061191391199827194,0.938724160194397,0.23468104004859924,0.22869116067886353,-0.0031147717963904142,-1.0191714763641357,-0.25479286909103394,-0.2617965042591095,0.055001188069581985,-0.030924737453460693,-0.007731184363365173,-0.018966440111398697,0.036203231662511826,3.5368130207061768,0.8842032551765442,0.8995029926300049,-0.05201668292284012,-0.048566170036792755,-0.012141542509198189,0.0008380021899938583,-0.04661806300282478,0.040965184569358826,0.010241296142339706,0.001519995741546154,-0.046771496534347534,0.06348106265068054,0.015870265662670135,0.0025109779089689255,0.021632058545947075
0.2830479145050049,0.07076197862625122,0.08336149901151657,-0.01715450920164585,0.2760259509086609,0.06900648772716522,0.009880360215902328,-0.05666390061378479,0.21410292387008667,0.05352573096752167,0.06352072954177856,-0.055123668164014816,0.2833521366119385,0.07083803415298462,0.05427099019289017,0.027550697326660156,0.5656638741493225,0.14141596853733063,-0.07389159500598907,-0.01087034959346056,0.3399842381477356,0.0849960595369339,-0.015140625648200512,-0.02549733594059944,0.5044621825218201,0.12611554563045502,0.09895056486129761,0.09094201773405075,-0.45438870787620544,-0.11359717696905136,0.016478141769766808,0.05082731321454048,0.6550385355949402,0.16375963389873505,0.12409640103578568,-0.060303982347249985,0.3962601125240326,0.09906502813100815,0.06469447910785675,0.01275016088038683,0.48899197578430176,0.12224799394607544,-0.12172704935073853,0.03443560749292374,-0.3701780140399933,-0.09254450350999832,-0.018978441134095192,0.008990228176116943,0.006314463913440704,0.001578615978360176,0.011292317882180214,0.0032198845874518156,0.11812838912010193,0.029532097280025482,-0.00774995656684041,0.0023022473324090242,-0.012006085366010666,-0.0030015213415026665,-0.004314590711146593,0.03182718902826309,0.7754391431808472,0.1938597857952118,0.22104689478874207,-0.08168186992406845,1.1766207218170166,0.29415518045425415,0.23717859387397766,0.04827035591006279,0.03940708562731743,0.009851771406829357,0.0002669431269168854,0.019650131464004517,3.66200852394104,0.91550213098526,0.9421074986457825,0.023477811366319656,-0.1661723256111145,-0.041543081402778625,-0.011630482040345669,-0.02218141034245491,0.2251443862915039,0.05628609657287598,0.013365888968110085,0.07137918472290039,-0.2428678721189499,-0.06071696802973747,-0.012607656419277191,0.007025635335594416,0.9295575618743896,0.2323893904685974,0.22040557861328125,-0.04103125259280205,-1.150821566581726,-0.2877053916454315,-0.26202890276908875,-0.00027343034162186086,-0.02450406551361084,-0.00612601637840271,-0.0027633821591734886,0.06167183071374893,3.5016050338745117,0.8754012584686279,0.8986471891403198,0.022928757593035698,0.06342938542366028,0.01585734635591507,0.011716505512595177,0.050361812114715576,0.12869924306869507,0.03217481076717377,0.01851247437298298,-0.017400532960891724,-0.09078583121299744,-0.02269645780324936,-0.006450696382671595,-0.01505966205149889
0.3367229700088501,0.08418074250221252,0.07747919112443924,0.015231478027999401,0.3219744563102722,0.08049361407756805,-0.0013618171215057373,0.047733377665281296,0.21771758794784546,0.054429396986961365,0.06888609379529953,0.01735951378941536,0.2527892589569092,0.0631973147392273,0.04320390522480011,-0.019330596551299095,0.5939342379570007,0.14848355948925018,-0.09166944026947021,0.0431554801762104,0.25271862745285034,0.06317965686321259,0.0010816622525453568,0.013955587521195412,0.37447869777679443,0.09361967444419861,0.11280252039432526,-0.04391075298190117,-0.46501317620277405,-0.11625329405069351,0.008994026109576225,0.013014095835387707,0.6971960067749023,0.17429900169372559,0.10864622890949249,0.021093016490340233,0.383442759513855,0.09586068987846375,0.05890699476003647,0.004582017660140991,0.23174893856048584,0.05793723464012146,-0.12479933351278305,-0.07968815416097641,-0.468179315328598,-0.1170448288321495,-0.018362658098340034,-0.016508668661117554,-0.08402509242296219,-0.021006273105740547,0.00391100998967886,-0.08569250255823135,0.021848827600479126,0.0054622069001197815,0.007852569222450256,0.025043630972504616,-0.01629568263888359,-0.004073920659720898,0.0005895104259252548,-0.03724777325987816,1.036250352859497,0.25906258821487427,0.22558486461639404,0.0588524229824543,1.2292864322662354,0.30732160806655884,0.2464597374200821,-0.0623500719666481,0.11125709116458893,0.027814272791147232,0.009998586028814316,-0.008209752850234509,3.657374143600464,0.914343535900116,0.9345775246620178,0.006801658775657415,0.011547213420271873,0.0028868033550679684,-0.000764964148402214,-0.05460519716143608,-0.09973518550395966,-0.024933796375989914,0.014222048223018646,-0.09690568596124649,-0.01688401587307453,-0.004221003968268633,-0.026092443615198135,0.05791473388671875,0.9428723454475403,0.23571808636188507,0.21848644316196442,0.028413772583007812,-1.1285145282745361,-0.28212863206863403,-0.2578813135623932,0.0329899899661541,-0.17639264464378357,-0.04409816116094589,-0.014198753982782364,0.041233014315366745,3.462254285812378,0.8655635714530945,0.8801110982894897,0.0038078308571130037,-0.07753584533929825,-0.019383961334824562,-0.004200311377644539,-0.027227038517594337,-0.180775448679924,-0.045193862169981,0.007792780175805092,-0.02107389084994793,0.14422249794006348,0.03605562448501587,0.006568940356373787,-0.021134525537490845
0.3294582962989807,0.08236457407474518,0.09584935009479523,0.009912884794175625,0.43862247467041016,0.10965561866760254,0.0028144745156168938,-0.07666322588920593,0.14786547422409058,0.036966368556022644,0.06956512480974197,0.03224050998687744,0.274219810962677,0.06855495274066925,0.03392560034990311,-0.06180139258503914,0.63038569688797,0.1575964242219925,-0.08676166832447052,-0.06754423677921295,0.17532578110694885,0.04383144527673721,-0.007726616691797972,0.03574571758508682,0.5766890048980713,0.14417225122451782,0.10939423739910126,-0.03527167811989784,-0.37438419461250305,-0.09359604865312576,0.01184144988656044,-0.004267275333404541,0.6179856657981873,0.15449641644954681,0.12445253878831863,0.035480476915836334,0.4138331413269043,0.10345828533172607,0.05604588985443115,-0.03095029667019844,0.4236351251602173,0.10590878129005432,-0.13928310573101044,0.05261528491973877,-0.3136124908924103,-0.07840312272310257,-0.019363945350050926,0.02773880958557129,0.04468543827533722,0.011171359568834305,0.016429437324404716,0.059505559504032135,-0.08190837502479553,-0.020477093756198883,0.004705752246081829,-0.017941225320100784,-0.09465916454792023,-0.023664791136980057,-0.0008504651486873627,-0.003465753747150302,0.7084404826164246,0.17711012065410614,0.2383158653974533,-0.02932298183441162,1.1681408882141113,0.29203522205352783,0.2458627074956894,0.04467063024640083,0.044603582471609116,0.011150895617902279,0.004628343507647514,-0.06564710289239883,3.6103692054748535,0.9025923013687134,0.9335042834281921,0.06512289494276047,-0.05596744269132614,-0.013991860672831535,0.002799037843942642,0.0026497661601752043,0.12180659174919128,0.03045164793729782,0.024697279557585716,0.04662737995386124,0.06904807686805725,0.017262019217014313,-0.0068109966814517975,0.040834881365299225,0.9448250532150269,0.2362062633037567,0.21483467519283295,0.04262911155819893,-1.2007334232330322,-0.30018335580825806,-0.25410276651382446,-0.059869080781936646,-0.010705888271331787,-0.0026764720678329468,-0.013333361595869064,0.022019166499376297,3.5498721599578857,0.8874680399894714,0.8957145810127258,0.05432673916220665,0.10259950160980225,0.02564987540245056,9.047798812389374e-05,-0.05376208946108818,0.040553018450737,0.01013825461268425,0.00945226289331913,0.026724958792328835,-0.04177774488925934,-0.010444436222314835,0.00018486753106117249,0.0035980939865112305
0.4745153784751892,0.1186288446187973,0.09683103114366531,0.07313902676105499,0.4424721598625183,0.11061803996562958,0.005592824891209602,-0.04160338267683983,0.20913422107696533,0.05228355526924133,0.07421883195638657,0.021611511707305908,0.30011582374572754,0.07502895593643188,0.037804096937179565,-0.03739410266280174,0.7274656891822815,0.18186642229557037,-0.10456136614084244,0.03172416612505913,0.16729119420051575,0.04182279855012894,-0.008187433704733849,0.03522534295916557,0.46086424589157104,0.11521606147289276,0.125970259308815,-0.024911945685744286,-0.35751083493232727,-0.08937770873308182,0.019709456712007523,0.05188791826367378,0.6521299481391907,0.16303248703479767,0.12319331616163254,0.08987466245889664,0.37504661083221436,0.09376165270805359,0.0741046741604805,-0.029039788991212845,0.3616657257080078,0.09041643142700195,-0.1406429260969162,-0.0758606418967247,-0.35590633749961853,-0.08897658437490463,-0.011831242591142654,0.006476414389908314,-0.024034656584262848,-0.006008664146065712,0.0011320160701870918,0.04807174205780029,-0.07262614369392395,-0.018156535923480988,-0.0015009120106697083,-0.010719800367951393,-0.09426708519458771,-0.023566771298646927,-0.004280121996998787,-0.0013881325721740723,1.0974630117416382,0.27436575293540955,0.23029141128063202,-0.025955436751246452,1.0195231437683105,0.25488078594207764,0.2529647946357727,0.07014159113168716,0.0641237199306488,0.0160309299826622,0.001092439517378807,0.031539272516965866,3.719576835632324,0.929894208908081,0.9458747506141663,0.008763504214584827,-0.1307046115398407,-0.032676152884960175,-0.015846755355596542,0.0351959727704525,-0.287636399269104,-0.071909099817276,0.004225818440318108,-0.05899200588464737,-0.20634178817272186,-0.051585447043180466,-0.00983482040464878,-0.022513313218951225,0.7240089774131775,0.18100224435329437,0.2119779884815216,-0.0648033618927002,-1.0542800426483154,-0.26357001066207886,-0.2633676528930664,-0.04508403688669205,-0.05581033229827881,-0.013952583074569702,-0.012856800109148026,-0.0465090312063694,3.4724695682525635,0.8681173920631409,0.8972493410110474,0.04620546102523804,0.15760177373886108,0.03940044343471527,0.006402691826224327,-0.04632118344306946,-0.11869807541370392,-0.02967451885342598,0.0038175927475094795,-0.08197230845689774,-0.012305200099945068,-0.003076300024986267,0.004696482792496681,0.03566871955990791
0.36134403944015503,0.09033600986003876,0.11308003216981888,0.06101277098059654,0.41401731967926025,0.10350432991981506,0.0072600357234478,-0.028247538954019547,0.20326164364814758,0.050815410912036896,0.06653281301259995,0.061117984354496,0.3419092893600464,0.0854773223400116,0.04376005381345749,-0.0028412104584276676,0.8039992451667786,0.20099981129169464,-0.11108346283435822,0.004640442319214344,0.04082212597131729,0.010205531492829323,-0.011842393316328526,-0.03406120836734772,0.6979590058326721,0.17448975145816803,0.13083021342754364,0.01572500541806221,-0.5078755617141724,-0.1269688904285431,0.025814099237322807,-0.02531822957098484,0.6465376019477844,0.1616344004869461,0.12524206936359406,-0.012615037150681019,0.393648236989975,0.09841205924749374,0.050752945244312286,-0.08353129774332047,0.6206569075584412,0.1551642268896103,-0.15025003254413605,0.010419475845992565,-0.30814918875694275,-0.07703729718923569,-0.016117826104164124,-0.02883251942694187,0.09551237523555756,0.02387809380888939,0.013344401493668556,0.04531743749976158,0.03206469118595123,0.008016172796487808,0.011790793389081955,0.05194739252328873,-0.09825478494167328,-0.02456369623541832,0.006690748035907745,-0.06419812887907028,0.9368629455566406,0.23421573638916016,0.24470148980617523,-0.03252221271395683,0.9926901459693909,0.24817253649234772,0.2414277046918869,-0.014651966281235218,0.022328581660985947,0.005582145415246487,0.013064924627542496,-0.062410563230514526,3.631183624267578,0.9077959060668945,0.9271671772003174,0.022585231810808182,0.05182097107172012,0.01295524276793003,0.0032213954254984856,0.021825939416885376,0.2541610300540924,0.0635402575135231,0.01890558935701847,-0.01070299744606018,0.008996738120913506,0.0022491845302283764,-0.018276376649737358,0.034761108458042145,0.7634796500205994,0.19086991250514984,0.20132744312286377,0.016235286369919777,-0.8819180130958557,-0.22047950327396393,-0.254733145236969,-0.010803687386214733,0.042308509349823,0.01057712733745575,-0.0075886985287070274,-0.025285178795456886,3.3961174488067627,0.8490293622016907,0.8775073289871216,0.01019623875617981,0.04614938795566559,0.011537346988916397,0.014803770929574966,-0.058354366570711136,0.14142590761184692,0.03535647690296173,0.0013854196295142174,0.04729805141687393,-0.15497785806655884,-0.03874446451663971,-0.0033840909600257874,-0.015175647102296352
0.47339731454849243,0.11834932863712311,0.11309546232223511,-0.028516603633761406,0.40872257947921753,0.10218064486980438,0.009967271238565445,-0.026052558794617653,0.23371461033821106,0.058428652584552765,0.0693693533539772,0.0003584265650715679,0.3979894518852234,0.09949736297130585,0.04833635687828064,0.042444683611392975,0.9126716256141663,0.22816790640354156,-0.10661449283361435,0.03222623094916344,0.08030164986848831,0.020075412467122078,-0.020261531695723534,-0.026915302500128746,0.5425410866737366,0.13563527166843414,0.1489265263080597,-0.05903295800089836,-0.3390897214412689,-0.08477243036031723,0.01382160559296608,0.06849264353513718,0.6838261485099792,0.1709565371274948,0.11690825968980789,-0.042893681675195694,0.3707858920097351,0.09269647300243378,0.05721016973257065,0.026523375883698463,0.6466573476791382,0.16166433691978455,-0.13844157755374908,0.054189909249544144,-0.2607613503932953,-0.06519033759832382,-0.02336876094341278,0.06822003424167633,-0.05724150687456131,-0.014310376718640327,0.0026295995339751244,-0.027794701978564262,-0.04794180393218994,-0.011985450983047485,-0.005351643543690443,-0.0028627216815948486,-0.08459214866161346,-0.021148037165403366,-0.008903290145099163,-0.08902084082365036,1.0509324073791504,0.2627331018447876,0.23980830609798431,0.018188053742051125,1.136720895767212,0.284180223941803,0.2351968139410019,0.02503073215484619,0.03402186557650566,0.008505466394126415,0.004188349470496178,-0.004270446486771107,3.666016101837158,0.9165040254592896,0.9252308011054993,-0.04952649027109146,-0.11295025795698166,-0.028237564489245415,-0.0025866953656077385,-0.010317492298781872,-0.03280779719352722,-0.008201949298381805,0.008168861269950867,0.025386476889252663,-0.01088661141693592,-0.00272165285423398,-0.006143233738839626,0.07912297546863556,0.6713775992393494,0.16784439980983734,0.20365123450756073,0.0010235666995868087,-1.0678166151046753,-0.2669541537761688,-0.2422027289867401,-0.003258228302001953,-0.04985955357551575,-0.012464888393878937,-0.00624416209757328,0.015181804075837135,3.4122440814971924,0.8530610203742981,0.8814058899879456,-0.05854082107543945,-0.01827530562877655,-0.004568826407194138,-0.001931220293045044,-0.02753879502415657,-0.1407446414232254,-0.03518616035580635,0.0012121135368943214,0.013075649738311768,0.07094642519950867,0.017736606299877167,-0.005352435167878866,0.010593259707093239
0.37177497148513794,0.09294374287128448,0.11936629563570023,-0.007008099462836981,0.3504589796066284,0.0876147449016571,0.0037641944363713264,0.05773807689547539,0.1976654827594757,0.04941637068986893,0.07796197384595871,0.04786449670791626,0.33584868907928467,0.08396217226982117,0.06308656185865402,-0.03441300615668297,0.845967710018158,0.2114919275045395,-0.12561462819576263,-0.08751865476369858,0.06960558146238327,0.017401395365595818,-0.011166290380060673,0.019512062892317772,0.5550065636634827,0.13875164091587067,0.16079838573932648,0.07818400114774704,-0.536888837814331,-0.13422220945358276,0.020404530689120293,-0.06577879190444946,0.6890491843223572,0.1722622960805893,0.13809795677661896,-0.021586019545793533,0.32618606090545654,0.08154651522636414,0.0545562207698822,0.05574000999331474,0.4646472930908203,0.11616182327270508,-0.14810436964035034,-0.03133965656161308,-0.35891804099082947,-0.08972951024770737,-0.020048245787620544,-0.04304356500506401,-0.011352978646755219,-0.0028382446616888046,0.0003822743892669678,-0.03390246257185936,0.18067267537117004,0.04516816884279251,0.00010222569108009338,0.05673159286379814,0.010576296597719193,0.002644074149429798,-0.007504377514123917,0.021570861339569092,0.8500466346740723,0.21251165866851807,0.24546782672405243,-0.037966277450323105,1.2745840549468994,0.31864601373672485,0.2456934005022049,0.02737976424396038,0.0520283542573452,0.0130070885643363,0.008790187537670135,0.03929571062326431,3.6256046295166016,0.9064011573791504,0.9419782757759094,0.05960141494870186,-0.0639951303601265,-0.015998782590031624,-0.00926589872688055,-0.0473247691988945,0.04513014853000641,0.011282537132501602,0.008564801886677742,0.004081678576767445,-0.22920554876327515,-0.05730138719081879,-0.03354155644774437,-0.09197121858596802,0.9481465220451355,0.23703663051128387,0.19920894503593445,0.03537987545132637,-1.1185884475708008,-0.2796471118927002,-0.23617829382419586,-0.0554569847881794,-0.02348482608795166,-0.005871206521987915,-0.013074038550257683,0.0007912755245342851,3.3530051708221436,0.8382512927055359,0.8644886016845703,0.007333850953727961,0.10012754797935486,0.025031886994838715,0.0015099644660949707,-0.046434514224529266,-0.02658037841320038,-0.006645094603300095,0.008450454100966454,0.06491352617740631,0.0981389582157135,0.024534739553928375,-0.0009276587516069412,-0.051217664033174515
0.49219202995300293,0.12304800748825073,0.11997894197702408,-0.04990624263882637,0.37452995777130127,0.09363248944282532,0.01580931805074215,0.011155366897583008,0.19845715165138245,0.04961428791284561,0.0763540118932724,-0.04970325902104378,0.3821223974227905,0.09553059935569763,0.04800347983837128,0.025248432531952858,1.2826669216156006,0.32066673040390015,-0.13103564083576202,-0.024344509467482567,-0.07146627455949783,-0.01786656863987446,-0.020723693072795868,0.05114471912384033,0.6130031943321228,0.1532507985830307,0.17216554284095764,0.08743279427289963,-0.3411450684070587,-0.08528626710176468,0.01861431449651718,0.000597578298766166,0.6745647192001343,0.16864117980003357,0.13643455505371094,0.03372979164123535,0.3429702818393707,0.08574257045984268,0.04122060537338257,0.03690527752041817,0.7037980556488037,0.17594951391220093,-0.1596902459859848,-0.027138426899909973,-0.31101956963539124,-0.07775489240884781,-0.012628909200429916,-0.06445977836847305,0.002629779279232025,0.0006574448198080063,0.01145310327410698,0.04443874582648277,-0.07228288054466248,-0.01807072013616562,0.002818223088979721,0.04766310378909111,-0.031343650072813034,-0.007835912518203259,-0.008741768077015877,0.07122281938791275,0.8806571960449219,0.22016429901123047,0.23824262619018555,-0.06863843649625778,1.0133544206619263,0.25333860516548157,0.25111284852027893,-0.0001278162089874968,0.020062487572431564,0.005015621893107891,0.002002110704779625,0.006131130736321211,3.5456624031066895,0.8864156007766724,0.927116870880127,-0.03629935532808304,-0.009621286764740944,-0.002405321691185236,0.0017566494643688202,0.004608261864632368,0.04239128530025482,0.010597821325063705,0.008190268650650978,0.018079668283462524,0.4977876543998718,0.12444691359996796,0.00656462088227272,0.15928594768047333,0.9057527184486389,0.22643817961215973,0.20691977441310883,0.0398494116961956,-1.182639718055725,-0.2956599295139313,-0.23112830519676208,0.01600009761750698,-0.007004976272583008,-0.001751244068145752,0.003461414948105812,-0.009696143679320812,3.4172918796539307,0.8543229699134827,0.8702796697616577,-0.07714278250932693,0.08903372287750244,0.02225843071937561,0.015018215402960777,-0.05680835247039795,-0.1740601509809494,-0.04351503774523735,-0.01962454244494438,-0.038974594324827194,0.04817306995391846,0.012043267488479614,0.010436773300170898,0.026655102148652077
0.6009886860847473,0.15024717152118683,0.1288975030183792,0.06756097078323364,0.3349987268447876,0.0837496817111969,0.009863877668976784,-0.02833973802626133,0.19968250393867493,0.04992062598466873,0.06921198219060898,-0.004490339662879705,0.3989972472190857,0.09974931180477142,0.04665253311395645,-0.04110671207308769,1.3394737243652344,0.3348684310913086,-0.11614654213190079,0.06096846982836723,-0.13638952374458313,-0.03409738093614578,-0.01537078432738781,-0.02953534759581089,0.6601494550704956,0.1650373637676239,0.17202454805374146,-0.018404006958007812,-0.38509467244148254,-0.09627366811037064,0.01603892631828785,-0.03745167702436447,0.6623142957687378,0.16557857394218445,0.1346319317817688,-0.08958201110363007,0.43648457527160645,0.10912114381790161,0.04572752118110657,0.03913676738739014,0.9791333675384521,0.24478334188461304,-0.1618645042181015,-0.029724283143877983,-0.17373505234718323,-0.04343376308679581,-0.01650412753224373,0.061414506286382675,-0.12306187301874161,-0.030765468254685402,-0.0020425934344530106,0.03049570322036743,-0.006676964461803436,-0.001669241115450859,0.00046782754361629486,0.05133293941617012,-0.1082511693239212,-0.0270627923309803,-0.019964542239904404,-0.04348009452223778,1.0335685014724731,0.2583921253681183,0.2286992371082306,-0.0511334128677845,1.0988545417785645,0.2747136354446411,0.24534918367862701,0.07400847971439362,-0.028404805809259415,-0.007101201452314854,0.004081446677446365,-0.027090365067124367,3.7592594623565674,0.9398148655891418,0.9390932321548462,0.00023163556761574,-0.12212973088026047,-0.030532432720065117,-0.016698092222213745,0.003890359541401267,0.04198463261127472,0.01049615815281868,0.003783253952860832,-0.06368985027074814,-0.5201795101165771,-0.1300448775291443,-0.024538233876228333,-0.11676649004220963,0.727077841758728,0.181769460439682,0.2048516720533371,0.0038554908242076635,-1.209188461303711,-0.30229711532592773,-0.2326320856809616,-0.013748026452958584,-0.10550069808959961,-0.026375174522399902,0.0025696400552988052,-0.03768574446439743,3.4122204780578613,0.8530551195144653,0.8717407584190369,-0.05059434100985527,-0.00869673490524292,-0.00217418372631073,0.016127873212099075,-0.01580333709716797,0.3453860580921173,0.08634651452302933,0.015099657699465752,0.030765224248170853,-0.18896371126174927,-0.04724092781543732,-0.011078223586082458,-0.04063638299703598
0.47454214096069336,0.11863553524017334,0.15068688988685608,0.028415441513061523,0.34964102506637573,0.08741025626659393,0.01786533184349537,-0.045422449707984924,0.22623977065086365,0.05655994266271591,0.0702526718378067,-0.0510881133377552,0.4580778479576111,0.11451946198940277,0.055943988263607025,-0.0193118155002594,1.1799176931381226,0.29497942328453064,-0.1278887540102005,0.004805618431419134,-0.06075315922498703,-0.015188289806246758,-0.01936868205666542,-0.04229409247636795,0.7200282216072083,0.18000705540180206,0.17473067343235016,-0.06226217746734619,-0.36933204531669617,-0.09233301132917404,0.021213063970208168,-0.003610372543334961,0.7003799080848694,0.17509497702121735,0.1345469057559967,0.08999573439359665,0.4302796423435211,0.10756991058588028,0.05761462450027466,-0.04219067469239235,0.878462553024292,0.219615638256073,-0.1575879603624344,-0.08524014055728912,-0.14543041586875916,-0.03635760396718979,-0.023573782294988632,0.06900103390216827,0.07574611902236938,0.018936529755592346,0.0013845358043909073,-0.02925218641757965,0.011737897992134094,0.0029344744980335236,0.013484032824635506,-0.06594790518283844,0.016954172402620316,0.004238543100655079,-0.01631096936762333,0.07199449837207794,0.9221957921981812,0.2305489480495453,0.23231033980846405,0.03287060186266899,1.0361225605010986,0.25903064012527466,0.2318931221961975,0.032935190945863724,0.08233511447906494,0.020583778619766235,0.01068519614636898,0.024973047897219658,3.5072290897369385,0.8768072724342346,0.9166659712791443,-0.02249002456665039,0.07187425345182419,0.017968563362956047,-0.0017742663621902466,0.02250632643699646,0.2714683413505554,0.06786708533763885,0.03884105384349823,0.06068212911486626,0.39933648705482483,0.09983412176370621,0.013110851868987083,0.07087665796279907,0.9669197797775269,0.2417299449443817,0.203550323843956,0.017276858910918236,-1.268659234046936,-0.317164808511734,-0.2447453737258911,0.03846940025687218,-0.06088066101074219,-0.015220165252685547,-0.012364902533590794,-0.03865831717848778,3.4679596424102783,0.8669899106025696,0.8700552582740784,0.04953853040933609,-0.02251449227333069,-0.005628623068332672,0.006210071966052055,-0.06992482393980026,-0.23773013055324554,-0.059432532638311386,-0.0004046820104122162,-0.11533894389867783,0.16703003644943237,0.04175750911235809,0.007551729679107666,0.10404081642627716
0.5264997482299805,0.13162493705749512,0.1564866453409195,0.05100128799676895,0.39009952545166016,0.09752488136291504,0.009644431993365288,0.026676738634705544,0.23221957683563232,0.05805489420890808,0.07247146219015121,0.015376919880509377,0.3933139443397522,0.09832848608493805,0.05239015817642212,-0.0452876091003418,1.2293590307235718,0.30733975768089294,-0.1281292587518692,-0.05538272485136986,0.12660497426986694,0.031651243567466736,-0.009559450671076775,0.05722005292773247,0.7807608246803284,0.1951902061700821,0.1919783353805542,-0.05354706197977066,-0.4671793580055237,-0.11679483950138092,0.01881921850144863,-0.03051883541047573,0.6637427806854248,0.1659356951713562,0.146713986992836,0.05131427198648453,0.41435307264328003,0.10358826816082001,0.037733323872089386,0.03683922439813614,1.111141324043274,0.2777853310108185,-0.16628246009349823,-0.017244303598999977,-0.08710089325904846,-0.021775223314762115,-0.025411786511540413,-0.026610109955072403,-0.010645933449268341,-0.0026614833623170853,-0.0040412042289972305,2.2780895960750058e-05,0.032141171395778656,0.008035292848944664,0.019783930853009224,-0.06298970431089401,-0.10571937263011932,-0.02642984315752983,-0.008992835879325867,-0.019500834867358208,0.8326880931854248,0.2081720232963562,0.22115999460220337,-0.04614771157503128,1.1701607704162598,0.29254019260406494,0.24290017783641815,-0.001016855239868164,-0.04724780097603798,-0.011811950244009495,-0.014881417155265808,-0.03363386541604996,3.879704713821411,0.9699261784553528,0.9470953345298767,0.029347633942961693,-0.11676805466413498,-0.029192013666033745,-0.00398519542068243,-0.024050474166870117,-0.43726643919944763,-0.10931660979986191,0.003087802790105343,-0.08438241481781006,-0.4350775480270386,-0.10876938700675964,-0.022619135677814484,-0.008915591053664684,0.9389943480491638,0.23474858701229095,0.21204935014247894,0.03412708267569542,-1.080691933631897,-0.27017298340797424,-0.25443217158317566,-0.005354154389351606,0.045399606227874756,0.011349901556968689,0.0040720561519265175,0.016667157411575317,3.48193097114563,0.8704827427864075,0.8772290945053101,0.02412562444806099,0.0970773994922638,0.02426934987306595,0.01245017722249031,0.0046218871138989925,0.25758957862854004,0.06439739465713501,0.01648118905723095,0.11908278614282608,-0.31279897689819336,-0.07819974422454834,-0.007548765279352665,-0.0915088877081871
0.6047036647796631,0.15117591619491577,0.14912420511245728,0.05970541387796402,0.2973141670227051,0.07432854175567627,0.009623272344470024,-0.022805243730545044,0.23404806852340698,0.058512017130851746,0.06757859140634537,-0.04213960841298103,0.4028010964393616,0.1007002741098404,0.05315907299518585,0.02667790651321411,1.1751972436904907,0.2937993109226227,-0.13194966316223145,-0.05848344787955284,0.07698167115449905,0.019245417788624763,-0.02744152583181858,0.08867312967777252,0.6973777413368225,0.17434443533420563,0.19770529866218567,-0.015076679177582264,-0.415479838848114,-0.1038699597120285,0.017364338040351868,-0.03854885324835777,0.7097957730293274,0.17744894325733185,0.13419657945632935,0.06844493001699448,0.32789847254753113,0.08197461813688278,0.03384982794523239,-0.05097493156790733,0.7919814586639404,0.1979953646659851,-0.15932603180408478,0.05565453693270683,-0.03496858477592468,-0.00874214619398117,-0.014007354155182838,0.05924293026328087,0.05242084711790085,0.013105211779475212,0.005314691923558712,-0.052279531955718994,0.07043591141700745,0.01760897785425186,0.009132448583841324,0.05973315238952637,-0.07585595548152924,-0.01896398887038231,-0.021668829023838043,0.01928284764289856,0.7297122478485107,0.18242806196212769,0.20398414134979248,-0.005861097481101751,1.238234043121338,0.3095585107803345,0.2359798103570938,0.03287244960665703,0.1946827918291092,0.0486706979572773,0.012379053980112076,0.0459546335041523,3.4188930988311768,0.8547232747077942,0.92404705286026,-0.08168747276067734,-0.0055005792528390884,-0.0013751448132097721,-0.0044130622409284115,-0.04112718626856804,0.3247566819190979,0.08118917047977448,0.022623730823397636,-0.013984418474137783,0.17034383118152618,0.042585957795381546,-0.0011988254263997078,-0.019046539440751076,1.0056006908416748,0.2514001727104187,0.22350485622882843,-0.014698922634124756,-1.0934127569198608,-0.2733531892299652,-0.25064364075660706,-0.05427084490656853,-0.062228500843048096,-0.015557125210762024,0.0005355970934033394,0.05723985657095909,3.4957704544067383,0.8739426136016846,0.8844530582427979,-0.01809096895158291,-0.0079306960105896,-0.0019826740026474,-0.006197514943778515,-0.05550955608487129,-0.379303514957428,-0.094825878739357,-0.010032175108790398,-0.039629049599170685,0.3508623540401459,0.08771558851003647,0.0031638704240322113,0.10261368751525879
0.6283884048461914,0.15709710121154785,0.15659746527671814,-0.03609076514840126,0.3867940902709961,0.09669852256774902,0.014431886374950409,0.009094935841858387,0.19773665070533752,0.04943416267633438,0.07165815681219101,0.05676779896020889,0.3713282346725464,0.0928320586681366,0.05012381076812744,-0.032443199306726456,1.0787510871887207,0.2696877717971802,-0.12867829203605652,-0.04508958384394646,0.07205117493867874,0.018012793734669685,-0.010653611272573471,0.08896949142217636,0.6361034512519836,0.1590258628129959,0.18085286021232605,-0.06642147153615952,-0.4197792708873749,-0.10494481772184372,0.024718252941966057,0.001939368317835033,0.6658924221992493,0.16647310554981232,0.13000047206878662,-0.07819294184446335,0.40230101346969604,0.10057525336742401,0.044182658195495605,0.06384028494358063,0.6077265739440918,0.15193164348602295,-0.17222656309604645,-0.0883350595831871,-0.12564143538475037,-0.03141035884618759,-0.03133927285671234,-0.017165495082736015,-0.02103731781244278,-0.005259329453110695,0.014015654101967812,-0.005331552121788263,0.07006983458995819,0.017517458647489548,0.012225158512592316,0.051217567175626755,-0.02148757502436638,-0.005371893756091595,-0.018730558454990387,-0.02248886227607727,0.6969707012176514,0.17424267530441284,0.19599489867687225,-0.03779703378677368,1.2078078985214233,0.30195197463035583,0.2503790855407715,0.027201581746339798,-0.06569202244281769,-0.016423005610704422,-0.009939610958099365,-0.09450934082269669,3.636384963989258,0.9090962409973145,0.9139881134033203,-0.01816224493086338,-0.029012257233262062,-0.0072530643083155155,-0.01010142546147108,-0.06358972191810608,-0.17899328470230103,-0.044748321175575256,0.00030546076595783234,-0.08055615425109863,-0.09690101444721222,-0.024225253611803055,-0.013603707775473595,-0.023202819749712944,1.166559100151062,0.2916397750377655,0.24274717271327972,0.05695400387048721,-0.9460657238960266,-0.23651643097400665,-0.2525906562805176,-0.04194556549191475,-0.06502598524093628,-0.01625649631023407,-0.014099610038101673,-0.03581702709197998,3.4858238697052,0.8714559674263,0.8740498423576355,0.036287833005189896,0.2551371455192566,0.06378428637981415,0.023321399465203285,0.0784640833735466,0.31640303134918213,0.07910075783729553,0.018681960180401802,-0.009745443239808083,-0.3059265613555908,-0.0764816403388977,-0.008592886850237846,0.011792433448135853
0.6365041136741638,0.15912602841854095,0.16777461767196655,-0.001616323017515242,0.2778087258338928,0.0694521814584732,0.014197278767824173,-0.0017808318370953202,0.23931047320365906,0.059827618300914764,0.07516330480575562,-0.02703615464270115,0.3695404529571533,0.09238511323928833,0.05392561852931976,-0.06696513295173645,0.7660050392150879,0.19150125980377197,-0.12252550572156906,-0.054331984370946884,0.11314193159341812,0.02828548289835453,-0.018732711672782898,0.04343212768435478,0.5398353934288025,0.13495884835720062,0.17602871358394623,0.010683673433959484,-0.5247611999511719,-0.13119029998779297,0.01867820881307125,-0.06148042157292366,0.8257781863212585,0.20644454658031464,0.14891086518764496,-0.005647188518196344,0.3151148557662964,0.0787787139415741,0.05551666021347046,-0.01156528014689684,0.5156434774398804,0.1289108693599701,-0.16856996715068817,0.057704295963048935,-0.059795528650283813,-0.014948882162570953,-0.03504587337374687,-0.01157313585281372,0.040300965309143066,0.010075241327285767,0.008560655638575554,0.04743269830942154,0.08468526601791382,0.021171316504478455,0.012163521721959114,-0.048506319522857666,-0.04989464208483696,-0.01247366052120924,-0.02137623354792595,-0.07213195413351059,0.8788844347000122,0.21972110867500305,0.20444442331790924,-0.03825866058468819,1.213670015335083,0.30341750383377075,0.25090518593788147,0.007003897335380316,0.2085324376821518,0.05213310942053795,0.007661955431103706,0.05817994102835655,3.409876585006714,0.8524691462516785,0.8970891833305359,-0.12574996054172516,0.07032189518213272,0.01758047379553318,0.009421871975064278,-0.024447977542877197,0.41935789585113525,0.10483947396278381,0.03528815507888794,0.05332198366522789,0.09501951932907104,0.02375487983226776,-0.004461669363081455,0.08920066803693771,0.8869212865829468,0.2217303216457367,0.24964158236980438,0.03054223023355007,-0.9172520637512207,-0.22931301593780518,-0.25750449299812317,0.053269412368535995,0.07014453411102295,0.017536133527755737,-0.0010518599301576614,0.08565052598714828,3.4456958770751953,0.8614239692687988,0.8846310973167419,-0.03892388939857483,-0.13106048107147217,-0.03276512026786804,-0.006289088167250156,-0.0842379555106163,-0.15934063494205475,-0.03983515873551369,0.00036818720400333405,-0.05716142803430557,0.0939849317073822,0.02349623292684555,-0.011773936450481415,-0.028846412897109985
0.6183190941810608,0.1545797735452652,0.17334789037704468,0.019739581272006035,0.29086631536483765,0.07271657884120941,0.010212861001491547,0.04354560375213623,0.22688788175582886,0.056721970438957214,0.07896091043949127,-0.05304393172264099,0.30942046642303467,0.07735511660575867,0.05181995779275894,0.01044474821537733,0.7587562203407288,0.1896890550851822,-0.13629138469696045,0.04122369363903999,0.2007696032524109,0.05019240081310272,-0.027028700336813927,-0.03680010885000229,0.46044260263442993,0.11511065065860748,0.17924244701862335,-0.04677705839276314,-0.468417227268219,-0.11710430681705475,0.019820036366581917,-0.009242755360901356,0.7829886674880981,0.19574716687202454,0.1416136622428894,-0.020562773570418358,0.329220175743103,0.08230504393577576,0.0682230293750763,0.021900832653045654,0.3442381024360657,0.08605952560901642,-0.16348741948604584,-0.06544512510299683,-0.22122320532798767,-0.05530580133199692,-0.03422864153981209,0.062001705169677734,-0.09274198859930038,-0.023185497149825096,0.010257285088300705,0.014819932170212269,0.04002545773983002,0.010006364434957504,0.019717609509825706,-0.008370387367904186,0.13551412522792816,0.03387853130698204,-0.018358642235398293,0.08523906767368317,0.9392510056495667,0.23481275141239166,0.20178858935832977,0.08806278556585312,1.1485724449157715,0.28714311122894287,0.26106613874435425,0.04223150014877319,-0.046092692762613297,-0.011523173190653324,0.00982845202088356,0.006234657950699329,3.713676691055298,0.9284191727638245,0.9115371108055115,0.028119945898652077,-0.1341424584388733,-0.03353561460971832,0.0003256378695368767,0.0517440102994442,-0.35344091057777405,-0.08836022764444351,0.007477685809135437,-0.07000172883272171,-0.3622264862060547,-0.09055662155151367,-0.015541136264801025,-0.026584703475236893,0.9861440658569336,0.2465360164642334,0.24557073414325714,0.01458674669265747,-0.9086411595344543,-0.2271602898836136,-0.2353150099515915,-0.0038305879570543766,-0.10341578722000122,-0.025853946805000305,-0.022131554782390594,-0.023258639499545097,3.456127405166626,0.8640318512916565,0.8717706203460693,-0.04788848012685776,0.2105829417705536,0.0526457354426384,0.013848764821887016,0.04014788940548897,0.2277158945798874,0.05692897364497185,0.026496173813939095,0.027291273698210716,0.25070253014564514,0.06267563253641129,0.021515319123864174,0.037706922739744186
0.4459947943687439,0.11149869859218597,0.1631225049495697,0.04972194507718086,0.30366140604019165,0.07591535151004791,0.021481772884726524,-0.07200594991445541,0.25408482551574707,0.06352120637893677,0.07345753163099289,0.03655702993273735,0.24062246084213257,0.06015561521053314,0.049289219081401825,-0.07971220463514328,0.5263012051582336,0.1315753012895584,-0.13861098885536194,-0.011896491050720215,0.20831453800201416,0.05207863450050354,-0.01590234786272049,0.04263578727841377,0.6018108129501343,0.15045270323753357,0.17974701523780823,0.053543101996183395,-0.44683054089546204,-0.11170763522386551,0.023693932220339775,0.05979352071881294,0.7707121968269348,0.1926780492067337,0.1386803239583969,0.01539149321615696,0.3733866810798645,0.09334667026996613,0.05849327892065048,-0.0653030276298523,0.31614184379577637,0.07903546094894409,-0.17456144094467163,-0.07560528069734573,-0.24440553784370422,-0.061101384460926056,-0.03703100234270096,-0.05672171711921692,-0.03691330552101135,-0.009228326380252838,-0.005638959817588329,0.046344079077243805,0.009870857000350952,0.002467714250087738,0.021282149478793144,0.055285464972257614,-0.025742720812559128,-0.006435680203139782,-0.024995485320687294,-0.06251632422208786,0.6519269943237305,0.16298174858093262,0.2054646611213684,-0.0661735013127327,1.0230780839920044,0.2557695209980011,0.24683846533298492,0.04674997553229332,0.009230103343725204,0.002307525835931301,0.006844144314527512,-0.07261451333761215,3.493734359741211,0.8734335899353027,0.9080740213394165,0.07408896833658218,-0.0882316455245018,-0.02205791138112545,-0.002768194768577814,0.04426399618387222,0.21045047044754028,0.05261261761188507,0.007575301453471184,0.0757366418838501,0.1706826239824295,0.042670655995607376,-0.01225031167268753,0.08930420130491257,1.1141338348388672,0.2785334587097168,0.24026869237422943,0.04134116321802139,-1.3049304485321045,-0.3262326121330261,-0.2408372461795807,0.020493019372224808,0.06670224666595459,0.016675561666488647,0.010458920150995255,0.07956095784902573,3.577598810195923,0.8943997025489807,0.8956368565559387,0.07375311851501465,-0.051209814846515656,-0.012802453711628914,0.00044353771954774857,-0.00984035711735487,-0.16442228853702545,-0.04110557213425636,0.012855030596256256,-0.011658728122711182,-0.4330686330795288,-0.1082671582698822,-0.016913171857595444,-0.03195377066731453
0.5249711275100708,0.1312427818775177,0.1668795794248581,-0.047327592968940735,0.3880826234817505,0.09702065587043762,0.009202118963003159,0.01251753605902195,0.24848809838294983,0.06212202459573746,0.07235247641801834,-0.06334155797958374,0.30911874771118164,0.07727968692779541,0.04660791903734207,0.017540007829666138,0.8016512989997864,0.2004128247499466,-0.14553673565387726,0.033659517765045166,0.16059589385986328,0.04014897346496582,-0.010782256722450256,-0.042301904410123825,0.6631175875663757,0.16577939689159393,0.17617495357990265,-0.01400755625218153,-0.4874037206172943,-0.12185093015432358,0.03162277489900589,0.0515216588973999,0.7551055550575256,0.1887763887643814,0.13948974013328552,-0.008089924231171608,0.3945566713809967,0.09863916784524918,0.07237564027309418,0.04152419790625572,0.38152652978897095,0.09538163244724274,-0.18022997677326202,-0.02322305552661419,-0.3048611581325531,-0.07621528953313828,-0.034729257225990295,0.0365666039288044,-0.045590437948703766,-0.011397609487175941,-0.00815588515251875,-0.07210023701190948,-0.08736571669578552,-0.02184142917394638,0.022054841741919518,0.019802171736955643,0.07774479687213898,0.019436199218034744,-0.013014612719416618,-0.019183218479156494,0.8429054021835327,0.21072635054588318,0.19883710145950317,-0.08272441476583481,1.0965702533721924,0.2741425633430481,0.2521090805530548,0.05653555318713188,0.11704063415527344,0.02926015853881836,0.009022386744618416,0.029290521517395973,3.5979747772216797,0.8994936943054199,0.915833055973053,-0.057086169719696045,-0.11689262837171555,-0.029223157092928886,-0.018328670412302017,-0.07739973068237305,-0.16021668910980225,-0.04005417227745056,0.0037382720038294792,-0.05213579162955284,-0.19258737564086914,-0.048146843910217285,-0.0223979614675045,0.03956092521548271,0.9910266399383545,0.24775665998458862,0.24877379834651947,-0.0414978452026844,-1.2240560054779053,-0.3060140013694763,-0.24659936130046844,-0.006938242819160223,-0.23299813270568848,-0.05824953317642212,-0.01215603481978178,-0.029834497720003128,3.4855666160583496,0.8713916540145874,0.8831586241722107,0.005421746056526899,-0.03208726644515991,-0.008021816611289978,-0.00545856636017561,0.022894222289323807,-0.06482835114002228,-0.01620708778500557,-0.006647449918091297,0.06659189611673355,0.36665067076683044,0.09166266769170761,0.01194259338080883,-0.0031897188164293766
0.4554091691970825,0.11385229229927063,0.1625109612941742,-0.07596319913864136,0.4118373394012451,0.10295933485031128,0.02348812110722065,0.016466176137328148,0.20568519830703735,0.05142129957675934,0.06979005038738251,-0.007869076915085316,0.1966455578804016,0.0491613894701004,0.036371976137161255,-0.05644354969263077,0.6702951788902283,0.16757379472255707,-0.1344383805990219,-0.05402399227023125,0.19436770677566528,0.04859192669391632,-0.01953301951289177,-0.04687535762786865,0.6344017386436462,0.15860043466091156,0.16404031217098236,0.0031804980244487524,-0.5340113639831543,-0.13350284099578857,0.02073577418923378,-0.04739098995923996,0.7721624374389648,0.1930406093597412,0.14757612347602844,0.07960941642522812,0.38355496525764465,0.09588874131441116,0.06352507323026657,0.057232704013586044,0.2759612798690796,0.0689903199672699,-0.18317599594593048,0.06315138190984726,-0.3138130009174347,-0.07845325022935867,-0.019642194733023643,-0.0118690375238657,0.11059192568063736,0.02764798142015934,-4.9620866775512695e-06,0.006332218647003174,0.02808070182800293,0.007020175457000732,0.023496514186263084,0.02131146751344204,-0.035798292607069016,-0.008949573151767254,-0.01599452644586563,0.012780332937836647,0.7157126665115356,0.1789281666278839,0.19101350009441376,-0.010790514759719372,0.9280748963356018,0.23201872408390045,0.23986540734767914,-0.0749397799372673,-0.011197555810213089,-0.0027993889525532722,4.2634084820747375e-05,-0.03565847501158714,3.5267131328582764,0.8816782832145691,0.9150445461273193,0.029091347008943558,0.11043568700551987,0.027608921751379967,0.009002048522233963,0.064296655356884,0.26863422989845276,0.06715855747461319,0.011688729748129845,0.039746832102537155,0.06722208112478256,0.01680552028119564,-0.006691937334835529,0.06178969144821167,1.1119638681411743,0.2779909670352936,0.2641969919204712,0.004978799726814032,-1.0223106145858765,-0.2555776536464691,-0.24114371836185455,0.058342624455690384,0.12095218896865845,0.030238047242164612,0.001281818374991417,0.08924996107816696,3.5320379734039307,0.8830094933509827,0.901549220085144,0.0012079417938366532,0.07756558060646057,0.019391395151615143,0.000187654048204422,0.03439837694168091,0.05200572311878204,0.01300143077969551,0.013071512803435326,-0.029058584943413734,-0.16875270009040833,-0.04218817502260208,0.000947621650993824,-0.060118164867162704
0.6223129630088806,0.15557824075222015,0.15799151360988617,0.056367646902799606,0.275425523519516,0.068856380879879,0.022204099223017693,-0.06550507247447968,0.23987293243408203,0.05996823310852051,0.06890449672937393,-0.07397643476724625,0.22677773237228394,0.056694433093070984,0.037426769733428955,0.0469953678548336,0.5742524862289429,0.14356312155723572,-0.13613469898700714,-0.0030105055775493383,0.30743294954299927,0.07685823738574982,-0.02574489824473858,0.024282021448016167,0.6306979060173035,0.15767447650432587,0.16730298101902008,0.08296096324920654,-0.4194074273109436,-0.1048518568277359,0.03414946794509888,0.004735404159873724,0.7213555574417114,0.18033888936042786,0.15369132161140442,0.05084575340151787,0.37223586440086365,0.09305896610021591,0.07362150400876999,-0.049101587384939194,0.2065979242324829,0.05164948105812073,-0.17791812121868134,-0.032775696367025375,-0.4191713035106659,-0.10479282587766647,-0.018643591552972794,-0.01162695325911045,-0.08716634660959244,-0.02179158665239811,-0.0023511555045843124,-0.007846993394196033,0.0005489885807037354,0.00013724714517593384,0.03442923724651337,0.03776289150118828,0.05556325986981392,0.01389081496745348,-0.013679759576916695,0.07398471981287003,0.8374545574188232,0.2093636393547058,0.19756340980529785,-0.016391098499298096,1.2012228965759277,0.30030572414398193,0.2368604689836502,0.01970885507762432,0.14643897116184235,0.03660974279046059,0.0065901316702365875,-0.006270873825997114,3.6405351161956787,0.9101337790489197,0.9058101773262024,0.05668677017092705,-0.1884622722864151,-0.047115568071603775,-0.006970602087676525,0.007943856529891491,-0.04955217242240906,-0.012388043105602264,0.007341455668210983,0.001694154809229076,-0.18605050444602966,-0.046512626111507416,-0.024985888972878456,-0.08807778358459473,1.0892970561981201,0.27232426404953003,0.2658825218677521,0.012475544586777687,-1.2485707998275757,-0.3121426999568939,-0.24694906175136566,-0.019465947523713112,-0.20888084173202515,-0.05222021043300629,-0.016927186399698257,-0.10216140002012253,3.6500701904296875,0.9125175476074219,0.9007325172424316,0.05167108774185181,-0.021325960755348206,-0.005331490188837051,0.008009025827050209,0.024460673332214355,-0.011200860142707825,-0.002800215035676956,0.013460984453558922,-0.006118863821029663,0.1781165897846222,0.04452914744615555,0.00643007829785347,0.09766163676977158
0.593575119972229,0.14839377999305725,0.1589958667755127,-0.0409272275865078,0.35647475719451904,0.08911868929862976,0.015221910551190376,-0.048800189048051834,0.22522932291030884,0.05630733072757721,0.06415173411369324,-0.05399410054087639,0.25900113582611084,0.06475028395652771,0.032100848853588104,-0.04107380658388138,0.808675229549408,0.202168807387352,-0.13630461692810059,0.07994239777326584,0.23711690306663513,0.05927922576665878,-0.014545047655701637,-0.04291510581970215,0.6539936065673828,0.1634984016418457,0.1689765602350235,0.007375544402748346,-0.42140400409698486,-0.10535100102424622,0.02846444584429264,-0.06009170040488243,0.7073764204978943,0.17684410512447357,0.14620399475097656,-0.027566781267523766,0.5010740160942078,0.12526850402355194,0.07780181616544724,-0.0036171020474284887,0.3471442461013794,0.08678606152534485,-0.17745482921600342,0.03198723867535591,-0.3245091736316681,-0.08112729340791702,-0.033462442457675934,-0.0444050058722496,-0.0001012757420539856,-2.53189355134964e-05,-0.006577448919415474,0.04686257988214493,-0.1409817636013031,-0.035245440900325775,0.03465784341096878,0.02608203887939453,-0.0714443176984787,-0.017861079424619675,-0.009177680127322674,-0.05852022394537926,0.6675029993057251,0.16687574982643127,0.18602102994918823,0.003024280071258545,1.199076533317566,0.2997691333293915,0.24560023844242096,0.025002360343933105,0.04694337770342827,0.011735844425857067,0.004021572880446911,-0.06775914132595062,3.5790014266967773,0.8947503566741943,0.9065989851951599,-0.028389960527420044,-0.0730554535984993,-0.018263863399624825,-0.001515241339802742,0.02931795082986355,0.0077429115772247314,0.0019357278943061829,0.010749958455562592,0.04201899841427803,0.3451520502567291,0.08628801256418228,-0.0014797225594520569,0.05023462697863579,1.0761505365371704,0.2690376341342926,0.27257272601127625,0.07159925997257233,-1.293461561203003,-0.32336539030075073,-0.265379935503006,-0.0760597363114357,0.05324965715408325,0.013312414288520813,-0.005810847971588373,0.08324940502643585,3.651994466781616,0.912998616695404,0.9140914678573608,0.042147375643253326,-0.020633727312088013,-0.005158431828022003,0.005178045481443405,0.02452433668076992,-0.03908297419548035,-0.009770743548870087,-0.0032794559374451637,-0.0356362983584404,-0.34655022621154785,-0.08663755655288696,-0.007468369789421558,-0.06765487045049667
0.6401718258857727,0.16004295647144318,0.1706996113061905,-0.030592655763030052,0.41754817962646484,0.10438704490661621,0.004559209570288658,0.03311591222882271,0.22623220086097717,0.05655805021524429,0.07081007957458496,0.06557716429233551,0.31437957286834717,0.07859489321708679,0.03143549710512161,-0.061275310814380646,0.8586412072181702,0.21466030180454254,-0.137669637799263,0.027886390686035156,0.24862438440322876,0.06215609610080719,-0.01607174426317215,-0.04782808944582939,0.7414329648017883,0.18535824120044708,0.16777600347995758,0.05736339092254639,-0.42689383029937744,-0.10672345757484436,0.020541684702038765,-0.017942607402801514,0.768481969833374,0.1921204924583435,0.1463102400302887,-0.030037036165595055,0.4543568789958954,0.11358921974897385,0.0898139551281929,0.014442265033721924,0.39721250534057617,0.09930312633514404,-0.17577964067459106,-0.034563153982162476,-0.3162405788898468,-0.0790601447224617,-0.017451612278819084,-0.00871652364730835,0.01741405576467514,0.004353513941168785,-0.01122545637190342,0.037549663335084915,-0.03356780856847763,-0.008391952142119408,0.0317554771900177,-0.07758481055498123,-0.052165281027555466,-0.013041320256888866,0.012080702930688858,0.06980370730161667,0.7520942687988281,0.18802356719970703,0.1873866319656372,-0.022578228265047073,1.010338544845581,0.25258463621139526,0.24000532925128937,-0.055386919528245926,0.07909488677978516,0.01977372169494629,0.004314732737839222,0.053849995136260986,3.6177754402160645,0.9044438600540161,0.9129933714866638,-0.02395288459956646,-0.11249720305204391,-0.02812430076301098,-0.012487039901316166,-0.0004323601897340268,-0.14438402652740479,-0.036096006631851196,0.005919165909290314,-0.060953568667173386,-0.24171406030654907,-0.06042851507663727,-0.014126507565379143,-0.0820903331041336,0.8896090984344482,0.22240227460861206,0.2708671987056732,-0.01664893701672554,-0.7551349997520447,-0.18878374993801117,-0.24902237951755524,-0.035594698041677475,-0.10853248834609985,-0.027133122086524963,-0.020292524248361588,-0.006668680813163519,3.5024282932281494,0.8756070733070374,0.9200400710105896,0.03265995904803276,-0.055648528039455414,-0.013912132009863853,-0.002574058249592781,0.0248390082269907,0.059342607855796814,0.014835651963949203,0.020606502890586853,0.08580467849969864,0.3507663309574127,0.08769158273935318,0.00490639079362154,-0.01592916250228882
0.7006288766860962,0.17515721917152405,0.1599276065826416,0.05000507831573486,0.34380602836608887,0.08595150709152222,0.00928567536175251,-0.0649840459227562,0.1939234733581543,0.048480868339538574,0.056689366698265076,-0.030494600534439087,0.2934815287590027,0.07337038218975067,0.034707918763160706,-0.029228458181023598,0.7421780824661255,0.18554452061653137,-0.13577517867088318,0.024578167125582695,0.2150416374206543,0.053760409355163574,-0.025446563959121704,-0.010384988971054554,0.6789459586143494,0.16973648965358734,0.16600674390792847,-0.017522215843200684,-0.4165673851966858,-0.10414184629917145,0.022140955552458763,-0.024418717250227928,0.7250173091888428,0.1812543272972107,0.15631873905658722,0.07716744393110275,0.44991400837898254,0.11247850209474564,0.0833134651184082,0.0017686665523797274,0.3245983123779297,0.08114957809448242,-0.19298051297664642,-0.043786920607089996,-0.35463955998420715,-0.08865988999605179,-0.029792845249176025,0.06359126418828964,0.04734748229384422,0.011836870573461056,-0.010636571794748306,-0.01992815174162388,0.09615306556224823,0.024038266390562057,0.0204930379986763,-0.010687023401260376,-0.1560179740190506,-0.03900449350476265,0.007265282794833183,-0.019757861271500587,0.7171265482902527,0.17928163707256317,0.1917588710784912,0.07814814895391464,1.1390624046325684,0.2847656011581421,0.23695853352546692,0.011176067404448986,0.026476990431547165,0.006619247607886791,0.009268464520573616,-0.0479670949280262,3.451366901397705,0.8628417253494263,0.8997179269790649,-0.028483662754297256,-0.006046125665307045,-0.0015115314163267612,-0.006149646360427141,-0.03508472070097923,0.21384796500205994,0.053461991250514984,0.014374842867255211,-0.00528529891744256,0.203424870967865,0.05085621774196625,0.013055415824055672,0.08617707341909409,1.064575433731079,0.2661438584327698,0.2813783884048462,-0.00848892331123352,-0.93598872423172,-0.23399718105793,-0.2443486452102661,0.0007257104152813554,0.07228106260299683,0.018070265650749207,-0.014082027599215508,-0.008680665865540504,3.7001569271087646,0.9250392317771912,0.9286590218544006,-0.019748056307435036,0.060519635677337646,0.015129908919334412,0.004110612906515598,0.060418952256441116,-0.3774074912071228,-0.0943518728017807,-0.014403763227164745,0.007585799787193537,-0.016982823610305786,-0.0042457059025764465,0.010618442669510841,0.04895832762122154
0.5790744423866272,0.1447686105966568,0.173468217253685,0.00028693079366348684,0.3518689274787903,0.08796723186969757,0.01382492110133171,-0.004918235819786787,0.21619319915771484,0.05404829978942871,0.05848164111375809,0.06429236382246017,0.29345887899398804,0.07336471974849701,0.030788643285632133,0.08322914689779282,0.7964043617248535,0.19910109043121338,-0.14600059390068054,-0.005060535855591297,0.2766928970813751,0.06917322427034378,-0.01315104030072689,-0.018828941509127617,0.7473847270011902,0.18684618175029755,0.16755959391593933,0.03435501083731651,-0.4957786202430725,-0.12394465506076813,0.026157939806580544,0.056707050651311874,0.7264289259910583,0.1816072314977646,0.14091798663139343,0.02163471095263958,0.4388522207736969,0.10971305519342422,0.06716758012771606,-0.05131274089217186,0.3191964626312256,0.0797991156578064,-0.17530924081802368,0.03812047466635704,-0.4722658693790436,-0.1180664673447609,-0.03095664642751217,0.02820204570889473,-0.02871721237897873,-0.007179303094744682,-0.006593445315957069,0.041194286197423935,0.044096335768699646,0.011024083942174911,0.005435114726424217,0.05429043993353844,-0.07478617131710052,-0.01869654282927513,-0.010485399514436722,0.0009117484441958368,0.5776102542877197,0.14440256357192993,0.17334970831871033,0.03334660455584526,1.2630558013916016,0.3157639503479004,0.23758193850517273,0.030948912724852562,0.09482540190219879,0.023706350475549698,0.014870157465338707,0.030654823407530785,3.6822495460510254,0.9205623865127563,0.9239961504936218,0.0889885202050209,-0.034806378185749054,-0.008701594546437263,-0.0008698394522070885,0.013836848549544811,-0.09303709864616394,-0.023259274661540985,0.00454685278236866,-0.050316762179136276,-0.42621469497680664,-0.10655367374420166,-0.015050597488880157,-0.0873185321688652,1.0761011838912964,0.2690252959728241,0.28882843255996704,-0.024292100220918655,-1.117447018623352,-0.279361754655838,-0.2481873482465744,0.05390181764960289,-0.029661834239959717,-0.007415458559989929,0.004203270189464092,-0.012448906898498535,3.6021947860717773,0.9005486965179443,0.9363417029380798,0.05410370975732803,-0.027280747890472412,-0.006820186972618103,-0.00601066742092371,-0.02745044231414795,0.21430398523807526,0.053575996309518814,0.007788984104990959,0.10801594704389572,-0.2139589637517929,-0.05348974093794823,-0.0036234944127500057,-0.050825487822294235
0.574276864528656,0.143569216132164,0.1700548529624939,0.050197817385196686,0.30828022956848145,0.07707005739212036,0.016003811731934547,-0.0322994701564312,0.2093161642551422,0.05232904106378555,0.0573447123169899,-0.06068974360823631,0.2411366105079651,0.06028415262699127,0.027452128008008003,-0.04413331300020218,0.5179525017738342,0.12948812544345856,-0.15204423666000366,-0.04244950786232948,0.2697838544845581,0.06744596362113953,-0.012950565665960312,0.03215143829584122,0.49380606412887573,0.12345151603221893,0.16862937808036804,0.03651032596826553,-0.5243637561798096,-0.1310909390449524,0.01971147395670414,0.018130958080291748,0.7494713664054871,0.18736784160137177,0.157454714179039,0.0242567490786314,0.4081551432609558,0.10203878581523895,0.07419322431087494,-0.038554634898900986,-0.008184939622879028,-0.002046234905719757,-0.19248370826244354,-0.0841749906539917,-0.5460224151611328,-0.1365056037902832,-0.02813492901623249,-0.06067141890525818,-0.0744008794426918,-0.01860021986067295,-0.004788861609995365,-0.0646885335445404,0.21644717454910278,0.054111793637275696,0.011337967589497566,5.3143503464525566e-05,0.014496702700853348,0.003624175675213337,-0.012085508555173874,-0.04193950816988945,0.5740615129470825,0.14351537823677063,0.18202655017375946,-0.047364335507154465,1.180318832397461,0.29507970809936523,0.25235337018966675,-0.04054659977555275,0.06917713582515717,0.01729428395628929,0.011909505352377892,-0.037605855613946915,3.3843326568603516,0.8460831642150879,0.9122405052185059,-0.010981285944581032,-0.030084842815995216,-0.007521210703998804,-0.0025556152686476707,-0.015060961246490479,0.12505781650543213,0.03126445412635803,0.013962963595986366,0.002734881592914462,0.20363208651542664,0.05090802162885666,-0.006124031729996204,0.08960390090942383,1.1984204053878784,0.2996051013469696,0.29356250166893005,0.049507368355989456,-1.2937644720077515,-0.32344111800193787,-0.22949253022670746,-0.003800863167271018,-0.08869349956512451,-0.022173374891281128,-0.012481468729674816,-0.00850757397711277,3.59749174118042,0.899372935295105,0.931766927242279,-0.0016186892753466964,0.12808087468147278,0.032020218670368195,0.012276962399482727,-0.010369944386184216,-0.28039753437042236,-0.07009938359260559,-0.019391249865293503,0.030318165197968483,0.10023573040962219,0.025058932602405548,-0.006888351868838072,0.08437316864728928
0.5759189128875732,0.1439797282218933,0.16340482234954834,-0.00481182336807251,0.3371409773826599,0.08428524434566498,0.016098780557513237,0.0036424279678612947,0.2063385546207428,0.0515846386551857,0.05413397401571274,0.06932828575372696,0.3200567960739136,0.0800141990184784,0.04999733716249466,-0.005702680442482233,0.7639093995094299,0.19097734987735748,-0.1473487913608551,0.02186610735952854,0.27896544337272644,0.06974136084318161,-0.011395573616027832,-0.03361327946186066,0.6327582001686096,0.1581895500421524,0.18004687130451202,0.006553459446877241,-0.4804556965827942,-0.12011392414569855,0.02525903470814228,-0.005936581175774336,0.7893341183662415,0.19733352959156036,0.1539306342601776,0.027801264077425003,0.42137405276298523,0.10534351319074631,0.08421944081783295,-0.021455103531479836,0.22366845607757568,0.05591711401939392,-0.1891183704137802,0.05558664724230766,-0.4519161283969879,-0.11297903209924698,-0.030341824516654015,0.010178721509873867,-0.022304736077785492,-0.005576184019446373,-0.01907510496675968,-0.06631188094615936,-0.030260011553764343,-0.007565002888441086,0.00841270200908184,-0.02426816336810589,0.05299096181988716,0.01324774045497179,-0.007971279323101044,-0.056043412536382675,0.6307685375213623,0.15769213438034058,0.16485826671123505,-0.01569475047290325,1.2156319618225098,0.30390799045562744,0.2450508028268814,0.04756305366754532,0.08046567440032959,0.020116418600082397,0.006350673735141754,-0.050468362867832184,3.5794928073883057,0.8948732018470764,0.8981792330741882,-0.05019230768084526,-0.08348957449197769,-0.020872393622994423,0.0009216945618391037,0.013570434413850307,-0.050857484340667725,-0.012714371085166931,0.012234646826982498,-0.03700171038508415,-0.26981741189956665,-0.06745435297489166,-0.021391233429312706,-0.09129493683576584,1.1873059272766113,0.29682648181915283,0.2906464636325836,-0.057154107838869095,-1.13312566280365,-0.2832814157009125,-0.23687350749969482,-0.06626192480325699,0.0006131529808044434,0.00015328824520111084,0.004810095764696598,-0.06472203880548477,3.57426381111145,0.8935659527778625,0.9138648509979248,-0.07462906837463379,-0.040120065212249756,-0.010030016303062439,-0.005088671110570431,0.033764757215976715,0.26406556367874146,0.06601639091968536,0.020069921389222145,-0.020292723551392555,-0.13194498419761658,-0.032986246049404144,0.0017252694815397263,-0.009778141975402832
0.4906925559043884,0.1226731389760971,0.164338618516922,0.05306432396173477,0.31146353483200073,0.07786588370800018,0.008755987510085106,-0.05803407356142998,0.15436503291130066,0.038591258227825165,0.05851072818040848,-0.043221134692430496,0.28371989727020264,0.07092997431755066,0.0372471883893013,-0.02533629536628723,0.5559571385383606,0.13898928463459015,-0.14377619326114655,0.03205510601401329,0.33417224884033203,0.08354306221008301,-0.021029356867074966,-0.004719472024589777,0.6337323188781738,0.15843307971954346,0.18628919124603271,0.0038789629470556974,-0.5014959573745728,-0.1253739893436432,0.015671083703637123,-0.07554890960454941,0.7474493384361267,0.18686233460903168,0.14258958399295807,-0.06296304613351822,0.40257856249809265,0.10064464062452316,0.08398061990737915,0.02146010473370552,0.12471076846122742,0.031177692115306854,-0.19107210636138916,0.015724653378129005,-0.40357711911201477,-0.10089427977800369,-0.02576577663421631,-0.03190252557396889,0.06630333513021469,0.016575833782553673,0.005258506163954735,0.0765640139579773,0.14066435396671295,0.03516608849167824,0.019618701189756393,-0.010949105024337769,0.042504001408815384,0.010626000352203846,-0.011978615075349808,-0.07251324504613876,0.5093535780906677,0.12733839452266693,0.1560782641172409,-0.014985442161560059,1.0896623134613037,0.2724155783653259,0.24103330075740814,-0.03969862684607506,0.1024417132139206,0.02561042830348015,0.00639784149825573,0.004924524109810591,3.5071632862091064,0.8767908215522766,0.9148764610290527,-0.06781201809644699,-0.07666868716478348,-0.01916717179119587,-0.01510580163449049,0.0653119683265686,0.13804659247398376,0.03451164811849594,0.01822161115705967,-0.039614301174879074,0.2726094126701355,0.06815235316753387,-0.0009447624906897545,0.11173854023218155,1.4334945678710938,0.35837364196777344,0.2972721755504608,0.09203832596540451,-1.0110880136489868,-0.2527720034122467,-0.2487006038427353,-0.008976507000625134,-0.0002980232238769531,-7.450580596923828e-05,-0.011712055653333664,0.024435479193925858,3.730005979537964,0.932501494884491,0.9118509292602539,0.02538590505719185,0.08379149436950684,0.02094787359237671,0.005923183634877205,0.03386963531374931,-0.06412573158740997,-0.016031432896852493,0.001807691529393196,-0.020363813266158104,-0.020910918712615967,-0.005227729678153992,0.0008798148483037949,-0.044082652777433395
0.5955468416213989,0.14888671040534973,0.16069762408733368,0.02081182599067688,0.393862247467041,0.09846556186676025,0.003617623820900917,0.04090025648474693,0.21866023540496826,0.054665058851242065,0.05499505251646042,0.0620928518474102,0.3200228214263916,0.0800057053565979,0.05481286346912384,0.07239707559347153,0.6764425039291382,0.16911062598228455,-0.14134491980075836,-0.00856525357812643,0.3503264784812927,0.08758161962032318,-0.015813862904906273,-0.06390082091093063,0.45812374353408813,0.11453093588352203,0.1765843778848648,0.056793417781591415,-0.4318014979362488,-0.1079503744840622,0.026550406590104103,0.036075759679079056,0.7643600702285767,0.19109001755714417,0.14980393648147583,-0.031590960919857025,0.38484659790992737,0.09621164947748184,0.08913514763116837,0.05660327896475792,0.1978849172592163,0.04947122931480408,-0.18617667257785797,-0.012787180952727795,-0.35577723383903503,-0.08894430845975876,-0.03520116209983826,0.08976711332798004,-0.07783094793558121,-0.019457736983895302,-0.006340014282613993,-0.027837121859192848,-0.09315143525600433,-0.023287858814001083,0.005127999000251293,0.015775514766573906,0.16360659897327423,0.04090164974331856,-0.011899193748831749,-0.02483276091516018,0.8646329045295715,0.21615822613239288,0.1600152850151062,0.03741942718625069,1.2312145233154297,0.3078036308288574,0.2479143887758255,-0.014633012004196644,0.03132365271449089,0.007830913178622723,0.009071893990039825,0.06371201574802399,3.614657402038574,0.9036643505096436,0.9089342355728149,-0.0637914314866066,-0.06511833518743515,-0.016279583796858788,-0.01263871043920517,0.07114648818969727,0.03572145104408264,0.00893036276102066,0.009574288502335548,-0.03352006897330284,-0.36183568835258484,-0.09045892208814621,-0.026643671095371246,-0.03718722611665726,1.0527786016464233,0.26319465041160583,0.2890340983867645,-0.01734299771487713,-0.9263967275619507,-0.23159918189048767,-0.24974068999290466,-0.019050700590014458,-0.042084455490112305,-0.010521113872528076,-0.006644986569881439,-0.05350211262702942,3.598419427871704,0.899604856967926,0.9295756220817566,-0.03328108415007591,-0.015092670917510986,-0.0037731677293777466,0.0018289228901267052,0.06634153425693512,0.10950246453285217,0.027375616133213043,0.02212090604007244,0.06083719804883003,0.13685348629951477,0.03421337157487869,0.008259184658527374,0.07874830812215805
0.4569469690322876,0.1142367422580719,0.1594248265028,0.012998259626328945,0.3123352527618408,0.0780838131904602,0.01835966296494007,0.055783238261938095,0.13301825523376465,0.03325456380844116,0.04851212352514267,0.04688237980008125,0.266079306602478,0.0665198266506195,0.039420947432518005,-0.02194359339773655,0.804931104183197,0.20123277604579926,-0.1450604498386383,-0.032316964119672775,0.31098175048828125,0.07774543762207031,-0.015717584639787674,0.051374126225709915,0.6030378937721252,0.1507594734430313,0.163859561085701,-0.06166889891028404,-0.5524568557739258,-0.13811421394348145,0.030428318306803703,-0.008099603466689587,0.7417630553245544,0.1854407638311386,0.13572831451892853,0.021674608811736107,0.42609110474586487,0.10652277618646622,0.08656159043312073,-0.00755646824836731,0.25705456733703613,0.06426364183425903,-0.1872349977493286,0.0689249262213707,-0.42935338616371155,-0.10733834654092789,-0.027361731976270676,0.07762261480093002,0.050462208688259125,0.012615552172064781,-0.01602676697075367,0.07373658567667007,0.11144319176673889,0.027860797941684723,0.013203801587224007,0.05098689720034599,0.05154438689351082,0.012886096723377705,-0.01519524585455656,0.007874625734984875,0.6256045699119568,0.1564011424779892,0.1680438220500946,0.07477039098739624,1.1928998231887817,0.29822495579719543,0.2608664929866791,-0.0221593976020813,-0.010225880891084671,-0.0025564702227711678,0.00046765338629484177,-0.08920075744390488,3.5042474269866943,0.8760618567466736,0.900365948677063,-0.031614791601896286,-0.03384069353342056,-0.00846017338335514,0.0019500795751810074,0.03373820707201958,0.09035071730613708,0.02258767932653427,0.009036706760525703,0.02582373656332493,0.26019537448883057,0.06504884362220764,-0.006836625747382641,0.027652574703097343,1.2459872961044312,0.3114968240261078,0.30696919560432434,0.0026568532921373844,-1.0187891721725464,-0.2546972930431366,-0.2413918375968933,0.03201479837298393,0.0028900504112243652,0.0007225126028060913,-0.01210428774356842,-0.06783251464366913,3.628662586212158,0.9071656465530396,0.934805154800415,0.014825385995209217,0.0025551021099090576,0.0006387755274772644,-0.003665347583591938,0.048501718789339066,-0.31345903873443604,-0.07836475968360901,-0.017923444509506226,-0.09376009553670883,-0.33814266324043274,-0.08453566581010818,-0.01344580389559269,-0.0083289984613657
0.5741468667984009,0.14353671669960022,0.1665671169757843,0.029562128707766533,0.27190423011779785,0.06797605752944946,0.018371274694800377,-0.007323193829506636,0.1448310911655426,0.03620777279138565,0.04767400771379471,0.05462947115302086,0.30779117345809937,0.07694779336452484,0.04363702982664108,0.04853928089141846,0.734124481678009,0.18353112041950226,-0.14643031358718872,0.033250223845243454,0.3426179885864258,0.08565449714660645,-0.01506896410137415,0.032848190516233444,0.6290790438652039,0.15726976096630096,0.17354202270507812,-0.009274852462112904,-0.5595149993896484,-0.1398787498474121,0.023751432076096535,0.019335055723786354,0.7396618723869324,0.1849154680967331,0.1347208470106125,0.047670792788267136,0.3737981617450714,0.09344954043626785,0.071507029235363,0.03099081479012966,0.11096644401550293,0.027741611003875732,-0.19397898018360138,-0.052030738443136215,-0.4581996500492096,-0.1145499125123024,-0.018401795998215675,0.023161662742495537,-0.0069700852036476135,-0.0017425213009119034,-0.018735280260443687,0.04532104730606079,0.04251162335276604,0.01062790583819151,0.015951216220855713,-0.07571860402822495,-0.04255629703402519,-0.010639074258506298,-0.005088381003588438,0.033782731741666794,0.5609927773475647,0.14024819433689117,0.15910455584526062,-0.0064473808743059635,1.069655179977417,0.26741379499435425,0.252736359834671,0.00044549108133651316,0.16499195992946625,0.04124798998236656,0.011246273294091225,0.08422501385211945,3.5684926509857178,0.8921231627464294,0.8971423506736755,0.06583452224731445,-0.10372466593980789,-0.025931166484951973,-0.01562843844294548,-0.07273702323436737,-0.057853639125823975,-0.014463409781455994,0.01763186790049076,0.05160412937402725,-0.032526105642318726,-0.008131526410579681,0.004741517826914787,-0.02917269803583622,1.080870509147644,0.270217627286911,0.3087235987186432,-0.005717355292290449,-1.1072673797607422,-0.27681684494018555,-0.23756322264671326,0.017338156700134277,0.053243935108184814,0.013310983777046204,0.003209376707673073,0.03828650712966919,3.415070056915283,0.8537675142288208,0.9077633023262024,-0.049758605659008026,-0.022347569465637207,-0.005586892366409302,0.004940865561366081,-0.03497854620218277,0.3932725787162781,0.09831814467906952,0.020592236891388893,0.03552861139178276,0.26741746068000793,0.06685436517000198,0.007267514243721962,0.09338114410638809
0.7000985145568848,0.1750246286392212,0.15893545746803284,-0.06810768693685532,0.29434025287628174,0.07358506321907043,0.008128715679049492,0.0021389068569988012,0.1293114423751831,0.032327860593795776,0.04259306192398071,0.025287795811891556,0.3874741792678833,0.09686854481697083,0.03806234151124954,0.053579818457365036,0.8884074091911316,0.2221018522977829,-0.14713114500045776,-0.03250235319137573,0.241173654794693,0.06029341369867325,-0.014747414737939835,-0.0567416213452816,0.6122371554374695,0.15305928885936737,0.17378012835979462,-0.055081069469451904,-0.43390515446662903,-0.10847628861665726,0.02495039813220501,0.04907364770770073,0.7090768218040466,0.17726920545101166,0.14161743223667145,-0.028036072850227356,0.37321487069129944,0.09330371767282486,0.06451183557510376,-0.0022212862968444824,0.4489469528198242,0.11223673820495605,-0.18627260625362396,0.0621977224946022,-0.3649057447910309,-0.09122643619775772,-0.02288833260536194,0.0476129911839962,0.035659950226545334,0.008914987556636333,-0.01576472818851471,-0.050752341747283936,-0.01081867516040802,-0.002704668790102005,0.026161594316363335,0.041679468005895615,-0.04325560852885246,-0.010813902132213116,0.001656481996178627,0.03322496637701988,0.584064781665802,0.1460161954164505,0.1531744748353958,-0.0642702504992485,1.1577764749526978,0.28944411873817444,0.2554023861885071,-0.04717496782541275,-0.08333267271518707,-0.020833168178796768,-0.0011666687205433846,-0.08675579726696014,3.6108317375183105,0.9027079343795776,0.9057314991950989,-0.004769373219460249,0.035144515335559845,0.008786128833889961,-0.0026605846360325813,-0.0007292688242159784,-0.19647447764873505,-0.04911861941218376,-0.001842300407588482,-0.034815311431884766,-0.14903172850608826,-0.037257932126522064,-0.003455275669693947,0.017313748598098755,1.0676366090774536,0.2669091522693634,0.3034582734107971,-0.0509936586022377,-1.2926597595214844,-0.3231649398803711,-0.2449135035276413,0.05326595529913902,-0.14678239822387695,-0.03669559955596924,0.005421286448836327,-0.023076845332980156,3.6726162433624268,0.9181540608406067,0.9114916324615479,0.09131479263305664,0.020852476358413696,0.005213119089603424,0.006527762860059738,-0.009917199611663818,-0.2389945536851883,-0.05974863842129707,0.010958774015307426,-0.06864313036203384,-0.37756821513175964,-0.09439205378293991,-0.024927398189902306,-0.013819045387208462
0.7396738529205322,0.18491846323013306,0.15173347294330597,-0.0021136344876140356,0.44018346071243286,0.11004586517810822,-0.0019465042278170586,-0.018862826749682426,0.10326988250017166,0.025817470625042915,0.04749293625354767,-0.08117230981588364,0.38096630573272705,0.09524157643318176,0.05186287313699722,0.032667528837919235,0.9157786965370178,0.22894467413425446,-0.13843227922916412,0.00481724739074707,0.39875003695487976,0.09968750923871994,-0.015044799074530602,0.008878624998033047,0.6789906024932861,0.16974765062332153,0.17315475642681122,-0.005904978606849909,-0.48238614201545715,-0.12059653550386429,0.015245521441102028,-0.06890963017940521,0.8025847673416138,0.20064619183540344,0.13724848628044128,0.02715245448052883,0.4584725797176361,0.11461814492940903,0.07255478203296661,-0.04804376885294914,0.30957484245300293,0.07739371061325073,-0.18892604112625122,-0.01364565547555685,-0.261307030916214,-0.0653267577290535,-0.021916383877396584,-0.027835017070174217,-0.07435772567987442,-0.018589431419968605,-0.0006445571780204773,0.030667627230286598,-0.008227072656154633,-0.002056768164038658,0.011883586645126343,0.0165056474506855,-0.19560225307941437,-0.04890056326985359,0.0012744050472974777,0.02854320965707302,0.385968953371048,0.096492238342762,0.15232302248477936,-0.08153247088193893,1.1793994903564453,0.29484987258911133,0.24183879792690277,0.05406386777758598,0.20729292929172516,0.05182323232293129,0.012528713792562485,-0.005220615770667791,3.4445085525512695,0.8611271381378174,0.9093817472457886,-0.054615605622529984,-0.048125676810741425,-0.012031419202685356,-0.007184367626905441,0.025773799046874046,0.21668121218681335,0.05417030304670334,0.024439385160803795,-0.02102053165435791,-0.060082755982875824,-0.015020688995718956,-0.005184684880077839,-0.010804051533341408,1.3010791540145874,0.32526978850364685,0.2997662425041199,0.06009712442755699,-1.2459092140197754,-0.31147730350494385,-0.24862457811832428,-0.024922067299485207,-0.05909574031829834,-0.014773935079574585,-0.0010859481990337372,-0.07066810131072998,3.6355128288269043,0.9088782072067261,0.9182738661766052,0.04548264667391777,-0.04821076989173889,-0.012052692472934723,-0.00588099705055356,0.05231480672955513,-0.02920721471309662,-0.007301803678274155,0.010126996785402298,0.04292476177215576,0.4035452902317047,0.10088632255792618,0.007620081305503845,0.014947975054383278
0.6963489055633545,0.17408722639083862,0.1711917370557785,0.05950066074728966,0.4337337017059326,0.10843342542648315,-0.006278813350945711,-0.06675856560468674,0.13452401757240295,0.03363100439310074,0.055475033819675446,0.040618717670440674,0.35633498430252075,0.08908374607563019,0.04469601809978485,0.00979536771774292,1.0561835765838623,0.2640458941459656,-0.1498255878686905,-0.06673187017440796,0.24655550718307495,0.06163887679576874,-0.013472339138388634,0.003212135983631015,0.7078611850738525,0.17696529626846313,0.18733400106430054,-0.017176782712340355,-0.3612435460090637,-0.09031088650226593,0.009824467822909355,0.005841725971549749,0.7186703085899353,0.17966757714748383,0.14864933490753174,-0.047203946858644485,0.47551229596138,0.118878073990345,0.07588378340005875,0.07026956230401993,0.4513230323791504,0.1128307580947876,-0.1904498189687729,-0.019358647987246513,-0.24128970503807068,-0.06032242625951767,-0.023719653487205505,0.05890379101037979,-0.05873558670282364,-0.01468389667570591,0.0010287249460816383,-0.07305461913347244,-0.07263517379760742,-0.018158793449401855,0.010389385744929314,-0.06485363095998764,-0.09260289371013641,-0.023150723427534103,-0.005708795040845871,-0.039553623646497726,0.6019704341888428,0.1504926085472107,0.15073508024215698,0.04397013410925865,1.1030011177062988,0.2757502794265747,0.2435712367296219,0.057134129106998444,0.012923818081617355,0.003230954520404339,0.01001940481364727,0.022607361897826195,3.6566944122314453,0.9141736030578613,0.9160763025283813,-0.008706927299499512,-0.037333615124225616,-0.009333403781056404,-0.009362179785966873,-0.02882128395140171,-0.20581242442131042,-0.051453106105327606,0.0007782848551869392,-0.07374849915504456,-0.061641305685043335,-0.015410326421260834,-0.0038330350071191788,-0.0010833919513970613,1.1083077192306519,0.27707692980766296,0.2918260991573334,-0.0763278678059578,-1.0690269470214844,-0.2672567367553711,-0.2587054967880249,0.027262961491942406,-0.012815088033676147,-0.003203772008419037,-0.002488505095243454,-0.061997659504413605,3.6736652851104736,0.9184163212776184,0.9287835955619812,0.02133767120540142,0.14618456363677979,0.036546140909194946,-0.0018130866810679436,-0.015440249815583229,-0.14910940825939178,-0.037277352064847946,-0.007539610844105482,-0.04948863014578819,-0.19222787022590637,-0.04805696755647659,-0.011448723264038563,0.017119038850069046
0.4565659761428833,0.11414149403572083,0.17345480620861053,0.026105714961886406,0.47808587551116943,0.11952146887779236,-0.0006257174536585808,0.003570699831470847,0.15007302165031433,0.03751825541257858,0.042017556726932526,-0.04132233187556267,0.3107292056083679,0.07768230140209198,0.04633069783449173,0.038121163845062256,1.0582327842712402,0.26455819606781006,-0.14878900349140167,0.05751234292984009,0.15609166026115417,0.039022915065288544,-0.01673702895641327,0.03453126177191734,0.6730901598930359,0.16827253997325897,0.18410883843898773,-0.01820317469537258,-0.4757305681705475,-0.11893264204263687,0.006513455882668495,-0.030266588553786278,0.7806125283241272,0.1951531320810318,0.15179738402366638,0.05998426675796509,0.39988240599632263,0.09997060149908066,0.07758655399084091,0.042850375175476074,0.32403796911239624,0.08100949227809906,-0.198810875415802,0.06572156399488449,-0.42314931750297546,-0.10578732937574387,-0.008796080946922302,-0.057918477803468704,0.02586808055639267,0.006467020139098167,0.008648892864584923,-0.026337135583162308,0.05407777801156044,0.01351944450289011,0.015442052856087685,0.011822235770523548,-0.012961756438016891,-0.003240439109504223,-0.0062942951917648315,-0.08235292136669159,0.4429064393043518,0.11072660982608795,0.1480693221092224,0.019627010449767113,1.0701348781585693,0.26753371953964233,0.24016393721103668,0.004975622985512018,0.006330948323011398,0.0015827370807528496,-0.003420427441596985,-0.0763184130191803,3.437103509902954,0.8592758774757385,0.9073670506477356,0.016366589814424515,0.023764675483107567,0.005941168870776892,-0.004679707810282707,0.08285202085971832,0.2770126461982727,0.06925316154956818,0.01970023103058338,0.07202879339456558,-0.06732596457004547,-0.016831491142511368,-0.018764561042189598,0.006955087184906006,1.309181809425354,0.3272954523563385,0.29114726185798645,0.013662529177963734,-1.0446311235427856,-0.2611577808856964,-0.250521183013916,-0.047199007123708725,0.03436511754989624,0.00859127938747406,-0.0036690845154225826,0.012902641668915749,3.418813705444336,0.854703426361084,0.909635066986084,-0.07854108512401581,0.08690179884433746,0.021725449711084366,0.012529643252491951,0.07051630318164825,0.23388978838920593,0.05847244709730148,0.013404255732893944,0.016420209780335426,0.1326007843017578,0.03315019607543945,0.009173093363642693,0.03274881839752197
0.5311154723167419,0.13277886807918549,0.15691255033016205,-0.058351706713438034,0.4686248302459717,0.11715620756149292,0.0019513918086886406,-0.017407650128006935,0.15064910054206848,0.03766227513551712,0.05559033155441284,0.036467816680669785,0.40803635120391846,0.10200908780097961,0.051273949444293976,0.07496067136526108,0.9129346609115601,0.22823366522789001,-0.145209401845932,-0.019504427909851074,0.1366085410118103,0.034152135252952576,-0.008218219503760338,-0.03839084133505821,0.5809655785560608,0.1452413946390152,0.17957022786140442,-0.005133319180458784,-0.390105277299881,-0.09752631932497025,0.015907881781458855,-0.04180554673075676,0.7370104193687439,0.18425260484218597,0.1540117859840393,-0.05521311238408089,0.37747928500175476,0.09436982125043869,0.06424356251955032,-0.047087229788303375,0.4486957788467407,0.11217394471168518,-0.1963822841644287,0.06561263650655746,-0.33185920119285583,-0.08296480029821396,-0.014427011832594872,-0.005160093307495117,0.010433346033096313,0.0026083365082740784,0.0056208036839962006,0.011003131046891212,0.055710405111312866,0.013927601277828217,0.017269684001803398,-0.012774241156876087,0.09155471622943878,0.022888679057359695,-0.02074093371629715,-0.016990089789032936,0.722676157951355,0.18066903948783875,0.1445395052433014,-0.0011072636116296053,1.1552417278289795,0.2888104319572449,0.2557218074798584,-0.0374835841357708,0.12206386029720306,0.030515965074300766,0.017403332516551018,0.053978610783815384,3.619973659515381,0.9049934148788452,0.9064016938209534,-0.04610631987452507,-0.11567661166191101,-0.028919152915477753,-0.0016555096954107285,0.03230571746826172,-0.26834025979042053,-0.06708506494760513,0.0022903839126229286,0.016443997621536255,0.10418857634067535,0.02604714408516884,-0.011797425337135792,0.09566397964954376,1.0826520919799805,0.2706630229949951,0.2808765470981598,0.016195077449083328,-1.0404770374298096,-0.2601192593574524,-0.24209153652191162,-0.0038351714611053467,-0.09533268213272095,-0.023833170533180237,-0.011252352967858315,0.00042307376861572266,3.562974214553833,0.8907435536384583,0.8976478576660156,0.06941627711057663,-0.028796404600143433,-0.007199101150035858,-0.004035347141325474,-0.08050268143415451,-0.14945675432682037,-0.03736418858170509,-0.004181474447250366,-0.08103784173727036,-0.22866924107074738,-0.057167310267686844,-0.012438185513019562,-0.016341103240847588
0.5296741724014282,0.13241854310035706,0.16739311814308167,-0.07199335098266602,0.43184471130371094,0.10796117782592773,-0.00047723017632961273,-0.05878360942006111,0.14080455899238586,0.035201139748096466,0.05268489569425583,0.014534401707351208,0.2874739170074463,0.07186847925186157,0.04757857322692871,-0.03546051308512688,0.7778621315956116,0.1944655328989029,-0.16076858341693878,-0.021861417219042778,0.18175357580184937,0.04543839395046234,-0.012250479310750961,-0.021427547559142113,0.6710420846939087,0.16776052117347717,0.1912146955728531,0.0012609303230419755,-0.4693884253501892,-0.1173471063375473,0.014841677621006966,-0.011570763774216175,0.8154112696647644,0.2038528174161911,0.15244337916374207,-0.01884007453918457,0.4162614047527313,0.10406535118818283,0.07554096728563309,0.04528871923685074,0.40140414237976074,0.10035103559494019,-0.18304762244224548,-0.07230666279792786,-0.3598983585834503,-0.08997458964586258,-0.006205480545759201,0.009396064095199108,-0.1601916253566742,-0.04004790633916855,-0.0016798395663499832,-0.06350060552358627,0.11637122929096222,0.029092807322740555,0.009499477222561836,-0.07456924021244049,0.01712741330265999,0.004281853325664997,-0.015334432944655418,0.014682221226394176,0.5904197692871094,0.14760494232177734,0.15499846637248993,-0.03180018067359924,1.1652010679244995,0.2913002669811249,0.2517741620540619,0.005316501948982477,-0.04841776564717293,-0.012104441411793232,0.003434726968407631,-0.010218155570328236,3.521005392074585,0.8802513480186462,0.9087834358215332,-0.008317983709275723,-0.05886634439229965,-0.014716586098074913,0.0015098517760634422,-0.05329108238220215,0.12302407622337341,0.030756019055843353,-0.0018892847001552582,-0.03414974734187126,-0.19397613406181335,-0.04849403351545334,-0.013425671495497227,-0.01864379644393921,1.0865558385849,0.271638959646225,0.2807063162326813,-0.0721646174788475,-0.9976354837417603,-0.24940887093544006,-0.25250738859176636,-0.03447888046503067,-0.01955491304397583,-0.0048887282609939575,-0.005148829892277718,0.07933402061462402,3.4359264373779297,0.8589816093444824,0.8927925825119019,0.006707257125526667,0.1637747883796692,0.0409436970949173,0.01803646609187126,0.05299600586295128,0.25020140409469604,0.06255035102367401,0.021110529080033302,0.06273045390844345,0.2907470762729645,0.07268676906824112,0.01154443621635437,0.06245920807123184
0.4819520115852356,0.1204880028963089,0.1600787490606308,0.02157720923423767,0.3046035170555115,0.07615087926387787,0.005537847056984901,0.0561361089348793,0.15133976936340332,0.03783494234085083,0.06063035875558853,-0.01938973180949688,0.2551919221878052,0.0637979805469513,0.04637272655963898,-0.07146326452493668,0.8525282740592957,0.2131320685148239,-0.15365515649318695,-0.0544208399951458,0.05745110660791397,0.014362776651978493,-0.008940976113080978,0.016245586797595024,0.8240007758140564,0.2060001939535141,0.17872345447540283,-0.008579331450164318,-0.44856444001197815,-0.11214111000299454,0.020721593871712685,-0.05242864415049553,0.7977847456932068,0.1994461864233017,0.15641316771507263,0.08028457313776016,0.3985871970653534,0.09964679926633835,0.06988903135061264,-0.058938074856996536,0.573233962059021,0.14330849051475525,-0.19262787699699402,0.018318116664886475,-0.35295674204826355,-0.08823918551206589,-0.013475028797984123,0.059008803218603134,0.031054601073265076,0.007763650268316269,-0.01630161516368389,-0.056404244154691696,0.09302888810634613,0.023257222026586533,0.015051094815135002,-0.060215335339307785,-0.0440392903983593,-0.011009822599589825,-0.0013576634228229523,0.00870048999786377,0.5773422718048096,0.1443355679512024,0.15668757259845734,0.029494261369109154,1.1461595296859741,0.28653988242149353,0.259806364774704,-0.06933234632015228,0.0925576239824295,0.023139405995607376,-0.002482813782989979,0.0016144514083862305,3.493236541748047,0.8733091354370117,0.8999293446540833,-0.04094333574175835,-0.031598515808582306,-0.007899628952145576,-0.009382922202348709,0.06830897182226181,0.25832146406173706,0.06458036601543427,0.028899947181344032,0.07586012035608292,0.06080612540245056,0.01520153135061264,-0.01540312822908163,0.03628622367978096,1.2336355447769165,0.3084088861942291,0.26759615540504456,0.05695096403360367,-1.028713345527649,-0.25717833638191223,-0.2443314641714096,0.04861107096076012,-0.07690161466598511,-0.019225403666496277,-0.004252138547599316,-0.0015088379150256515,3.640437364578247,0.9101093411445618,0.8944071531295776,0.0070445179007947445,-0.1182207390666008,-0.0295551847666502,0.008623272180557251,-0.07318464666604996,-0.23354212939739227,-0.05838553234934807,-0.0038221515715122223,-0.005764651577919722,-0.30075907707214355,-0.07518976926803589,-0.004513567313551903,0.0023971020709723234
0.5361477136611938,0.13403692841529846,0.16784492135047913,0.07602345943450928,0.32220572233200073,0.08055143058300018,0.0005600741133093834,0.04219920560717583,0.17430061101913452,0.04357515275478363,0.06168666481971741,-0.06202951818704605,0.3020474910736084,0.0755118727684021,0.0470842644572258,-0.0700921043753624,0.9810997843742371,0.24527494609355927,-0.1442815661430359,-0.06262072920799255,0.11393346637487411,0.02848336659371853,-0.013381916098296642,-0.008607137016952038,0.88177889585495,0.2204447239637375,0.19506675004959106,0.07271132618188858,-0.4628119468688965,-0.11570298671722412,0.001660417765378952,0.010261761955916882,0.7268136739730835,0.18170341849327087,0.15871694684028625,-0.07770051062107086,0.4271795153617859,0.10679487884044647,0.05499816685914993,0.041453052312135696,0.43425875902175903,0.10856468975543976,-0.1806703805923462,0.07417728751897812,-0.47814062237739563,-0.11953515559434891,-0.013253257609903812,0.03644741699099541,-0.00566476583480835,-0.0014161914587020874,-0.009129463694989681,-0.028980106115341187,0.10171117633581161,0.025427794083952904,0.02240416221320629,0.03485966846346855,-0.08330167829990387,-0.020825419574975967,0.0005343751981854439,0.007073348853737116,0.5096843242645264,0.1274210810661316,0.14044727385044098,-0.08947824686765671,1.089259386062622,0.2723148465156555,0.2383747100830078,0.017055338248610497,0.12949399650096893,0.03237349912524223,0.01814977265894413,0.07918103039264679,3.6447110176086426,0.9111777544021606,0.9167946577072144,0.07684501260519028,-0.04989292472600937,-0.012473231181502342,0.0023213662207126617,0.055149294435977936,-0.38791361451148987,-0.09697840362787247,-0.007758298888802528,-0.02611389197409153,0.012849615886807442,0.0032124039717018604,-0.0056972079910337925,0.021842051297426224,1.197372555732727,0.29934313893318176,0.2782636880874634,-0.016551494598388672,-1.1366214752197266,-0.28415536880493164,-0.23660928010940552,-0.00520137557759881,-0.04240924119949341,-0.010602310299873352,-0.017293868586421013,0.03512953594326973,3.5390942096710205,0.8847735524177551,0.902965247631073,0.06307227909564972,-0.018098562955856323,-0.004524640738964081,0.0008766241371631622,-0.07613494992256165,0.08915315568447113,0.022288288921117783,0.0015810159966349602,-0.003526115557178855,0.06035098433494568,0.01508774608373642,0.002454916015267372,0.09316029399633408
0.4907771348953247,0.12269428372383118,0.1616852581501007,-0.006488615181297064,0.37389522790908813,0.09347380697727203,-0.009248101152479649,-0.06904373317956924,0.175400972366333,0.04385024309158325,0.05179763585329056,0.0418972484767437,0.32770657539367676,0.08192664384841919,0.03705111891031265,-0.010261637158691883,0.8134263753890991,0.20335659384727478,-0.16130198538303375,-0.03186747059226036,0.11203304678201675,0.02800826169550419,-0.011874515563249588,-0.06329531967639923,0.6981660723686218,0.17454151809215546,0.17988182604312897,0.03956615924835205,-0.3890474736690521,-0.09726186841726303,0.01559142954647541,-0.020251108333468437,0.782214343547821,0.19555358588695526,0.1616424322128296,-0.02255200780928135,0.41720399260520935,0.10430099815130234,0.06746579706668854,-0.002517908811569214,0.137580007314682,0.0343950018286705,-0.1897253692150116,0.04118335247039795,-0.4917024075984955,-0.12292560189962387,-0.018439218401908875,-0.02702653408050537,-0.0037902221083641052,-0.0009475555270910263,-0.011783182621002197,0.03066195361316204,-0.019589565694332123,-0.004897391423583031,0.016777383163571358,0.0008129239431582391,-0.010766100138425827,-0.0026915250346064568,-0.018246592953801155,-0.07167883217334747,0.5683810710906982,0.14209526777267456,0.1493154764175415,0.026065612211823463,1.303515911102295,0.32587897777557373,0.253167986869812,-0.04419334605336189,-0.07203343510627747,-0.018008358776569366,-0.0035054036416113377,0.009191435761749744,3.4344334602355957,0.8586083650588989,0.9087421298027039,-0.05397644266486168,-0.11974198371171951,-0.029935495927929878,-0.015717968344688416,-0.009416735731065273,0.33782660961151123,0.08445665240287781,0.0238554235547781,0.07541117817163467,-0.06013555824756622,-0.015033889561891556,-0.004131906665861607,-0.03578474000096321,1.3077691793441772,0.3269422948360443,0.2738860249519348,0.007861661724746227,-1.2480213642120361,-0.31200534105300903,-0.2482064962387085,0.030095471069216728,-0.0029134750366210938,-0.0007283687591552734,0.005344375967979431,-0.002936297794803977,3.649136781692505,0.9122841954231262,0.9002352952957153,-0.009589314460754395,0.08269219100475311,0.020673047751188278,0.004357665777206421,-0.04270511865615845,0.07300704717636108,0.01825176179409027,0.018568838015198708,0.026648426428437233,-0.20229536294937134,-0.050573840737342834,-0.019017573446035385,-0.06281109154224396
0.5487346649169922,0.13718366622924805,0.16965360939502716,0.039764273911714554,0.5009536147117615,0.12523840367794037,0.00592835433781147,0.07544135302305222,0.1740020513534546,0.04350051283836365,0.05811036378145218,0.046642471104860306,0.2939218282699585,0.07348045706748962,0.05019062012434006,0.06750084459781647,0.5337798595428467,0.13344496488571167,-0.16353295743465424,0.03566470369696617,0.20425575971603394,0.051063939929008484,0.0023791510611772537,-0.011487061157822609,0.5122696757316589,0.12806741893291473,0.1768994778394699,0.06107132509350777,-0.4268432855606079,-0.10671082139015198,0.005038820207118988,0.07283835858106613,0.7986763715744019,0.19966909289360046,0.16526496410369873,-0.05244208499789238,0.3902455270290375,0.09756138175725937,0.06380586326122284,0.058194246143102646,0.010905295610427856,0.002726323902606964,-0.19333507120609283,0.05153913423418999,-0.5590091943740845,-0.13975229859352112,-0.009490014985203743,-0.05927855521440506,-0.025239624083042145,-0.006309906020760536,0.004630883224308491,0.05547330528497696,0.05531089007854462,0.013827722519636154,0.022055750712752342,-0.047072600573301315,0.13866440951824188,0.03466610237956047,-0.007206881418824196,-0.05093035846948624,0.7478306293487549,0.18695765733718872,0.14394252002239227,0.05829472467303276,1.176558017730713,0.2941395044326782,0.25515034794807434,-0.026971757411956787,0.1543143391609192,0.0385785847902298,0.011901795864105225,-0.038525424897670746,3.557291269302368,0.889322817325592,0.8924477696418762,0.012773203663527966,0.02073206566274166,0.005183016415685415,-0.0034548286348581314,0.013628065586090088,-0.2559959888458252,-0.0639989972114563,0.0031927507370710373,-0.10198909044265747,-0.02575048990547657,-0.0064376224763691425,-0.015105082653462887,-0.021957630291581154,1.315968632698059,0.32899215817451477,0.28954559564590454,-0.017162567004561424,-1.1032490730285645,-0.2758122682571411,-0.22951188683509827,-0.005616492126137018,-0.1276291012763977,-0.031907275319099426,-0.0057626403868198395,-0.027978593483567238,3.6817824840545654,0.9204456210136414,0.9071508049964905,0.0013875365257263184,0.09289257228374481,0.023223143070936203,0.004466479644179344,0.05743209272623062,-0.1786685436964035,-0.044667135924100876,-0.00220125587657094,-0.005860233213752508,0.4076973497867584,0.1019243374466896,0.010068140923976898,-0.0008089840412139893
0.4957694411277771,0.12394236028194427,0.16382066905498505,-0.03420310467481613,0.2682391405105591,0.06705978512763977,-0.004687875509262085,-0.00664560217410326,0.16472205519676208,0.04118051379919052,0.06474178284406662,0.0700521469116211,0.3264616131782532,0.0816154032945633,0.05088754743337631,0.019084036350250244,0.5016339421272278,0.12540848553180695,-0.15328988432884216,-0.07338984310626984,0.23044651746749878,0.057611629366874695,-0.010152067057788372,-0.007127165794372559,0.5453590750694275,0.13633976876735687,0.17206822335720062,-0.07866591215133667,-0.532611072063446,-0.1331527680158615,0.01563517190515995,-0.017717326059937477,0.8178073167800903,0.20445182919502258,0.15035738050937653,-0.006969195790588856,0.4411924183368683,0.11029810458421707,0.08188087493181229,-0.04188291355967522,0.20940357446670532,0.05235089361667633,-0.1967974454164505,0.058918606489896774,-0.3989240229129791,-0.09973100572824478,-0.014793189242482185,0.015544391237199306,-0.07356376200914383,-0.018390940502285957,-0.00980935338884592,0.005220508668571711,0.1012803167104721,0.025320079177618027,0.01599559374153614,-0.012261969037353992,0.10021628439426422,0.025054071098566055,-0.011145954951643944,-0.040819793939590454,0.6461430788040161,0.16153576970100403,0.15689697861671448,-0.05148335173726082,1.2365224361419678,0.30913060903549194,0.26017850637435913,0.06598567962646484,0.04018722102046013,0.010046805255115032,0.007536387071013451,-0.0640508234500885,3.452925205230713,0.8632313013076782,0.8876148462295532,-0.043054405599832535,-0.07324423640966415,-0.01831105910241604,-0.014907512813806534,0.004968202207237482,0.32004475593566895,0.08001118898391724,0.01772209443151951,0.03434958681464195,0.12058860063552856,0.03014715015888214,-0.0018245149403810501,0.07848737388849258,1.0898371934890747,0.2724592983722687,0.2898053526878357,0.05209944397211075,-1.1137714385986328,-0.2784428596496582,-0.23465511202812195,-0.05308889225125313,-0.005910336971282959,-0.0014775842428207397,-0.013097960501909256,0.05476823076605797,3.5739221572875977,0.8934805393218994,0.9225331544876099,-0.025562657043337822,0.00951075553894043,0.0023776888847351074,-0.002483384683728218,0.015743017196655273,0.1168229728937149,0.029205743223428726,0.007845675572752953,-0.007650136947631836,-0.17442205548286438,-0.043605513870716095,0.005763690918684006,-0.06707780808210373
0.4884646534919739,0.12211616337299347,0.16316701471805573,-0.07056631147861481,0.43983787298202515,0.10995946824550629,-0.007519796025007963,0.05115694925189018,0.17509029805660248,0.04377257451415062,0.06603723764419556,0.029465986415743828,0.20607861876487732,0.05151965469121933,0.0467328280210495,0.021937495097517967,0.5404078364372253,0.13510195910930634,-0.15601804852485657,-0.01989511214196682,0.29510849714279175,0.07377712428569794,-0.003713472280651331,-0.0011966407764703035,0.6214892268180847,0.15537230670452118,0.1605939269065857,0.026307333260774612,-0.48094022274017334,-0.12023505568504333,0.01867293007671833,0.02952185831964016,0.7985928058624268,0.1996482014656067,0.171251118183136,-0.049643781036138535,0.3980711102485657,0.09951777756214142,0.09004569798707962,0.015782201662659645,0.03986024856567383,0.009965062141418457,-0.19501042366027832,0.03561532497406006,-0.502159595489502,-0.1255398988723755,-0.020015433430671692,-0.05972805246710777,-0.02592376619577408,-0.00648094154894352,-0.008715944364666939,0.0001408636599080637,0.040828362107276917,0.010207090526819229,0.021125340834259987,-0.03464708849787712,0.01630045846104622,0.004075114615261555,-0.01169680431485176,-0.05882369354367256,0.6698224544525146,0.16745561361312866,0.17206253111362457,0.019396616145968437,0.9071709513664246,0.22679273784160614,0.24942369759082794,-0.052677929401397705,0.08323749899864197,0.020809374749660492,0.02265351079404354,0.029238570481538773,3.6335229873657227,0.9083807468414307,0.8986240029335022,-0.03409822657704353,0.07997895032167435,0.019994737580418587,0.00805455632507801,0.03415462002158165,-0.20392325520515442,-0.050980813801288605,-0.00026809051632881165,-0.10923819988965988,-0.31409528851509094,-0.07852382212877274,-0.019384581595659256,-0.02337815798819065,1.199583649635315,0.29989591240882874,0.28578853607177734,-0.057134080678224564,-0.9365904927253723,-0.23414762318134308,-0.23704054951667786,0.06747907400131226,-0.04993993043899536,-0.01248498260974884,-0.012212556786835194,0.0038708329666405916,3.5902678966522217,0.8975669741630554,0.9195815324783325,0.010488904081285,0.048552751541137695,0.012138187885284424,0.004713677801191807,-0.050532568246126175,0.053780123591423035,0.013445030897855759,0.018030235543847084,-0.023765278980135918,0.09851434826850891,0.024628587067127228,0.00736989825963974,-0.0009516894933767617
0.5288188457489014,0.13220471143722534,0.1571817547082901,-0.06336672604084015,0.33989089727401733,0.08497272431850433,-0.003759614657610655,0.004981261678040028,0.19376227259635925,0.04844056814908981,0.06660987436771393,-0.062345076352357864,0.23312276601791382,0.058280691504478455,0.04898063838481903,0.030085980892181396,0.3569721579551697,0.08924303948879242,-0.16107243299484253,-0.06322477757930756,0.24969705939292908,0.06242426484823227,-0.008940069004893303,0.06114870309829712,0.5598852038383484,0.1399713009595871,0.17517508566379547,0.035963453352451324,-0.49730172753334045,-0.12432543188333511,0.01628914661705494,-0.06521036475896835,0.846265971660614,0.2115664929151535,0.17536942660808563,0.06268017739057541,0.40651190280914307,0.10162797570228577,0.07821352034807205,0.022294599562883377,0.042129337787628174,0.010532334446907043,-0.1983540803194046,0.061870720237493515,-0.3928392231464386,-0.09820980578660965,-0.007703465409576893,-0.006274169776588678,-0.010178238153457642,-0.0025445595383644104,0.0013241013512015343,0.0523974783718586,0.0892394483089447,0.022309862077236176,0.026285169646143913,0.07464935630559921,0.08864419162273407,0.022161047905683517,0.00013241078704595566,-0.038081806153059006,0.5518537759780884,0.1379634439945221,0.16924959421157837,0.025108659639954567,1.1991162300109863,0.2997790575027466,0.2468004673719406,-0.017383957281708717,-0.018822569400072098,-0.0047056423500180244,-0.0013453103601932526,-0.04170782491564751,3.370243549346924,0.842560887336731,0.8992791771888733,-0.08515968173742294,-0.10598903149366379,-0.026497257873415947,-0.0122401537373662,0.03843645006418228,0.4609845280647278,0.11524613201618195,0.02562248893082142,0.13742545247077942,0.15733702480793,0.0393342562019825,0.0026431046426296234,0.010250532999634743,1.2865546941757202,0.32163867354393005,0.29796987771987915,0.052762795239686966,-1.2453234195709229,-0.3113308548927307,-0.25012677907943726,-0.04741640388965607,0.013668715953826904,0.003417178988456726,0.005892591550946236,-0.0255760308355093,3.6703989505767822,0.9175997376441956,0.915488600730896,0.018064988777041435,0.005983203649520874,0.0014958009123802185,-0.0012410292401909828,0.042766738682985306,-0.003958776593208313,-0.0009896941483020782,0.01409240998327732,-0.06721936911344528,-0.10278452932834625,-0.025696132332086563,-0.004024558234959841,-0.03939538076519966
0.6065777540206909,0.15164443850517273,0.16040249168872833,0.059310175478458405,0.4496746063232422,0.11241865158081055,-0.016007671132683754,0.0618884451687336,0.21337032318115234,0.053342580795288086,0.07021801918745041,0.05737762525677681,0.22019237279891968,0.05504809319972992,0.03543642908334732,-0.06658841669559479,0.48271310329437256,0.12067827582359314,-0.14691871404647827,0.02417759969830513,0.30211180448532104,0.07552795112133026,0.007965227589011192,0.03978089243173599,0.4648330807685852,0.1162082701921463,0.15457431972026825,-0.04095291718840599,-0.3899782598018646,-0.09749456495046616,0.013218531385064125,0.05510812997817993,0.7667606472969055,0.19169016182422638,0.16691350936889648,-0.02626778744161129,0.44773629307746887,0.11193407326936722,0.09238177537918091,-0.03812925145030022,0.03139957785606384,0.00784989446401596,-0.19505375623703003,-0.009599518962204456,-0.45293131470680237,-0.11323282867670059,-0.013904210180044174,0.0689348503947258,-0.1676209270954132,-0.0419052317738533,-0.023260077461600304,-0.056293364614248276,-0.1487371325492859,-0.03718428313732147,0.026619860902428627,0.0018401503330096602,0.07973004877567291,0.019932512193918228,0.009883886203169823,-0.013398969545960426,0.8150637149810791,0.20376592874526978,0.17122870683670044,0.09519869089126587,1.163498878479004,0.290874719619751,0.25753799080848694,-0.03570207208395004,0.133929044008255,0.03348226100206375,0.0013748249039053917,0.029203319922089577,3.6663622856140137,0.9165905714035034,0.899140477180481,0.05906547233462334,-0.03126402944326401,-0.007816007360816002,0.0017796177417039871,-0.05239327624440193,-0.5025317668914795,-0.12563294172286987,0.003695073537528515,-0.16085408627986908,-0.20431199669837952,-0.05107799917459488,-0.020581316202878952,-0.08989937603473663,1.1647204160690308,0.2911801040172577,0.28798243403434753,-0.016925817355513573,-1.0644569396972656,-0.2661142349243164,-0.2524740695953369,-0.002853179117664695,-0.15767690539360046,-0.039419226348400116,-0.0057318080216646194,-0.07815499603748322,3.6947991847991943,0.9236997961997986,0.9264301061630249,0.04022514820098877,0.04538218677043915,0.011345546692609787,0.009323608130216599,0.06396011263132095,0.11682507395744324,0.02920626848936081,0.024840855970978737,0.06774928420782089,0.2115236520767212,0.0528809130191803,0.007761668413877487,-0.026054009795188904
0.5543400645256042,0.13858501613140106,0.16740067303180695,0.0014290333492681384,0.36553817987442017,0.09138454496860504,-0.015906017273664474,0.036918867379426956,0.1896074116230011,0.047401852905750275,0.06414800137281418,-0.017489289864897728,0.30204522609710693,0.07551130652427673,0.03909466415643692,0.027814233675599098,0.4851221442222595,0.12128053605556488,-0.15797317028045654,-0.06891338527202606,0.2601536512374878,0.06503841280937195,0.006135260686278343,0.03830542787909508,0.6413740515708923,0.16034351289272308,0.16181594133377075,0.02027720771729946,-0.48308390378952026,-0.12077097594738007,0.012765884399414062,0.01725471019744873,0.8295400142669678,0.20738500356674194,0.1723727583885193,-0.039767179638147354,0.4737483859062195,0.11843709647655487,0.09863274544477463,0.040711164474487305,0.03518828749656677,0.008797071874141693,-0.19912806153297424,0.011366474442183971,-0.40604904294013977,-0.10151226073503494,-0.011512663215398788,-0.04927799105644226,0.16098245978355408,0.04024561494588852,-0.010473853908479214,-0.019060617312788963,-0.07414969801902771,-0.018537424504756927,0.02207561396062374,0.03970743343234062,-0.06475667655467987,-0.016189169138669968,-0.004539601504802704,0.07856177538633347,0.39417779445648193,0.09854444861412048,0.17757879197597504,-0.08181967586278915,1.1432368755340576,0.2858092188835144,0.249643936753273,0.018158508464694023,0.09887734055519104,0.02471933513879776,0.012422721832990646,0.0675889179110527,3.312110424041748,0.828027606010437,0.886199951171875,-0.095315121114254,-0.07994524389505386,-0.019986310973763466,-0.00373289966955781,-0.05614471435546875,0.3434157371520996,0.0858539342880249,0.02753305993974209,-0.0017742991913110018,0.25356799364089966,0.06339199841022491,0.008804883807897568,-0.0040014744736254215,1.276025414466858,0.3190063536167145,0.29693013429641724,0.03758716583251953,-1.0398856401443481,-0.25997141003608704,-0.24350889027118683,0.062427617609500885,0.10529017448425293,0.026322543621063232,0.006513858214020729,0.10781586170196533,3.7596426010131836,0.9399106502532959,0.9431076049804688,-0.012571698985993862,-0.07546018809080124,-0.01886504702270031,0.002512425184249878,-0.0002248764067189768,-0.28453320264816284,-0.07113330066204071,-0.009204142726957798,0.00220395321957767,-0.06667619943618774,-0.016669049859046936,0.013913678005337715,0.018722588196396828
0.5383198857307434,0.13457997143268585,0.15515786409378052,0.07295789569616318,0.3903183341026306,0.09757958352565765,-0.005405790638178587,-0.04867912828922272,0.20558544993400574,0.051396362483501434,0.061381831765174866,-0.02287452295422554,0.2389906644821167,0.059747666120529175,0.03236142545938492,-0.03772835433483124,0.6742594242095947,0.16856485605239868,-0.14006590843200684,-0.0036178112495690584,0.20423629879951477,0.05105907469987869,0.0070025864988565445,-0.06766631454229355,0.6219026446342468,0.1554756611585617,0.16341175138950348,0.03448604419827461,-0.427236407995224,-0.106809101998806,0.015390196815133095,-0.06543806195259094,0.8440595865249634,0.21101489663124084,0.1572350561618805,0.014574545435607433,0.49599000811576843,0.12399750202894211,0.10503005981445312,0.003748339368030429,0.03477272391319275,0.008693180978298187,-0.20316757261753082,0.023907626047730446,-0.45280852913856506,-0.11320213228464127,0.0010852199047803879,0.05181025341153145,-0.0795426145195961,-0.019885653629899025,0.0011124983429908752,-0.02752479910850525,-0.15007315576076508,-0.03751828894019127,0.01993476413190365,0.004711258690804243,-0.013271491974592209,-0.003317872993648052,0.00489024817943573,0.04830808565020561,0.6650818586349487,0.16627046465873718,0.17158550024032593,-0.06266263127326965,1.0758047103881836,0.2689511775970459,0.2474081963300705,-0.039619456976652145,-0.021815020591020584,-0.005453755147755146,0.007528753951191902,-0.02670740894973278,3.6259748935699463,0.9064937233924866,0.9016876220703125,-0.04348265752196312,0.030727839097380638,0.0076819597743451595,0.008835088461637497,0.06900817155838013,-0.24036931991577148,-0.06009232997894287,-0.0070669581182301044,0.00956803560256958,-0.2368188053369522,-0.05920470133423805,-0.008709309622645378,-0.06102607771754265,1.192055344581604,0.298013836145401,0.3047158718109131,0.06468290090560913,-1.1812872886657715,-0.29532182216644287,-0.24652522802352905,-0.01210798043757677,-0.2447337806224823,-0.061183445155620575,-0.020169083029031754,-0.034276507794857025,3.593571424484253,0.8983928561210632,0.9346567988395691,-0.0038014173042029142,-0.022060632705688477,-0.005515158176422119,0.0019477680325508118,-0.04380429908633232,0.2436942309141159,0.060923557728528976,0.017058009281754494,0.10464658588171005,-0.2876304090023041,-0.07190760225057602,-0.010669360868632793,-0.0466705746948719
0.4946315884590149,0.12365789711475372,0.1611631214618683,-0.04322601482272148,0.3628164529800415,0.09070411324501038,-0.004436221439391375,0.0018910526996478438,0.23994359374046326,0.059985898435115814,0.06410884112119675,-0.031396590173244476,0.26931554079055786,0.06732888519763947,0.031324923038482666,-0.05843307450413704,0.5355005860328674,0.13387514650821686,-0.1477319300174713,-0.036276232451200485,0.2664901912212372,0.0666225478053093,-0.0010277684777975082,0.06742185354232788,0.6611607670783997,0.16529019176959991,0.15132689476013184,0.06260571628808975,-0.3563801944255829,-0.08909504860639572,-0.0005111647769808769,-0.060536712408065796,0.819861114025116,0.204965278506279,0.17125749588012695,0.006325447466224432,0.4531387984752655,0.11328469961881638,0.0989619567990303,0.03882930427789688,0.10614427924156189,0.026536069810390472,-0.19601424038410187,-0.06595847755670547,-0.4909183084964752,-0.1227295771241188,-0.014835302717983723,-0.047499872744083405,-0.0025165006518363953,-0.0006291251629590988,-0.003863109741359949,-0.0057215034030377865,-0.013684004545211792,-0.003421001136302948,0.0017349235713481903,-0.011240857653319836,-0.035421233624219894,-0.008855308406054974,0.0014104712754487991,0.009407234378159046,0.7488232851028442,0.18720582127571106,0.1754583865404129,-0.013957000337541103,1.0644047260284424,0.2661011815071106,0.2470686286687851,-0.01642432250082493,0.08072035014629364,0.02018008753657341,0.0068486537784338,-0.038113366812467575,3.510200023651123,0.8775500059127808,0.895857572555542,0.049720682203769684,-0.16101767122745514,-0.040254417806863785,-0.0003895871341228485,-0.005563688464462757,0.2076076865196228,0.0519019216299057,0.020921913906931877,0.07956726849079132,0.11014409363269806,0.027536023408174515,0.0034679844975471497,-0.02386111579835415,1.1076178550720215,0.27690446376800537,0.3107052743434906,-0.04089430719614029,-1.226013422012329,-0.3065033555030823,-0.2397896945476532,0.025888491421937943,0.033142149448394775,0.008285537362098694,-0.009107234887778759,-0.015649080276489258,3.677628755569458,0.9194071888923645,0.9451189041137695,-0.0537487268447876,0.03333136439323425,0.008332841098308563,-0.011398126371204853,0.07113329321146011,-0.30649250745773315,-0.07662312686443329,-0.004161029122769833,-0.022266119718551636,0.253063827753067,0.06326595693826675,0.0013591321185231209,-0.014101154170930386
0.40542072057724,0.10135518014431,0.16087785363197327,0.002592372940853238,0.3567981719970703,0.08919954299926758,-0.013132752850651741,0.01588934101164341,0.1903521567583084,0.0475880391895771,0.07473038882017136,-0.05465307831764221,0.20024192333221436,0.05006048083305359,0.042356640100479126,-0.05289900302886963,0.5151775479316711,0.12879438698291779,-0.15841516852378845,0.04849628359079361,0.15446755290031433,0.03861688822507858,0.004981116391718388,-0.016314595937728882,0.802729070186615,0.20068226754665375,0.16414612531661987,-0.03355919569730759,-0.35332590341567993,-0.08833147585391998,0.01219860091805458,-0.06045287474989891,0.7879168391227722,0.19697920978069305,0.15938754379749298,0.050109125673770905,0.44622185826301575,0.11155546456575394,0.0912739560008049,-0.09224753826856613,0.19610512256622314,0.049026280641555786,-0.2020888477563858,0.06680265814065933,-0.4876309335231781,-0.12190773338079453,-0.01794128492474556,0.021972984075546265,0.0025110021233558655,0.0006277505308389664,-0.006749751046299934,0.06760940700769424,0.13580453395843506,0.033951133489608765,0.009735487401485443,0.038286831229925156,-0.02903212234377861,-0.0072580305859446526,-0.003931513987481594,0.00033599138259887695,0.6845107078552246,0.17112767696380615,0.1749536395072937,-0.025322426110506058,1.2259572744369507,0.30648931860923767,0.24588964879512787,0.020383745431900024,0.1236160546541214,0.03090401366353035,0.02088339440524578,0.0007794738048687577,3.6890881061553955,0.9222720265388489,0.9068852663040161,0.06798062473535538,-0.09869235008955002,-0.024673087522387505,-0.018392765894532204,0.05942144617438316,-0.33294668793678284,-0.08323667198419571,-0.014843923039734364,-0.05279667302966118,-0.044177256524562836,-0.011044314131140709,-0.013846752233803272,-0.05859936401247978,1.1889153718948364,0.2972288429737091,0.30145183205604553,-0.05911090597510338,-1.1376906633377075,-0.2844226658344269,-0.2416141927242279,-0.00975732784718275,-0.024220645427703857,-0.006055161356925964,0.005276240408420563,-0.02833486534655094,3.5638587474823,0.890964686870575,0.9235345721244812,-0.07829385250806808,0.08349442481994629,0.020873606204986572,0.004706543870270252,0.00045714975567534566,0.1483803242444992,0.0370950810611248,-0.0005581071600317955,0.06471238285303116,0.011464297771453857,0.0028660744428634644,0.00743737630546093,0.002288872143253684
0.4457331895828247,0.11143329739570618,0.16407574713230133,-0.020805401727557182,0.37160682678222656,0.09290170669555664,-0.010069279000163078,-0.004473769571632147,0.2658650875091553,0.06646627187728882,0.07529696822166443,-0.007328546140342951,0.23399046063423157,0.05849761515855789,0.043539926409721375,-0.03347383067011833,0.4588252902030945,0.11470632255077362,-0.1453324407339096,0.04008234664797783,0.1877366304397583,0.046934157609939575,0.0033835461363196373,0.031109845265746117,0.7204430103302002,0.18011075258255005,0.1702345907688141,0.07699966430664062,-0.37764841318130493,-0.09441210329532623,0.016369977965950966,0.0019002080662176013,0.7727400660514832,0.1931850165128708,0.1680980771780014,-0.012672984972596169,0.4853663742542267,0.12134159356355667,0.07834681868553162,0.03579648956656456,0.15155014395713806,0.037887535989284515,-0.19508132338523865,-0.021365469321608543,-0.4643637239933014,-0.11609093099832535,-0.004372844472527504,0.04609636217355728,-0.05312306433916092,-0.01328076608479023,-0.0027045561000704765,0.04429218918085098,0.050207942724227905,0.012551985681056976,-0.007340594194829464,-0.0176846981048584,0.049254048615694046,0.012313512153923512,0.008839016780257225,-0.00035092831240035594,0.63173508644104,0.15793377161026,0.1744551658630371,0.07177529484033585,1.13883376121521,0.2847084403038025,0.2523520290851593,0.07079356908798218,0.021730106323957443,0.005432526580989361,-0.0008242763578891754,-0.07586606591939926,3.4561915397644043,0.8640478849411011,0.9127776026725769,-0.08558722585439682,0.04621940106153488,0.01155485026538372,-0.002077448181807995,-0.00791558064520359,0.4689890146255493,0.11724725365638733,0.02890103869140148,0.10409047454595566,0.18385200202465057,0.04596300050616264,0.01787610538303852,0.02538067102432251,1.2544821500778198,0.31362053751945496,0.3133670389652252,0.006899458356201649,-1.170930027961731,-0.29273250699043274,-0.25116223096847534,-0.020701289176940918,-0.06387457251548767,-0.015968643128871918,0.001309182494878769,-0.04617176204919815,3.7253832817077637,0.9313458204269409,0.9401965141296387,0.05678445100784302,0.02049250900745392,0.00512312725186348,0.00040784943848848343,0.007776481099426746,0.07758741080760956,0.01939685270190239,0.012632058933377266,0.012566352263092995,-0.18752050399780273,-0.046880125999450684,0.0013407506048679352,-0.06964676827192307
0.3775225877761841,0.09438064694404602,0.16854718327522278,-0.008139736019074917,0.38683730363845825,0.09670932590961456,0.0006186487153172493,0.07142730802297592,0.27495110034942627,0.06873777508735657,0.07789423316717148,-0.05907546356320381,0.23422378301620483,0.05855594575405121,0.04958253353834152,0.07164482027292252,0.4586859345436096,0.1146714836359024,-0.1604548543691635,0.03576284646987915,0.06507972627878189,0.016269931569695473,-0.0012739505618810654,-0.02933323197066784,0.7466393113136292,0.1866598278284073,0.16741959750652313,0.06858885288238525,-0.49492979049682617,-0.12373244762420654,0.018720174208283424,0.015947794541716576,0.8181355595588684,0.2045338898897171,0.17322859168052673,0.07032801955938339,0.39449700713157654,0.09862425178289413,0.08065850287675858,0.008827174082398415,0.30472373962402344,0.07618093490600586,-0.1939554661512375,0.04073823615908623,-0.6326133012771606,-0.15815332531929016,-0.023535123094916344,-0.05876542255282402,-0.03824404627084732,-0.00956101156771183,-0.013305560685694218,0.010445785708725452,0.1579456478357315,0.03948641195893288,-0.007850621826946735,-0.06553930044174194,-0.027455758303403854,-0.006863939575850964,-0.012960420921444893,-0.037055712193250656,0.8226680755615234,0.20566701889038086,0.17997199296951294,0.05289442464709282,1.0367388725280762,0.25918471813201904,0.24150939285755157,-0.029315728694200516,0.1612301617860794,0.04030754044651985,0.02000444382429123,0.08082085102796555,3.7196695804595947,0.9299173951148987,0.9241437911987305,0.03468586131930351,-0.1060035452246666,-0.02650088630616665,-0.009816761128604412,0.002841222332790494,-0.4463389217853546,-0.11158473044633865,0.00016413070261478424,-0.0928247794508934,-0.4044967591762543,-0.10112418979406357,-0.02413632906973362,-0.13143903017044067,0.9866005182266235,0.24665012955665588,0.29446202516555786,-0.05972924456000328,-0.8735138177871704,-0.2183784544467926,-0.2514488101005554,0.003925585653632879,-0.06905251741409302,-0.017263129353523254,-0.012750949710607529,0.011899078264832497,3.600916624069214,0.9002291560173035,0.9366111755371094,0.0628085508942604,0.0015490949153900146,0.00038727372884750366,0.003443904221057892,-0.02197250723838806,-0.17544977366924286,-0.043862443417310715,0.0003522522747516632,0.0018040597205981612,0.30033746361732483,0.07508436590433121,0.019720129668712616,0.02931882254779339
0.32998740673065186,0.08249685168266296,0.16420239210128784,-0.010465181432664394,0.19089137017726898,0.047722842544317245,-0.002239581197500229,-0.04099169746041298,0.24722683429718018,0.061806708574295044,0.07484937459230423,0.016730790957808495,0.23568248748779297,0.05892062187194824,0.05338261276483536,-0.005417537875473499,0.5020298957824707,0.12550747394561768,-0.16469590365886688,0.025465214625000954,0.10525352507829666,0.026313381269574165,0.00539813656359911,0.021586095914244652,0.7310724258422852,0.1827681064605713,0.1746087670326233,-0.0661115050315857,-0.5931660532951355,-0.14829151332378387,0.00019752513617277145,0.03449111059308052,0.8012010455131531,0.20030026137828827,0.1831478774547577,0.05787179619073868,0.4412825107574463,0.11032062768936157,0.07317990809679031,-0.052474863827228546,0.33355414867401123,0.08338853716850281,-0.1811448335647583,-0.01184781827032566,-0.4697457253932953,-0.11743643134832382,-0.018745243549346924,0.03288144990801811,0.0032887086272239685,0.0008221771568059921,-0.00568602979183197,0.031714726239442825,0.3041459918022156,0.0760364979505539,0.011516977101564407,-0.0567326620221138,0.043648410588502884,0.010912102647125721,-0.008807457983493805,-0.05611301586031914,0.4545143246650696,0.1136285811662674,0.17886322736740112,-0.009359776973724365,1.2136447429656982,0.30341118574142456,0.24946416914463043,0.02815244160592556,-0.031786222010850906,-0.007946555502712727,-0.005885869264602661,-0.04037659987807274,3.380094528198242,0.8450236320495605,0.9083191752433777,0.039063550531864166,0.035855986177921295,0.008963996544480324,0.006929457187652588,0.05046819522976875,0.31997424364089966,0.07999356091022491,0.013911047950387001,0.019018996506929398,0.4887518882751465,0.12218797206878662,0.013237973675131798,0.10697374492883682,1.1459342241287231,0.2864835560321808,0.2979864478111267,0.0045254467986524105,-0.9726940393447876,-0.2431735098361969,-0.24184268712997437,-0.022732866927981377,0.023153603076934814,0.005788400769233704,-0.002439613454043865,0.05847673490643501,3.513596534729004,0.878399133682251,0.9206522107124329,0.03160450607538223,0.055151358246803284,0.013787839561700821,-0.00616098940372467,0.06374388188123703,0.04252123832702637,0.010630309581756592,0.014389416202902794,-0.02222006395459175,-0.29821765422821045,-0.07455441355705261,-0.01492221001535654,-0.09455840289592743
0.6106947064399719,0.15267367660999298,0.16645878553390503,0.042581330984830856,0.41590553522109985,0.10397638380527496,-0.004675416275858879,0.0017541944980621338,0.25096753239631653,0.06274188309907913,0.07833229005336761,-0.040876682847738266,0.2998794913291931,0.07496987283229828,0.051090143620967865,-0.0716056302189827,0.6644180417060852,0.1661045104265213,-0.15620596706867218,0.03761805221438408,0.1459454894065857,0.03648637235164642,-0.010941050946712494,0.0353381521999836,0.6066334247589111,0.15165835618972778,0.17631350457668304,-0.050512295216321945,-0.3700730800628662,-0.09251827001571655,0.002543032169342041,-0.06957832723855972,0.8189694285392761,0.20474235713481903,0.1788143515586853,-0.06417764723300934,0.42533913254737854,0.10633478313684464,0.06385080516338348,-0.05415164306759834,0.39096492528915405,0.09774123132228851,-0.1990770846605301,-0.005654830019921064,-0.5597798824310303,-0.13994497060775757,-0.004974967800080776,-0.034438617527484894,-0.08852726966142654,-0.022131817415356636,-0.013529921881854534,-0.03197742626070976,-0.015249356627464294,-0.0038123391568660736,0.008735349401831627,0.07342145591974258,0.044673819094896317,0.011168454773724079,0.0039161089807748795,0.038710128515958786,0.7701603174209595,0.19254007935523987,0.18250450491905212,-0.0717053934931755,1.044425368309021,0.26110634207725525,0.2444734424352646,-0.020703185349702835,0.15787650644779205,0.03946912661194801,0.016553623601794243,-0.03365031257271767,3.619227886199951,0.9048069715499878,0.9114699363708496,0.030073488131165504,-0.1643352061510086,-0.04108380153775215,-0.002421353943645954,-0.06698732823133469,-0.11534297466278076,-0.02883574366569519,0.012212280184030533,-0.01733154058456421,-0.4851928651332855,-0.12129821628332138,-0.020848535001277924,-0.13361553847789764,1.1276205778121948,0.2819051444530487,0.28677424788475037,-0.015606594271957874,-1.0701193809509277,-0.26752984523773193,-0.25168877840042114,0.07317077368497849,-0.11651915311813354,-0.029129788279533386,-0.01071525365114212,0.01835215650498867,3.6108715534210205,0.9027178883552551,0.9142462015151978,0.05618856102228165,0.041463255882263184,0.010365813970565796,0.01232953555881977,0.01709609664976597,-0.05232934653759003,-0.013082336634397507,0.01138436421751976,-0.02299579419195652,0.5734397172927856,0.1433599293231964,0.026424670591950417,0.0471745990216732
0.4553232192993164,0.1138308048248291,0.16736310720443726,-0.02762126922607422,0.46754229068756104,0.11688557267189026,0.004118315875530243,0.0318567156791687,0.23064523935317993,0.05766130983829498,0.08313194662332535,-0.017399078235030174,0.3274742364883423,0.08186855912208557,0.04071320593357086,0.08091026544570923,0.6915609836578369,0.17289024591445923,-0.16751669347286224,0.024912703782320023,0.07674191147089005,0.01918547786772251,-0.003118080087006092,-0.07185421884059906,0.9163782000541687,0.22909455001354218,0.17801398038864136,-0.007351106498390436,-0.320340633392334,-0.0800851583480835,0.018810810521245003,0.009513509459793568,0.8496367931365967,0.21240919828414917,0.19119788706302643,-0.03782742843031883,0.4808579683303833,0.12021449208259583,0.06347205489873886,-0.0009402334690093994,0.4548027515411377,0.11370068788528442,-0.19713850319385529,-0.020187651738524437,-0.3175852596759796,-0.0793963149189949,-0.0162418931722641,-0.05498499423265457,0.036534082144498825,0.009133520536124706,-0.006416586693376303,0.043717075139284134,-0.0735180675983429,-0.018379516899585724,-0.002419006545096636,-0.012859982438385487,-0.1624516099691391,-0.040612902492284775,-0.00012881308794021606,-0.06683852523565292,0.4910847544670105,0.12277118861675262,0.1640520989894867,-0.09732440114021301,1.1047266721725464,0.2761816680431366,0.23390449583530426,0.018268495798110962,0.04669005796313286,0.011672514490783215,-0.0015582330524921417,-0.023299163207411766,3.5260820388793945,0.8815205097198486,0.910836398601532,-0.024101048707962036,0.004995590075850487,0.0012488975189626217,0.0003522653132677078,0.03811786323785782,0.039174169301986694,0.009793542325496674,0.017939727753400803,-0.046788521111011505,0.4082688093185425,0.10206720232963562,0.013007575646042824,0.11477790027856827,1.240614652633667,0.31015366315841675,0.2812674343585968,0.030795395374298096,-1.292415976524353,-0.32310399413108826,-0.23738853633403778,0.03997211530804634,-0.0353580117225647,-0.008839502930641174,-0.012744881212711334,-0.02559519372880459,3.6490492820739746,0.9122623205184937,0.9172036647796631,-0.006752961780875921,-0.036075398325920105,-0.009018849581480026,-0.0013294173404574394,0.024355042725801468,0.05485767126083374,0.013714417815208435,0.010150181129574776,-0.047982107847929,-0.5143277645111084,-0.1285819411277771,0.004693988710641861,-0.13513855636119843
0.5014112591743469,0.12535281479358673,0.15800288319587708,-0.047235388308763504,0.3436185121536255,0.08590462803840637,0.0006190352141857147,0.03207453712821007,0.28729772567749023,0.07182443141937256,0.08210930973291397,-0.06108652427792549,0.26427823305130005,0.06606955826282501,0.04601335525512695,-0.07516472786664963,0.5151960253715515,0.12879900634288788,-0.1673487275838852,-0.00959854107350111,0.23735803365707397,0.059339508414268494,0.0034545157104730606,-0.006921750493347645,0.6637468934059143,0.16593672335147858,0.1824011653661728,0.009088153019547462,-0.4930609464645386,-0.12326523661613464,0.008216634392738342,0.042464446276426315,0.9128174185752869,0.22820435464382172,0.1788383573293686,-0.02099534310400486,0.398855984210968,0.099713996052742,0.06755443662405014,-0.07176138460636139,0.4626883268356323,0.11567208170890808,-0.17918013036251068,-0.05764243006706238,-0.3303562104701996,-0.0825890526175499,-0.006030235439538956,0.013773882761597633,-0.04409394413232803,-0.011023486033082008,-0.011332651600241661,0.05742945894598961,0.21355558931827545,0.05338889732956886,0.019934462383389473,0.033510494977235794,0.018270302563905716,0.004567575640976429,0.0018863268196582794,-0.00950686912983656,0.7344549894332886,0.18361374735832214,0.16257017850875854,-0.0306561142206192,1.3713915348052979,0.34284788370132446,0.24208258092403412,0.08447118103504181,0.1517086923122406,0.03792717307806015,0.004296593368053436,-0.006835890002548695,3.627803325653076,0.906950831413269,0.9158202409744263,0.02166542410850525,-0.04278390854597092,-0.01069597713649273,-0.004243561532348394,-0.017937226220965385,0.0839080810546875,0.020977020263671875,0.006221964955329895,-0.004734558053314686,-0.5160073637962341,-0.12900184094905853,-0.015275437384843826,-0.0866389125585556,1.096469521522522,0.2741173803806305,0.2760239839553833,0.026387929916381836,-1.2068138122558594,-0.30170345306396484,-0.24493218958377838,-0.0033763349056243896,-0.05369997024536133,-0.013424992561340332,0.0013356292620301247,0.060045648366212845,3.579749584197998,0.8949373960494995,0.9252632856369019,0.050344038754701614,0.04059655964374542,0.010149139910936356,-0.0021222829818725586,0.0324779637157917,0.03785039484500885,0.009462598711252213,0.013586441054940224,0.06290382146835327,0.36305198073387146,0.09076299518346786,0.015484694391489029,0.05289206653833389
0.5356466174125671,0.13391165435314178,0.16435757279396057,0.06454626470804214,0.2755057215690613,0.06887643039226532,-0.01153898797929287,-0.004514849279075861,0.2675893008708954,0.06689732521772385,0.073149174451828,-0.07405662536621094,0.31253641843795776,0.07813410460948944,0.04666203260421753,0.06970321387052536,0.7356951832771301,0.18392379581928253,-0.1624540537595749,0.007436102721840143,0.23066094517707825,0.05766523629426956,-0.0052934084087610245,-0.036026731133461,0.7146435379981995,0.17866088449954987,0.18105752766132355,0.0029308737721294165,-0.46904969215393066,-0.11726242303848267,0.018078943714499474,0.003600180149078369,0.8410647511482239,0.21026618778705597,0.19168604910373688,0.07247807830572128,0.4878368377685547,0.12195920944213867,0.056634239852428436,-0.011240953579545021,0.5110074281692505,0.12775185704231262,-0.1942024677991867,0.040296733379364014,-0.2664143145084381,-0.06660357862710953,-0.004004870541393757,0.026114894077181816,-0.05733936280012131,-0.014334840700030327,-0.010766908526420593,0.004385203123092651,-0.03323394060134888,-0.00830848515033722,0.023087596520781517,0.04436388239264488,0.027522224932909012,0.006880556233227253,-0.008209919556975365,-0.060934532433748245,0.6161912679672241,0.15404781699180603,0.17151811718940735,-0.021667778491973877,1.107954740524292,0.276988685131073,0.2566102147102356,0.058113764971494675,0.07357527315616608,0.01839381828904152,0.010383756831288338,0.001962649868801236,3.4815828800201416,0.8703957200050354,0.9096466898918152,-0.004286014940589666,-0.032162196934223175,-0.008040549233555794,-0.0048617832362651825,0.015492689795792103,0.06989783048629761,0.017474457621574402,0.027411798015236855,-0.008219498209655285,0.3033131957054138,0.07582829892635345,0.0038320040330290794,0.13472874462604523,1.2012172937393188,0.3003043234348297,0.268135130405426,-0.023557638749480247,-1.23257315158844,-0.30814328789711,-0.25525420904159546,0.045758914202451706,-0.11644423007965088,-0.02911105751991272,-0.00017933547496795654,-0.026379352435469627,3.741544723510742,0.9353861808776855,0.9293901324272156,0.04749910905957222,0.07627752423286438,0.019069381058216095,-0.00010830257087945938,0.08159265667200089,-0.0848807841539383,-0.021220196038484573,0.00898103415966034,0.016553550958633423,-0.3680380582809448,-0.0920095145702362,-0.0059211039915680885,-0.04523186758160591
0.5399395227432251,0.13498488068580627,0.17529088258743286,0.0036503614392131567,0.48990345001220703,0.12247586250305176,-0.008622458204627037,-0.06828928738832474,0.2619171142578125,0.06547927856445312,0.08439724892377853,-0.05124250054359436,0.27272534370422363,0.06818133592605591,0.04227076470851898,-0.03049447201192379,0.7042812705039978,0.17607031762599945,-0.1664329618215561,0.07463499158620834,0.3106614947319031,0.07766537368297577,-0.007598512340337038,-0.023154450580477715,0.5545860528945923,0.13864651322364807,0.16605794429779053,-0.04684528335928917,-0.37761494517326355,-0.09440373629331589,0.014633828774094582,-0.025419682264328003,0.8459749817848206,0.21149374544620514,0.1867123544216156,0.05609564855694771,0.45349061489105225,0.11337265372276306,0.07547912746667862,0.026687204837799072,0.35825133323669434,0.08956283330917358,-0.2085466831922531,0.026588572189211845,-0.32748499512672424,-0.08187124878168106,0.0007519405335187912,-0.0025036693550646305,-0.0004917308688163757,-0.00012293271720409393,-0.008014431223273277,0.027756309136748314,-0.14830870926380157,-0.037077177315950394,0.0160562414675951,0.03035156801342964,0.05768345668911934,0.014420864172279835,-0.01791445165872574,-0.06882712990045547,0.7442821860313416,0.1860705465078354,0.16531777381896973,-0.011683642864227295,0.8349131941795349,0.20872829854488373,0.24273891746997833,-0.07005346566438675,-0.03695308044552803,-0.009238270111382008,0.006459463387727737,0.05455755069851875,3.6817305088043213,0.9204326272010803,0.9098095297813416,0.08432278782129288,-0.08798136562108994,-0.021995341405272484,0.0024232538416981697,0.043581973761320114,-0.24156895279884338,-0.060392238199710846,0.003369842655956745,-0.009990269318223,-0.4897811710834503,-0.12244529277086258,-0.027609767392277718,-0.015233784914016724,1.1315997838974,0.28289994597435,0.2739010155200958,0.07336568087339401,-1.038195252418518,-0.2595488131046295,-0.2585521936416626,0.06406193971633911,-0.04105651378631592,-0.01026412844657898,-0.013502227142453194,-0.0619833767414093,3.6658554077148438,0.9164638519287109,0.9335472583770752,-0.023870481178164482,-0.011365547776222229,-0.0028413869440555573,0.004069477319717407,0.0024934231769293547,-0.029691442847251892,-0.007422860711812973,-0.00631457194685936,0.06811424344778061,0.27330902218818665,0.06832725554704666,0.012716090306639671,0.06659908592700958
0.45129328966140747,0.11282332241535187,0.16908849775791168,0.05024246126413345,0.5000944137573242,0.12502360343933105,0.0035848822444677353,0.01306565385311842,0.26768958568573,0.0669223964214325,0.08475925773382187,0.010734254494309425,0.3311360478401184,0.0827840119600296,0.044948384165763855,0.06003829464316368,0.6647934317588806,0.16619835793972015,-0.17700167000293732,-0.06300719827413559,0.24767464399337769,0.06191866099834442,0.006684070453047752,0.03787046670913696,0.7247207760810852,0.1811801940202713,0.18018390238285065,0.041842080652713776,-0.3908093571662903,-0.09770233929157257,0.0014765271916985512,0.003074175212532282,0.8714206218719482,0.21785515546798706,0.19445598125457764,-0.0192315224558115,0.44000282883644104,0.11000070720911026,0.07027018070220947,0.0177456084638834,0.6770039796829224,0.1692509949207306,-0.1884131282567978,-0.048418499529361725,-0.2187303602695465,-0.05468259006738663,-0.013943785801529884,0.02624037303030491,0.06778829544782639,0.016947073861956596,-0.0019637970253825188,-0.03198952227830887,0.03869254142045975,0.009673135355114937,0.023207424208521843,-0.00688024191185832,0.036673713475465775,0.009168428368866444,-0.006827346049249172,0.005984693765640259,0.5988489389419556,0.1497122347354889,0.1543806940317154,-0.0202582236379385,1.1493158340454102,0.28732895851135254,0.23838947713375092,0.04180765151977539,-0.028268475085496902,-0.007067118771374226,0.00040921755135059357,-0.0361560583114624,3.5219545364379883,0.8804886341094971,0.9136559963226318,0.033124636858701706,-0.12034028023481369,-0.030085070058703423,-0.01565953530371189,0.04376887157559395,0.17042529582977295,0.04260632395744324,0.016948597505688667,0.10601022094488144,0.27743715047836304,0.06935928761959076,0.0018181810155510902,0.06991689652204514,1.0569504499435425,0.2642376124858856,0.2748989164829254,0.027287257835268974,-1.1407116651535034,-0.28517791628837585,-0.2656944990158081,0.06221586465835571,0.061564624309539795,0.015391156077384949,-0.007099587470293045,-0.023021912202239037,3.632000684738159,0.9080001711845398,0.9308552742004395,-0.000594365585129708,0.06278502941131592,0.01569625735282898,0.010888369753956795,0.023480022326111794,0.027363643050193787,0.006840910762548447,-0.004955104552209377,0.01597471907734871,-0.4022226631641388,-0.1005556657910347,-0.008397815749049187,-0.11009680479764938
0.5380298495292664,0.1345074623823166,0.16521112620830536,-0.047846995294094086,0.40063661336898804,0.10015915334224701,-0.007039574906229973,0.008817124180495739,0.28676342964172363,0.07169085741043091,0.09185747802257538,0.07107748091220856,0.3680770993232727,0.09201927483081818,0.04890667647123337,-0.008710461668670177,0.8780971765518188,0.2195242941379547,-0.17286652326583862,-0.07046371698379517,0.20659631490707397,0.051649078726768494,-0.007347696460783482,0.05525338649749756,0.6828522086143494,0.17071305215358734,0.17606450617313385,-0.0008358955383300781,-0.37278613448143005,-0.09319653362035751,0.005931951105594635,-0.042691200971603394,0.884728193283081,0.22118204832077026,0.19401006400585175,-0.0410914421081543,0.4557383060455322,0.11393457651138306,0.07493101805448532,-0.029064789414405823,0.7152719497680664,0.1788179874420166,-0.20334459841251373,-0.043576255440711975,-0.30278804898262024,-0.07569701224565506,-0.006145083345472813,-0.005378991365432739,0.03703206777572632,0.00925801694393158,0.001565800979733467,0.022230351343750954,-0.032663360238075256,-0.008165840059518814,0.016508182510733604,-0.05327904224395752,-0.0343632809817791,-0.008590820245444775,-0.015814365819096565,-0.04539668187499046,0.7554075717926025,0.18885189294815063,0.16152963042259216,-0.03648413345217705,1.173635482788086,0.2934088706970215,0.24860353767871857,0.0307165514677763,0.14763817191123962,0.036909542977809906,0.0005498016253113747,0.018350517377257347,3.6200242042541504,0.9050060510635376,0.906094491481781,-0.01902982033789158,0.001957511529326439,0.0004893778823316097,0.0006950907409191132,0.055822063237428665,-0.31900668144226074,-0.07975167036056519,-0.005244730040431023,0.01734418235719204,-0.2685730755329132,-0.0671432688832283,-0.01808522827923298,-0.09776802361011505,1.044058918952942,0.2610147297382355,0.2608570158481598,-0.020434677600860596,-1.131192684173584,-0.282798171043396,-0.24767589569091797,0.07329582422971725,-0.08255565166473389,-0.02063891291618347,-0.00022628996521234512,-0.060373444110155106,3.5028836727142334,0.8757209181785583,0.9075703024864197,-0.0013597607612609863,-0.036015935242176056,-0.009003983810544014,-0.006992644164711237,0.041646718978881836,0.004844173789024353,0.0012110434472560883,0.013307778164744377,0.06301935762166977,0.4268219769001007,0.10670549422502518,0.007061980664730072,0.12966056168079376
0.7021751999855042,0.17554379999637604,0.17720140516757965,0.01758905127644539,0.29008907079696655,0.07252226769924164,0.0015562335029244423,-0.032383669167757034,0.26526889204978943,0.06631722301244736,0.09265343099832535,0.025272071361541748,0.39929819107055664,0.09982454776763916,0.060707032680511475,-0.0719955787062645,1.0102356672286987,0.2525589168071747,-0.18118968605995178,-0.03434789553284645,0.13510662317276,0.03377665579319,0.00490091647952795,0.045109689235687256,0.694317638874054,0.1735794097185135,0.17127898335456848,0.05023554712533951,-0.45826077461242676,-0.11456519365310669,0.017800474539399147,0.07144828885793686,0.926210880279541,0.23155272006988525,0.19649039208889008,-0.025154022499918938,0.5505176186561584,0.1376294046640396,0.06650449335575104,-0.03663241118192673,0.8224384784698486,0.20560961961746216,-0.1862332969903946,-0.03209533169865608,-0.12839454412460327,-0.03209863603115082,-0.017753401771187782,0.07630836218595505,-0.05205497890710831,-0.013013744726777077,0.004736373201012611,0.038994695991277695,0.12291418015956879,0.030728545039892197,0.01225634478032589,-0.06375277042388916,-0.028932642191648483,-0.007233160547912121,-0.006953202188014984,0.06221873685717583,0.6422678828239441,0.16056697070598602,0.17513790726661682,0.06802763789892197,1.2154755592346191,0.3038688898086548,0.24011944234371185,0.04566854238510132,0.06604306399822235,0.016510765999555588,0.007045073434710503,0.03351566940546036,3.4398980140686035,0.8599745035171509,0.8938578367233276,0.04822659492492676,-0.1166403517127037,-0.029160087928175926,-0.01786136068403721,-0.0258561372756958,0.1933819055557251,0.048345476388931274,0.006208784878253937,0.1123238354921341,0.35068756341934204,0.08767189085483551,0.0005534673109650612,0.0803825855255127,1.109063744544983,0.2772659361362457,0.26728934049606323,0.03603723272681236,-1.2586756944656372,-0.3146689236164093,-0.2536202371120453,-0.03042761981487274,-0.017016172409057617,-0.004254043102264404,0.004594288766384125,0.0308067686855793,3.6228532791137695,0.9057133197784424,0.9108778238296509,-0.07728581875562668,0.15665769577026367,0.03916442394256592,-6.163213402032852e-05,-0.04661315679550171,-0.1591102033853531,-0.03977755084633827,0.003943115472793579,-0.04240363836288452,-0.43752118945121765,-0.10938029736280441,-0.010436630807816982,-0.07627145200967789
0.6458697319030762,0.16146743297576904,0.1608467549085617,-0.052012849599123,0.30212295055389404,0.07553073763847351,0.0012468844652175903,0.002500510308891535,0.35650837421417236,0.08912709355354309,0.08196545392274857,0.021350253373384476,0.3402341604232788,0.0850585401058197,0.05944941192865372,-0.047391533851623535,0.7625272274017334,0.19063180685043335,-0.17800650000572205,0.03257995843887329,0.1828751266002655,0.045718781650066376,0.006705442443490028,-0.017748892307281494,0.5980767011642456,0.1495191752910614,0.16836261749267578,-0.05204550549387932,-0.6576701402664185,-0.16441753506660461,0.0031546801328659058,-0.009043115191161633,0.9828124642372131,0.24570311605930328,0.20798160135746002,0.07325928658246994,0.44105836749076843,0.11026459187269211,0.07189887017011642,0.005472397897392511,0.48979032039642334,0.12244758009910583,-0.19976812601089478,0.06392760574817657,-0.3248994052410126,-0.08122485131025314,-0.005080418661236763,0.016727609559893608,-0.09923327714204788,-0.02480831928551197,-0.01334923692047596,0.041388701647520065,0.1771131306886673,0.044278282672166824,0.02487492375075817,0.02855159156024456,-0.09505940973758698,-0.023764852434396744,-0.010242355987429619,-0.05698826536536217,0.6974958777427673,0.17437396943569183,0.17797888815402985,-0.00970226526260376,1.164747953414917,0.29118698835372925,0.24105824530124664,-0.054432451725006104,0.02886572852730751,0.007216432131826878,0.006239548325538635,0.044747140258550644,3.5331099033355713,0.8832774758338928,0.9033463001251221,-0.00801836233586073,0.06438931077718735,0.016097327694296837,-0.008685851469635963,0.006209224462509155,-0.2590958774089813,-0.06477396935224533,-0.0027938885614275932,-0.08074688911437988,-0.32358500361442566,-0.08089625090360641,-0.008728202432394028,-0.1227482482790947,1.0361937284469604,0.2590484321117401,0.2599271833896637,0.023965371772646904,-0.9117119312286377,-0.22792798280715942,-0.2613010108470917,-0.014822877012193203,-0.13703924417495728,-0.03425981104373932,-0.02401760034263134,-0.09527545422315598,3.457643508911133,0.8644108772277832,0.8985552787780762,-0.1072196364402771,0.06243939697742462,0.015609849244356155,0.004246684722602367,0.06670744717121124,0.10975448787212372,0.02743862196803093,0.0038614515215158463,-0.030113130807876587,0.36794164776802063,0.09198541194200516,0.01320309191942215,0.015149789862334728
0.7206273078918457,0.18015682697296143,0.1698504537343979,-0.005779224913567305,0.3273983597755432,0.0818495899438858,0.003271949477493763,-0.05413125827908516,0.25764429569244385,0.06441107392311096,0.07849877327680588,-0.056830354034900665,0.30787551403045654,0.07696887850761414,0.03813374042510986,-0.003799265716224909,0.6623536348342896,0.1655884087085724,-0.17406629025936127,0.06587042659521103,0.26791784167289734,0.06697946041822433,-0.005200525745749474,0.004532843828201294,0.6786859631538391,0.16967149078845978,0.17631898820400238,-0.024806363508105278,-0.3898279666900635,-0.09745699167251587,0.01800442673265934,0.03246588632464409,0.899495542049408,0.224873885512352,0.195789635181427,0.0293822530657053,0.503815770149231,0.12595394253730774,0.07649298012256622,0.08326814323663712,0.5213797092437744,0.1303449273109436,-0.20243899524211884,-0.031233830377459526,-0.1401718556880951,-0.03504296392202377,-0.0030140606686472893,0.02896907366812229,-0.023993603885173798,-0.005998400971293449,-0.002793535590171814,0.06119265779852867,-0.01536916196346283,-0.0038422904908657074,0.01956198550760746,-0.012821662239730358,-0.01111714169383049,-0.0027792854234576225,-0.0057525536976754665,0.07439618557691574,0.5095553398132324,0.1273888349533081,0.1835884302854538,-0.032133907079696655,1.186676025390625,0.29666900634765625,0.25193363428115845,0.05776066705584526,0.023596297949552536,0.005899074487388134,-0.006675098557025194,-0.007008564658463001,3.4039525985717773,0.8509881496429443,0.891150951385498,-0.0038496495690196753,-0.002971583977341652,-0.000742895994335413,0.0001662829890847206,-0.028143644332885742,0.34136295318603516,0.08534073829650879,0.02511579729616642,0.019708871841430664,0.22159850597381592,0.05539962649345398,-0.0049440073780715466,0.04993302747607231,1.2009327411651611,0.3002331852912903,0.25210312008857727,0.012111174874007702,-0.8945010900497437,-0.2236252725124359,-0.25463926792144775,-0.03615180775523186,0.1929936408996582,0.04824841022491455,0.00236304197460413,0.06152310594916344,3.6937849521636963,0.9234462380409241,0.9057694673538208,0.07424990087747574,0.03454263508319855,0.008635658770799637,0.014068394899368286,0.022108865901827812,0.1926742047071457,0.04816855117678642,0.022445758804678917,0.09119483083486557,-0.2422758936882019,-0.060568973422050476,-0.001836736686527729,-0.003735232399776578
0.713923454284668,0.178480863571167,0.1681811362504959,-0.024091040715575218,0.33568745851516724,0.08392186462879181,0.00820995308458805,0.031597305089235306,0.33306071162223816,0.08326517790555954,0.0957094356417656,-0.032362036406993866,0.3250942826271057,0.08127357065677643,0.049314215779304504,0.05326073244214058,0.5388303399085999,0.13470758497714996,-0.17082838714122772,0.06236635521054268,0.29208406805992126,0.07302101701498032,-0.0024836817756295204,0.05774799734354019,0.5428682565689087,0.13571706414222717,0.17126303911209106,0.06510819494724274,-0.4519362151622772,-0.1129840537905693,0.011530468240380287,0.04247413948178291,0.9405529499053955,0.23513823747634888,0.20781488716602325,-0.023719072341918945,0.42427751421928406,0.10606937855482101,0.07216663658618927,0.032036639750003815,0.4472109079360962,0.11180272698402405,-0.1951446682214737,-0.03437401354312897,-0.21037867665290833,-0.05259466916322708,-0.016629643738269806,0.015469193458557129,-0.010846495628356934,-0.0027116239070892334,-0.010082327760756016,0.064646415412426,-1.6227364540100098e-05,-4.056841135025024e-06,0.014451643452048302,-0.07144302874803543,-0.012535523623228073,-0.0031338809058070183,-0.0011497512459754944,-0.033662810921669006,0.9296004772186279,0.23240011930465698,0.17031438648700714,0.014254814945161343,1.1386219263076782,0.28465548157691956,0.2558368444442749,0.010435896925628185,0.11766843497753143,0.02941710874438286,0.006513586267828941,0.06172802671790123,3.6231307983398438,0.9057826995849609,0.8958051204681396,-0.04220927506685257,-0.04200989753007889,-0.010502474382519722,-0.009021702222526073,0.03855809196829796,-0.18942919373512268,-0.04735729843378067,0.003353644162416458,-0.07219966500997543,-0.23259739577770233,-0.05814934894442558,-0.022574573755264282,-0.005832099821418524,0.9919108152389526,0.24797770380973816,0.26041901111602783,0.06139422580599785,-0.9974665641784668,-0.2493666410446167,-0.23092983663082123,0.10761021822690964,-0.18047362565994263,-0.04511840641498566,-0.02308693341910839,-0.11302181333303452,3.7427661418914795,0.9356915354728699,0.919633686542511,-0.014193594455718994,-0.06374622881412506,-0.015936557203531265,0.004286210983991623,-0.005346143152564764,-0.3332388401031494,-0.08330971002578735,-0.006136205047369003,-0.005184996407479048,0.05038398504257202,0.012595996260643005,-0.0027933623641729355,0.014715231023728848
0.6269481182098389,0.15673702955245972,0.18707233667373657,0.0008415341726504266,0.2335425615310669,0.058385640382766724,0.004100028425455093,0.03629279136657715,0.29595035314559937,0.07398758828639984,0.08654362708330154,-0.011375647969543934,0.3301149010658264,0.0825287252664566,0.052345119416713715,-0.008411550894379616,0.6170341968536377,0.15425854921340942,-0.18217028677463531,0.03337044641375542,0.19171494245529175,0.04792873561382294,0.005761915817856789,0.015065419487655163,0.6639376282691956,0.1659844070672989,0.17573054134845734,-0.07142289727926254,-0.492068350315094,-0.1230170875787735,0.004154207184910774,-0.009261393919587135,0.9124782085418701,0.22811955213546753,0.19720858335494995,0.06483493000268936,0.5428531169891357,0.13571327924728394,0.08791713416576385,0.05624140426516533,0.5420300960540771,0.1355075240135193,-0.21316584944725037,-0.0594232939183712,-0.14494231343269348,-0.03623557835817337,-0.0004904689267277718,0.07340005785226822,-0.03424849361181259,-0.008562123402953148,-0.008461298421025276,-0.030206948518753052,0.11868947744369507,0.029672369360923767,0.020003456622362137,0.06141679361462593,0.0007973499596118927,0.00019933748990297318,-0.0022146981209516525,0.07484376430511475,0.6274112462997437,0.1568528115749359,0.17399612069129944,-0.02481997013092041,1.1574077606201172,0.2893519401550293,0.2606421113014221,0.005180269479751587,-0.014598134905099869,-0.003649533726274967,-0.0011983765289187431,-0.029327070340514183,3.481511116027832,0.870377779006958,0.8965640068054199,-0.0016571342712268233,-0.025205189362168312,-0.006301297340542078,0.009548583999276161,-0.05645995959639549,0.2476394772529602,0.06190986931324005,0.013526828959584236,0.09874814748764038,0.17463213205337524,0.04365803301334381,-0.006073517259210348,-0.03097194992005825,1.0105785131454468,0.2526446282863617,0.24967582523822784,-0.0325927697122097,-1.363559603691101,-0.34088990092277527,-0.24992763996124268,-0.05973237752914429,0.10317599773406982,0.025793999433517456,0.011144734919071198,0.07771172374486923,3.5778968334198,0.89447420835495,0.9125147461891174,-0.07616033405065536,0.009362414479255676,0.002340603619813919,-0.0030277124606072903,0.01041492260992527,0.14332808554172516,0.03583202138543129,-0.0007914230227470398,0.046106185764074326,-0.058691948652267456,-0.014672987163066864,0.004959357902407646,-0.06235938146710396
0.7104932069778442,0.17762330174446106,0.18661342561244965,-0.0691448375582695,0.3314378261566162,0.08285945653915405,-0.007720079738646746,-0.035857755690813065,0.2891088128089905,0.07227720320224762,0.09225388616323471,-0.02165818214416504,0.3314104676246643,0.08285261690616608,0.0358845517039299,-0.03767511993646622,0.9562797546386719,0.23906993865966797,-0.17883417010307312,-0.059762027114629745,0.30835777521133423,0.07708944380283356,0.004830246791243553,0.05815945938229561,0.6234895586967468,0.1558723896741867,0.17448917031288147,-0.06873520463705063,-0.32949915528297424,-0.08237478882074356,0.016246508806943893,0.011574584059417248,0.9203905463218689,0.23009763658046722,0.19467316567897797,-0.021317994222044945,0.46600648760795593,0.11650162190198898,0.09009450674057007,-0.017145240679383278,0.682624101638794,0.1706560254096985,-0.1977088749408722,-0.03769741207361221,-0.16547554731369019,-0.041368886828422546,-0.016788167878985405,0.04479842260479927,-0.001554332673549652,-0.000388583168387413,-0.012753743678331375,-0.05588299036026001,-0.11802667379379272,-0.02950666844844818,0.023175524547696114,-0.04524402320384979,-0.08061419427394867,-0.020153548568487167,-0.007424086332321167,0.0036441683769226074,0.7524518966674805,0.18811297416687012,0.17938514053821564,0.07394891232252121,1.0628036260604858,0.26570090651512146,0.2572527527809143,-0.03636464476585388,0.12586833536624908,0.03146708384156227,0.007689092308282852,-0.04635633900761604,3.704592704772949,0.9261481761932373,0.9230921864509583,0.07367368042469025,-0.07686557620763779,-0.019216394051909447,-0.007096446119248867,0.05364885553717613,-0.26948851346969604,-0.06737212836742401,-0.001902516931295395,-0.0242607481777668,-0.019343333318829536,-0.004835833329707384,-0.008296852000057697,-0.012715727090835571,1.1178226470947266,0.27945566177368164,0.26194846630096436,0.081028513610363,-1.1329623460769653,-0.28324058651924133,-0.23541927337646484,0.04840339347720146,-0.22350823879241943,-0.05587705969810486,-0.004826054908335209,-0.09555651992559433,3.6748955249786377,0.9187238812446594,0.9298620820045471,-0.05556082725524902,0.07530917227268219,0.018827293068170547,-0.006401744205504656,0.08002682030200958,0.027315154671669006,0.006828788667917252,-0.002239654306322336,0.04771476984024048,0.0651157796382904,0.0162789449095726,-0.0005902349948883057,-0.002032643649727106
0.7554829716682434,0.18887074291706085,0.1838947981595993,0.0697949156165123,0.45073896646499634,0.11268474161624908,-0.005411054473370314,0.04655398055911064,0.3225036561489105,0.08062591403722763,0.08622793108224869,-0.021446704864501953,0.3605775833129883,0.09014439582824707,0.03876403719186783,0.023763269186019897,1.1184793710708618,0.27961984276771545,-0.1718446910381317,0.029223693534731865,0.21548408269882202,0.053871020674705505,0.005508292466402054,0.07330381125211716,0.7206640839576721,0.18016602098941803,0.17385725677013397,0.03476583957672119,-0.4771295189857483,-0.11928237974643707,0.009282967075705528,-0.059459198266267776,0.9312464594841003,0.23281161487102509,0.1916949450969696,-0.05678945779800415,0.5028455853462219,0.12571139633655548,0.07502615451812744,0.053037893027067184,0.7518354654312134,0.18795886635780334,-0.21045686304569244,0.027208758518099785,-0.11303025484085083,-0.028257563710212708,-0.012996522709727287,-0.01357919629663229,-0.00010310858488082886,-2.5777146220207214e-05,-0.0010853800922632217,-0.0074585797265172005,0.009281352162361145,0.0023203380405902863,0.02478211186826229,0.046868134289979935,-0.10946638882160187,-0.027366597205400467,-0.0025654174387454987,0.01610577665269375,0.4028441309928894,0.10071103274822235,0.17256009578704834,-0.007060402538627386,1.1825451850891113,0.29563629627227783,0.2436068207025528,-0.024751698598265648,0.085667684674263,0.02141692116856575,0.007141346111893654,-0.07287168502807617,3.4421768188476562,0.8605442047119141,0.9185421466827393,0.05240222439169884,-0.09672432392835617,-0.024181080982089043,0.00016840361058712006,-0.05667492374777794,0.04967314004898071,0.012418285012245178,0.009258132427930832,0.06550300121307373,0.026968074962496758,0.006742018740624189,0.010370587930083275,0.009428835473954678,1.2113322019577026,0.30283305048942566,0.26499709486961365,0.06973568350076675,-1.2109122276306152,-0.3027280569076538,-0.2498178780078888,0.025765109807252884,0.07173913717269897,0.017934784293174744,-0.003686419688165188,0.09910210222005844,3.5874898433685303,0.8968724608421326,0.9272891283035278,0.04942457750439644,0.02487008273601532,0.00621752068400383,0.005866171792149544,-0.06836818903684616,-0.0025116950273513794,-0.0006279237568378448,0.005475273355841637,0.067842498421669,-0.014409899711608887,-0.0036024749279022217,-0.006925532594323158,0.059945132583379745
0.7770109176635742,0.19425272941589355,0.18275174498558044,-0.08707261085510254,0.4235180616378784,0.1058795154094696,0.005246641114354134,0.06959135830402374,0.29320254921913147,0.07330063730478287,0.08535483479499817,0.029510213062167168,0.4610409140586853,0.11526022851467133,0.04302987456321716,0.04514782503247261,1.033164143562317,0.2582910358905792,-0.16856266558170319,-0.0033471346832811832,0.18608567118644714,0.046521417796611786,0.008691919967532158,0.060316409915685654,0.5551721453666687,0.13879303634166718,0.16981105506420135,-0.005684423726052046,-0.36484184861183167,-0.09121046215295792,0.01555790938436985,-0.04562358558177948,0.9876182079315186,0.24690455198287964,0.20074841380119324,-0.04886048287153244,0.4714575707912445,0.11786439269781113,0.08551480621099472,0.06101130321621895,0.7604033946990967,0.19010084867477417,-0.21221284568309784,0.03962230682373047,-0.032703399658203125,-0.008175849914550781,-0.012458747252821922,-0.029427045956254005,0.014856088906526566,0.0037140222266316414,0.004129165783524513,-0.03433462604880333,0.04457831382751465,0.011144578456878662,0.012786990031599998,-0.010664636269211769,-0.11132191121578217,-0.02783047780394554,-0.01601884886622429,0.017360199242830276,0.7161821722984314,0.17904554307460785,0.17206011712551117,0.061847031116485596,1.3353421688079834,0.33383554220199585,0.260335236787796,0.0493001826107502,0.07856239378452301,0.019640598446130753,0.008216438814997673,-0.03941158577799797,3.5163002014160156,0.8790750503540039,0.9081190824508667,-0.016512608155608177,-0.016133124008774757,-0.004033281002193689,-0.011899154633283615,-0.055414069443941116,-0.17695391178131104,-0.04423847794532776,-0.006009596399962902,-0.07436767220497131,-0.2128099650144577,-0.053202491253614426,-0.006275845691561699,-0.013028538785874844,0.9076496362686157,0.22691240906715393,0.2687828838825226,-0.06141272932291031,-1.1592754125595093,-0.2898188531398773,-0.24982300400733948,0.023336416110396385,-0.18976718187332153,-0.04744179546833038,-0.009628590196371078,-0.08858820050954819,3.571333646774292,0.892833411693573,0.9162430763244629,-0.009703106246888638,0.07940001785755157,0.019850004464387894,-0.0031177010387182236,0.05293874815106392,-0.18559975922107697,-0.04639993980526924,-0.004261884372681379,-0.07180344313383102,-0.041014283895492554,-0.010253570973873138,-0.000945504754781723,0.030556607991456985
0.7133160829544067,0.17832902073860168,0.17795909941196442,0.00932806171476841,0.23320390284061432,0.05830097571015358,-0.0006281081587076187,-0.026474332436919212,0.2807970345020294,0.07019925862550735,0.08459431678056717,0.022860795259475708,0.336736798286438,0.0841841995716095,0.05944351106882095,-0.005085003562271595,0.6446181535720825,0.16115453839302063,-0.18167565762996674,-0.06321566551923752,0.18685859441757202,0.046714648604393005,0.005515970289707184,0.012451434507966042,0.6383658051490784,0.1595914512872696,0.17441868782043457,0.05857343599200249,-0.5277696251869202,-0.13194240629673004,0.0008967723697423935,0.021955465897917747,1.0127646923065186,0.25319117307662964,0.2052561193704605,0.04705451801419258,0.47381171584129333,0.11845292896032333,0.08204431086778641,0.031104374676942825,0.6007511615753174,0.15018779039382935,-0.21114875376224518,-0.07311087101697922,-0.035424888134002686,-0.008856222033500671,-0.009569527581334114,-0.03497735783457756,-0.08680468052625656,-0.02170117013156414,-0.007478709798306227,-0.004327690694481134,0.2063325196504593,0.05158312991261482,0.027809197083115578,0.04967556148767471,-0.11400403082370758,-0.028501007705926895,-0.02035081386566162,0.008455038070678711,0.4416198432445526,0.11040496081113815,0.16688629984855652,0.050637032836675644,1.1469752788543701,0.28674381971359253,0.2511540651321411,0.06285839527845383,0.0907527357339859,0.022688183933496475,0.01168082095682621,0.029940461739897728,3.3621139526367188,0.8405284881591797,0.884732723236084,-0.01695801131427288,0.08919111639261246,0.022297779098153114,0.009592236950993538,-0.0085380794480443,0.2951953709125519,0.07379884272813797,0.012669401243329048,0.0030682384967803955,0.06863152235746384,0.01715788058936596,-0.012790638953447342,0.07694046944379807,1.0570555925369263,0.26426389813423157,0.2700875997543335,-0.07817482203245163,-1.036000370979309,-0.25900009274482727,-0.2492120862007141,0.029126454144716263,0.02643406391143799,0.006608515977859497,-0.008013824932277203,0.0740944892168045,3.477691650390625,0.8694229125976562,0.9086173176765442,0.03281545639038086,0.11949163675308228,0.02987290918827057,0.005861708894371986,0.006691718008369207,0.21949373185634613,0.05487343296408653,0.0061759427189826965,0.012216604314744473,-0.05871120095252991,-0.014677800238132477,-0.0016904501244425774,0.023667240515351295
0.7444319725036621,0.18610799312591553,0.17721667885780334,-0.056220438331365585,0.4142851233482361,0.10357128083705902,0.0011986326426267624,-0.07978779822587967,0.27831557393074036,0.06957889348268509,0.08873238414525986,-0.03067937307059765,0.34712129831314087,0.08678032457828522,0.04523716866970062,-0.04591918736696243,1.0535889863967896,0.2633972465991974,-0.16858433187007904,0.04037053510546684,0.19778698682785034,0.049446746706962585,0.01087159477174282,-0.02437272109091282,0.5893802046775818,0.14734505116939545,0.17667530477046967,-0.037191241979599,-0.33961278200149536,-0.08490319550037384,0.00626520998775959,0.04183417558670044,0.9562960863113403,0.23907402157783508,0.2129499912261963,0.06146083027124405,0.5059381723403931,0.12648454308509827,0.06900808215141296,-0.030408388003706932,0.8323160409927368,0.2080790102481842,-0.19957241415977478,0.04256836324930191,-0.049835771322250366,-0.012458942830562592,-0.0007414016872644424,0.0353032611310482,-0.10089827328920364,-0.02522456832230091,-0.0012626433745026588,0.05769160017371178,-0.20183581113815308,-0.05045895278453827,0.02097790502011776,-0.05388525128364563,0.013552475720643997,0.0033881189301609993,-0.02056911215186119,-0.03502748906612396,0.5411223769187927,0.13528059422969818,0.16536834836006165,-0.07441714406013489,1.0186946392059326,0.25467365980148315,0.2540157437324524,-0.0034744918812066317,-0.03035726025700569,-0.007589315064251423,0.009584685787558556,0.025200044736266136,3.5610439777374268,0.8902609944343567,0.9068393707275391,0.07903605699539185,-0.1173039898276329,-0.029325997456908226,0.0020183781161904335,0.02840864658355713,-0.12431791424751282,-0.031079478561878204,0.011694245040416718,-0.024087727069854736,-0.16128632426261902,-0.040321581065654755,-0.01309580635279417,-0.0703621655702591,1.2300925254821777,0.30752313137054443,0.25983017683029175,-0.021873844787478447,-1.140667200088501,-0.28516680002212524,-0.2602614760398865,-0.06157992407679558,-0.11909976601600647,-0.029774941504001617,-0.017047567293047905,-0.009832555428147316,3.701488733291626,0.9253721833229065,0.913329005241394,0.03457003831863403,0.006312951445579529,0.0015782378613948822,0.013608375564217567,0.0443413145840168,0.038205042481422424,0.009551260620355606,0.006991798058152199,-0.012088698334991932,-0.026224300265312195,-0.006556075066328049,-0.011191308498382568,0.02508392371237278
0.8155194520950317,0.20387986302375793,0.18640322983264923,0.021565401926636696,0.4007713198661804,0.1001928299665451,-0.011477315798401833,-0.05976462364196777,0.3244433104991913,0.08111082762479782,0.09822110086679459,0.0583050362765789,0.31967657804489136,0.07991914451122284,0.041597284376621246,-0.03595023602247238,0.5597708821296692,0.1399427205324173,-0.1783052384853363,-0.046858977526426315,0.3259583115577698,0.08148957788944244,0.001809239387512207,-0.0023369432892650366,0.5414765477180481,0.13536913692951202,0.1828111857175827,0.03452249988913536,-0.4776538014411926,-0.11941345036029816,0.00788986124098301,-0.012719887308776379,1.0125858783721924,0.2531464695930481,0.21499872207641602,0.03843989595770836,0.48692187666893005,0.12173046916723251,0.08821709454059601,-0.04481128603219986,0.4307634234428406,0.10769085586071014,-0.20163968205451965,-0.0023012817837297916,-0.11899623274803162,-0.029749058187007904,0.0033715330064296722,0.015607786364853382,-0.03569365292787552,-0.00892341323196888,-0.016434861347079277,0.045036472380161285,0.07736852765083313,0.019342131912708282,0.015455948188900948,0.01204382162541151,-0.020918648689985275,-0.005229662172496319,-0.019985897466540337,-0.05301553010940552,0.7178601622581482,0.17946504056453705,0.16840264201164246,-0.054781474173069,0.9360678195953369,0.23401695489883423,0.25498509407043457,-0.017012452706694603,-0.04102890565991402,-0.010257226414978504,0.008291170001029968,0.03355257585644722,3.472386360168457,0.8680965900421143,0.894858181476593,0.03514481708407402,-0.09780266135931015,-0.024450665339827538,-0.0014767330139875412,-0.07556132972240448,-0.053811728954315186,-0.013452932238578796,-0.0025686686858534813,-0.014461338520050049,0.08158916980028152,0.02039729245007038,0.0005651926621794701,0.093971848487854,1.1575465202331543,0.2893866300582886,0.27452734112739563,0.06392701715230942,-0.8603008985519409,-0.21507522463798523,-0.24915294349193573,-0.024036956951022148,0.04050159454345703,0.010125398635864258,-0.020652173087000847,0.07804590463638306,3.5918915271759033,0.8979728817939758,0.9126566648483276,-0.03109583631157875,0.010074049234390259,0.0025185123085975647,0.012808283790946007,-0.049852125346660614,0.02922271192073822,0.007305677980184555,0.018705297261476517,-0.06662584841251373,0.049808114767074585,0.012452028691768646,0.00749148428440094,-0.01779804937541485
0.6107591390609741,0.15268978476524353,0.19961577653884888,0.0570032112300396,0.47617262601852417,0.11904315650463104,-0.002834813669323921,0.04498378187417984,0.3071393072605133,0.07678482681512833,0.09290026873350143,-0.05735592916607857,0.2719910740852356,0.0679977685213089,0.03506769239902496,-0.07032621651887894,0.726344645023346,0.1815861612558365,-0.17926889657974243,0.024746114388108253,0.2514899969100952,0.0628724992275238,0.005298953503370285,0.02922949753701687,0.6259343028068542,0.15648357570171356,0.17526844143867493,0.021992111578583717,-0.43315672874450684,-0.10828918218612671,0.009859828278422356,0.006222683470696211,0.9732712507247925,0.24331781268119812,0.2200648933649063,-0.03227324038743973,0.4577415883541107,0.11443539708852768,0.08153388649225235,-0.051805585622787476,0.357308566570282,0.0893271416425705,-0.21305665373802185,-0.05964336544275284,-0.2703503668308258,-0.06758759170770645,-0.00792357325553894,0.05792473629117012,-0.06308189779520035,-0.015770474448800087,-0.005403970368206501,-0.07568330317735672,0.07913988828659058,0.019784972071647644,0.009905360639095306,-0.04194245487451553,0.0944427102804184,0.0236106775701046,-0.013395373709499836,0.06054478883743286,0.6270584464073181,0.15676461160182953,0.16469170153141022,0.0658169537782669,1.1356513500213623,0.2839128375053406,0.24929116666316986,0.017967021092772484,0.031082969158887863,0.007770742289721966,0.004639877006411552,-0.07921826094388962,3.494060516357422,0.8735151290893555,0.893388569355011,0.038994159549474716,0.008801048621535301,0.0022002621553838253,-0.0020126691088080406,-0.055533695966005325,0.16083580255508423,0.04020895063877106,0.021290233358740807,0.09258704632520676,-0.3600914478302002,-0.09002286195755005,-0.03248077630996704,-0.09446245431900024,1.2677944898605347,0.31694862246513367,0.269570529460907,0.07544471323490143,-0.8018627166748047,-0.20046567916870117,-0.24065405130386353,-0.017866576090455055,-0.03175252676010132,-0.00793813169002533,-0.007634731009602547,-0.03533133864402771,3.657498359680176,0.914374589920044,0.912635087966919,0.04042600467801094,-0.021472066640853882,-0.0053680166602134705,-0.008092232048511505,-0.04371226206421852,0.07744179666042328,0.01936044916510582,0.0070035457611083984,0.01340677123516798,-0.01968120038509369,-0.004920300096273422,-0.010474856942892075,0.00824208278208971
0.5788302421569824,0.1447075605392456,0.1836882084608078,-0.034938253462314606,0.32472527027130127,0.08118131756782532,-0.010472293943166733,-0.00790907721966505,0.3755176067352295,0.09387940168380737,0.09568309038877487,-0.04776039347052574,0.3570205569267273,0.08925513923168182,0.03952983766794205,-0.007104432675987482,0.6112636923789978,0.15281592309474945,-0.18549755215644836,-0.08051466941833496,0.20485460758209229,0.05121365189552307,0.004600994288921356,0.0673908144235611,0.7171936631202698,0.17929841578006744,0.18031828105449677,0.02027055062353611,-0.46055227518081665,-0.11513806879520416,0.018949558958411217,-0.07159122079610825,1.0115535259246826,0.25288838148117065,0.22307126224040985,0.04214686155319214,0.4400225281715393,0.11000563204288483,0.08724472671747208,-0.011859697289764881,0.415421724319458,0.1038554310798645,-0.19999971985816956,-0.052562106400728226,-0.37580063939094543,-0.09395015984773636,-0.012095563113689423,0.0125176552683115,0.1015872061252594,0.02539680153131485,-0.005939668510109186,0.04908109828829765,0.15319259464740753,0.03829814866185188,0.02308461256325245,-0.02499791420996189,-0.03648154065012932,-0.00912038516253233,-0.018209196627140045,-0.011291838251054287,0.6571778059005737,0.16429445147514343,0.14674893021583557,-0.048142608255147934,1.1473133563995361,0.28682833909988403,0.23687124252319336,0.014757240191102028,0.22822153568267822,0.057055383920669556,0.004597808234393597,0.06058686971664429,3.520369529724121,0.8800923824310303,0.8863255977630615,-0.06452440470457077,-0.04397820681333542,-0.010994551703333855,-0.0039474936202168465,-0.03744715079665184,-0.2793201208114624,-0.0698300302028656,-0.006238317117094994,0.0018225550884380937,0.5019215941429138,0.12548039853572845,0.012798162177205086,0.07426919788122177,1.079545021057129,0.2698862552642822,0.28275346755981445,0.06785853952169418,-1.1090623140335083,-0.2772655785083771,-0.22794409096240997,-0.04003108665347099,0.007243335247039795,0.0018108338117599487,0.004534641280770302,-0.03444299101829529,3.5500881671905518,0.8875220417976379,0.9139604568481445,-0.008234262466430664,0.14946970343589783,0.03736742585897446,0.014437833800911903,-0.035935427993535995,-0.03147520124912262,-0.007868800312280655,0.00858333520591259,0.019958799704909325,0.08937734365463257,0.022344335913658142,0.0014536399394273758,-0.02436571754515171
0.626298725605011,0.15657468140125275,0.19668011367321014,0.043738365173339844,0.41986703872680664,0.10496675968170166,-0.012559374794363976,-0.06071199104189873,0.3142901659011841,0.07857254147529602,0.10555928945541382,-0.05820738151669502,0.34019267559051514,0.08504816889762878,0.04941819608211517,-0.026059884577989578,0.9525882601737976,0.2381470650434494,-0.18014903366565704,-0.04639798775315285,0.14070191979408264,0.03517547994852066,-0.0022310717031359673,0.06906402111053467,0.7625232338905334,0.19063080847263336,0.19169245660305023,0.04493483528494835,-0.3636242747306824,-0.0909060686826706,0.012500593438744545,0.02977393940091133,0.9554634690284729,0.23886586725711823,0.21290582418441772,0.007649749517440796,0.519139289855957,0.12978482246398926,0.07825948297977448,-0.06660982221364975,0.6288642883300781,0.15721607208251953,-0.19875478744506836,0.06300437450408936,-0.21340802311897278,-0.053352005779743195,-0.009431538172066212,0.02467632293701172,-0.1324433982372284,-0.0331108495593071,-0.0183700043708086,0.030498361214995384,-0.010855942964553833,-0.0027139857411384583,0.016341956332325935,-0.017214840278029442,0.044048357754945755,0.011012089438736439,-0.011757845990359783,-0.02063646912574768,0.7089797854423523,0.17724494636058807,0.15411004424095154,-0.0360981784760952,1.2565863132476807,0.31414657831192017,0.25146156549453735,0.011966831050813198,-0.0018089599907398224,-0.0004522399976849556,0.006969200447201729,-0.09322332590818405,3.5185933113098145,0.8796483278274536,0.8901342749595642,-0.04705185070633888,-0.07807981222867966,-0.019519953057169914,-0.008039665408432484,-0.019160373136401176,0.3057706356048584,0.0764426589012146,0.018331732600927353,-0.00543549656867981,-0.3874328136444092,-0.0968582034111023,-0.00796782597899437,-0.13133570551872253,1.1306267976760864,0.2826566994190216,0.2705405652523041,-0.07834111899137497,-1.1645481586456299,-0.29113703966140747,-0.2352324277162552,-0.015159720554947853,-0.09951910376548767,-0.024879775941371918,-0.01295435894280672,0.01589820347726345,3.652448892593384,0.913112223148346,0.9203640818595886,0.08441691845655441,-0.047305889427661896,-0.011826472356915474,0.009685022756457329,-0.047295328229665756,0.01257161796092987,0.0031429044902324677,0.0068340543657541275,0.031057847663760185,0.09307360649108887,0.023268401622772217,0.004880305379629135,0.041921865195035934
0.5141040682792664,0.1285260170698166,0.1917140930891037,-0.04432211071252823,0.46899473667144775,0.11724868416786194,-0.008903364650905132,0.05897480249404907,0.32703012228012085,0.08175753057003021,0.10533284395933151,-0.0041138469241559505,0.3085087537765503,0.07712718844413757,0.056899696588516235,0.04955344274640083,0.9299879670143127,0.23249699175357819,-0.1818954199552536,-0.05620655417442322,-0.036773599684238434,-0.009193399921059608,0.011438455432653427,-8.082389831542969e-05,0.7615713477134705,0.19039283692836761,0.18772180378437042,0.005886197090148926,-0.40905195474624634,-0.10226298868656158,0.012101991102099419,-0.036455005407333374,0.9284540414810181,0.23211351037025452,0.2224990427494049,0.055156100541353226,0.47958776354789734,0.11989694088697433,0.06809130311012268,0.045484185218811035,0.3384494185447693,0.08461235463619232,-0.21360963582992554,-0.018372917547822,-0.34313544631004333,-0.08578386157751083,0.0005481662228703499,0.04363677650690079,0.022396549582481384,0.005599137395620346,-0.01977137103676796,-0.04830886796116829,0.004264041781425476,0.001066010445356369,0.011414211243391037,0.047254253178834915,-0.010402988642454147,-0.002600747160613537,-0.00492052361369133,-0.07187297195196152,0.5987831950187683,0.14969579875469208,0.1564549207687378,0.013502818532288074,1.087552547454834,0.2718881368637085,0.24072010815143585,-0.033035263419151306,0.11650633811950684,0.02912658452987671,0.001004103571176529,0.00795021653175354,3.503722667694092,0.875930666923523,0.891441285610199,-0.049162719398736954,0.044754572212696075,0.011188643053174019,-0.006703946739435196,-0.03233795240521431,-0.14459684491157532,-0.03614921122789383,0.004678105935454369,-0.08026294410228729,0.2465820014476776,0.0616455003619194,0.013041352853178978,0.09876812994480133,1.3926647901535034,0.34816619753837585,0.2822249233722687,0.08262045681476593,-1.1357219219207764,-0.2839304804801941,-0.23055344820022583,-0.05028926208615303,-0.006070494651794434,-0.0015176236629486084,-0.0013951389119029045,-0.0020359158515930176,3.5868403911590576,0.8967100977897644,0.9213741421699524,-0.02884771302342415,0.013749271631240845,0.003437317907810211,0.005989275872707367,0.04818359762430191,-0.056801363825798035,-0.014200340956449509,0.00985647737979889,-0.055480070412158966,-0.15791292488574982,-0.039478231221437454,-0.0056163594126701355,-0.062050074338912964
0.6205288171768188,0.1551322042942047,0.18627360463142395,-0.026897091418504715,0.3883691430091858,0.09709228575229645,0.0042938534170389175,0.012136614881455898,0.3436706066131592,0.0859176516532898,0.10615269094705582,0.023207062855362892,0.33056211471557617,0.08264052867889404,0.05056716501712799,-0.00582840433344245,0.7716055512428284,0.1929013878107071,-0.1805112659931183,0.0017208755016326904,0.12944704294204712,0.03236176073551178,0.010205408558249474,-0.031382326036691666,0.6220921277999878,0.15552303194999695,0.18433883786201477,-0.019389277324080467,-0.47174689173698425,-0.11793672293424606,0.010360907763242722,0.03761695697903633,0.9812146425247192,0.2453036606311798,0.2188853919506073,-0.024400025606155396,0.4257315397262573,0.10643288493156433,0.0744674801826477,0.040558911859989166,0.46610450744628906,0.11652612686157227,-0.19295808672904968,-0.053905099630355835,-0.3608817160129547,-0.09022042900323868,-0.0015672240406274796,0.008203196339309216,0.06021828576922417,0.015054571442306042,-0.004922737367451191,-0.02422197535634041,0.1349634826183319,0.03374087065458298,0.022046303376555443,0.01456608809530735,0.043404776602983475,0.010851194150745869,-0.00418193731456995,0.06247136741876602,0.5972460508346558,0.14931151270866394,0.14484474062919617,0.033534612506628036,1.2322828769683838,0.30807071924209595,0.23608776926994324,-0.03242393210530281,0.10300527513027191,0.025751318782567978,0.00224501546472311,-0.011219955049455166,3.4859728813171387,0.8714932203292847,0.8854839205741882,0.017310036346316338,-0.02808290161192417,-0.007020725402981043,0.008169151842594147,-0.051397211849689484,0.26575157046318054,0.06643789261579514,0.018572453409433365,0.07423117011785507,-0.40047454833984375,-0.10011863708496094,-0.022055473178625107,-0.1011350154876709,1.2216414213180542,0.30541035532951355,0.2993879020214081,0.048279691487550735,-0.9624274373054504,-0.2406068593263626,-0.2305913269519806,-0.00276168598793447,-0.025820761919021606,-0.006455190479755402,0.006012296304106712,-0.04611770063638687,3.6342856884002686,0.9085714221000671,0.920839250087738,0.08602824062108994,-0.004813104867935181,-0.0012032762169837952,0.0028620492666959763,-0.06771858036518097,0.07403509318828583,0.018508773297071457,0.018820954486727715,0.05592050775885582,0.2896474301815033,0.07241185754537582,0.011708011850714684,-0.0263937059789896
0.5756257772445679,0.14390644431114197,0.18735066056251526,-0.08100132644176483,0.3107801675796509,0.07769504189491272,0.005282326601445675,-0.033231087028980255,0.3541877865791321,0.08854694664478302,0.09416424483060837,0.0632207915186882,0.3104051947593689,0.07760129868984222,0.0460037961602211,0.001948624849319458,0.6485587358474731,0.1621396839618683,-0.18142308294773102,-0.06936673074960709,0.18876773118972778,0.047191932797431946,-0.0022636419162154198,0.01196677703410387,0.707103431224823,0.17677585780620575,0.1761014610528946,-0.06702644377946854,-0.4622393846511841,-0.11555984616279602,0.0057455264031887054,0.008133756928145885,0.9959945678710938,0.24899864196777344,0.20933771133422852,-0.04096418246626854,0.4322730302810669,0.10806825757026672,0.0737239345908165,0.02432016097009182,0.565660834312439,0.14141520857810974,-0.19377292692661285,0.054623521864414215,-0.3294619619846344,-0.0823654904961586,0.00710776261985302,0.037511538714170456,-0.020597033202648163,-0.005149258300662041,-0.013975012116134167,0.026554321870207787,0.031479448080062866,0.007869862020015717,0.01169675774872303,-0.0062729837372899055,-0.05096493288874626,-0.012741233222186565,-0.006127309985458851,-0.03952937573194504,0.5889105200767517,0.14722763001918793,0.15003377199172974,0.04136962816119194,1.267318844795227,0.31682971119880676,0.24138440191745758,-0.039390500634908676,0.12265215814113617,0.030663039535284042,0.006680566817522049,-0.005468720104545355,3.5065555572509766,0.8766388893127441,0.8996427059173584,-0.06053578853607178,-0.10071223229169846,-0.025178058072924614,-0.0001315353438258171,0.05376296117901802,-0.1988058090209961,-0.04970145225524902,0.007482390850782394,0.024140750989317894,0.3781477212905884,0.0945369303226471,0.007289441302418709,0.05761232599616051,1.0987812280654907,0.2746953070163727,0.310121089220047,-0.04698870703577995,-1.204782247543335,-0.30119556188583374,-0.21923430263996124,0.032509174197912216,-0.04395025968551636,-0.01098756492137909,-0.009152829647064209,-0.05910808593034744,3.6326494216918945,0.9081623554229736,0.9327048659324646,0.027113033458590508,0.10240522027015686,0.025601305067539215,-0.0020171375945210457,-0.021227270364761353,-0.2123098224401474,-0.05307745561003685,-0.0019221948459744453,-0.08690434694290161,-0.10692964494228363,-0.026732411235570908,0.012657804414629936,0.002291047712787986
0.6465189456939697,0.16162973642349243,0.18374307453632355,0.069937564432621,0.3910757899284363,0.09776894748210907,-0.009131673723459244,-0.07315415889024734,0.2933194935321808,0.0733298733830452,0.10529768466949463,0.033056508749723434,0.2661670744419098,0.06654176861047745,0.050606854259967804,-0.07023711502552032,0.48096758127212524,0.12024189531803131,-0.18786738812923431,0.009476500563323498,0.30162668228149414,0.07540667057037354,0.007916873320937157,-0.06341806799173355,0.663999617099762,0.1659999042749405,0.17663119733333588,-0.033005110919475555,-0.4860093593597412,-0.1215023398399353,0.01160907931625843,0.061893414705991745,1.0202548503875732,0.2550637125968933,0.22567196190357208,0.0482037328183651,0.4000224769115448,0.1000056192278862,0.0691603347659111,0.017229272052645683,0.24088722467422485,0.06022180616855621,-0.18700699508190155,0.03440549597144127,-0.3956696093082428,-0.0989174023270607,-0.005498463287949562,0.06071559339761734,-0.026576004922389984,-0.006644001230597496,-0.0004898030310869217,-0.07358162105083466,0.12611231207847595,0.03152807801961899,0.017858002334833145,-0.006453049369156361,-0.024904053658246994,-0.0062260134145617485,-0.01154811680316925,-0.0666889026761055,0.5466344952583313,0.13665862381458282,0.1563466638326645,0.04624528810381889,1.3117053508758545,0.3279263377189636,0.2612750828266144,0.05874619632959366,0.0023815594613552094,0.0005953898653388023,-0.00513532105833292,-0.0500120185315609,3.5237181186676025,0.8809295296669006,0.9007617831230164,-0.02954860031604767,-0.07161413878202438,-0.017903534695506096,-0.015001862309873104,-0.07341276109218597,-0.045124173164367676,-0.011281043291091919,0.008368436247110367,-0.07632100582122803,-0.34676212072372437,-0.08669053018093109,-0.028082119300961494,-0.04057106003165245,1.2267512083053589,0.3066878020763397,0.3159608542919159,-0.03751435875892639,-1.2345994710922241,-0.30864986777305603,-0.23267732560634613,-0.02105964533984661,0.031297385692596436,0.007824346423149109,0.015381701290607452,-0.022794926539063454,3.5319926738739014,0.8829981684684753,0.9155158400535583,-0.035238590091466904,0.04987707734107971,0.012469269335269928,-0.00174659863114357,0.021832376718521118,0.326116144657135,0.08152903616428375,0.028000107035040855,-0.017055023461580276,-0.1442420333623886,-0.03606050834059715,-0.006660922896116972,0.034938860684633255
0.5833627581596375,0.14584068953990936,0.18504801392555237,-0.06079426035284996,0.4332617521286011,0.10831543803215027,-0.008139312267303467,-0.00757100572809577,0.37778744101524353,0.09444686025381088,0.09865780919790268,0.03445526584982872,0.30074143409729004,0.07518535852432251,0.048359572887420654,0.037528764456510544,0.4983920454978943,0.12459801137447357,-0.17840668559074402,0.00467831501737237,0.24364373087882996,0.06091093271970749,0.009658491238951683,0.0621003620326519,0.5722188353538513,0.14305470883846283,0.1813095360994339,0.017185617238283157,-0.4719028174877167,-0.11797570437192917,-0.00013965275138616562,-0.025143025442957878,1.0180587768554688,0.2545146942138672,0.2153092473745346,-0.012893098406493664,0.43910399079322815,0.10977599769830704,0.08055638521909714,-0.01441346388310194,0.1709389090538025,0.04273472726345062,-0.19060072302818298,0.03599069267511368,-0.5285462141036987,-0.13213655352592468,0.0029332777485251427,-0.00037842392339371145,0.016131691634655,0.00403292290866375,-0.0016814442351460457,0.0643419548869133,-0.06734520196914673,-0.016836300492286682,0.011529095470905304,0.028213882818818092,0.06281109154224396,0.01570277288556099,-0.013784456998109818,-0.02436310611665249,0.5549320578575134,0.13873301446437836,0.15329082310199738,0.05404355749487877,0.9785643219947815,0.24464108049869537,0.2509152889251709,-0.06447327136993408,0.1671706736087799,0.04179266840219498,0.021650714799761772,-0.013798308558762074,3.3855056762695312,0.8463764190673828,0.8882208466529846,-0.00294860010035336,0.09875334054231644,0.02468833513557911,0.00021583959460258484,0.041754841804504395,0.1928163766860962,0.04820409417152405,0.011109558865427971,0.10207672417163849,0.2895538806915283,0.07238847017288208,0.005256664007902145,0.055706191807985306,1.280622959136963,0.3201557397842407,0.30786460638046265,-0.0552157424390316,-1.153412938117981,-0.28835323452949524,-0.2485903948545456,-0.06556110084056854,-0.10284438729286194,-0.025711096823215485,-0.0058079930022358894,-0.04939490184187889,3.663482427597046,0.9158706068992615,0.9276912808418274,0.08070795983076096,0.05712407827377319,0.014281019568443298,4.2811036109924316e-05,0.06170571967959404,-0.11348839104175568,-0.02837209776043892,0.02037906087934971,-0.04764985665678978,-0.04077467322349548,-0.01019366830587387,-0.0023189252242445946,-0.01292498130351305
0.6058727502822876,0.1514681875705719,0.16831083595752716,0.053099751472473145,0.5264037847518921,0.13160094618797302,0.0037594661116600037,0.06277839094400406,0.33119818568229675,0.08279954642057419,0.1128058135509491,-0.024196183308959007,0.22815245389938354,0.057038113474845886,0.057360097765922546,0.05130205303430557,0.4112328290939331,0.10280820727348328,-0.16971610486507416,-0.001772725605405867,0.1425444483757019,0.035636112093925476,0.006681414321064949,0.032286714762449265,0.5588008761405945,0.13970021903514862,0.17563143372535706,0.04464609548449516,-0.4088129997253418,-0.10220324993133545,0.015470245853066444,-0.06610044091939926,0.9988229274749756,0.2497057318687439,0.2253393679857254,-0.004975855350494385,0.43974265456199646,0.10993566364049911,0.08297262340784073,-0.03099679760634899,0.1015569269657135,0.025389231741428375,-0.20240448415279388,-0.042538661509752274,-0.5694782733917236,-0.1423695683479309,-0.01144662406295538,-0.09832312911748886,-0.13829845190048218,-0.034574612975120544,-0.017872530966997147,-0.004904353525489569,0.03896205127239227,0.009740512818098068,0.013456450775265694,-0.022997869178652763,0.04302649572491646,0.010756623931229115,-0.008032452315092087,0.040906667709350586,0.7419220805168152,0.1854805201292038,0.16958412528038025,0.08142900466918945,1.0421245098114014,0.26053112745285034,0.2639155983924866,0.08346521854400635,-0.05531932786107063,-0.013829831965267658,0.011126445606350899,0.002262258669361472,3.568100690841675,0.8920251727104187,0.8918377161026001,-0.01489984430372715,-0.07048013061285019,-0.017620032653212547,-0.008564368821680546,-0.029068350791931152,-0.30396750569343567,-0.07599187642335892,-0.015687469393014908,-0.12372688204050064,-0.3327641785144806,-0.08319104462862015,-0.007452953606843948,-0.08721357583999634,1.1803226470947266,0.29508066177368164,0.3169412612915039,0.042575299739837646,-0.793508768081665,-0.19837719202041626,-0.23696111142635345,0.008688616566359997,-0.033097684383392334,-0.008274421095848083,-0.008862725459039211,0.0558813102543354,3.5418853759765625,0.8854713439941406,0.9181938171386719,-0.038008179515600204,0.02894817292690277,0.007237043231725693,0.010149963200092316,-0.004821121692657471,-0.035749033093452454,-0.008937258273363113,0.005040445365011692,0.05932343006134033,0.09241288900375366,0.023103222250938416,-0.004526909440755844,-0.025743728503584862
0.5381463766098022,0.13453659415245056,0.17270541191101074,-0.01379243191331625,0.2965613603591919,0.07414034008979797,-0.009308477863669395,0.002215218497440219,0.38520610332489014,0.09630152583122253,0.11212694644927979,0.004595381207764149,0.3260955214500427,0.08152388036251068,0.0424375981092453,-0.03217105194926262,0.3885865807533264,0.0971466451883316,-0.18262027204036713,1.201629675051663e-05,0.10115710645914078,0.025289276614785194,0.007640359923243523,-0.058376844972372055,0.6954480409622192,0.1738620102405548,0.17183652520179749,0.006930142641067505,-0.4395291805267334,-0.10988229513168335,0.013816723600029945,-0.021725768223404884,0.9960863590240479,0.24902158975601196,0.225507453083992,-0.007128107827156782,0.5100767612457275,0.12751919031143188,0.09506616741418839,0.0006298840162344277,0.26415354013442993,0.06603838503360748,-0.21030929684638977,-0.05883680656552315,-0.3568283021450043,-0.08920707553625107,-0.009127619676291943,0.009805738925933838,0.05979502573609352,0.01494875643402338,-0.010972591117024422,0.042844366282224655,0.18109169602394104,0.04527292400598526,0.02548234723508358,0.009766978211700916,-0.04315696284174919,-0.010789240710437298,-0.0021101804450154305,0.057213809341192245,0.3790796101093292,0.0947699025273323,0.15880505740642548,-0.06796330213546753,0.9363959431648254,0.23409898579120636,0.255450040102005,-0.0774151161313057,0.13115592300891876,0.03278898075222969,0.011880224570631981,-0.039113689213991165,3.2478830814361572,0.8119707703590393,0.8839201331138611,-0.07086577266454697,0.07908273488283157,0.019770683720707893,0.013815967366099358,-0.020002299919724464,0.5498795509338379,0.13746988773345947,0.022189384326338768,0.16893473267555237,0.22235986590385437,0.05558996647596359,0.010530149564146996,-0.019937455654144287,1.2301520109176636,0.3075380027294159,0.3188629746437073,0.009287810884416103,-1.052667260169983,-0.2631668150424957,-0.24005623161792755,-0.051426827907562256,-0.05815094709396362,-0.014537736773490906,-0.0159900039434433,-0.03436138853430748,3.6292827129364014,0.9073206782341003,0.9203807711601257,-0.011945980601012707,-0.021782487630844116,-0.005445621907711029,0.008519399911165237,-0.029771819710731506,-0.02378232777118683,-0.005945581942796707,0.004182406701147556,0.03635026142001152,0.0917508602142334,0.02293771505355835,4.054419696331024e-05,0.0054521444253623486
0.5952258110046387,0.14880645275115967,0.1621447205543518,0.05123351886868477,0.45143282413482666,0.11285820603370667,-0.00835062563419342,0.031346775591373444,0.3711477518081665,0.09278693795204163,0.09917168319225311,-0.04155721887946129,0.2774781584739685,0.06936953961849213,0.04618162661790848,-0.007808065507560968,0.5193683505058289,0.12984208762645721,-0.18293897807598114,0.0761781856417656,0.2240026593208313,0.056000664830207825,0.018864834681153297,0.0704416036605835,0.6915982365608215,0.17289955914020538,0.1713707000017166,-0.02279706671833992,-0.30572420358657837,-0.07643105089664459,0.01274559460580349,0.060720790177583694,1.019263505935669,0.25481587648391724,0.22025276720523834,0.04090477153658867,0.4421465992927551,0.11053664982318878,0.08080403506755829,0.0006387233734130859,0.38452255725860596,0.09613063931465149,-0.19883552193641663,-0.001208996749483049,-0.41998544335365295,-0.10499636083841324,0.006670253351330757,-0.009979081340134144,-0.09908858686685562,-0.024772146716713905,-0.008576043881475925,-0.0519462414085865,-0.11147385835647583,-0.027868464589118958,0.024418314918875694,0.05301171541213989,-0.07991980016231537,-0.019979950040578842,0.0009705089032649994,-0.06517162173986435,0.7556164264678955,0.18890410661697388,0.15602943301200867,-0.03417777642607689,1.1439111232757568,0.2859777808189392,0.24089951813220978,0.02723567560315132,0.09172038733959198,0.022930096834897995,0.025192560628056526,-0.030423318967223167,3.699387311935425,0.9248468279838562,0.8966867923736572,0.10901156812906265,-0.16811344027519226,-0.042028360068798065,2.4905428290367126e-05,-0.060850948095321655,-0.4487559199333191,-0.11218897998332977,-0.0027925153262913227,-0.017217231914401054,-0.2113533467054367,-0.05283833667635918,-0.017471129074692726,-0.007067096419632435,1.119648814201355,0.27991220355033875,0.31091463565826416,0.033334266394376755,-1.0354068279266357,-0.25885170698165894,-0.2525855302810669,0.018235361203551292,0.0038766860961914062,0.0009691715240478516,-0.0012534037232398987,-0.0005182921886444092,3.6620097160339355,0.9155024290084839,0.9199799299240112,-0.013365114107728004,0.008338794112205505,0.0020846985280513763,0.003568674437701702,-0.050361763685941696,-0.03545351326465607,-0.008863378316164017,-0.004123553168028593,-0.005698150489479303,0.09483036398887634,0.023707590997219086,0.016659876331686974,-0.03978494554758072
0.46197253465652466,0.11549313366413116,0.172281414270401,-0.01155710220336914,0.4016575217247009,0.10041438043117523,0.0019543543457984924,0.01668601669371128,0.33147215843200684,0.08286803960800171,0.11297719180583954,-0.024771887809038162,0.30322277545928955,0.07580569386482239,0.053722091019153595,0.07852911949157715,0.4092589020729065,0.10231472551822662,-0.17380228638648987,0.04079883173108101,0.15997189283370972,0.03999297320842743,0.005043774843215942,-0.0794193297624588,0.7067006230354309,0.17667515575885773,0.16081665456295013,0.012436473742127419,-0.4585725665092468,-0.1146431416273117,-0.0008581075817346573,-0.06510596722364426,1.010941982269287,0.2527354955673218,0.233235701918602,-0.025498270988464355,0.4539638161659241,0.11349095404148102,0.07916461676359177,0.04127024486660957,0.26326513290405273,0.06581628322601318,-0.18800528347492218,-0.005006515886634588,-0.34704771637916565,-0.08676192909479141,-0.0012832749634981155,0.0011351763969287276,0.09627851098775864,0.02406962774693966,-0.010407906956970692,-0.002445185324177146,0.03244219720363617,0.008110549300909042,0.004629467613995075,0.00922202505171299,-0.0649653822183609,-0.016241345554590225,-0.00535811111330986,-0.05295118689537048,0.501051127910614,0.1252627819776535,0.15010583400726318,0.020983094349503517,1.1919593811035156,0.2979898452758789,0.2527042031288147,-0.017558187246322632,0.003447379916906357,0.0008618449792265892,0.013192813843488693,0.03471534326672554,3.4276952743530273,0.8569238185882568,0.8867159485816956,-0.03373252972960472,0.004301941022276878,0.0010754852555692196,-0.002627400681376457,-0.003838533302769065,0.14439883828163147,0.03609970957040787,0.0034673847258090973,0.05114786699414253,0.15927742421627045,0.03981935605406761,0.0014055175706744194,0.08534961193799973,1.0896729230880737,0.27241823077201843,0.2981174886226654,-0.05577735975384712,-1.1106879711151123,-0.2776719927787781,-0.24117277562618256,-0.03167834132909775,-0.04874145984649658,-0.012185364961624146,-0.013591131195425987,-0.005440759938210249,3.557955503463745,0.8894888758659363,0.9153361320495605,-0.07273443788290024,0.047860294580459595,0.011965073645114899,-0.002465454861521721,-0.034862276166677475,0.14611095190048218,0.036527737975120544,0.011372247710824013,0.08100461214780807,-0.1401987373828888,-0.0350496843457222,0.003898017108440399,-0.08667677640914917
0.5217602252960205,0.13044005632400513,0.16192878782749176,-0.05357213690876961,0.32648158073425293,0.08162039518356323,0.0023080185055732727,-0.030753865838050842,0.3914111852645874,0.09785279631614685,0.11857043951749802,0.005701858084648848,0.25817620754241943,0.06454405188560486,0.05388639122247696,-0.015201401896774769,0.2490437775850296,0.0622609443962574,-0.16940177977085114,0.052964020520448685,0.2796664237976074,0.06991660594940186,0.009597914293408394,-0.07174215465784073,0.4866102933883667,0.12165257334709167,0.15801122784614563,-0.01858649216592312,-0.33528855443000793,-0.08382213860750198,0.009234508499503136,-0.03774397447705269,1.066218614578247,0.26655465364456177,0.22958457469940186,0.07776869833469391,0.39545783400535583,0.09886445850133896,0.0794975683093071,-0.046676866710186005,0.18578886985778809,0.04644721746444702,-0.19797474145889282,0.013986808247864246,-0.4378415644168854,-0.10946039110422134,0.003851008601486683,0.026802433654665947,-0.041268691420555115,-0.010317172855138779,-0.00906321220099926,-0.033578138798475266,0.1875312179327011,0.04688280448317528,0.020978914573788643,0.03927500173449516,0.10475556552410126,0.026188891381025314,-0.016432715579867363,-0.05986920744180679,0.6569185256958008,0.1642296314239502,0.1487037092447281,-0.0379464291036129,1.1536719799041748,0.2884179949760437,0.24170704185962677,-0.067465640604496,0.039791639894247055,0.009947909973561764,0.008395310491323471,0.015187138691544533,3.5405430793762207,0.8851357698440552,0.8974566459655762,0.07036539167165756,-0.00797014869749546,-0.001992537174373865,-0.00833077635616064,0.0627763420343399,-0.03216552734375,-0.0080413818359375,0.010745108127593994,0.024562282487750053,-0.30850180983543396,-0.07712545245885849,-0.029606282711029053,-0.06805534660816193,1.259856939315796,0.314964234828949,0.29420027136802673,0.0381777286529541,-0.9988353252410889,-0.24970883131027222,-0.2339533567428589,0.021603871136903763,-0.044475674629211426,-0.011118918657302856,-0.003677814267575741,-0.02916371263563633,3.6637771129608154,0.9159442782402039,0.9177880883216858,0.026708925142884254,0.13200592994689941,0.033001482486724854,0.012494688853621483,-0.03220057860016823,-0.1473800092935562,-0.03684500232338905,0.003678254783153534,-0.09250926971435547,0.1718895137310028,0.0429723784327507,0.003617888316512108,-0.0012788176536560059
0.3852330446243286,0.09630826115608215,0.16270668804645538,0.015036500059068203,0.40044087171554565,0.10011021792888641,-0.010888539254665375,0.0013963163364678621,0.381788045167923,0.09544701129198074,0.11253956705331802,-0.00614509591832757,0.1778208315372467,0.044455207884311676,0.061116352677345276,-0.01404870767146349,0.08125002682209015,0.020312506705522537,-0.16966724395751953,-0.03135252743959427,0.3741805851459503,0.09354514628648758,0.015175947919487953,-0.03440112620592117,0.6598146557807922,0.16495366394519806,0.1480163037776947,0.04486361891031265,-0.3541394770145416,-0.0885348692536354,0.004060421139001846,0.0563184879720211,1.000093698501587,0.25002342462539673,0.23632650077342987,0.062478210777044296,0.4828248918056488,0.1207062229514122,0.07903675734996796,0.04515388235449791,0.11270540952682495,0.028176352381706238,-0.18483039736747742,-0.013347351923584938,-0.44341495633125305,-0.11085373908281326,0.0019196532666683197,0.06338085979223251,-0.08398405462503433,-0.020996013656258583,0.000898430123925209,-0.03318467363715172,0.0419587641954422,0.01048969104886055,0.016543054953217506,-0.0753641352057457,0.03342511132359505,0.008356277830898762,-0.00012961030006408691,0.06726082414388657,0.48824256658554077,0.12206064164638519,0.1505669802427292,0.029466761276125908,1.206749439239502,0.3016873598098755,0.2489207535982132,-0.04353858903050423,0.05286778137087822,0.013216945342719555,-0.003943722695112228,0.06007876619696617,3.4808413982391357,0.8702103495597839,0.8994466662406921,-0.04478896036744118,0.00196266733109951,0.0004906668327748775,-0.0037126028910279274,-0.07057705521583557,-0.01484060287475586,-0.003710150718688965,0.0023720022290945053,-0.06659715622663498,0.4297019839286804,0.1074254959821701,0.011122899129986763,0.06262154877185822,1.263249158859253,0.31581228971481323,0.289623886346817,-0.07222402840852737,-1.19744873046875,-0.2993621826171875,-0.23273710906505585,0.06278827041387558,-0.05122673511505127,-0.012806683778762817,0.0032982565462589264,0.04454686865210533,3.6205601692199707,0.9051400423049927,0.928437352180481,-0.06818188726902008,-0.0018636584281921387,-0.00046591460704803467,-0.003368486650288105,-0.08128618448972702,0.28361618518829346,0.07090404629707336,0.014883805066347122,-0.013274717144668102,-0.11040526628494263,-0.027601316571235657,0.005082557909190655,-0.015835905447602272
0.621086835861206,0.1552717089653015,0.17318536341190338,0.04271456226706505,0.36259716749191284,0.09064929187297821,-0.006181731354445219,-0.03586649149656296,0.4164928197860718,0.10412320494651794,0.10867877304553986,0.03119734488427639,0.22552573680877686,0.056381434202194214,0.05688607692718506,-0.005140864755958319,0.1489907056093216,0.0372476764023304,-0.1639602780342102,-0.01868291012942791,0.2882779836654663,0.07206949591636658,0.015574397519230843,-0.03190220147371292,0.46643030643463135,0.11660757660865784,0.15710686147212982,0.052400171756744385,-0.335392028093338,-0.0838480070233345,0.016480987891554832,0.05077498033642769,1.0153343677520752,0.2538335919380188,0.2409541755914688,-0.014251935295760632,0.42820289731025696,0.10705072432756424,0.08687782287597656,0.012473476119339466,0.03048330545425415,0.007620826363563538,-0.19583968818187714,-0.012767106294631958,-0.6180394887924194,-0.15450987219810486,-0.0026877019554376602,-0.09670894593000412,-0.0124078169465065,-0.003101954236626625,-0.017300039529800415,0.034540485590696335,-0.009285107254981995,-0.0023212768137454987,0.005733231082558632,0.04511300474405289,0.036902058869600296,0.009225514717400074,-0.010913937352597713,0.06644351780414581,0.8042913675308228,0.2010728418827057,0.16986459493637085,0.08943859487771988,1.2564969062805176,0.3141242265701294,0.2534666359424591,-0.04646867513656616,0.12089356780052185,0.030223391950130463,0.0003030048683285713,0.08079015463590622,3.4979135990142822,0.8744783997535706,0.8959648609161377,-0.050116874277591705,-0.009300285950303078,-0.0023250714875757694,0.010311370715498924,-0.032099489122629166,0.23259717226028442,0.058149293065071106,0.014153871685266495,0.03897379711270332,-0.4194636344909668,-0.1048659086227417,-0.025950266048312187,-0.09986020624637604,1.1524780988693237,0.28811952471733093,0.2936704158782959,-0.01772579550743103,-1.2926316261291504,-0.3231579065322876,-0.24438534677028656,-0.0537937693297863,-0.15039855241775513,-0.03759963810443878,-0.009995164349675179,-0.008873027749359608,3.7207343578338623,0.9301835894584656,0.9228280782699585,-0.045042987912893295,0.06253425776958466,0.015633564442396164,0.010471610352396965,-0.023224150761961937,0.021953999996185303,0.005488499999046326,0.016837233677506447,0.05536210536956787,0.08299827575683594,0.020749568939208984,0.0021155839785933495,0.020222974941134453
0.49774467945098877,0.12443616986274719,0.15345586836338043,-0.058593299239873886,0.3815481662750244,0.0953870415687561,0.0008511627092957497,-0.009825408458709717,0.3851681649684906,0.09629204124212265,0.109947070479393,0.028131818398833275,0.2880566716194153,0.07201416790485382,0.042920127511024475,-0.0091458261013031,0.3665177822113037,0.09162944555282593,-0.16922327876091003,0.024991273880004883,0.27203330397605896,0.06800832599401474,0.001217520795762539,-0.05522816255688667,0.577109694480896,0.144277423620224,0.1436552256345749,-0.0037779330741614103,-0.4741661846637726,-0.11854154616594315,0.006280258297920227,0.06079291179776192,1.0900838375091553,0.2725209593772888,0.22947105765342712,-0.050336528569459915,0.47650787234306335,0.11912696808576584,0.09261249750852585,-0.0174539927393198,0.07741552591323853,0.01935388147830963,-0.1999451071023941,-0.06868240982294083,-0.4499146044254303,-0.11247865110635757,0.002095782198011875,-0.05413636565208435,-0.0453302338719368,-0.0113325584679842,-0.013573655858635902,0.05575878545641899,0.04089142382144928,0.01022285595536232,0.012468462809920311,0.02252267673611641,-0.027943115681409836,-0.006985778920352459,-0.0191021878272295,0.054817914962768555,0.5789904594421387,0.14474761486053467,0.16224491596221924,-0.04282103851437569,1.1735703945159912,0.2933925986289978,0.2464614361524582,-0.000830703997053206,0.08634930849075317,0.021587327122688293,0.01287672109901905,-0.013125568628311157,3.4875946044921875,0.8718986511230469,0.9032343029975891,0.0016842067707329988,-0.07403815537691116,-0.01850953884422779,-0.002239053603261709,-0.060107577592134476,-0.19662564992904663,-0.04915641248226166,0.013604298233985901,0.005276870913803577,0.34749913215637207,0.08687478303909302,-0.0017386721447110176,0.07658214867115021,1.2692809104919434,0.31732022762298584,0.30022066831588745,0.03660031780600548,-1.105599045753479,-0.27639976143836975,-0.2432340383529663,-0.04249130189418793,-0.049078166484832764,-0.012269541621208191,-0.017845749855041504,0.02479795180261135,3.6260340213775635,0.9065085053443909,0.9260917901992798,-0.022398734465241432,-0.012658149003982544,-0.003164537250995636,0.0023938296362757683,-0.014458310790359974,-0.13695479929447174,-0.034238699823617935,0.005222528241574764,-0.012019944377243519,-0.16965101659297943,-0.04241275414824486,-0.004417510237544775,-0.10303061455488205
0.6120589375495911,0.15301473438739777,0.16559980809688568,0.022739870473742485,0.40731024742126465,0.10182756185531616,-0.002207220997661352,0.05582306534051895,0.379324734210968,0.094831183552742,0.10683410614728928,-0.02809024415910244,0.26891010999679565,0.06722752749919891,0.057310983538627625,0.034300900995731354,0.2655251622200012,0.0663812905550003,-0.1716339886188507,-0.07534889131784439,0.33448338508605957,0.08362084627151489,0.010170627385377884,0.019715607166290283,0.6338407397270203,0.15846018493175507,0.15128666162490845,0.0815112367272377,-0.46857261657714844,-0.11714315414428711,0.014461731538176537,0.051432251930236816,1.1131455898284912,0.2782863974571228,0.23860804736614227,-0.029274120926856995,0.46516335010528564,0.11629083752632141,0.084062360227108,-0.0048021734692156315,0.13623088598251343,0.03405772149562836,-0.20360037684440613,-0.07543320208787918,-0.4751429855823517,-0.11878574639558792,-0.0006714044138789177,0.07997965067625046,-0.046521708369255066,-0.011630427092313766,-0.00270843505859375,-0.04474015161395073,0.06742072105407715,0.016855180263519287,0.011115720495581627,0.043295275419950485,-0.028464656323194504,-0.007116164080798626,-0.005725335329771042,0.048578716814517975,0.7104870080947876,0.1776217520236969,0.16707123816013336,0.02936840057373047,1.0649399757385254,0.26623499393463135,0.2565465271472931,-0.05307812616229057,0.056449200958013535,0.014112300239503384,0.0023375125601887703,0.015658630058169365,3.5401089191436768,0.8850272297859192,0.891200065612793,-0.059004444628953934,0.007364070042967796,0.001841017510741949,-0.0006120763719081879,0.0021055638790130615,-0.09043091535568237,-0.022607728838920593,0.005260271951556206,0.05903351306915283,-0.28388315439224243,-0.07097078859806061,-0.013163567520678043,-0.026158029213547707,1.1423450708389282,0.28558626770973206,0.2886958122253418,0.036524154245853424,-0.854338526725769,-0.21358463168144226,-0.24935196340084076,-0.037101518362760544,-0.006689012050628662,-0.0016722530126571655,-0.022896934300661087,-0.052722442895174026,3.5695278644561768,0.8923819661140442,0.9143201112747192,0.003057384630665183,0.014007672667503357,0.0035019181668758392,0.00608174130320549,0.051361989229917526,0.1143292635679245,0.028582315891981125,0.01251026801764965,-0.04258457198739052,0.34130021929740906,0.08532505482435226,0.022876450791954994,0.04937577247619629
0.5669053196907043,0.1417263299226761,0.1745372861623764,0.035713423043489456,0.3324674367904663,0.08311685919761658,-0.006337382830679417,0.021482307463884354,0.3748859763145447,0.09372149407863617,0.12560990452766418,0.07578225433826447,0.28253549337387085,0.07063387334346771,0.05352771282196045,0.029095971956849098,0.5109133124351501,0.12772832810878754,-0.1791612058877945,-0.055335838347673416,0.29379814863204956,0.07344953715801239,0.012234246358275414,-0.04257669299840927,0.4970625042915344,0.1242656260728836,0.14289408922195435,-0.06276128441095352,-0.47582152485847473,-0.11895538121461868,-0.00011153705418109894,0.053852178156375885,1.0693788528442383,0.26734471321105957,0.23489706218242645,-0.00876501202583313,0.4559232294559479,0.11398080736398697,0.08118932694196701,-0.05465094372630119,0.17722052335739136,0.04430513083934784,-0.1925097107887268,0.029900824651122093,-0.5199130773544312,-0.1299782693386078,-0.007008066400885582,0.029649173840880394,0.007598288357257843,0.0018995720893144608,-0.0029676733538508415,-0.009196854196488857,0.08697186410427094,0.021742966026067734,0.00454331561923027,0.051418185234069824,-0.06231222674250603,-0.015578056685626507,-0.004487005062401295,-0.07364312559366226,0.681492805480957,0.17037320137023926,0.17504718899726868,-0.06186608225107193,1.1675617694854736,0.2918904423713684,0.25869041681289673,0.04859253391623497,0.10221758484840393,0.025554396212100983,0.019871601834893227,0.07370436191558838,3.5177183151245117,0.8794295787811279,0.892876386642456,-0.040665242820978165,-0.02765739895403385,-0.006914349738508463,0.008624745532870293,0.03975459560751915,-0.02701467275619507,-0.006753668189048767,-0.002922502811998129,0.007116127293556929,0.12415239214897156,0.03103809803724289,0.0007402375340461731,0.0768715888261795,1.075388789176941,0.26884719729423523,0.2941737473011017,0.057083405554294586,-0.9417704343795776,-0.2354426085948944,-0.24582432210445404,-0.05790909752249718,0.09450548887252808,0.02362637221813202,0.0018093856051564217,0.05907301977276802,3.5781044960021973,0.8945261240005493,0.916722297668457,0.04906480386853218,-0.002397969365119934,-0.0005994923412799835,-0.0013641780242323875,0.031316377222537994,0.0684995949268341,0.017124898731708527,0.02798420749604702,0.057493485510349274,-0.4518418610095978,-0.11296046525239944,-0.02213660255074501,-0.02658977545797825
0.6372842788696289,0.15932106971740723,0.16948062181472778,-0.03837299346923828,0.4320791959762573,0.10801979899406433,-0.012938487343490124,-0.06845147907733917,0.3756057322025299,0.09390143305063248,0.12453465908765793,-0.031806182116270065,0.3206629753112793,0.08016574382781982,0.04129716753959656,-0.06142700836062431,0.7133430242538452,0.1783357560634613,-0.17201752960681915,0.03496675565838814,0.26446494460105896,0.06611623615026474,0.0020811809226870537,-0.040933553129434586,0.535313069820404,0.133828267455101,0.16511717438697815,0.09211583435535431,-0.37015846371650696,-0.09253961592912674,0.002914152108132839,0.03810465335845947,1.0562212467193604,0.2640553116798401,0.24005182087421417,-0.06321819126605988,0.4627190828323364,0.1156797707080841,0.09744162112474442,0.06708510965108871,0.10933378338813782,0.027333445847034454,-0.2134016454219818,0.04803274944424629,-0.5995599031448364,-0.1498899757862091,-0.006760906428098679,-0.06206614896655083,-0.026053540408611298,-0.006513385102152824,-0.022748801857233047,0.027736319229006767,0.026200637221336365,0.006550159305334091,0.02300538308918476,0.02561946026980877,0.06886415183544159,0.017216037958860397,-0.010008507408201694,-0.034195926040410995,0.8362164497375488,0.2090541124343872,0.17285335063934326,-0.04296882078051567,0.9634196162223816,0.2408549040555954,0.2465590387582779,0.034897591918706894,-0.043558645993471146,-0.010889661498367786,-0.002502458170056343,-0.008405757136642933,3.47477388381958,0.868693470954895,0.8971112370491028,0.046449508517980576,-0.14840161800384521,-0.037100404500961304,-0.00259395781904459,-0.015493142418563366,0.11206573247909546,0.028016433119773865,0.014284508302807808,0.09282127767801285,-0.33386653661727905,-0.08346663415431976,-0.028847886249423027,-0.06972721219062805,1.1152149438858032,0.2788037359714508,0.29233023524284363,0.04290568828582764,-0.9103611707687378,-0.22759029269218445,-0.23932921886444092,0.09921212494373322,-0.1412118673324585,-0.035302966833114624,-0.009686419740319252,-0.02741110883653164,3.5372114181518555,0.8843028545379639,0.9096725583076477,-0.05214827135205269,0.006287932395935059,0.0015719830989837646,-0.007107863202691078,0.012487906031310558,-0.35446763038635254,-0.08861690759658813,-0.002350189257413149,-0.12870539724826813,0.3767344653606415,0.09418361634016037,0.0024254880845546722,0.04583648592233658
0.29687386751174927,0.07421846687793732,0.17327561974525452,0.02712242677807808,0.6247315406799316,0.1561828851699829,-0.01433725655078888,-0.03499462455511093,0.347256600856781,0.08681415021419525,0.11439624428749084,0.06184634193778038,0.2375543713569641,0.05938859283924103,0.045383743941783905,-0.05782940611243248,0.5171933770179749,0.1292983442544937,-0.17330709099769592,-0.06766048818826675,0.05646590143442154,0.014116475358605385,0.005524124950170517,-0.009763985872268677,0.7347736358642578,0.18369340896606445,0.1468813270330429,0.008948671631515026,-0.30943921208381653,-0.07735980302095413,0.004387806169688702,-0.024767398834228516,1.00437331199646,0.251093327999115,0.23583866655826569,0.00691177835687995,0.4582529366016388,0.1145632341504097,0.09294062107801437,0.0349753275513649,0.1407843828201294,0.03519609570503235,-0.20732823014259338,-0.006149023771286011,-0.5378352403640747,-0.13445881009101868,-0.011888070032000542,-0.0798560157418251,0.06879798322916031,0.017199495807290077,-0.01853976398706436,-0.050114184617996216,-0.13561227917671204,-0.03390306979417801,0.008942069485783577,0.06955146044492722,-0.005582701414823532,-0.001395675353705883,-0.001753397285938263,-0.07370885461568832,0.5959258079528809,0.14898145198822021,0.1792796403169632,0.05961275100708008,0.9667094945907593,0.24167737364768982,0.24736519157886505,-0.03202376887202263,0.06160170957446098,0.015400427393615246,-0.0010059494525194168,-0.009457356296479702,3.5585079193115234,0.8896269798278809,0.9043774008750916,-0.02727319672703743,-0.0374821200966835,-0.009370530024170876,0.004266601055860519,-0.03504430502653122,-0.18598055839538574,-0.046495139598846436,0.0052063073962926865,-0.05111885815858841,0.5144779682159424,0.1286194920539856,0.004110091365873814,0.04193101078271866,1.2218087911605835,0.3054521977901459,0.29770296812057495,-0.017295515164732933,-1.288262128829956,-0.322065532207489,-0.22165067493915558,0.0335301049053669,0.010379970073699951,0.002594992518424988,0.005908507853746414,0.06310752779245377,3.442101240158081,0.8605253100395203,0.9026525616645813,-0.06414426863193512,0.09094294905662537,0.02273573726415634,0.007400665432214737,0.0609540119767189,0.4070236086845398,0.10175590217113495,0.02802572213113308,0.00995792169123888,-0.15222974121570587,-0.03805743530392647,-0.0021730372682213783,0.03010695055127144
0.5438059568405151,0.13595148921012878,0.17097729444503784,0.018166501075029373,0.5093387961387634,0.12733469903469086,-0.01326739601790905,0.06728681176900864,0.3746969699859619,0.09367424249649048,0.11554446071386337,0.06246471405029297,0.3624538779258728,0.0906134694814682,0.051138736307621,0.0545443557202816,0.5706376433372498,0.14265941083431244,-0.1960131973028183,0.02847210131585598,0.03883037716150284,0.00970759429037571,0.015409179031848907,0.02043476141989231,0.602516233921051,0.15062905848026276,0.15410493314266205,0.05290752649307251,-0.23814332485198975,-0.059535831212997437,0.012978577986359596,0.023559486493468285,1.043287754058838,0.2608219385147095,0.23555168509483337,0.044204164296388626,0.44557711482048035,0.11139427870512009,0.0754457637667656,0.020769333466887474,0.3252083659172058,0.08130209147930145,-0.2095988690853119,-0.01975972019135952,-0.41840532422065735,-0.10460133105516434,-0.022198772057890892,0.07786241918802261,0.05377570539712906,0.013443926349282265,-0.007834022864699364,0.04370088502764702,-0.06427524983882904,-0.01606881245970726,0.011250553652644157,-0.06303312629461288,0.04135291650891304,0.01033822912722826,-0.016737785190343857,0.07087135314941406,0.7046962976455688,0.1761740744113922,0.17664304375648499,0.0035843371879309416,1.160969853401184,0.290242463350296,0.23407332599163055,-0.06846701353788376,0.0837775319814682,0.02094438299536705,0.015281209722161293,0.01970558799803257,3.488924980163574,0.8722312450408936,0.8932783007621765,0.028908241540193558,-0.059728242456912994,-0.014932060614228249,-0.009978098794817924,-0.07430209964513779,0.15051376819610596,0.03762844204902649,0.00907818041741848,0.06217765808105469,-0.27541041374206543,-0.06885260343551636,-0.00223920913413167,-0.00038863421650603414,1.209859848022461,0.30246496200561523,0.2977179288864136,-0.02988787367939949,-1.4691320657730103,-0.36728301644325256,-0.24062614142894745,0.043744172900915146,-0.2181234359741211,-0.05453085899353027,-0.001153513789176941,0.04672488197684288,3.644191026687622,0.9110477566719055,0.9037513136863708,0.10020191967487335,-0.09099043905735016,-0.02274760976433754,-0.010142477229237556,-0.05387941002845764,-0.18663562834262848,-0.04665890708565712,-0.0023594112135469913,-0.02637292444705963,-0.04234352707862854,-0.010585881769657135,-0.007522656582295895,-0.023219360038638115
0.5046114921569824,0.1261528730392456,0.15562571585178375,-0.05921638011932373,0.4547572731971741,0.11368931829929352,-0.005603996105492115,0.029508745297789574,0.35709068179130554,0.08927267044782639,0.10184409469366074,-0.08299276977777481,0.312618613243103,0.07815465331077576,0.06352240592241287,-0.04233231768012047,0.5293245315551758,0.13233113288879395,-0.1873159259557724,-0.014828420244157314,0.03745061904191971,0.009362654760479927,0.012279653921723366,-0.04707963764667511,0.538368821144104,0.134592205286026,0.1522904932498932,0.030636345967650414,-0.44756853580474854,-0.11189213395118713,0.002843002788722515,0.022345466539263725,1.0213756561279297,0.2553439140319824,0.23177051544189453,0.03870652988553047,0.4296613037586212,0.1074153259396553,0.071967713534832,0.03163734823465347,0.320797860622406,0.0801994651556015,-0.20303647220134735,-0.003692060708999634,-0.621878981590271,-0.15546974539756775,-0.016100725159049034,0.048569466918706894,-0.051001228392124176,-0.012750307098031044,-0.009146813303232193,-0.030636638402938843,0.145918071269989,0.03647951781749725,0.0007445868104696274,-0.03862771391868591,0.01745985820889473,0.004364964552223682,-0.005955180153250694,-0.061764396727085114,0.7954322695732117,0.19885806739330292,0.17740346491336823,0.08412863314151764,1.2687716484069824,0.3171929121017456,0.23874686658382416,-0.022063804790377617,0.04486263915896416,0.01121565978974104,0.007247326895594597,-0.07039696723222733,3.5650620460510254,0.8912655115127563,0.8903822302818298,0.05380794033408165,0.0572512224316597,0.014312805607914925,0.010935209691524506,0.07450463622808456,-0.14420002698898315,-0.03605000674724579,0.005257074721157551,0.04351558908820152,-0.06976352632045746,-0.017440881580114365,-0.01571202650666237,-0.013642072677612305,0.9499819278717041,0.23749548196792603,0.28522148728370667,-0.02506481111049652,-1.198837399482727,-0.29970934987068176,-0.2421756237745285,-0.06187735125422478,-0.14500319957733154,-0.036250799894332886,-0.011503694579005241,-0.034041792154312134,3.4567458629608154,0.8641864657402039,0.895941972732544,0.020755726844072342,0.23438072204589844,0.05859518051147461,0.004681548103690147,-0.03790582716464996,0.11676020920276642,0.029190052300691605,0.0062362439930438995,0.08987750858068466,0.11064642667770386,0.027661606669425964,0.006410101428627968,0.0489843375980854
0.5145768523216248,0.1286442130804062,0.15753087401390076,0.0054216268472373486,0.26441264152526855,0.06610316038131714,-0.008136902004480362,-0.06328919529914856,0.4051670432090759,0.10129176080226898,0.11066390573978424,-0.07334371656179428,0.4196849465370178,0.10492123663425446,0.06293918192386627,0.06987905502319336,0.6714771389961243,0.16786928474903107,-0.1931198239326477,-0.063905268907547,0.06137258559465408,0.01534314639866352,0.009610457345843315,-0.0021160542964935303,0.7463789582252502,0.18659473955631256,0.1612163782119751,-0.003957152366638184,-0.451804518699646,-0.1129511296749115,0.007175585255026817,0.012111246585845947,1.0320522785186768,0.2580130696296692,0.2341342717409134,-0.02625245787203312,0.4300864636898041,0.10752161592245102,0.06172577291727066,-0.03860529884696007,0.6373550891876221,0.15933877229690552,-0.18823930621147156,-0.013798451982438564,-0.51982581615448,-0.12995645403862,-0.024409785866737366,-0.03398158401250839,0.005986027419567108,0.001496506854891777,-0.008491511456668377,-0.0021008015610277653,0.2792072594165802,0.06980181485414505,0.0034398185089230537,-0.039817217737436295,-0.08281596004962921,-0.020703990012407303,0.0032306835055351257,0.05841852352023125,0.6019090414047241,0.15047726035118103,0.18654105067253113,0.027445603162050247,1.2485888004302979,0.31214720010757446,0.24297021329402924,-0.029541311785578728,0.12730631232261658,0.031826578080654144,0.010250696912407875,0.011200583539903164,3.490614414215088,0.872653603553772,0.8933625817298889,0.03366217762231827,-0.16954024136066437,-0.04238506034016609,-0.013730037957429886,-0.08694430440664291,-0.07925143837928772,-0.01981285959482193,-0.014124702662229538,-0.04902447387576103,0.12238761782646179,0.030596904456615448,-0.0050210547633469105,0.01558299083262682,0.9598644375801086,0.23996610939502716,0.2701498568058014,0.041030753403902054,-0.9006828665733337,-0.22517071664333344,-0.2580527365207672,-0.03874531388282776,0.03020787239074707,0.007551968097686768,-0.013376675546169281,0.016056722030043602,3.5417985916137695,0.8854496479034424,0.9092913866043091,-0.0752410963177681,0.06985265016555786,0.017463162541389465,0.007104814052581787,-0.060470402240753174,-0.21186698973178864,-0.05296674743294716,0.006091011688113213,-0.01522904634475708,-0.1788804829120636,-0.0447201207280159,-0.0014633182436227798,-0.0012042701710015535
0.6028238534927368,0.1507059633731842,0.15088289976119995,0.027352070435881615,0.3858969211578369,0.09647423028945923,-0.007423487026244402,0.07271969318389893,0.4006121754646301,0.10015304386615753,0.09831228107213974,0.017096329480409622,0.38943564891815186,0.09735891222953796,0.06362278759479523,-0.010471564717590809,0.9091810584068298,0.22729526460170746,-0.18956464529037476,0.02599947527050972,-0.037225596606731415,-0.009306399151682854,0.005586346611380577,-0.004104447551071644,0.7327374219894409,0.18318435549736023,0.16326074302196503,0.02083917334675789,-0.42175590991973877,-0.10543897747993469,0.007785463705658913,-0.07491308450698853,1.0249781608581543,0.2562445402145386,0.22585897147655487,0.06997673958539963,0.47739917039871216,0.11934979259967804,0.055679261684417725,0.005310141947120428,0.571752667427063,0.14293816685676575,-0.20335903763771057,0.012631088495254517,-0.46429458260536194,-0.11607364565134048,-0.024040289223194122,0.07060606777667999,-0.0695483461022377,-0.017387086525559425,0.0034617194905877113,0.016801655292510986,0.16921892762184143,0.04230473190546036,-0.0009035440161824226,-0.021826112642884254,-0.18387062847614288,-0.04596765711903572,-0.007279298268258572,-0.07494088262319565,0.4396546483039856,0.1099136620759964,0.1880318522453308,-0.05230540782213211,1.1175849437713623,0.2793962359428406,0.24523906409740448,0.03381749615073204,0.08679398894309998,0.021698497235774994,0.017585115507245064,0.05164552852511406,3.3685805797576904,0.8421451449394226,0.899252712726593,-0.07614704221487045,0.10657460242509842,0.026643650606274605,0.008009618148207664,0.050642576068639755,0.28308743238449097,0.07077185809612274,0.018592683598399162,-0.009254681877791882,-0.035884931683540344,-0.008971232920885086,0.0029124896973371506,-0.05028558894991875,1.092519998550415,0.27312999963760376,0.26505374908447266,0.021523987874388695,-0.7390947341918945,-0.18477368354797363,-0.2550951838493347,-0.03672705963253975,0.027245938777923584,0.006811484694480896,-0.010563276708126068,0.03387861326336861,3.444490671157837,0.8611226677894592,0.8962323069572449,-0.09626003354787827,0.043961167335510254,0.010990291833877563,0.016052233055233955,0.062374748289585114,0.03663463890552521,0.009158659726381302,0.013499047607183456,0.07957836240530014,0.08356589078903198,0.020891472697257996,0.004148484207689762,0.0659373551607132
0.5804468989372253,0.14511172473430634,0.15088233351707458,-0.05942092463374138,0.2844047546386719,0.07110118865966797,0.0019560502842068672,-0.07148199528455734,0.34772589802742004,0.08693147450685501,0.11308015137910843,0.030488837510347366,0.47703683376312256,0.11925920844078064,0.07082686573266983,0.03709881380200386,0.7534543871879578,0.18836359679698944,-0.19720599055290222,-0.0598888099193573,-0.05328952521085739,-0.013322381302714348,0.0018678288906812668,-0.07386243343353271,0.6696705222129822,0.16741763055324554,0.16113080084323883,0.0841924175620079,-0.33594992756843567,-0.08398748189210892,0.00491181667894125,0.05730396509170532,0.9823622107505798,0.24559055268764496,0.22473250329494476,-0.01971515454351902,0.45507436990737915,0.11376859247684479,0.060648366808891296,-0.06043865904211998,0.630122184753418,0.1575305461883545,-0.1890593022108078,0.05247713252902031,-0.5035785436630249,-0.12589463591575623,-0.011261765845119953,-0.03847081586718559,-0.038068413734436035,-0.009517103433609009,-0.01788911782205105,-0.020834827795624733,0.20315036177635193,0.05078759044408798,0.007295520976185799,0.08109533041715622,0.004587400704622269,0.0011468501761555672,0.0038110027089715004,0.054515767842531204,0.8232743144035339,0.20581857860088348,0.18584372103214264,0.0009189010015688837,1.0752421617507935,0.26881054043769836,0.24674786627292633,0.0007760286680422723,-0.05985062196850777,-0.014962655492126942,0.009733244776725769,-0.05452869459986687,3.536975383758545,0.8842438459396362,0.9038103818893433,-0.04109915718436241,-0.13090933859348297,-0.03272733464837074,-0.0009239409118890762,-0.09097599238157272,-0.08157461881637573,-0.020393654704093933,0.013641349971294403,-0.026305345818400383,-0.11987262219190598,-0.029968155547976494,-0.011827116832137108,-0.00519567122682929,0.9421504139900208,0.2355376034975052,0.262007474899292,0.020955724641680717,-0.9132347106933594,-0.22830867767333984,-0.23955878615379333,-0.04007027670741081,-0.06525474786758423,-0.016313686966896057,-0.007525335997343063,0.047517646104097366,3.5125656127929688,0.8781414031982422,0.8910393714904785,-0.04089382290840149,-0.011930868029594421,-0.0029827170073986053,-0.0022612581960856915,-0.015453738160431385,-0.22516195476055145,-0.05629048869013786,-0.011893237940967083,-0.1022152230143547,-0.2993316650390625,-0.07483291625976562,-0.017519667744636536,-0.10925450176000595
0.597106397151947,0.14927659928798676,0.15754278004169464,0.053024470806121826,0.454468309879303,0.11361707746982574,0.0019042976200580597,-0.011620777659118176,0.3728216588497162,0.09320541471242905,0.09788119792938232,0.056108783930540085,0.3696008324623108,0.0924002081155777,0.06858003884553909,-0.05722132325172424,0.7454598546028137,0.18636496365070343,-0.19938749074935913,-0.04023510217666626,0.12950927019119263,0.03237731754779816,0.012913370504975319,0.0560876838862896,0.6096333265304565,0.15240833163261414,0.17460009455680847,-0.07707471400499344,-0.4484999477863312,-0.1121249869465828,-0.00015061907470226288,0.03073371760547161,1.0047266483306885,0.2511816620826721,0.22329550981521606,0.059777237474918365,0.4553886353969574,0.11384715884923935,0.07253403216600418,0.04324997588992119,0.41543447971343994,0.10385861992835999,-0.19783729314804077,0.018052447587251663,-0.37813451886177063,-0.09453362971544266,0.0006901640444993973,-0.016538305208086967,-0.05669137090444565,-0.014172842726111412,-0.00953070167452097,-0.06434431672096252,0.06003938987851143,0.015009847469627857,0.0019893134012818336,-0.022901123389601707,-0.11764426529407501,-0.029411066323518753,-0.007446030154824257,-0.029594654217362404,0.5595970153808594,0.13989925384521484,0.17867092788219452,-0.005965215153992176,1.1442666053771973,0.2860666513442993,0.24687953293323517,0.004638505168259144,0.1662558764219284,0.0415639691054821,0.019197093322873116,-0.039179470390081406,3.484954833984375,0.8712387084960938,0.8930360078811646,0.054557252675294876,0.01367042027413845,0.0034176050685346127,-0.005470943171530962,-0.01740155927836895,0.04905986785888672,0.01226496696472168,0.005028798244893551,0.04128246381878853,0.08915749192237854,0.022289372980594635,0.0010552993044257164,-0.0005549967172555625,1.1890065670013428,0.2972516417503357,0.25796014070510864,-0.023026347160339355,-0.9527643918991089,-0.23819109797477722,-0.23291368782520294,0.08928372710943222,-0.05682450532913208,-0.01420612633228302,-0.021298184990882874,-0.04409795626997948,3.5000641345977783,0.8750160336494446,0.8875177502632141,-0.026587028056383133,0.10485467314720154,0.026213668286800385,0.0048893168568611145,-0.010253739543259144,0.4375724196434021,0.10939310491085052,0.021059386432170868,0.11200135201215744,0.5466411113739014,0.13666027784347534,0.011985531076788902,0.10743805021047592
0.6675840616226196,0.1668960154056549,0.16278713941574097,0.07203153520822525,0.3459159731864929,0.08647899329662323,0.0034013576805591583,-0.06484562158584595,0.3406420946121216,0.0851605236530304,0.10390307009220123,0.02642759121954441,0.4747481346130371,0.11868703365325928,0.07238960266113281,-0.0642654076218605,0.779662549495697,0.19491563737392426,-0.18607401847839355,-0.010908740572631359,0.05173683911561966,0.012934209778904915,0.0026114294305443764,0.040265776216983795,0.5325196385383606,0.13312990963459015,0.18183070421218872,0.0073472619988024235,-0.3844900131225586,-0.09612250328063965,0.012351134791970253,0.019291920587420464,1.0121963024139404,0.2530490756034851,0.22883650660514832,-0.023798054084181786,0.38755562901496887,0.09688890725374222,0.057167328894138336,0.038868248462677,0.6787151098251343,0.16967877745628357,-0.1997903436422348,-0.043143611401319504,-0.24159911274909973,-0.06039977818727493,0.002462247386574745,0.10008206218481064,0.031119205057621002,0.0077798012644052505,-0.00757136894389987,-0.03500169515609741,0.009756773710250854,0.0024391934275627136,0.011851606890559196,0.03611110523343086,0.08474712073802948,0.02118678018450737,-0.0029825549572706223,0.08032558113336563,0.7239274382591248,0.1809818595647812,0.16482272744178772,-0.031291548162698746,1.2008421421051025,0.30021053552627563,0.2518823444843292,-0.016586704179644585,0.03865371271967888,0.00966342817991972,0.013230692595243454,-0.022159798070788383,3.55419659614563,0.8885491490364075,0.8997616171836853,0.01799148879945278,-0.019906992092728615,-0.004976748023182154,-0.006037733517587185,0.07057318836450577,0.0269453227519989,0.006736330687999725,0.021561970934271812,-0.06853459030389786,-0.18843775987625122,-0.047109439969062805,-0.019169550389051437,-0.00044695139513351023,1.1835767030715942,0.29589417576789856,0.2393258810043335,0.04802427440881729,-1.33376145362854,-0.333440363407135,-0.22038044035434723,0.005633866880089045,0.10416263341903687,0.026040658354759216,0.01844061352312565,-0.001019430230371654,3.7472522258758545,0.9368130564689636,0.9022674560546875,-0.025364303961396217,0.048096343874931335,0.012024085968732834,0.004164561629295349,0.014117002487182617,-0.2292572408914566,-0.05731431022286415,-0.008086289279162884,-0.03229870647192001,-0.49991098046302795,-0.12497774511575699,-0.0040913596749305725,-0.1112784892320633
0.5182944536209106,0.12957361340522766,0.16435761749744415,-0.003099942347034812,0.47751951217651367,0.11937987804412842,0.0011264113709330559,-0.001399224973283708,0.3846055865287781,0.09615139663219452,0.09612732380628586,0.05774350091814995,0.44285762310028076,0.11071440577507019,0.07266905158758163,-0.028136586770415306,0.9357696175575256,0.2339424043893814,-0.19390031695365906,0.002046400448307395,0.0674608126282692,0.0168652031570673,0.00929347611963749,0.0698661208152771,0.6968448162078857,0.17421120405197144,0.17359642684459686,-0.019759630784392357,-0.40559667348861694,-0.10139916837215424,0.013399692252278328,-0.06727081537246704,1.0104544162750244,0.2526136040687561,0.22112968564033508,-0.003841489553451538,0.44082576036453247,0.11020644009113312,0.05946533381938934,-0.009474420920014381,0.7593362331390381,0.18983405828475952,-0.20232778787612915,0.054421234875917435,-0.29822853207588196,-0.07455713301897049,9.334832429885864e-05,-0.0194033682346344,-0.008896179497241974,-0.0022240448743104935,0.001790911890566349,0.054937731474637985,-0.11887750029563904,-0.02971937507390976,0.010044323280453682,0.0075807394459843636,-0.10834707319736481,-0.027086768299341202,-0.007553424686193466,-0.045773696154356,0.7132092714309692,0.1783023178577423,0.16294696927070618,0.05241205915808678,1.1817760467529297,0.2954440116882324,0.24755607545375824,0.025751197710633278,0.05765342339873314,0.014413355849683285,-0.0017847102135419846,0.02998361550271511,3.590541124343872,0.897635281085968,0.9063671231269836,0.07713494449853897,-0.07305186241865158,-0.018262965604662895,-0.011402926407754421,0.028234124183654785,-0.010467350482940674,-0.0026168376207351685,0.011776382103562355,-0.06499399244785309,0.11332421004772186,0.028331052511930466,0.0071072056889534,0.09794831275939941,0.9752910733222961,0.24382276833057404,0.25418949127197266,0.015410942025482655,-1.3600647449493408,-0.3400161862373352,-0.2256401777267456,-0.045245446264743805,-0.23397478461265564,-0.05849369615316391,-0.002281135879456997,-0.05128016695380211,3.452035665512085,0.8630089163780212,0.9010937213897705,-0.04209766909480095,-0.016622841358184814,-0.004155710339546204,0.006612587720155716,0.052957095205783844,0.22675161063671112,0.05668790265917778,0.023958781734108925,0.025324571877717972,0.18779855966567993,0.04694963991641998,0.0002550780773162842,0.05359332635998726
0.7237851619720459,0.18094629049301147,0.17127850651741028,0.007389151956886053,0.4028867483139038,0.10072168707847595,-0.0029419688507914543,0.01982167363166809,0.3379902243614197,0.08449755609035492,0.10586155205965042,-0.004698705859482288,0.5043916702270508,0.1260979175567627,0.07220035791397095,-0.07316964119672775,0.994936466217041,0.24873411655426025,-0.1938762366771698,-0.02756347693502903,-0.024854086339473724,-0.006213521584868431,-0.002595908008515835,-0.016923511400818825,0.6485214829444885,0.16213037073612213,0.1861857920885086,0.05032239109277725,-0.34086596965789795,-0.08521649241447449,0.0016419608145952225,-0.01307643111795187,1.035035490989685,0.25875887274742126,0.22430898249149323,0.07193364948034286,0.465341717004776,0.116335429251194,0.059271439909935,-0.05132047086954117,0.9014784097671509,0.22536960244178772,-0.2006310373544693,0.003682988928630948,-0.06517070531845093,-0.016292676329612732,-0.012021653354167938,-0.023322200402617455,-0.0446750745177269,-0.011168768629431725,-0.003150609787553549,0.052737701684236526,0.06736995279788971,0.016842488199472427,0.021104631945490837,-0.007621956057846546,-0.09064467251300812,-0.02266116812825203,-0.02193416655063629,0.006171226501464844,0.7204585671424866,0.18011464178562164,0.1620899736881256,0.058495569974184036,1.1074378490447998,0.27685946226119995,0.25000306963920593,0.0640125423669815,-0.04180348291993141,-0.010450870729982853,0.0006838301196694374,-0.07007502764463425,3.565380096435547,0.8913450241088867,0.9028839468955994,-0.06623899191617966,-0.019745344296097755,-0.004936336074024439,0.0016925856471061707,0.02084288001060486,-0.008448868989944458,-0.0021122172474861145,-0.002297620754688978,0.04311962053179741,-0.3887021541595459,-0.09717553853988647,-0.022685036063194275,-0.08492936193943024,0.8657013177871704,0.2164253294467926,0.23747625946998596,-0.09630358219146729,-1.130462646484375,-0.28261566162109375,-0.23429089784622192,-0.08646725863218307,-0.04264706373214722,-0.010661765933036804,-0.004730116110295057,-0.00813593901693821,3.568761110305786,0.8921902775764465,0.8996836543083191,0.08503533899784088,0.01928168535232544,0.00482042133808136,0.008579149842262268,0.01166391372680664,-0.2601514458656311,-0.06503786146640778,0.005743777379393578,-0.005137813277542591,-0.20345613360404968,-0.05086403340101242,-0.015410073101520538,-0.02411140315234661
0.6556311845779419,0.16390779614448547,0.17274001240730286,-0.03145182132720947,0.4035283327102661,0.10088208317756653,0.0013701943680644035,0.0629325732588768,0.39019209146499634,0.09754802286624908,0.09304901212453842,-0.004063862841576338,0.4483727812767029,0.11209319531917572,0.06158702075481415,0.04347464069724083,1.0457278490066528,0.2614319622516632,-0.19394513964653015,0.014180946163833141,0.048611678183078766,0.012152919545769691,-0.002319539897143841,-0.007206857204437256,0.6524482369422913,0.16311205923557281,0.19099821150302887,0.011911511421203613,-0.405043363571167,-0.10126084089279175,0.012291643768548965,-0.05929454788565636,0.9807820916175842,0.24519552290439606,0.2255459427833557,-0.0003239572106394917,0.46410900354385376,0.11602725088596344,0.057388320565223694,-0.05817355588078499,0.7215275764465332,0.1803818941116333,-0.20798559486865997,0.029156697914004326,-0.15858876705169678,-0.039647191762924194,-0.0030123074539005756,0.09524655342102051,-0.10784543305635452,-0.02696135826408863,-0.014887051656842232,-0.023802239447832108,0.05690509453415871,0.014226273633539677,0.012781057506799698,-0.015751754865050316,-0.024721723049879074,-0.0061804307624697685,-0.015106609091162682,-0.048024240881204605,0.5982961654663086,0.14957404136657715,0.1843552589416504,0.024808574467897415,0.9789919853210449,0.24474799633026123,0.2428634613752365,-0.03577108308672905,0.15066342055797577,0.03766585513949394,0.013517064973711967,0.056261349469423294,3.401862144470215,0.8504655361175537,0.8943946361541748,-0.09068410843610764,-0.032238297164440155,-0.008059574291110039,0.00477099884301424,0.05498908832669258,0.06525599956512451,0.016313999891281128,0.01122208870947361,0.08332479000091553,0.3609784245491028,0.0902446061372757,-0.0005500223487615585,0.05012890323996544,1.1350172758102417,0.2837543189525604,0.23613706231117249,0.04431365802884102,-0.8870410919189453,-0.22176027297973633,-0.24051018059253693,-0.02415810339152813,-0.03471970558166504,-0.00867992639541626,-0.008467664942145348,0.05144757032394409,3.491539478302002,0.8728848695755005,0.8967763185501099,-0.03430001065135002,0.05183646082878113,0.012959115207195282,0.004548669792711735,-0.03930739313364029,0.005485102534294128,0.001371275633573532,-0.0022072000429034233,0.04174089431762695,0.2694617807865143,0.06736544519662857,0.014058040454983711,0.07842323929071426
0.6756556034088135,0.16891390085220337,0.1776288002729416,-0.030363798141479492,0.31603920459747314,0.07900980114936829,0.0030512725934386253,-0.03608044609427452,0.34321147203445435,0.08580286800861359,0.10226091742515564,0.014260858297348022,0.45814937353134155,0.11453734338283539,0.0692339688539505,-0.041895683854818344,1.0435678958892822,0.26089197397232056,-0.20879343152046204,0.01871391013264656,0.11303076893091202,0.028257692232728004,0.00029225368052721024,0.06580723822116852,0.6618068814277649,0.16545172035694122,0.19336815178394318,0.04691730812191963,-0.38834235072135925,-0.09708558768033981,0.003651704639196396,-0.06415452808141708,1.0118213891983032,0.2529553472995758,0.2284083515405655,-0.06102189049124718,0.4359445869922638,0.10898614674806595,0.0701424703001976,0.06558986753225327,0.9005672931671143,0.22514182329177856,-0.20402058959007263,0.07396557182073593,-0.14517295360565186,-0.036293238401412964,0.0001548323780298233,0.06784315407276154,-0.05845349282026291,-0.014613373205065727,-0.01526649110019207,-0.05368994548916817,0.21294492483139038,0.053236231207847595,0.02230352722108364,-0.047769542783498764,-0.023755919188261032,-0.005938979797065258,-0.0015380922704935074,0.058241572231054306,0.5709143877029419,0.14272859692573547,0.17612092196941376,-0.020433252677321434,1.1771907806396484,0.2942976951599121,0.2461070865392685,0.04163743183016777,-0.09000319242477417,-0.022500798106193542,-0.004683224484324455,0.02396555058658123,3.617753744125366,0.9044384360313416,0.9069575071334839,0.03454693779349327,-0.17263400554656982,-0.043158501386642456,-0.01281222514808178,-0.050660014152526855,-0.18420368432998657,-0.04605092108249664,-0.010180299170315266,0.0028364600148051977,-0.2572098672389984,-0.0643024668097496,-0.008304215036332607,-0.09601616859436035,1.0427700281143188,0.2606925070285797,0.24824880063533783,-0.015800077468156815,-0.8393756151199341,-0.20984390377998352,-0.23279152810573578,-0.05353971943259239,-0.058700770139694214,-0.014675192534923553,-0.021907348185777664,-0.023507971316576004,3.5764081478118896,0.8941020369529724,0.8951796889305115,0.004401594400405884,0.07792821526527405,0.019482053816318512,0.007410040125250816,0.03176539018750191,0.0445963591337204,0.0111490897834301,-0.0033827139995992184,0.07117479294538498,-0.36128711700439453,-0.09032177925109863,-0.023594317957758904,-0.05038027837872505
0.7128845453262329,0.17822113633155823,0.17614546418190002,0.06567927449941635,0.4097687602043152,0.1024421900510788,-0.0004219319671392441,-0.029828105121850967,0.37172335386276245,0.09293083846569061,0.09870011359453201,-0.019103312864899635,0.5093466639518738,0.12733666598796844,0.07355273514986038,0.06651294231414795,0.9737775921821594,0.24344439804553986,-0.20161409676074982,-0.0604146383702755,0.032097913324832916,0.008024478331208229,-0.008637886494398117,0.062752366065979,0.7087302803993225,0.17718257009983063,0.18309351801872253,-0.05383017286658287,-0.30656251311302185,-0.07664062827825546,0.01445680670440197,-0.010045803152024746,1.006327509880066,0.2515818774700165,0.2391764372587204,0.021849382668733597,0.4529724717140198,0.11324311792850494,0.0625644400715828,0.03649430349469185,0.8859084844589233,0.22147712111473083,-0.19293130934238434,0.055554915219545364,-0.15028789639472961,-0.037571974098682404,-0.0018553845584392548,-0.002881085965782404,0.03793325275182724,0.00948331318795681,-0.0049279737286269665,-0.04333062097430229,0.04360240697860718,0.010900601744651794,0.027557751163840294,-0.05346567556262016,-0.0858258455991745,-0.021456461399793625,-0.00767162861302495,0.034804608672857285,0.6000626683235168,0.1500156670808792,0.17533768713474274,-0.055993564426898956,1.0429604053497314,0.26074010133743286,0.24156539142131805,-0.06663031131029129,0.1368284970521927,0.03420712426304817,0.0006747394800186157,-0.005174422170966864,3.347933769226074,0.8369834423065186,0.8828761577606201,-0.025164855644106865,0.013022875413298607,0.0032557188533246517,-0.0029559889808297157,0.006533247418701649,0.30220460891723633,0.07555115222930908,0.026558203622698784,0.039994001388549805,0.24879544973373413,0.06219886243343353,0.011725885793566704,-0.004418081138283014,1.1368314027786255,0.28420785069465637,0.25055211782455444,0.03675109148025513,-1.050596833229065,-0.26264920830726624,-0.23316556215286255,0.06858441978693008,0.06032460927963257,0.015081152319908142,-0.0005756784230470657,0.015921467915177345,3.5646960735321045,0.8911740183830261,0.8933358788490295,0.022661352530121803,-0.020652592182159424,-0.005163148045539856,0.0012272335588932037,-0.06714628636837006,-0.060311004519462585,-0.015077751129865646,0.0010178200900554657,2.5999546778621152e-05,0.44962337613105774,0.11240584403276443,0.01159447431564331,0.09884055703878403
0.6798235177993774,0.16995587944984436,0.16288051009178162,0.057646989822387695,0.4067331552505493,0.10168328881263733,0.01471872441470623,0.041619934141635895,0.3166634440422058,0.07916586101055145,0.09350990504026413,0.005308044143021107,0.4187055826187134,0.10467639565467834,0.07531433552503586,-0.0861353650689125,0.9640414118766785,0.24101035296916962,-0.20506717264652252,-0.04235820099711418,0.05103994160890579,0.012759985402226448,0.0009771324694156647,-0.010012662969529629,0.6806472539901733,0.17016181349754333,0.1764620542526245,0.04769164323806763,-0.3528469204902649,-0.08821173012256622,0.008289849385619164,-0.024821383878588676,1.0262961387634277,0.25657403469085693,0.23993799090385437,-0.06516865640878677,0.4691867530345917,0.11729668825864792,0.059803470969200134,0.06285759061574936,0.7353396415710449,0.18383491039276123,-0.19388240575790405,-0.008980423212051392,-0.06879857182502747,-0.017199642956256866,-0.016260221600532532,-0.007525211665779352,-0.02785056084394455,-0.006962640210986137,0.00792706198990345,0.03559013828635216,0.005210861563682556,0.001302715390920639,0.023585928604006767,0.04921027645468712,-0.11321185529232025,-0.028302963823080063,-0.024185024201869965,-0.06074397638440132,0.6423224806785583,0.1605806201696396,0.16232268512248993,-0.07378767430782318,1.355318546295166,0.3388296365737915,0.25528308749198914,0.014279752969741821,0.06551073491573334,0.016377683728933334,-0.002242451533675194,-0.06352723389863968,3.640043258666992,0.910010814666748,0.8977399468421936,0.005601454060524702,-0.041207022964954376,-0.010301755741238594,-0.013545725494623184,-0.03851744160056114,-0.3193027973175049,-0.07982569932937622,-0.006853732746094465,-0.004621690604835749,-0.25192075967788696,-0.06298018991947174,-0.021776800975203514,-0.10044623911380768,1.1257814168930054,0.28144535422325134,0.2560671269893646,0.015863144770264626,-1.2389813661575317,-0.30974534153938293,-0.22361169755458832,-0.01988566480576992,-0.09091129899024963,-0.02272782474756241,0.0016533220186829567,-0.07574763894081116,3.5707106590270996,0.8926776647567749,0.8942215442657471,0.04950542375445366,0.11568108201026917,0.02892027050256729,0.0028567910194396973,-0.031949400901794434,0.022872760891914368,0.005718190222978592,0.0019616782665252686,0.05242741107940674,-0.403488427400589,-0.10087210685014725,-0.01235351711511612,-0.07215509563684464
0.7064054012298584,0.1766013503074646,0.1720573753118515,0.05225324630737305,0.15866369009017944,0.03966592252254486,0.015582641586661339,-0.058487650007009506,0.3871709704399109,0.09679274260997772,0.09192419797182083,0.08658098429441452,0.5090467929840088,0.1272616982460022,0.06740786880254745,0.07222632318735123,0.8118278384208679,0.20295695960521698,-0.20258259773254395,-0.021974831819534302,0.15873906016349792,0.03968476504087448,7.536262273788452e-06,-0.06330090016126633,0.5131554007530212,0.1282888501882553,0.17438578605651855,0.04573947191238403,-0.4168713092803955,-0.10421782732009888,0.014746790751814842,-0.031323984265327454,1.1200530529022217,0.2800132632255554,0.2390931099653244,0.015878666192293167,0.4469674825668335,0.11174187064170837,0.06170458346605301,-0.012158418074250221,0.5880488157272339,0.14701220393180847,-0.21205924451351166,-0.01551357563585043,-0.12149849534034729,-0.030374623835086823,-0.015820177271962166,0.04393753036856651,-0.01033618301153183,-0.0025840457528829575,0.00437626987695694,0.016341442242264748,0.1324993520975113,0.03312483802437782,0.017041396349668503,-0.04902562499046326,0.059277284890413284,0.014819321222603321,-0.020749714225530624,0.05270515754818916,0.8566588163375854,0.21416470408439636,0.17008242011070251,0.045979082584381104,1.2875608205795288,0.3218902051448822,0.25721976161003113,0.07457425445318222,0.179625004529953,0.04490625113248825,0.013410365208983421,0.028091061860322952,3.335991859436035,0.8339979648590088,0.8814164400100708,0.005843055434525013,0.08347249776124954,0.020868124440312386,0.0010640844702720642,0.03453422710299492,0.2681995630264282,0.06704989075660706,0.013565225526690483,0.049544598907232285,0.3930632770061493,0.09826581925153732,0.013243259862065315,-0.006635093595832586,0.9497793912887573,0.23744484782218933,0.24628259241580963,-0.010165619663894176,-1.2566689252853394,-0.31416723132133484,-0.23640675842761993,-0.0643235594034195,-0.05502927303314209,-0.013757318258285522,0.0016459440812468529,-0.023119747638702393,3.4378252029418945,0.8594563007354736,0.9027190208435059,0.03216719627380371,0.1164458692073822,0.02911146730184555,0.003982205875217915,0.08146629482507706,-0.08316852152347565,-0.020792130380868912,-0.004004011861979961,0.021810371428728104,0.19246968626976013,0.04811742156744003,0.006429856643080711,0.07841169089078903
0.586631715297699,0.14665792882442474,0.17739760875701904,0.06495495140552521,0.26174628734588623,0.06543657183647156,0.009243110194802284,0.018626248463988304,0.3085291385650635,0.07713228464126587,0.09589162468910217,0.017935587093234062,0.34468889236450195,0.08617222309112549,0.06861139833927155,-0.0830092653632164,0.8745316863059998,0.21863292157649994,-0.19416141510009766,0.054044511169195175,0.2798829674720764,0.0699707418680191,-0.008767370134592056,0.02804727666079998,0.6345649361610413,0.15864123404026031,0.1740158349275589,0.03778878599405289,-0.3968828022480011,-0.09922070056200027,0.027904925867915154,0.04747077450156212,1.0339877605438232,0.2584969401359558,0.24371294677257538,0.0426519401371479,0.5048195123672485,0.12620487809181213,0.06860899925231934,0.05841261148452759,0.6706821918487549,0.16767054796218872,-0.21727368235588074,-0.07353660464286804,-0.1510474681854248,-0.0377618670463562,-0.023832790553569794,0.07032928615808487,-0.10836190730333328,-0.02709047682583332,-0.019566863775253296,-0.02510193921625614,0.09727780520915985,0.024319451302289963,0.017462225630879402,0.07261782884597778,0.016023773699998856,0.004005943424999714,-0.0015302477404475212,0.030522717162966728,0.6616643667221069,0.16541609168052673,0.17085394263267517,-0.035448864102363586,1.0121185779571533,0.25302964448928833,0.2558360695838928,0.010416067205369473,-0.08269354701042175,-0.020673386752605438,-0.005987155716866255,-0.007233459036797285,3.6460087299346924,0.9115021824836731,0.9018279910087585,0.03161806985735893,-0.15068459510803223,-0.03767114877700806,-0.005545446649193764,-0.06053262948989868,-0.232957661151886,-0.0582394152879715,0.0038947677239775658,-0.04811495915055275,-0.29217296838760376,-0.07304324209690094,-0.012256509624421597,-0.011617392301559448,1.0515193939208984,0.2628798484802246,0.2562173306941986,-0.008592951111495495,-0.9211286306381226,-0.23028215765953064,-0.2441723793745041,0.061292972415685654,-0.06640884280204773,-0.016602210700511932,-0.0065833525732159615,-0.06424997746944427,3.5214474201202393,0.8803618550300598,0.9024182558059692,0.015490055084228516,0.03277195990085602,0.008192989975214005,0.013415055349469185,-0.061445992439985275,0.0888696163892746,0.02221740409731865,0.0028782589361071587,-0.044674038887023926,-0.3686293363571167,-0.09215733408927917,-0.01971522346138954,-0.06777025759220123
0.6495901346206665,0.16239753365516663,0.17523236572742462,0.031083906069397926,0.32612377405166626,0.08153094351291656,0.001888001337647438,-0.046365030109882355,0.35942718386650085,0.08985679596662521,0.1053721159696579,0.0797971859574318,0.4625130891799927,0.11562827229499817,0.06433235108852386,0.04809167608618736,0.8134048581123352,0.2033512145280838,-0.192867249250412,0.04054967314004898,0.23118039965629578,0.057795099914073944,0.0007187221199274063,0.04892541095614433,0.6990407705307007,0.17476019263267517,0.17995181679725647,0.056214869022369385,-0.47019004821777344,-0.11754751205444336,0.01799737848341465,0.009146767668426037,1.0816919803619385,0.2704229950904846,0.2343045026063919,0.06374114006757736,0.4654662609100342,0.11636656522750854,0.06757207959890366,0.05227700620889664,0.6812629699707031,0.17031574249267578,-0.20845970511436462,0.06115955114364624,-0.17877197265625,-0.0446929931640625,-0.014601519331336021,-0.050339460372924805,0.1847105473279953,0.046177636831998825,-0.0010887067764997482,0.09312982857227325,0.0061287954449653625,0.0015321988612413406,0.03538115322589874,-0.03585944324731827,-0.10275201499462128,-0.02568800374865532,-0.021936416625976562,0.04119686037302017,0.6609334945678711,0.16523337364196777,0.16497595608234406,-0.06949671357870102,1.038999319076538,0.2597498297691345,0.25659915804862976,0.04219590499997139,0.17667481303215027,0.04416870325803757,0.014862781390547752,0.04223353788256645,3.4369421005249023,0.8592355251312256,0.8969480395317078,0.005052053835242987,0.01930776797235012,0.00482694199308753,-0.005804320331662893,-0.056303489953279495,0.20564064383506775,0.05141016095876694,0.021603582426905632,0.00266631250269711,0.09836005419492722,0.024590013548731804,-0.0052907527424395084,0.04216963052749634,1.0072063207626343,0.25180158019065857,0.2582526206970215,0.03234267234802246,-1.0216574668884277,-0.25541436672210693,-0.2533159852027893,-0.07607036083936691,0.06114482879638672,0.01528620719909668,-0.008030693978071213,0.08398327976465225,3.520057439804077,0.8800143599510193,0.9043433666229248,0.00010772347741294652,-0.05413278192281723,-0.013533195480704308,0.008365990594029427,-0.03963109478354454,0.034571051597595215,0.008642762899398804,0.0015798434615135193,-0.04467527195811272,0.410986989736557,0.10274674743413925,0.003114420920610428,0.08105647563934326
0.6949259638786316,0.1737314909696579,0.17279517650604248,-0.04758058115839958,0.46517306566238403,0.11629326641559601,0.0031094755977392197,0.023913299664855003,0.29890304803848267,0.07472576200962067,0.09655754268169403,-0.05841430649161339,0.46368181705474854,0.11592045426368713,0.07032164931297302,0.027487600222229958,1.038066029548645,0.25951650738716125,-0.19673705101013184,0.09086354076862335,0.1382327675819397,0.034558191895484924,-0.004140333738178015,0.05291423946619034,0.6817812323570251,0.1704453080892563,0.18557009100914001,-0.004674828145653009,-0.33072802424430847,-0.08268200606107712,0.01543913222849369,-0.06651638448238373,1.0003859996795654,0.25009649991989136,0.23359958827495575,-0.08648296445608139,0.5295677185058594,0.13239192962646484,0.08166690915822983,-0.007411771919578314,0.8646906614303589,0.21617266535758972,-0.21718555688858032,-0.006089413072913885,-0.0067001283168792725,-0.0016750320792198181,-0.018030034378170967,0.049051154404878616,-0.07983572036027908,-0.01995893009006977,-0.009895309805870056,0.0005329072591848671,-0.1346251368522644,-0.0336562842130661,0.016785437241196632,0.048997748643159866,0.02549155429005623,0.006372888572514057,-0.010975424200296402,0.09599477052688599,0.8031975030899048,0.2007993757724762,0.1619434356689453,0.04675018787384033,0.9574978947639465,0.23937447369098663,0.24892638623714447,-0.027054328471422195,-0.142783522605896,-0.035695880651474,-0.007770298980176449,-0.012776422314345837,3.677220344543457,0.9193050861358643,0.8986524939537048,0.09469045698642731,-0.07152307778596878,-0.017880769446492195,-0.011898796074092388,-0.05562032386660576,-0.1675107479095459,-0.041877686977386475,-0.007879014126956463,-0.06826391071081161,-0.17332834005355835,-0.04333208501338959,-0.0002410411834716797,-0.023392891511321068,0.8985395431518555,0.22463488578796387,0.25475165247917175,0.02104976214468479,-0.9168435335159302,-0.22921088337898254,-0.2338545173406601,0.061988044530153275,-0.16451191902160645,-0.04112797975540161,-0.025033622980117798,-0.08896292746067047,3.5528786182403564,0.8882196545600891,0.8945862054824829,0.08676186949014664,0.07019057869911194,0.017547644674777985,0.0037568649277091026,-0.06643665581941605,0.11879448592662811,0.029698621481657028,0.01968686655163765,0.03708929941058159,-0.31604474782943726,-0.07901118695735931,-0.0045673176646232605,-0.05589130148291588
0.7366222739219666,0.18415556848049164,0.17136460542678833,0.017970621585845947,0.3625137209892273,0.09062843024730682,0.0018065376207232475,0.028437376022338867,0.3681638240814209,0.09204095602035522,0.09238535165786743,0.09154409170150757,0.46485602855682373,0.11621400713920593,0.06908112019300461,-0.02795535884797573,0.8467811942100525,0.21169529855251312,-0.193623349070549,0.047103822231292725,0.047571249306201935,0.011892812326550484,-0.0065714530646800995,-0.0017537951935082674,0.6833680272102356,0.1708420068025589,0.16886402666568756,-0.09505801647901535,-0.34247133135795593,-0.08561783283948898,0.01560102216899395,0.04942595958709717,1.091916799545288,0.272979199886322,0.23561936616897583,0.0010823250049725175,0.5233117341995239,0.13082793354988098,0.06911502778530121,0.05281488969922066,0.7034311294555664,0.1758577823638916,-0.2048596441745758,-0.013611244969069958,0.028122782707214355,0.007030695676803589,-0.024344220757484436,-0.0011864781845360994,0.016426630318164825,0.004106657579541206,-0.01231833640486002,0.011026394553482533,0.18060562014579773,0.04515140503644943,0.028117647394537926,-0.053932156413793564,-0.21876786649227142,-0.054691966623067856,-0.012629988603293896,0.018961120396852493,0.5370213389396667,0.1342553347349167,0.16936250030994415,0.04866163805127144,1.1636199951171875,0.2909049987792969,0.23636586964130402,-0.08329000324010849,0.174826979637146,0.0437067449092865,0.004744694568216801,0.007818162441253662,3.3718395233154297,0.8429598808288574,0.9027212858200073,-0.0032408179249614477,0.1319900006055832,0.0329975001513958,0.000690266489982605,0.07363351434469223,0.32582277059555054,0.08145569264888763,0.032394781708717346,0.037215542048215866,0.014759650453925133,0.003689912613481283,-0.0004069097340106964,-0.023030787706375122,1.0188337564468384,0.2547084391117096,0.2596481740474701,-0.0412486307322979,-1.224897861480713,-0.3062244653701782,-0.24875910580158234,0.0033686875831335783,0.08907836675643921,0.022269591689109802,-0.0009320350363850594,0.046549808233976364,3.5781095027923584,0.8945273756980896,0.9124261736869812,0.032258082181215286,0.04541817307472229,0.011354543268680573,0.0051554301753640175,0.013737327419221401,-0.2937660217285156,-0.0734415054321289,-0.003468260169029236,-0.011226827278733253,0.23083049058914185,0.05770762264728546,0.010943863540887833,0.1089349016547203
