action_0,action_1,action_2,action_3,action_4,action_5,action_6,action_7,action_8,action_9,action_10,action_11,action_12,action_13,action_14,action_15,action_16,action_17,action_18,action_19,action_20,action_21,action_22,action_23,action_24,action_25,action_26,action_27,action_28
-0.14530512690544128,0.0028173550963401794,-0.0016350159421563148,0.4195560812950134,-0.06915660202503204,-0.030139796435832977,-0.3141147494316101,-0.280224084854126,0.04330569878220558,0.23810070753097534,0.4498634934425354,-0.128946915268898,0.09814399480819702,0.3961523473262787,-0.008601784706115723,-0.6912241578102112,0.7605977058410645,0.7885954976081848,-0.3347957134246826,-0.9953446984291077,-0.7113214731216431,-0.08492834866046906,-0.1938742697238922,-0.7224376797676086,-0.3006691038608551,-0.07400733232498169,0.5485951900482178,-0.02729216404259205,-0.08942817151546478
-0.46115249395370483,0.049798451364040375,-0.011022054590284824,0.56248939037323,-0.3564387559890747,-0.055175065994262695,-0.16881811618804932,-0.1496107280254364,0.0190596766769886,0.5562067031860352,-0.38132837414741516,-0.06519035249948502,-0.10359281301498413,-0.28281140327453613,0.035732463002204895,-0.3194749057292938,0.7009257078170776,0.27351993322372437,-0.4243325889110565,-0.9504063725471497,-0.022300340235233307,0.052822139114141464,-0.08831096440553665,-0.519123911857605,-0.50857013463974,-0.1625351756811142,0.8237394690513611,0.04736657440662384,-0.06469269096851349
0.03091968595981598,0.24076470732688904,-0.08001697063446045,0.48570680618286133,-0.39353352785110474,0.11325559765100479,0.1107233390212059,-0.12463124096393585,-0.02431303635239601,0.5184199213981628,-0.31083449721336365,-0.33211058378219604,0.09881307184696198,-0.027189217507839203,-0.12709370255470276,0.050924789160490036,0.34490811824798584,0.6224535703659058,0.08789238333702087,-0.8040665984153748,0.07548881322145462,-0.05362306907773018,0.06546732783317566,-0.38222557306289673,-0.4712231755256653,0.12822963297367096,0.7665324807167053,-0.12979574501514435,0.1147763729095459
-0.28416740894317627,0.27121439576148987,-0.0353478342294693,0.3171600103378296,-0.43808460235595703,0.2362358570098877,-0.2915937006473541,-0.34297579526901245,0.11670035123825073,0.3248540163040161,-0.3436569571495056,-0.17508022487163544,-0.08799229562282562,-0.2048695981502533,-0.0987149178981781,-0.40607696771621704,0.2949139475822449,0.07983651757240295,-0.40466293692588806,-0.8041878938674927,-0.3099815249443054,0.052444424480199814,-0.31769487261772156,-0.5125312209129333,-0.3786718547344208,-0.4798583686351776,0.7757893204689026,0.030123142525553703,-0.038510944694280624
0.14577318727970123,0.39989331364631653,-0.07963524758815765,0.41833531856536865,-0.21804310381412506,0.18326151371002197,-0.09322056919336319,-0.35764312744140625,0.08719681203365326,0.4239499270915985,0.006837375462055206,-0.35258662700653076,0.020606357604265213,0.24909457564353943,-0.36610355973243713,-0.5235360264778137,0.6956644058227539,0.6349731683731079,-0.36772620677948,-0.7668619751930237,0.017061375081539154,-0.10090041160583496,-0.471980482339859,-0.48979148268699646,-0.21119241416454315,-0.2293725460767746,0.7735897898674011,-0.4470472037792206,0.22008641064167023
-0.06573373079299927,0.38143712282180786,-0.07751792669296265,0.49297094345092773,-0.2927396297454834,0.28174108266830444,-0.0324384942650795,-0.43966737389564514,0.10840252041816711,0.4113326370716095,0.11692797392606735,-0.25560542941093445,0.06678590178489685,0.03327496349811554,-0.3901436924934387,-0.3453679382801056,0.47045034170150757,0.40302059054374695,-0.2002381980419159,-0.8306996822357178,-0.4334670901298523,0.059790875762701035,-0.45214495062828064,-0.47941550612449646,-0.568901777267456,-0.5784671306610107,0.8757392764091492,-0.33144208788871765,-0.13472217321395874
0.11585864424705505,0.5799307823181152,-0.07479973882436752,0.5791829228401184,0.05680568516254425,0.2452315390110016,0.016843728721141815,-0.3120870292186737,0.07453462481498718,0.5722936391830444,0.4428742527961731,-0.2133701741695404,-0.11391079425811768,-0.2781830430030823,-0.41669633984565735,-0.17202939093112946,0.2974010705947876,0.1640946865081787,-0.4974500238895416,-0.8746120929718018,-0.09253834933042526,-0.16069409251213074,-0.5211795568466187,-0.4852546453475952,-0.33806151151657104,-0.4571261703968048,0.7864499688148499,-0.3745146095752716,0.021771252155303955
0.005911298096179962,0.5571470260620117,-0.08278433978557587,0.6353127956390381,0.5334119200706482,0.218027263879776,-0.13479533791542053,-0.5379694700241089,0.03979489579796791,0.5085259675979614,0.8975834250450134,-0.26690736413002014,0.0726473331451416,-0.025546208024024963,-0.5126852989196777,-0.3191617727279663,0.31770047545433044,0.3693838119506836,-0.046178244054317474,-0.7901272177696228,-0.3607475161552429,-0.027455542236566544,-0.5295285582542419,-0.7047827243804932,-0.4245668351650238,-0.2732769548892975,0.8017924427986145,-0.19339017570018768,-0.12061931937932968
0.335060715675354,0.39973199367523193,-0.08846896886825562,0.7160927653312683,0.8221235275268555,0.2640051543712616,0.3049139082431793,-0.6292181015014648,0.07685258984565735,0.8278300762176514,1.258631944656372,-0.06615191698074341,-0.0024485550820827484,0.1886078119277954,-0.9160830974578857,-0.6027077436447144,0.40249747037887573,0.3539842963218689,-0.44583725929260254,-0.7801921963691711,-0.06746560335159302,0.02087980881333351,-0.2637031674385071,-0.5320065021514893,-0.7074758410453796,-0.38482585549354553,0.8054069876670837,-0.3904859125614166,-0.060444168746471405
0.3690783381462097,0.4348776340484619,0.003116547130048275,0.9843533039093018,1.4039030075073242,-0.0653129443526268,-0.221649169921875,-0.3511972725391388,0.041702840477228165,0.6262151598930359,1.2650079727172852,-0.3779534101486206,0.09550532698631287,0.15058904886245728,-0.778540849685669,-0.6628843545913696,0.7070321440696716,0.6626086235046387,-0.4974927604198456,-0.8668184876441956,-0.6152304410934448,-0.04094744101166725,-0.37582293152809143,-0.40737468004226685,-0.23985381424427032,-0.18766969442367554,0.8445049524307251,-0.2657501697540283,0.047015950083732605
0.1523662954568863,0.359702467918396,-0.034186214208602905,0.619688093662262,0.9677565097808838,0.13223940134048462,-0.08078085631132126,-0.2607382833957672,0.05308215692639351,0.59761643409729,1.1639952659606934,-0.15942439436912537,-0.08801361918449402,-0.16565316915512085,-0.5868452787399292,-0.3647427558898926,0.6073611378669739,0.5823744535446167,-0.4331417679786682,-0.745323121547699,0.014368437230587006,0.02845792844891548,-0.20374009013175964,-0.4394119679927826,-0.4473923146724701,-0.5096168518066406,0.6583333611488342,-0.035450875759124756,-0.02608635649085045
0.04176393151283264,0.4133470058441162,-0.04041893780231476,0.6161881685256958,0.7899006605148315,0.20504242181777954,0.023880459368228912,-0.1515892744064331,0.02680923417210579,0.662987470626831,1.0985069274902344,-0.11845032870769501,-0.06345837563276291,-0.3653886616230011,-0.573310136795044,-0.6139947175979614,0.49107295274734497,0.3251263499259949,-0.3813283443450928,-0.742207944393158,-0.5317462086677551,-0.15095898509025574,-0.24680283665657043,-0.5450856685638428,-0.2999275028705597,-0.10754531621932983,0.9060184359550476,-0.45183756947517395,0.06725917756557465
0.0764101892709732,0.2786059081554413,-0.011527867056429386,0.5532752871513367,0.6673638820648193,0.14126095175743103,-0.01752249151468277,-0.4014696776866913,0.064157634973526,0.6217622756958008,0.8845323920249939,-0.1367201805114746,0.06782634556293488,0.016006920486688614,-0.5566655397415161,-0.24308274686336517,0.48250633478164673,0.6339560747146606,-0.1682923287153244,-0.9072473645210266,0.09457423537969589,0.09949937462806702,-0.5697819590568542,-0.6992652416229248,-0.6218510270118713,-0.5483684539794922,0.7447419762611389,0.011743245646357536,-0.004836566746234894
0.10860010981559753,0.1968485713005066,0.0029575368389487267,0.6864414811134338,0.9480490684509277,0.015922509133815765,-0.13405808806419373,-0.40323635935783386,0.021672654896974564,0.5743118524551392,1.176188588142395,-0.27402031421661377,0.042401958256959915,0.2570798695087433,-0.4991215467453003,-0.43175867199897766,0.44835221767425537,0.366811603307724,-0.30971693992614746,-0.8015614748001099,-0.45637059211730957,-0.016696665436029434,-0.24729782342910767,-0.5811954140663147,-0.5273499488830566,-0.17083336412906647,0.9680706858634949,-0.3758540451526642,0.008459419012069702
0.38313978910446167,0.3168206214904785,0.002352922223508358,0.8335453867912292,1.3625564575195312,-0.13454677164554596,0.016200490295886993,-0.467574805021286,0.05550585314631462,0.6626116037368774,1.2082470655441284,-0.35175228118896484,0.030134636908769608,0.41045311093330383,-0.7578155994415283,-0.4048837721347809,0.5704288482666016,0.587344765663147,-0.3195323646068573,-0.7926443219184875,-0.059565745294094086,0.10695412755012512,-0.32996228337287903,-0.5409186482429504,-0.431625097990036,-0.28392156958580017,0.7779062390327454,-0.35762444138526917,-0.009471442550420761
0.27138298749923706,0.322020560503006,-0.03084808588027954,0.8573969602584839,1.2951388359069824,-0.07283686101436615,0.12595704197883606,-0.3871453106403351,0.014397021383047104,0.9417611360549927,1.4560227394104004,-0.18262600898742676,-0.044978220015764236,-0.05714712291955948,-0.7728917598724365,-0.18160663545131683,0.324529767036438,0.20844396948814392,-0.3311682939529419,-0.8833378553390503,-0.1362917572259903,-0.3096321225166321,-0.046421147882938385,-0.3918951749801636,-0.4489651620388031,-0.2865866720676422,0.8084118962287903,-0.2727183997631073,0.2336762398481369
0.2838006019592285,0.36154720187187195,0.02966514229774475,0.6366456151008606,0.8380420207977295,0.10920626670122147,0.0031656622886657715,-0.217594712972641,0.017042893916368484,0.6152048110961914,1.2363159656524658,-0.10957837104797363,-0.02584206312894821,-0.08244580775499344,-0.5804320573806763,-0.5217535495758057,0.4356216788291931,0.31504541635513306,-0.25078320503234863,-0.7477155327796936,-0.10896111279726028,0.13302940130233765,-0.14849567413330078,-0.4829351007938385,-0.20552702248096466,-0.10579884052276611,0.7216181755065918,0.02529066614806652,-0.09093698859214783
0.07029035687446594,0.22006943821907043,0.004400952719151974,0.5976244807243347,0.8314233422279358,0.01951785385608673,-0.22078847885131836,-0.3412018418312073,0.041265908628702164,0.49486881494522095,0.9629064202308655,-0.3372921943664551,0.013321131467819214,0.2724771201610565,-0.34157297015190125,-0.4210854172706604,0.671536922454834,0.6002378463745117,-0.45235446095466614,-0.7522852420806885,-0.3677282929420471,-0.25621968507766724,-0.3328385651111603,-0.20299625396728516,-0.35454806685447693,-0.20692110061645508,0.7635813355445862,-0.34423843026161194,0.11325125396251678
0.029851898550987244,0.3770749568939209,-0.06261700391769409,0.4483279585838318,0.5513912439346313,0.1860218644142151,0.04342871159315109,-0.3398737609386444,0.014522600919008255,0.5789209008216858,0.6929307579994202,-0.2185775488615036,0.062309522181749344,-0.13017067313194275,-0.14332237839698792,-0.24532897770404816,0.1672537624835968,0.32958561182022095,-0.203635111451149,-0.9930964708328247,-0.10910065472126007,0.23491957783699036,-0.19720646739006042,-0.43998658657073975,-0.3882150650024414,-0.29416194558143616,0.8216651082038879,0.10118252784013748,-0.036929793655872345
0.1333843618631363,0.4750889539718628,-0.013432086445391178,0.43796682357788086,0.3031346797943115,0.1592915654182434,-0.03565814346075058,-0.23978111147880554,0.06927897036075592,0.5508641004562378,0.6087020039558411,-0.23545578122138977,-0.04119594022631645,-0.1510295271873474,-0.3536140024662018,-0.4336702227592468,0.7035706639289856,0.5425320267677307,-0.23419660329818726,-0.669613778591156,-0.09488595277070999,-0.0757640153169632,-0.4354628026485443,-0.508995532989502,-0.44367432594299316,-0.15280678868293762,0.8581477999687195,-0.16479970514774323,-0.07628388702869415
-0.14230693876743317,0.2637532353401184,-0.05260728299617767,0.41602498292922974,0.22050075232982635,0.1899997889995575,0.13302567601203918,-0.3718588054180145,0.03764170780777931,0.5257487297058105,0.6307962536811829,-0.28513145446777344,0.12849654257297516,0.16426819562911987,-0.08745495229959488,0.016058918088674545,0.5323463678359985,0.5282884240150452,-0.11291980743408203,-0.843498170375824,-0.05336820334196091,-0.05759486183524132,-0.16749855875968933,-0.6154276132583618,-0.409833163022995,-0.45301827788352966,0.7774748206138611,-0.22472138702869415,0.1261403113603592
0.2509920001029968,0.4008329212665558,-0.08181951940059662,0.41212010383605957,0.233908548951149,0.36523765325546265,0.1608019769191742,-0.17586517333984375,0.054594967514276505,0.6474980115890503,0.47346311807632446,-0.0004434250295162201,-0.010517317801713943,-0.40506014227867126,-0.4214403033256531,-0.3913145959377289,0.5164621472358704,0.500929057598114,-0.36500492691993713,-0.7953768968582153,-0.21236208081245422,0.15910515189170837,-0.17695236206054688,-0.7017720937728882,-0.645742654800415,-0.04649914428591728,0.8112923502922058,-0.1976308971643448,-0.17013251781463623
0.02465398609638214,0.1855093240737915,-0.025792598724365234,0.4604418873786926,0.37411826848983765,0.37534594535827637,-0.009860821068286896,-0.3341144621372223,0.09339049458503723,0.4605444669723511,0.436024010181427,0.0034647323191165924,0.10291193425655365,0.0021113306283950806,-0.21287652850151062,-0.2440498173236847,0.5111226439476013,0.440020352602005,-0.21698123216629028,-0.851425051689148,-0.16488194465637207,0.06218444183468819,-0.5399073958396912,-0.617250919342041,-0.3290692865848541,-0.40332746505737305,0.8156055212020874,0.035928428173065186,0.08526204526424408
0.23384495079517365,0.29042086005210876,-0.03775453567504883,0.5688449144363403,0.4017817974090576,0.34264886379241943,0.2569543719291687,-0.23800203204154968,0.04349250718951225,0.7564013004302979,1.0283771753311157,0.11261782050132751,0.0026715733110904694,-0.21177667379379272,-0.5523515939712524,-0.4362386465072632,0.3078092336654663,0.2924734652042389,-0.3543149530887604,-0.8176376223564148,-0.2504899799823761,-0.24951957166194916,-0.27740907669067383,-0.3268289268016815,-0.6187944412231445,-0.4124615788459778,0.8743204474449158,-0.4072716236114502,-0.1582672894001007
0.14923836290836334,0.14976555109024048,0.012075125239789486,0.4646768569946289,0.7380629777908325,0.07667332142591476,0.2747236490249634,-0.38893619179725647,0.045044902712106705,0.6551322937011719,0.9118503332138062,-0.27401596307754517,0.05756661668419838,0.3542996346950531,-0.4491015672683716,-0.21248401701450348,0.4407147765159607,0.5219282507896423,-0.11998888850212097,-0.7841050624847412,0.16371369361877441,0.11774836480617523,-0.5076954960823059,-0.4615873396396637,-0.23430310189723969,-0.22866235673427582,0.7985900044441223,-0.4057115614414215,0.2568134665489197
0.08973152935504913,0.11592041701078415,-0.045788586139678955,0.41801947355270386,0.5873681306838989,0.04198627918958664,0.16937971115112305,-0.31774142384529114,0.037200141698122025,0.6754852533340454,0.7071306705474854,-0.37271758913993835,0.023594539612531662,0.2771952450275421,-0.37674835324287415,-0.33426693081855774,0.37970560789108276,0.28337281942367554,-0.2194710671901703,-0.7720480561256409,-0.24633753299713135,-0.08908787369728088,-0.1288674771785736,-0.37218430638313293,-0.24868693947792053,-0.3115169107913971,0.8257586359977722,-0.03977593779563904,0.11913074553012848
0.1030348688364029,0.30269327759742737,-0.06448356807231903,0.48425185680389404,0.7424901723861694,-0.017855562269687653,0.316620796918869,-0.21376240253448486,0.010753896087408066,0.6725381016731262,0.7655732035636902,-0.3898791968822479,0.10217657685279846,0.014643896371126175,-0.39761242270469666,-0.41731005907058716,0.37044471502304077,0.38153350353240967,-0.3238060772418976,-1.0170010328292847,-0.3015007972717285,0.16445884108543396,-0.11662928014993668,-0.36503687500953674,-0.44300565123558044,-0.252665251493454,0.7836049199104309,0.07723657041788101,-0.16713209450244904
0.18586935102939606,0.3578335642814636,-0.02050168812274933,0.5475152134895325,0.6543853878974915,0.059698618948459625,0.25437313318252563,-0.14056459069252014,0.05717887356877327,0.6540178060531616,0.795691192150116,-0.24520090222358704,0.005302067846059799,-0.16423583030700684,-0.43129661679267883,-0.5492502450942993,0.7371343374252319,0.609052300453186,-0.592642605304718,-0.7264061570167542,-0.4762973189353943,-0.19762665033340454,-0.0972495824098587,-0.5203578472137451,-0.43349453806877136,0.059904370456933975,0.7006135582923889,-0.20496079325675964,0.07089193165302277
0.2107563465833664,0.2123834490776062,-0.029317989945411682,0.5737080574035645,0.7129876017570496,0.09522198885679245,0.03800591081380844,-0.28999701142311096,0.08110007643699646,0.5638734102249146,0.8361541628837585,-0.19887863099575043,0.02394191548228264,-0.01755012571811676,-0.45900121331214905,-0.5861120223999023,0.617002010345459,0.5990184545516968,-0.27912604808807373,-0.8219749927520752,-0.014408998191356659,0.19324924051761627,-0.3971221446990967,-0.7671540975570679,-0.5252187252044678,-0.48028483986854553,0.8252719044685364,-0.1670129895210266,0.01768096536397934
0.31473636627197266,0.22333839535713196,-0.0577562153339386,0.4561977982521057,0.7266800403594971,0.10423704236745834,0.20535099506378174,-0.5152984857559204,0.083550363779068,0.678539514541626,0.9158349633216858,-0.23747125267982483,-0.017477773129940033,0.3880866765975952,-0.6266913414001465,-0.39781317114830017,0.5761001706123352,0.5346960425376892,-0.2802753746509552,-0.7016584277153015,-0.15774905681610107,-0.009943488985300064,-0.3135245144367218,-0.6489778757095337,-0.6004483699798584,-0.4422697126865387,0.9144356846809387,-0.38373881578445435,-0.03587264567613602
0.5856035947799683,0.4034499526023865,-0.0010988721624016762,0.8472800850868225,1.3625969886779785,-0.05171952024102211,0.14291974902153015,-0.3875397741794586,0.09118859469890594,0.699831485748291,1.3109828233718872,-0.3155065178871155,-0.019874047487974167,0.11364825814962387,-0.738839864730835,-0.36236438155174255,0.39694875478744507,0.4438767731189728,-0.4752344489097595,-0.8266763687133789,-0.13837003707885742,-0.03673290088772774,-0.3936249315738678,-0.5863401889801025,-0.5214787125587463,-0.26276740431785583,0.7167668342590332,-0.529328465461731,-0.005286775529384613
0.5499414801597595,0.1516532301902771,-0.007517487742006779,0.9189073443412781,1.8335280418395996,-0.12938925623893738,0.05885758250951767,0.005703311413526535,0.01737392321228981,1.1446022987365723,1.1889135837554932,-0.1137496829032898,-0.12583190202713013,-0.17876222729682922,-0.6731564998626709,-0.4896416664123535,0.45767199993133545,0.35865527391433716,-0.2898707389831543,-0.8508263230323792,-0.2646424472332001,0.15052662789821625,-0.26501062512397766,-0.1208856925368309,-0.26694586873054504,-0.4644449055194855,0.8778957724571228,0.060834094882011414,0.22831134498119354
0.41176193952560425,0.2786997854709625,0.009690015576779842,0.6567659378051758,0.9958493709564209,0.05940847843885422,-0.0834132507443428,0.07869603484869003,0.001680571585893631,0.5513558387756348,1.4028329849243164,-0.0762324333190918,0.07150615751743317,-0.07325064390897751,-0.5101581811904907,-0.561840832233429,0.37234485149383545,0.2502366006374359,-0.4059222638607025,-0.7800789475440979,-0.3488353490829468,-0.3027409017086029,-0.29928356409072876,-0.4860355257987976,-0.26691147685050964,-0.18188084661960602,0.6887992024421692,-0.2386963814496994,0.010145284235477448
0.17226840555667877,0.2680188715457916,0.0030940165743231773,0.610860288143158,1.1465542316436768,0.028542272746562958,-0.006289906799793243,-0.1693757325410843,-0.00608830526471138,0.6677271127700806,1.374613881111145,-0.091443732380867,-0.0013695061206817627,-0.3691583573818207,-0.3910406827926636,-0.3465133011341095,0.43488776683807373,0.351012647151947,-0.2712986469268799,-0.8447695374488831,-0.04558110237121582,-0.07081761956214905,-0.5093598961830139,-0.5178900361061096,-0.5053948760032654,-0.2164473682641983,0.8495872020721436,-0.3116615414619446,-0.06397853791713715
0.3713364601135254,0.21354007720947266,-0.0020145634189248085,0.598439633846283,1.1240777969360352,0.04951321333646774,0.008606843650341034,-0.3678608238697052,0.07459992170333862,0.5767513513565063,1.3082636594772339,-0.25567904114723206,0.0763353556394577,0.04305633157491684,-0.31550803780555725,-0.3170754015445709,0.2634219527244568,0.2872403562068939,-0.21358107030391693,-0.8821218609809875,-0.2095893919467926,-0.1145278662443161,-0.30379512906074524,-0.4224570691585541,-0.5460453033447266,-0.33232155442237854,0.7845346927642822,-0.07221031188964844,-0.15256431698799133
0.48813962936401367,0.2600565552711487,0.01990368962287903,0.6952847242355347,1.2801474332809448,-0.10743992775678635,0.12095844000577927,-0.33192840218544006,0.04121938720345497,0.6798791885375977,1.1111335754394531,-0.3429678976535797,0.0032900795340538025,0.2020430564880371,-0.6089017391204834,-0.26707473397254944,0.5645938515663147,0.467780202627182,-0.2355033904314041,-0.7490280866622925,0.12309088557958603,0.16090528666973114,-0.29494157433509827,-0.6945473551750183,-0.3255663514137268,-0.24577663838863373,0.7827742695808411,-0.31150248646736145,0.13254693150520325
0.4604030251502991,0.2362324297428131,-0.012098238803446293,0.7360992431640625,1.300854206085205,-0.03586047142744064,0.26667219400405884,-0.4037995934486389,0.03199402615427971,0.7101792097091675,1.3541661500930786,-0.21260257065296173,0.0840378999710083,0.16824623942375183,-0.5712225437164307,-0.19205154478549957,0.4466840624809265,0.5669949054718018,-0.19499477744102478,-0.824691116809845,-0.3757065534591675,-0.05920406058430672,-0.09008827805519104,-0.5094035267829895,-0.5344427824020386,-0.4508260190486908,0.7744055390357971,-0.06123771518468857,-0.09964588284492493
0.42277151346206665,0.26531094312667847,-0.037773601710796356,0.6950219869613647,1.341287612915039,-0.0393507182598114,0.4254150390625,-0.2609378695487976,0.06124751642346382,0.8020812273025513,1.1924467086791992,-0.2846546769142151,0.0483013279736042,0.06219862401485443,-0.6724841594696045,-0.04839419201016426,0.5690338015556335,0.4794222116470337,-0.33710211515426636,-0.838874340057373,-0.14605185389518738,0.23750749230384827,-0.1416575014591217,-0.4645442068576813,-0.43567797541618347,-0.20685039460659027,0.8836917281150818,-0.3596988022327423,-0.0937725380063057
0.2309073656797409,0.21895906329154968,-0.011701197363436222,0.47571098804473877,1.0353312492370605,0.11572816222906113,0.12852978706359863,-0.3304928243160248,0.029320884495973587,0.6533373594284058,1.284480094909668,-0.1522081047296524,0.08852154016494751,0.026005156338214874,-0.24772116541862488,-0.4137929081916809,0.3552161455154419,0.4301208257675171,-0.23376649618148804,-0.843310534954071,-0.21189111471176147,-0.2745825946331024,-0.3194185495376587,-0.35046833753585815,-0.24316464364528656,-0.19320987164974213,0.7334361672401428,0.12342670559883118,0.25029486417770386
0.4532880187034607,0.26187947392463684,-0.010146663524210453,0.5630368590354919,0.7206317186355591,0.0845540389418602,0.19787102937698364,-0.2730696499347687,0.038276683539152145,0.5940508842468262,1.1445233821868896,-0.1808786392211914,0.11561296880245209,0.05119519680738449,-0.40407466888427734,-0.4418720006942749,0.4168146252632141,0.27229636907577515,-0.3076947033405304,-0.6880636215209961,-0.17459094524383545,-0.005354020744562149,-0.24169903993606567,-0.5926403999328613,-0.4940093755722046,-0.21319891512393951,0.7838864922523499,-0.3665846586227417,-0.02751629427075386
0.43794524669647217,0.19404569268226624,0.019679412245750427,0.5359959006309509,0.5477533936500549,0.15067744255065918,0.03212878853082657,-0.45013493299484253,0.0736876130104065,0.5250467658042908,0.7904171347618103,-0.20426028966903687,0.019674260169267654,0.05522482097148895,-0.39609235525131226,-0.6884075403213501,0.6331839561462402,0.5957974195480347,-0.46046844124794006,-0.8832833766937256,-0.4247235059738159,0.12924610078334808,-0.35654503107070923,-0.45430174469947815,-0.6160725355148315,-0.43884655833244324,0.7919024229049683,-0.014042990282177925,-0.1748286634683609
0.43867844343185425,0.30272865295410156,-0.022589311003684998,0.46831846237182617,0.5836552381515503,-0.010829545557498932,0.2040197253227234,-0.1999707669019699,0.08408984541893005,0.6273176670074463,0.687470555305481,-0.35697638988494873,-0.03882286325097084,0.2086544930934906,-0.47351688146591187,-0.2913624942302704,0.713691234588623,0.5663447976112366,-0.2773408889770508,-0.7612804770469666,0.14863556623458862,-0.033936757594347,-0.31058454513549805,-0.5157720446586609,-0.20410631597042084,-0.2555168569087982,0.7812841534614563,-0.43808063864707947,0.24788494408130646
0.12569916248321533,0.3806261122226715,-0.05881798267364502,0.4547872543334961,0.44533592462539673,0.1071782037615776,0.19147729873657227,-0.3083837330341339,0.04602052643895149,0.5802131295204163,0.8125808238983154,-0.27269378304481506,0.06618253886699677,-0.03268115967512131,-0.1956610083580017,-0.28430357575416565,0.25430580973625183,0.49841490387916565,-0.13929633796215057,-0.9285887479782104,-0.301457941532135,0.2363797128200531,-0.44557952880859375,-0.42651984095573425,-0.6507208943367004,-0.48091498017311096,0.9017426371574402,0.05174374580383301,-0.049092572182416916
0.3828274607658386,0.3285781741142273,-0.028169721364974976,0.5001502633094788,0.5848009586334229,0.21684885025024414,0.12135448306798935,-0.3400910198688507,0.06196102872490883,0.5524370670318604,1.0241972208023071,-0.18183933198451996,0.04618081822991371,-0.13855338096618652,-0.21268391609191895,-0.1603752225637436,0.47312647104263306,0.39407622814178467,-0.22582542896270752,-0.7336107492446899,0.11431316286325455,-0.18063610792160034,-0.16974729299545288,-0.7070766091346741,-0.30823686718940735,-0.0731833279132843,0.7956870198249817,-0.3294350206851959,-0.024310626089572906
0.33376044034957886,0.328609436750412,-0.03267906606197357,0.4950820803642273,0.3882834315299988,0.25729578733444214,0.18299922347068787,-0.2809292674064636,0.03380224481225014,0.5361311435699463,0.6719160079956055,-0.1301945000886917,0.049714524298906326,-0.07903998345136642,-0.3138049840927124,-0.2554292380809784,0.4303895831108093,0.3590530753135681,-0.20392201840877533,-0.9015482664108276,-0.3121250867843628,0.07461051642894745,-0.2433372139930725,-0.37003013491630554,-0.556682288646698,-0.19406141340732574,0.7665674686431885,-0.11067211627960205,0.14958599209785461
0.24516572058200836,0.05060235410928726,-0.04894784092903137,0.5146347880363464,0.4968353509902954,0.31269222497940063,0.423676460981369,-0.25912436842918396,0.08437833189964294,0.7086251974105835,1.0091363191604614,0.07708525657653809,0.11153969168663025,0.07898245751857758,-0.5357345938682556,-0.3426741361618042,0.6006098389625549,0.45691725611686707,-0.3412667512893677,-0.6615079641342163,-0.13895761966705322,-0.34470924735069275,-0.3062593936920166,-0.6248312592506409,-0.31472477316856384,-0.2771165668964386,0.8574104905128479,-0.33234426379203796,-0.1755732297897339
0.40699630975723267,0.23360133171081543,-0.023028790950775146,0.5440104603767395,0.7876918315887451,0.20715662837028503,0.1942075788974762,-0.38108572363853455,0.09637343883514404,0.6949987411499023,1.134883999824524,-0.09011930227279663,-0.03742832690477371,0.0208890363574028,-0.482298880815506,-0.366288423538208,0.2664397954940796,0.3460541367530823,-0.20082269608974457,-0.8320847749710083,-0.06960828602313995,0.1847991794347763,-0.45545729994773865,-0.3008609116077423,-0.4807841181755066,-0.597892165184021,0.7424056529998779,-0.32487228512763977,0.1832665354013443
0.2819496989250183,0.2926713526248932,-0.009337023831903934,0.4493887424468994,0.6191602945327759,0.17347124218940735,0.20607909560203552,-0.2661522328853607,0.030229102820158005,0.625018835067749,0.7479219436645508,-0.10151326656341553,0.04209091141819954,0.05325091630220413,-0.3829759955406189,-0.44366422295570374,0.6425126194953918,0.2960580289363861,-0.2586294114589691,-0.8647677302360535,-0.3387347459793091,-0.09884636104106903,-0.1903192102909088,-0.536858081817627,-0.2969572842121124,-0.04384217783808708,0.7649394273757935,-0.15865576267242432,-0.21035292744636536
0.38107943534851074,0.338347464799881,-0.02062012255191803,0.6289467215538025,0.9147433042526245,0.10569535940885544,0.10077529400587082,-0.2436445951461792,0.047080542892217636,0.6852948665618896,0.9707872271537781,-0.21943774819374084,-0.03028019517660141,-0.14280325174331665,-0.34349876642227173,-0.4925921559333801,0.30103838443756104,0.5383219122886658,-0.5553634166717529,-0.9139360785484314,-0.2213532030582428,0.14670121669769287,-0.46734821796417236,-0.42896613478660583,-0.4124232530593872,-0.383665531873703,0.869561493396759,-0.12936082482337952,0.24904616177082062
0.37133967876434326,0.09460286051034927,0.04117767512798309,0.595850944519043,0.5290979146957397,0.1433943212032318,0.26812976598739624,-0.23911190032958984,0.029245469719171524,0.7922701835632324,1.255075216293335,0.014134559780359268,-0.027963081374764442,-0.024146631360054016,-0.706122875213623,-0.8206621408462524,0.8045586943626404,0.4634883999824524,-0.27785006165504456,-0.7213441729545593,-0.08463988453149796,-0.30180463194847107,-0.2707153558731079,-0.6680309176445007,-0.4826115369796753,-0.3625926673412323,0.79974365234375,-0.4467040002346039,-0.11285344511270523
0.33419305086135864,-0.08072660118341446,0.015155508182942867,0.6509379744529724,1.0853636264801025,-0.12128738313913345,0.237748384475708,-0.2536737024784088,0.06990540027618408,0.6740090847015381,1.0129084587097168,-0.3101712167263031,0.07483416795730591,0.4084014594554901,-0.5399131774902344,-0.42550012469291687,0.6334959268569946,0.530044436454773,-0.457857221364975,-0.8911493420600891,-0.3328297734260559,0.2694949209690094,-0.5977019667625427,-0.6604801416397095,-0.43929946422576904,-0.4295348823070526,0.8341652750968933,-0.25599852204322815,0.011387422680854797
0.20533566176891327,0.3033997714519501,-0.015993908047676086,0.4700887203216553,0.8279538750648499,-0.11850949376821518,0.05902818590402603,-0.20383667945861816,0.07603612542152405,0.5984345078468323,0.826367199420929,-0.3369283676147461,-0.127315491437912,0.08000417798757553,-0.34889885783195496,-0.22308625280857086,0.3322039842605591,0.4712173342704773,-0.288779079914093,-0.821605384349823,-0.20227235555648804,-0.14443282783031464,0.08113349229097366,-0.49804678559303284,-0.6953630447387695,-0.3285800516605377,0.6944029331207275,-0.06824328005313873,-0.22314299643039703
0.40220409631729126,0.18557271361351013,0.0011487742885947227,0.5490002632141113,0.6680302619934082,0.08689235895872116,0.3154500126838684,-0.22504732012748718,0.02804229035973549,0.6679970026016235,0.727897584438324,-0.2194354236125946,0.021605927497148514,-0.061336614191532135,-0.5870922803878784,-0.27041226625442505,0.44398218393325806,0.37557801604270935,-0.39211031794548035,-0.8208431005477905,0.020288430154323578,0.23533958196640015,-0.22663474082946777,-0.5890003442764282,-0.33577457070350647,-0.12022906541824341,0.7878777384757996,-0.10027391463518143,0.12438070774078369
0.34691542387008667,0.4033938944339752,-0.045518577098846436,0.5001072287559509,0.4953523874282837,0.22999384999275208,-0.018504314124584198,-0.1119629293680191,0.09246137738227844,0.6126296520233154,0.7784596085548401,0.00774775817990303,-0.08756229281425476,-0.20472025871276855,-0.3941521644592285,-0.4893365502357483,0.6634376645088196,0.3225541412830353,-0.17353782057762146,-0.8256940841674805,-0.31443214416503906,-0.12245801091194153,-0.021770842373371124,-0.3455798923969269,-0.44623637199401855,-0.13987061381340027,0.7623570561408997,0.15119265019893646,0.042409397661685944
0.16521389782428741,0.1031000092625618,-0.01023425254970789,0.46100401878356934,0.38303154706954956,0.2630544602870941,0.09058358520269394,-0.4725819528102875,0.0038490258157253265,0.5102628469467163,0.761687695980072,-0.15949860215187073,0.19976288080215454,0.2057473063468933,-0.1456446349620819,-0.21390099823474884,0.26279211044311523,0.5077176094055176,-0.23644453287124634,-0.8206814527511597,0.006882466375827789,-0.023364577442407608,-0.3010651469230652,-0.5457620024681091,-0.20524249970912933,-0.1933152824640274,0.8181130290031433,-0.19143156707286835,0.01047971099615097
0.23594482243061066,0.4833585023880005,-0.05879725515842438,0.3508417010307312,0.2644643187522888,0.3145928978919983,0.25581344962120056,-0.179225355386734,0.055356208235025406,0.7201746702194214,0.4015955328941345,-0.02913680300116539,-0.03526553139090538,-0.29589390754699707,-0.46973398327827454,-0.2586732506752014,0.36431461572647095,0.15118032693862915,-0.3200432062149048,-0.8513316512107849,-0.18633192777633667,-0.2346513271331787,-0.4802168607711792,-0.31992048025131226,-0.395969957113266,-0.3317840099334717,0.8342320919036865,-0.1515396684408188,0.14155329763889313
0.16706950962543488,0.337297648191452,-0.04513034224510193,0.4080190658569336,0.27750205993652344,0.34943217039108276,0.1704491674900055,-0.20641747117042542,0.009701978415250778,0.5798303484916687,0.633849561214447,0.038898345082998276,0.10276024043560028,-0.13698643445968628,-0.3454899191856384,-0.3825300335884094,0.571000874042511,0.6159282922744751,-0.10087879002094269,-0.6929494738578796,-0.25301218032836914,0.07549066841602325,-0.27962613105773926,-0.6906612515449524,-0.537770688533783,-0.3400627076625824,0.8461945652961731,-0.36322951316833496,-0.22446314990520477
0.21100746095180511,0.25234514474868774,-0.04863309860229492,0.47171324491500854,0.45373451709747314,0.21858081221580505,0.289455771446228,-0.31487417221069336,0.09387758374214172,0.6268335580825806,0.7466738820075989,-0.17302080988883972,0.08521933853626251,0.24185028672218323,-0.4503878057003021,-0.022143010050058365,0.5197900533676147,0.46349412202835083,-0.3907143473625183,-0.9575901031494141,-0.12410120666027069,0.10269795358181,-0.31662631034851074,-0.46622204780578613,-0.48577359318733215,-0.2746767997741699,0.7991374135017395,-0.3155924379825592,0.053928546607494354
0.02932724356651306,0.36012354493141174,-0.017754271626472473,0.34485024213790894,0.23516850173473358,0.015344388782978058,0.05899011343717575,-0.4272932708263397,0.021045375615358353,0.5827275514602661,0.5485549569129944,-0.4766448140144348,0.009311411529779434,0.15449437499046326,-0.19701623916625977,-0.3969566226005554,0.5840733647346497,0.5724930763244629,-0.22946962714195251,-0.6701911091804504,-0.15776291489601135,-0.05373198911547661,-0.4234076142311096,-0.6494913101196289,-0.36772385239601135,-0.4984155595302582,0.6828879714012146,-0.24383307993412018,-0.04221571609377861
-0.07522127032279968,0.5065919756889343,-0.07850287854671478,0.34060508012771606,-0.18536801636219025,0.08249522000551224,0.0949004516005516,-0.27602052688598633,0.07703745365142822,0.5028177499771118,0.35834386944770813,-0.455613911151886,0.0781777948141098,0.015816226601600647,-0.16741660237312317,-0.5438421368598938,0.5673639178276062,0.38742145895957947,-0.2344994843006134,-0.8462077975273132,-0.21671676635742188,0.26880142092704773,-0.3350842297077179,-0.46947893500328064,-0.484753280878067,-0.09108906984329224,0.853675127029419,-0.0845937728881836,-0.005957834422588348
0.11566317081451416,0.4998449683189392,-0.14868837594985962,0.4091418981552124,0.0807894617319107,0.3143875300884247,0.05528118461370468,-0.33509135246276855,0.04603729769587517,0.5621161460876465,0.4581008553504944,-0.1443234384059906,0.043523285537958145,-0.22608783841133118,-0.34411510825157166,-0.18792885541915894,0.3335910439491272,0.5157190561294556,-0.21173211932182312,-0.8712780475616455,-0.06273259222507477,-0.044456008821725845,-0.2542194426059723,-0.3806605041027069,-0.26961907744407654,-0.25912800431251526,0.8651682138442993,0.10220593214035034,0.030855663120746613
0.2579774856567383,0.2941509485244751,-0.03790813684463501,0.4813665747642517,0.27373063564300537,0.28091269731521606,0.069279246032238,-0.3772565722465515,0.11056149005889893,0.5409558415412903,0.5378919243812561,-0.18770478665828705,-0.015491709113121033,0.010704711079597473,-0.3499855399131775,-0.45784232020378113,0.41058748960494995,0.1213909462094307,-0.3689078092575073,-0.7438209652900696,-0.289958655834198,-0.04048125073313713,-0.29774418473243713,-0.5911149978637695,-0.6208889484405518,-0.3111887574195862,0.8371244072914124,-0.31079909205436707,-0.02800580859184265
0.14399361610412598,0.4414828419685364,-0.07622198760509491,0.5606645941734314,0.5994195938110352,0.07217689603567123,-0.020102478563785553,-0.25184085965156555,0.03696515038609505,0.5549992322921753,0.83065265417099,-0.26587727665901184,0.08608980476856232,0.05697288364171982,-0.43529874086380005,-0.3139328956604004,0.3696809411048889,0.6415773630142212,-0.2430228739976883,-0.8626657724380493,-0.0012086853384971619,-0.15099436044692993,-0.45208674669265747,-0.5707611441612244,-0.4079382121562958,-0.08164218068122864,0.8009830713272095,-0.1453922837972641,-0.05518870800733566
0.184933140873909,0.15392351150512695,0.002545624040067196,0.6314323544502258,0.44075942039489746,0.1558520793914795,0.21789273619651794,-0.24393123388290405,0.034820470958948135,0.7597987651824951,1.0640590190887451,-0.060028981417417526,0.04119359329342842,0.09233590960502625,-0.502138614654541,-0.17901907861232758,0.40295255184173584,0.2935762405395508,-0.3336683213710785,-0.7453126311302185,-0.19073238968849182,0.012986447662115097,-0.21652933955192566,-0.3773665130138397,-0.3198310434818268,-0.4177584946155548,0.7849307656288147,-0.44011637568473816,0.18828965723514557
0.22757603228092194,0.29226240515708923,-0.048887819051742554,0.6230480670928955,0.8127176761627197,0.0792028084397316,0.37156352400779724,-0.4838041365146637,0.12376078963279724,0.7203552722930908,1.0117881298065186,-0.18600361049175262,0.04992228373885155,0.26153576374053955,-0.724970817565918,-0.32829251885414124,0.4666380286216736,0.2953173816204071,-0.2606876492500305,-0.9140679240226746,-0.10027167946100235,-0.05426811799407005,-0.1252443790435791,-0.279998242855072,-0.42729413509368896,-0.29573705792427063,0.8249679803848267,0.07773685455322266,-0.23151040077209473
0.04533983767032623,0.4324265718460083,-0.06168439984321594,0.46994906663894653,0.5719497799873352,0.17595389485359192,0.02079053968191147,-0.22208574414253235,0.04827997460961342,0.6098876595497131,0.7239176630973816,-0.16994424164295197,-0.018663261085748672,-0.11023326963186264,-0.4474353492259979,-0.4369858503341675,0.6082600355148315,0.571732759475708,-0.354318231344223,-0.7537137269973755,-0.3104945719242096,0.03948226198554039,-0.5228009223937988,-0.49071088433265686,-0.3020292818546295,-0.23637543618679047,0.7354461550712585,-0.21144455671310425,0.058767348527908325
0.15658172965049744,0.2254776954650879,0.01422236766666174,0.6763561964035034,0.7992639541625977,0.11337526887655258,0.1779007613658905,-0.41244566440582275,0.06836673617362976,0.6184946298599243,1.0621728897094727,-0.19052141904830933,0.1105564683675766,0.38174909353256226,-0.611092209815979,-0.5686025023460388,0.6707484126091003,0.5704464912414551,-0.47178003191947937,-0.7654599547386169,-0.42934495210647583,-0.08735892176628113,-0.12300343066453934,-0.7078055143356323,-0.47491776943206787,-0.36461740732192993,0.8154690861701965,-0.25756046175956726,0.14053066074848175
0.16942693293094635,0.4695407748222351,-0.005638928152620792,0.5647608637809753,0.6116536259651184,0.06121333688497543,0.05595985800027847,-0.176361083984375,0.0025022663176059723,0.6443936824798584,0.9745921492576599,-0.24143724143505096,-0.021600980311632156,-0.14885306358337402,-0.5049009919166565,-0.42551344633102417,0.46283191442489624,0.35626494884490967,-0.3682427704334259,-0.8806273341178894,-0.11015837639570236,0.10788609087467194,-0.4055546522140503,-0.5285005569458008,-0.4411299228668213,-0.3098811209201813,0.7660839557647705,-0.39939120411872864,-0.057435423135757446
0.1668754369020462,0.24534904956817627,0.010949789546430111,0.523181140422821,0.45905280113220215,0.03786494582891464,0.006515048444271088,-0.3923998475074768,0.06504812836647034,0.5734847784042358,0.7674316763877869,-0.3138221502304077,0.01621910184621811,0.18245074152946472,-0.49103590846061707,-0.5443034768104553,0.4601787328720093,0.5410488247871399,-0.22125083208084106,-0.7073964476585388,-0.08026809990406036,-0.19525840878486633,-0.21806424856185913,-0.5608838200569153,-0.5735907554626465,-0.23396800458431244,0.8052657246589661,0.059952229261398315,-0.035133786499500275
0.05441620945930481,0.4872046113014221,-0.03151857852935791,0.5112763047218323,0.3632833957672119,0.3965965211391449,-0.12297973781824112,-0.15628336369991302,0.014545697718858719,0.5333461761474609,0.733421266078949,0.02564035728573799,-0.002435605973005295,-0.5261357426643372,-0.24434605240821838,-0.2810041904449463,0.44553864002227783,0.3326309025287628,-0.3280486762523651,-0.8488427996635437,-0.31486690044403076,0.035165514796972275,-0.27316755056381226,-0.515712320804596,-0.1776687651872635,-0.12923339009284973,0.7992705702781677,-0.10939952731132507,0.0663149356842041
0.33436715602874756,0.40144261717796326,-0.0745847150683403,0.5879292488098145,0.6759220361709595,0.23933342099189758,0.13992291688919067,-0.3975312113761902,0.12696774303913116,0.6098029613494873,0.9024420380592346,-0.16447220742702484,0.0029624998569488525,-0.05838749557733536,-0.6950434446334839,-0.4514336884021759,0.43162113428115845,0.43897920846939087,-0.2520424723625183,-0.7655068039894104,-0.06522440910339355,-0.12544475495815277,-0.4894435405731201,-0.47239282727241516,-0.7147654891014099,-0.5270704030990601,0.7637994289398193,-0.4338066279888153,0.014835543930530548
0.14552846550941467,0.45448845624923706,0.028330713510513306,0.6470718383789062,0.8157745599746704,0.11738903075456619,0.022416137158870697,-0.21192261576652527,0.0603242926299572,0.7043110132217407,1.1837027072906494,-0.05822032317519188,-0.05421396717429161,-0.141332745552063,-0.45500651001930237,-0.33094286918640137,0.4022451639175415,0.3413688838481903,-0.27837270498275757,-0.9304754734039307,-0.15373432636260986,0.1831502914428711,-0.4293207824230194,-0.6141694784164429,-0.2668997645378113,-0.23891280591487885,0.8543699383735657,-0.17385078966617584,-0.20769888162612915
0.3111652731895447,0.22453027963638306,-0.02674560248851776,0.5893797874450684,0.7030079364776611,0.02500491589307785,0.13718506693840027,-0.367152601480484,0.09337550401687622,0.6367870569229126,1.0798083543777466,-0.23806524276733398,0.012879393994808197,0.17243945598602295,-0.5521298050880432,-0.2537725269794464,0.3280062675476074,0.45280081033706665,-0.23400439321994781,-0.8282666802406311,-0.09617237001657486,-0.09447500109672546,-0.10935450345277786,-0.5732771754264832,-0.6598819494247437,-0.3016831874847412,0.6669765710830688,-0.08999507874250412,0.12172955274581909
0.21583370864391327,0.2380753755569458,0.013392358087003231,0.4859306812286377,0.4772389531135559,0.0844457671046257,-0.10404285043478012,-0.19337879121303558,0.03798649087548256,0.5939359664916992,0.8031661510467529,-0.3037031590938568,-0.038333628326654434,0.0644545927643776,-0.3772154152393341,-0.3927193582057953,0.5599678754806519,0.38133886456489563,-0.31101658940315247,-0.701818585395813,-0.25323083996772766,-0.08442637324333191,-0.1409311294555664,-0.530929446220398,-0.14038850367069244,-0.1857859045267105,0.8763393759727478,-0.3320348560810089,0.054469212889671326
0.3178253769874573,0.07224444299936295,0.014640702866017818,0.6733752489089966,1.0125041007995605,-0.3445654511451721,0.05533041059970856,-0.3464544117450714,0.090064138174057,0.5481513738632202,0.754152238368988,-0.5617983341217041,0.048405248671770096,0.533008873462677,-0.5372589826583862,-0.3705364763736725,0.49481236934661865,0.5232197046279907,-0.39593926072120667,-0.8567600250244141,-0.15962788462638855,-0.03885108605027199,-0.38236886262893677,-0.5335044860839844,-0.6883687376976013,-0.4168004095554352,0.735017716884613,-0.1973385363817215,-0.02777116745710373
-0.018604010343551636,0.16807147860527039,0.01712074875831604,0.5863053202629089,0.7657528519630432,-0.2774357795715332,-0.10674374550580978,-0.183153435587883,0.004555981606245041,0.5273208022117615,0.7791034579277039,-0.4396474063396454,0.10562227666378021,0.1615414321422577,-0.18734101951122284,-0.42925119400024414,0.613696277141571,0.5583922863006592,-0.29760926961898804,-0.9479063153266907,-0.2939940094947815,0.09483647346496582,-0.3879544734954834,-0.7266441583633423,-0.2702643573284149,-0.16516004502773285,0.9553468227386475,-0.043630197644233704,-0.14476647973060608
0.13867995142936707,0.15112122893333435,-0.04146385192871094,0.4536845088005066,0.3421974778175354,0.03289446979761124,-0.13162174820899963,-0.19137682020664215,0.026508022099733353,0.4970976412296295,0.38665199279785156,-0.3355392813682556,-0.06556381285190582,-0.07559838145971298,-0.2465907484292984,-0.4593237042427063,0.25813883543014526,0.251187801361084,-0.3187810182571411,-0.7801415324211121,-0.07544591277837753,-0.23545050621032715,-0.08227860182523727,-0.10412103682756424,-0.4735000729560852,-0.14673882722854614,0.7726256847381592,0.0368124395608902,0.16156037151813507
0.16350607573986053,0.4904688000679016,-0.04943149536848068,0.627000629901886,0.5178421139717102,0.2626250386238098,0.15270891785621643,-0.09970973432064056,-0.0037760846316814423,0.6251641511917114,0.7836235165596008,-0.04808735474944115,0.11251558363437653,-0.32760360836982727,-0.5204862356185913,-0.23793938755989075,0.4347352385520935,0.6247166991233826,-0.31925898790359497,-0.7908628582954407,-0.3515128493309021,0.09282191097736359,-0.13421955704689026,-0.5653977990150452,-0.307771772146225,-0.16951607167720795,0.7957156300544739,-0.21647362411022186,-0.13369807600975037
0.22162093222141266,-0.01742544025182724,0.012725084088742733,0.5765148997306824,0.4677884578704834,0.27870336174964905,0.15455776453018188,-0.15789106488227844,0.06646695733070374,0.6147243976593018,0.5434414148330688,0.1045566201210022,-0.02452421560883522,0.0696924477815628,-0.4674052298069,-0.35270118713378906,0.7404139637947083,0.3980819582939148,-0.38732799887657166,-0.8041849732398987,-0.155682772397995,0.20554642379283905,-0.21807202696800232,-0.3826299011707306,-0.36001139879226685,-0.26018160581588745,0.8093222379684448,-0.0719480887055397,0.17463693022727966
0.1554183065891266,0.4503210186958313,-0.09942512214183807,0.4657972455024719,0.37064629793167114,0.2170029878616333,0.031600095331668854,-0.16963903605937958,-0.011674907058477402,0.5381019115447998,0.6958159804344177,-0.15365222096443176,0.054690372198820114,-0.1992112100124359,-0.5223233699798584,-0.37086933851242065,0.2877025604248047,0.4914318323135376,-0.10005292296409607,-0.7005325555801392,-0.1615472137928009,0.030095983296632767,-0.3284037709236145,-0.6452285051345825,-0.4239802658557892,-0.3933923840522766,0.6579943895339966,-0.35359126329421997,-0.14343002438545227
0.35903674364089966,0.3310452401638031,-0.04902012646198273,0.6750234365463257,0.6894710063934326,0.16971978545188904,0.06504669040441513,-0.3552027642726898,0.08297805488109589,0.5975860357284546,1.0011699199676514,-0.1535768210887909,0.06858819723129272,0.06613875180482864,-0.4677529036998749,-0.21468140184879303,0.6521074771881104,0.33372482657432556,-0.32586851716041565,-0.8280234336853027,-0.09993444383144379,-0.17197464406490326,-0.5098192691802979,-0.41271016001701355,-0.6087107062339783,-0.2609439492225647,0.8550741076469421,-0.12133943289518356,-0.08293644338846207
0.13012827932834625,0.40914395451545715,-0.019757762551307678,0.4346718192100525,0.5040632486343384,0.22379374504089355,0.1396840512752533,-0.530117928981781,0.026391688734292984,0.5888351202011108,0.8449231386184692,-0.15222659707069397,-0.004704788327217102,0.08006791025400162,-0.42137089371681213,-0.07333240658044815,0.2187964767217636,0.37164589762687683,-0.1950635015964508,-0.8587329983711243,-0.06445208936929703,0.1406957060098648,-0.3724023699760437,-0.5853570699691772,-0.34061741828918457,-0.4982545077800751,0.7892784476280212,-0.4793922007083893,0.06780287623405457
-0.02213624119758606,0.3660131096839905,-0.10249374806880951,0.34582358598709106,0.3793584704399109,0.10104704648256302,0.20985323190689087,-0.41005071997642517,0.03856175020337105,0.6533399224281311,0.7223882675170898,-0.28836122155189514,0.0621175654232502,-0.016539759933948517,-0.2748667597770691,-0.11060658097267151,0.3643375039100647,0.3752208948135376,-0.11760170757770538,-0.849177896976471,-0.04412508010864258,-0.2574510872364044,-0.40741461515426636,-0.6666936874389648,-0.5288034677505493,-0.38670337200164795,0.8482242226600647,-0.19888608157634735,-0.1264680027961731
0.04252585768699646,0.49155884981155396,-0.058070093393325806,0.4366952180862427,0.17323054373264313,0.08834933489561081,-0.014847986400127411,-0.27433308959007263,0.03935584798455238,0.5378869771957397,0.5375352501869202,-0.42623934149742126,0.02064022794365883,0.045097239315509796,-0.26009783148765564,-0.44679105281829834,0.7087767720222473,0.42960119247436523,-0.30011242628097534,-0.7443646788597107,-0.2845098674297333,0.20919612050056458,-0.5218664407730103,-0.6977328062057495,-0.587936282157898,-0.35188204050064087,0.8187033534049988,-0.21872694790363312,-0.1274562031030655
0.23863448202610016,0.4522950351238251,-0.06095036864280701,0.503556489944458,0.41200006008148193,0.266828715801239,-0.1784704625606537,-0.41075852513313293,0.06049680337309837,0.531619668006897,0.5192869305610657,-0.24597227573394775,-0.024215802550315857,-0.21861863136291504,-0.3068159818649292,-0.655076801776886,0.5867857336997986,0.5132894515991211,-0.5009967088699341,-0.7990009188652039,-0.25658074021339417,-0.1526488959789276,-0.10313225537538528,-0.33891573548316956,-0.2541746497154236,-0.11894714832305908,0.7127680778503418,0.002801431342959404,0.08474591374397278
0.2947312593460083,0.46180853247642517,-0.04315979778766632,0.6314619779586792,0.8809032440185547,0.09873401373624802,0.0008407160639762878,-0.536664605140686,0.06285956501960754,0.5072610974311829,0.9809427857398987,-0.4153219163417816,0.03847094997763634,0.3441636264324188,-0.4733779728412628,-0.3802851438522339,0.39936333894729614,0.5591691732406616,-0.23234409093856812,-0.7494861483573914,-0.26093071699142456,0.06084488704800606,-0.02579929679632187,-0.4084148406982422,-0.5735130310058594,-0.1103798896074295,0.7447962164878845,-0.2284669131040573,-0.019194304943084717
0.1158037930727005,0.3305548131465912,-0.049140915274620056,0.6015348434448242,0.8560829162597656,0.05351429432630539,0.10460855811834335,-0.26771336793899536,0.03945297375321388,0.6726596355438232,0.8353354334831238,-0.2664673328399658,0.05707474425435066,0.08399192243814468,-0.4555031955242157,-0.3786783218383789,0.546960711479187,0.561769425868988,-0.24635660648345947,-0.86252760887146,-0.21703246235847473,0.09119449555873871,-0.21972516179084778,-0.5328497886657715,-0.14483703672885895,-0.24733059108257294,0.7877933382987976,-0.06827503442764282,0.19599075615406036
0.21571587026119232,0.3592018187046051,-0.026005789637565613,0.5505251884460449,0.6224738955497742,0.18258759379386902,0.3102926015853882,-0.34601715207099915,0.023565281182527542,0.6779571175575256,0.9100832343101501,-0.14989662170410156,-0.003059990704059601,-0.13083645701408386,-0.655264139175415,-0.3480736017227173,0.49397116899490356,0.30856356024742126,-0.429423451423645,-0.8586328029632568,-0.09175531566143036,-0.10198555886745453,-0.1057366356253624,-0.34077587723731995,-0.4562760293483734,-0.23673249781131744,0.8260561227798462,-0.1706031709909439,-0.1070713922381401
0.25488555431365967,0.36540526151657104,-0.03683967888355255,0.64067143201828,0.8205830454826355,0.07729052752256393,0.12712019681930542,-0.41592633724212646,0.08260193467140198,0.5909790992736816,1.0484580993652344,-0.2827666401863098,0.1268130987882614,0.20311859250068665,-0.634346604347229,-0.41365212202072144,0.34575730562210083,0.38900530338287354,-0.17435021698474884,-0.7937821745872498,-0.35706573724746704,-0.15346479415893555,-0.5351301431655884,-0.3682807981967926,-0.4079643785953522,-0.39631783962249756,0.8433194756507874,-0.1853114515542984,0.016689486801624298
0.30037057399749756,0.33258113265037537,-0.017486795783042908,0.5179492235183716,0.8119919300079346,-0.038976363837718964,0.14301538467407227,-0.1992618590593338,0.02423541620373726,0.7193998098373413,1.0685954093933105,-0.2976333796977997,-0.10909493267536163,-0.10057144612073898,-0.6416418552398682,-0.4774615168571472,0.49650585651397705,0.3366084396839142,-0.5823368430137634,-0.8840780258178711,-0.1457674354314804,0.13992054760456085,-0.4686523973941803,-0.8092064261436462,-0.5988669991493225,-0.3913796842098236,0.7758575677871704,-0.30603861808776855,0.13686418533325195
-0.06735257804393768,0.09267107397317886,0.02448299527168274,0.45991796255111694,0.477409303188324,0.021769337356090546,-0.17583611607551575,-0.30474284291267395,0.08241483569145203,0.5388273000717163,0.7991687655448914,-0.2483491599559784,0.08103488385677338,0.2647205889225006,-0.14795848727226257,-0.5900841355323792,0.5086773633956909,0.4411836564540863,-0.1793467104434967,-0.7917025685310364,-0.4181252717971802,-0.19748340547084808,-0.19635021686553955,-0.5271517634391785,-0.5120136141777039,-0.10672527551651001,0.7791836857795715,-0.119389608502388,-0.15483413636684418
0.2181839495897293,0.41574928164482117,-0.05408645421266556,0.5221748948097229,0.24507193267345428,0.2853962182998657,0.14831450581550598,-0.1277083158493042,0.061205629259347916,0.5652466416358948,0.5706096291542053,-0.13882464170455933,0.057573650032281876,-0.2604675590991974,-0.4995530843734741,-0.35085225105285645,0.31391966342926025,0.4914790391921997,-0.4489622712135315,-0.8044525384902954,-0.05406372994184494,0.244802325963974,-0.4989323019981384,-0.43727633357048035,-0.29552996158599854,-0.5288057923316956,0.7578754425048828,-0.2835381031036377,0.12497885525226593
0.1587371975183487,0.2833520472049713,-0.04729890823364258,0.474307656288147,0.5080692172050476,0.3338680863380432,-0.12187878042459488,-0.3727477192878723,0.07705050706863403,0.5516307353973389,0.7288665771484375,-0.02598489448428154,-0.006874013692140579,-0.17895802855491638,-0.3841858506202698,-0.35880330204963684,0.5715043544769287,0.4062139391899109,-0.16816388070583344,-0.8266844153404236,0.010961189866065979,-0.16141140460968018,-0.11795469373464584,-0.5771457552909851,-0.4850354790687561,-0.10127075016498566,0.8188338875770569,-0.3244096338748932,-0.13101980090141296
0.21492387354373932,0.3090992271900177,-0.043302424252033234,0.61810702085495,0.8298352956771851,0.2897544801235199,0.20361730456352234,-0.30201998353004456,0.08779531717300415,0.7005223035812378,1.0996627807617188,-0.036236729472875595,0.10231545567512512,-0.09180334955453873,-0.6446245908737183,-0.25035643577575684,0.3134860396385193,0.5192838311195374,-0.13126853108406067,-0.86768639087677,-0.08435110002756119,0.07572007179260254,-0.28053951263427734,-0.24104659259319305,-0.41967666149139404,-0.31673547625541687,0.7076750993728638,-0.0772867426276207,0.3738253116607666
0.3502655029296875,0.13586312532424927,0.0021528592333197594,0.6634200811386108,0.7366785407066345,0.09619476646184921,0.12239968031644821,-0.37825140357017517,0.09741160273551941,0.5998032093048096,0.9112486839294434,-0.2325916439294815,0.020874012261629105,0.3777845799922943,-0.6046602725982666,-0.1617434173822403,0.452630877494812,0.20745012164115906,-0.2797463536262512,-0.7415764331817627,-0.07788696885108948,-0.0585380457341671,-0.28125613927841187,-0.6171688437461853,-0.40926364064216614,-0.39955762028694153,0.8248281478881836,-0.1720578968524933,-0.34821856021881104
0.07861277461051941,0.28792887926101685,-0.026397600769996643,0.36394453048706055,0.5964975357055664,0.1651434302330017,-0.13731428980827332,-0.22360911965370178,0.021872330456972122,0.6752120852470398,0.8113820552825928,-0.24867293238639832,-0.10771773755550385,-0.2866648733615875,-0.3446867763996124,-0.4619683623313904,0.515603244304657,0.6164949536323547,-0.35775303840637207,-0.974033772945404,-0.25320199131965637,0.07241030037403107,-0.46640270948410034,-0.5565675497055054,-0.4963621497154236,-0.3561282455921173,0.7745317220687866,-0.3490762412548065,0.1904497593641281
0.062011927366256714,0.19103410840034485,-0.020484820008277893,0.5547597408294678,0.574560821056366,0.09878946095705032,0.047244779765605927,-0.43649354577064514,0.07663220167160034,0.5408929586410522,1.0238863229751587,-0.2968534529209137,0.2324196845293045,0.38726019859313965,-0.28193870186805725,-0.2935936450958252,0.4750133752822876,0.3217233121395111,-0.2870110273361206,-0.7021787762641907,-0.33053064346313477,-0.24884389340877533,-0.35218101739883423,-0.6542568206787109,-0.5358222126960754,-0.28359347581863403,0.8524590134620667,-0.317116916179657,-0.26764848828315735
0.1749783307313919,0.3023696541786194,-0.04160526394844055,0.3896053433418274,0.3549586534500122,0.2078544795513153,-0.10100174695253372,-0.34098127484321594,0.057487744837999344,0.5775464773178101,0.4944531321525574,-0.29518377780914307,-0.053671762347221375,-0.03902486711740494,-0.3723369240760803,-0.5080183148384094,0.5499171018600464,0.6363381147384644,-0.4395175874233246,-0.8786719441413879,-0.1376866102218628,0.26395174860954285,-0.09420391172170639,-0.4793124198913574,-0.4092559516429901,-0.19999158382415771,0.8731114268302917,0.09439797699451447,0.038755618035793304
0.20133082568645477,0.3976272642612457,-0.06931959837675095,0.48553651571273804,0.4118187427520752,0.26276111602783203,-0.053300924599170685,-0.24229717254638672,0.04235545173287392,0.5281116962432861,0.42852240800857544,-0.10308277606964111,0.08736583590507507,-0.16426432132720947,-0.39210984110832214,-0.4274339973926544,0.7016286849975586,0.47056543827056885,-0.1367664337158203,-0.809216320514679,-0.00955849140882492,-0.1325916200876236,-0.22589927911758423,-0.43336591124534607,-0.19590981304645538,-0.17866866290569305,0.7383790612220764,0.02144029550254345,0.07428471744060516
0.24033887684345245,0.28403204679489136,-0.04195162653923035,0.37712544202804565,0.38996100425720215,0.38033074140548706,-0.2847658097743988,-0.2931407392024994,0.08372369408607483,0.4178886413574219,0.009530939161777496,-0.01706540212035179,-0.09424014389514923,-0.19618430733680725,-0.20741327106952667,-0.4235422909259796,0.34462159872055054,0.5992678999900818,-0.37956324219703674,-0.8282191157341003,-0.24767574667930603,0.16342277824878693,-0.0776386633515358,-0.5345828533172607,-0.5137282609939575,-0.18533505499362946,0.7925689220428467,-0.23612910509109497,0.06376752257347107
0.1049448549747467,0.2659319341182709,-0.0390227809548378,0.39946967363357544,0.4180033206939697,0.37298837304115295,-0.39274007081985474,-0.5199529528617859,0.0858178436756134,0.37406468391418457,0.011740647256374359,-0.0879601389169693,0.0811372846364975,0.09879818558692932,-0.1503467857837677,-0.4939684569835663,0.5296849608421326,0.1418045163154602,-0.23164764046669006,-0.7039587497711182,-0.21412688493728638,-0.20425045490264893,-0.35609665513038635,-0.28814199566841125,-0.26469263434410095,-0.1439032107591629,0.8387218117713928,0.13475939631462097,-0.03738856315612793
0.2299778014421463,0.2692975699901581,-0.037041351199150085,0.4828096628189087,0.37181586027145386,0.21810975670814514,-0.03849179297685623,-0.4931250512599945,0.10372790694236755,0.468600332736969,0.308137983083725,-0.2241927534341812,0.10282598435878754,0.22287926077842712,-0.33861809968948364,-0.13297288119792938,0.510409951210022,0.6865321397781372,-0.3079489767551422,-0.8838334083557129,-0.14565002918243408,0.08633062243461609,-0.18260407447814941,-0.5487515926361084,-0.47226622700691223,-0.2823048532009125,0.7390357851982117,-0.33929523825645447,0.08333487808704376
0.05478982627391815,0.37951260805130005,-0.04899337887763977,0.40287160873413086,0.45966172218322754,0.25556495785713196,-0.0009850040078163147,-0.4911443889141083,0.0862678587436676,0.6142770051956177,0.3453773558139801,-0.17990176379680634,-0.045096803456544876,0.007978983223438263,-0.42860302329063416,-0.3332790732383728,0.2288888543844223,0.2890982925891876,-0.17078720033168793,-0.9004745483398438,-0.10649029910564423,0.049396757036447525,-0.2692241966724396,-0.38206860423088074,-0.35774341225624084,-0.43097811937332153,0.7820417881011963,-0.2799980640411377,0.07945351302623749
0.17178304493427277,0.34542766213417053,-0.053886011242866516,0.5633503794670105,0.554262638092041,0.31517109274864197,0.04855095595121384,-0.40388187766075134,0.11207470297813416,0.602847695350647,0.7290630340576172,-0.10436852276325226,0.08606679737567902,-0.09374915808439255,-0.5406712293624878,-0.42642268538475037,0.36074233055114746,0.304302453994751,-0.31962355971336365,-0.7211929559707642,-0.14745652675628662,-0.08125708997249603,-0.6788618564605713,-0.4365626275539398,-0.36494413018226624,-0.4241272807121277,0.8929154276847839,-0.2922433912754059,-0.027046911418437958
0.19387735426425934,0.2969211935997009,-0.07761793583631516,0.5191912651062012,0.7998120784759521,0.3420012593269348,0.047787122428417206,-0.4464973211288452,0.10634118318557739,0.6713953018188477,0.9491115212440491,0.0024330057203769684,-0.033759817481040955,-0.06290122121572495,-0.5711762309074402,-0.45203137397766113,0.6635400652885437,0.47221630811691284,-0.3501972556114197,-0.84915691614151,-0.2624606192111969,0.11568835377693176,-0.27017897367477417,-0.5181575417518616,-0.6577194929122925,-0.21538235247135162,0.7926881313323975,0.029597988352179527,-0.15247191488742828
0.04171667993068695,0.26817587018013,-0.004630015231668949,0.47528916597366333,0.6993027925491333,0.19049158692359924,0.11438401788473129,-0.20852848887443542,-0.009013917297124863,0.6748208999633789,0.867075502872467,-0.12201841175556183,0.07365705072879791,-0.12262625247240067,-0.46845510601997375,-0.41979390382766724,0.25514495372772217,0.304835706949234,-0.3276456594467163,-0.9464988112449646,-0.0806814506649971,-0.11080625653266907,-0.2901492416858673,-0.496905118227005,-0.27605563402175903,-0.22396428883075714,0.7744914889335632,-0.321626752614975,0.16829366981983185
0.19138802587985992,0.32204777002334595,-0.0008078822866082191,0.6301906108856201,0.6577500700950623,0.22991928458213806,-0.015187539160251617,-0.2374592125415802,0.06426802277565002,0.5866568088531494,0.9846542477607727,-0.011321689933538437,0.05420874431729317,-0.14824211597442627,-0.4729367792606354,-0.408541738986969,0.6667280793190002,0.6049299240112305,-0.21478092670440674,-0.7113797068595886,-0.27907007932662964,0.16158434748649597,-0.24777770042419434,-0.46192947030067444,-0.4671865999698639,-0.3895849287509918,0.7309587001800537,-0.23369909822940826,-0.17245708405971527
0.16370834410190582,0.25230589509010315,-0.0009667286649346352,0.6566039323806763,0.8580958843231201,0.09028609842061996,-0.0011091455817222595,-0.2890510559082031,0.047599907964468,0.6436859369277954,1.2138478755950928,-0.1480291783809662,0.01028382033109665,0.09315002709627151,-0.6114233732223511,-0.047891903668642044,0.601732611656189,0.4786500632762909,-0.3260739743709564,-0.815917432308197,-0.17189577221870422,-0.10083042085170746,-0.3130381107330322,-0.7514947652816772,-0.40931597352027893,-0.29765793681144714,0.8299310207366943,-0.31904473900794983,-0.04471787437796593
0.2677161693572998,0.4500694274902344,-0.04936130344867706,0.623420238494873,0.9255733489990234,0.23114290833473206,0.14875254034996033,-0.45740756392478943,0.06721717119216919,0.6930293440818787,1.3670556545257568,-0.07192656397819519,0.013321787118911743,0.06729575246572495,-0.7407803535461426,-0.5386995077133179,0.5441075563430786,0.5471185445785522,-0.4359166920185089,-0.9420865774154663,-0.1996046006679535,0.1815093606710434,-0.060040928423404694,-0.2675529420375824,-0.49372485280036926,-0.16639526188373566,0.7016119360923767,-0.2403949648141861,0.1647811233997345
0.2666736841201782,0.42201071977615356,-0.05039423704147339,0.8054912686347961,1.1629632711410522,0.13294419646263123,0.303422212600708,-0.4387747347354889,0.04313920810818672,0.7483241558074951,1.494921326637268,-0.03464273735880852,0.13378264009952545,-0.02677423506975174,-0.8356083631515503,-0.15272991359233856,0.6147608160972595,0.5048589110374451,-0.18006901443004608,-0.7888031005859375,-0.30588817596435547,-0.07831908762454987,-0.17852678894996643,-0.6874172687530518,-0.3552928864955902,-0.2752004861831665,0.8850019574165344,0.009379303082823753,-0.2163236141204834
0.10047678649425507,0.1828646957874298,0.01685810089111328,0.6494393944740295,1.1224586963653564,-0.08140810579061508,-0.08457181602716446,-0.4206828773021698,0.026580844074487686,0.5875020027160645,1.1788783073425293,-0.3730212450027466,0.051246527582407,0.2786731719970703,-0.3827723264694214,-0.4802781641483307,0.5349442362785339,0.537283718585968,-0.507133960723877,-0.7260029911994934,-0.32305771112442017,-0.017613988369703293,-0.4158671200275421,-0.6504722833633423,-0.7252311706542969,-0.30310124158859253,0.7271771430969238,-0.22253014147281647,0.07089832425117493
0.20923905074596405,0.37338387966156006,-0.05298478901386261,0.6961332559585571,0.8731921911239624,0.08583489805459976,-0.03831087797880173,-0.19949671626091003,0.022428195923566818,0.6329984664916992,0.9534890055656433,-0.21606716513633728,0.04239899292588234,0.004820089787244797,-0.6577436923980713,-0.6085157990455627,0.46003013849258423,0.3265540599822998,-0.37783315777778625,-0.8498660326004028,-0.2636398375034332,-0.20875003933906555,-0.280568391084671,-0.31919369101524353,-0.06990313529968262,-0.31658250093460083,0.7989761829376221,-0.2408314198255539,0.05199246108531952
0.03259316086769104,0.21696850657463074,-0.010200546123087406,0.5943393111228943,0.804861307144165,0.07470341771841049,-0.1608491837978363,-0.20370349287986755,0.0026504024863243103,0.5284693241119385,1.1473917961120605,-0.28838321566581726,0.04887566342949867,0.050100091844797134,-0.2734608054161072,-0.461555540561676,0.43819332122802734,0.5352299213409424,-0.45251765847206116,-0.7186583280563354,-0.34578990936279297,0.10910117626190186,-0.5901983976364136,-0.6244938373565674,-0.6095455884933472,-0.3827711045742035,0.8334273099899292,-0.2208317667245865,0.003030642867088318
0.3131226897239685,0.42427995800971985,-0.03170868754386902,0.6696665287017822,0.8799412250518799,0.009508199989795685,0.11798392981290817,-0.1871614158153534,0.04064469411969185,0.6446588039398193,1.0938162803649902,-0.33112263679504395,-0.043647490441799164,-0.009769774973392487,-0.6768059730529785,-0.38538166880607605,0.4532075524330139,0.31628045439720154,-0.18162864446640015,-0.8042360544204712,0.0419042631983757,-0.005949299782514572,-0.11779627948999405,-0.2882119417190552,-0.2468542754650116,-0.21819458901882172,0.7607349157333374,-0.158012256026268,0.14016716182231903
0.2386840134859085,0.38860827684402466,-0.010457889176905155,0.76912921667099,0.9325547218322754,0.03332027047872543,0.2191450595855713,-0.06813392043113708,-0.01850617304444313,0.6731071472167969,1.1560713052749634,-0.16237467527389526,-0.008700527250766754,-0.2996177673339844,-0.6051288843154907,-0.21159882843494415,0.3805517554283142,0.3522622585296631,-0.24161985516548157,-0.8404315114021301,0.03320576995611191,-0.05361935868859291,-0.3741852045059204,-0.6357566118240356,-0.34732526540756226,-0.32051992416381836,0.7846299409866333,-0.22840271890163422,-0.06811662018299103
0.09038813412189484,0.41765499114990234,-0.022040382027626038,0.5333384871482849,0.6237893104553223,0.11833814531564713,0.005422256886959076,-0.112686887383461,-0.0077982135117053986,0.536916971206665,1.1185595989227295,-0.11828416585922241,-0.03273883834481239,-0.2630314230918884,-0.3185708820819855,-0.15511591732501984,0.46962088346481323,0.412789911031723,-0.19892355799674988,-0.7262906432151794,-0.11027190834283829,-0.11971475183963776,-0.3591500520706177,-0.5729311108589172,-0.6096758246421814,-0.3776194453239441,0.841053307056427,-0.42467573285102844,0.07884079217910767
-0.011736050248146057,0.17668193578720093,-0.03626933693885803,0.5125425457954407,0.703671932220459,-0.10919181257486343,0.034737713634967804,-0.39121127128601074,0.05819861963391304,0.527079701423645,0.8527942895889282,-0.4596984386444092,0.031978312879800797,0.4926130175590515,-0.28613346815109253,-0.4042489230632782,0.32671236991882324,0.37064963579177856,-0.2728455066680908,-0.9138387441635132,-0.18562200665473938,0.06136641278862953,-0.17865151166915894,-0.48034772276878357,-0.40236255526542664,-0.03688928112387657,0.7880347967147827,0.22031040489673615,-0.12299374490976334
0.22606249153614044,0.3230911195278168,-0.01968136429786682,0.5723201632499695,0.545064389705658,-0.037519268691539764,0.19454142451286316,-0.0587681420147419,0.00781538337469101,0.6848303079605103,0.7333592772483826,-0.28286924958229065,-0.05403897538781166,0.0005743354558944702,-0.40937837958335876,-0.4337911009788513,0.5904743671417236,0.5401827096939087,-0.3447304964065552,-0.7649109959602356,-0.2564108073711395,-0.03244425728917122,-0.1788235604763031,-0.3817574083805084,-0.41491568088531494,-0.17518654465675354,0.7090084552764893,-0.20961324870586395,0.16100075840950012
0.06675730645656586,0.14402449131011963,-0.026120081543922424,0.519363522529602,0.3243553638458252,0.11355055123567581,-0.06934476643800735,-0.4052882790565491,0.06172649934887886,0.4827896058559418,0.7623779773712158,-0.27285733819007874,0.07867887616157532,0.3351909816265106,-0.24179425835609436,-0.48161381483078003,0.5342773795127869,0.37335970997810364,-0.3781839609146118,-0.9211024641990662,-0.13124766945838928,0.12213774025440216,-0.1872725486755371,-0.6704894304275513,-0.360239714384079,-0.3130502998828888,0.8585594296455383,-0.0419778972864151,-0.10477276891469955
0.04693499207496643,0.44083303213119507,-0.06341598927974701,0.38234370946884155,0.14948402345180511,0.12728771567344666,0.04720676690340042,-0.1750248372554779,0.05206825211644173,0.6024320125579834,0.5188819766044617,-0.2260591685771942,-0.062136970460414886,-0.09147249907255173,-0.30127447843551636,-0.5481238961219788,0.4257490038871765,0.3569091260433197,-0.3194437325000763,-0.7733812928199768,-0.22859233617782593,-0.07487817108631134,-0.427301824092865,-0.32677072286605835,-0.31514838337898254,-0.2655232548713684,0.7337307929992676,-0.1628236621618271,0.19424064457416534
-0.05290573835372925,0.2407115399837494,-0.09464152902364731,0.4163129925727844,0.02412332594394684,0.25494787096977234,0.028953634202480316,-0.2897578179836273,0.012528393417596817,0.4461199641227722,0.37185490131378174,-0.19007790088653564,0.189056858420372,0.0848413035273552,-0.19431135058403015,-0.15531201660633087,0.5831021666526794,0.6343955993652344,-0.24818959832191467,-0.8018984198570251,-0.13123774528503418,0.06542910635471344,-0.22710639238357544,-0.6231138706207275,-0.507241427898407,-0.07749010622501373,0.7432142496109009,-0.22664615511894226,-0.2267661988735199
0.22198285162448883,0.28667131066322327,0.016310110688209534,0.5275158286094666,0.009483322501182556,0.12956640124320984,-0.21384897828102112,-0.43867960572242737,0.10801860690116882,0.36315762996673584,0.38992974162101746,-0.39278310537338257,-0.017270628362894058,0.08425937592983246,-0.21510253846645355,-0.43413233757019043,0.5502924919128418,0.5145384669303894,-0.29524022340774536,-0.8157658576965332,-0.26176637411117554,-0.07156319916248322,-0.25611522793769836,-0.7831083536148071,-0.7429527640342712,-0.4108978509902954,0.8486904501914978,-0.028188901022076607,-0.005193032324314117
0.1679798811674118,0.6376453042030334,-0.06911221891641617,0.4786422848701477,0.11466269195079803,0.24532034993171692,0.16799378395080566,-0.22209742665290833,0.05896875634789467,0.5142184495925903,0.4021371304988861,-0.21958865225315094,-0.039254080504179,-0.18183407187461853,-0.4967004358768463,-0.2034863382577896,0.36280709505081177,0.43501096963882446,-0.14157861471176147,-0.8032668828964233,-0.19837018847465515,0.11505782604217529,-0.19986069202423096,-0.567236065864563,-0.24083581566810608,-0.2300148457288742,0.7338706851005554,-0.3570299446582794,0.10795347392559052
0.1445457637310028,0.44589802622795105,-0.07702287286520004,0.5917957425117493,0.4216395616531372,0.2644093632698059,0.1825454831123352,-0.32491394877433777,0.08280369639396667,0.6152557134628296,0.833958625793457,0.009314898401498795,-0.019709300249814987,-0.24849417805671692,-0.5472458600997925,-0.09631732106208801,0.40518009662628174,0.23201829195022583,-0.1990232616662979,-0.7919846773147583,0.17784902453422546,-0.1328326314687729,-0.33647722005844116,-0.5255599021911621,-0.5137618780136108,-0.344511479139328,0.8480445742607117,-0.038394637405872345,-0.17780788242816925
0.1130269318819046,0.20094716548919678,-0.013305977918207645,0.5443062782287598,0.558631181716919,0.3081713616847992,-0.042930565774440765,-0.36150896549224854,0.0821266770362854,0.5774351954460144,0.9765543341636658,-0.10161632299423218,-0.0735708475112915,-0.044917114078998566,-0.2695501148700714,-0.370925635099411,0.3299110531806946,0.20707473158836365,-0.3855164349079132,-0.8557878732681274,-0.44919246435165405,-0.14792564511299133,-0.2561112642288208,-0.4818234443664551,-0.5427232980728149,-0.13791660964488983,0.8116942048072815,-0.232493057847023,0.08070610463619232
0.13165093958377838,0.38766294717788696,-0.07572640478610992,0.5801241993904114,0.8599904775619507,0.10904636234045029,0.27415603399276733,-0.30696550011634827,0.05582355335354805,0.6949373483657837,1.0358052253723145,-0.19190120697021484,0.04326837137341499,0.049603916704654694,-0.5808656215667725,-0.5305007100105286,0.47226208448410034,0.424336314201355,-0.15129271149635315,-0.7785127758979797,-0.0340723842382431,0.15919145941734314,0.0005702301859855652,-0.569344162940979,-0.4837367832660675,-0.32485172152519226,0.8489464521408081,0.11804655194282532,-0.1647876650094986
0.2011881321668625,0.3085687458515167,-0.008578271605074406,0.6875015497207642,0.7896406650543213,-0.008929602801799774,-0.1288987398147583,-0.20346127450466156,0.04112290218472481,0.5342932939529419,0.988027036190033,-0.3375357985496521,0.046483997255563736,0.2593822777271271,-0.39943668246269226,-0.3578760623931885,0.5623430609703064,0.5168281197547913,-0.49163171648979187,-0.8164488077163696,-0.28847551345825195,-0.11059868335723877,-0.3771817684173584,-0.36375555396080017,-0.1360427439212799,-0.2109939455986023,0.6930572390556335,-0.2820213735103607,0.25469309091567993
0.08852991461753845,0.2515203058719635,-0.07316497713327408,0.510445773601532,0.6765254139900208,0.15173378586769104,0.1454906165599823,-0.37148550152778625,0.042357418686151505,0.6922328472137451,0.9777280688285828,-0.15270456671714783,-0.027092404663562775,0.11456964164972305,-0.6197963953018188,-0.3304876387119293,0.45525985956192017,0.4210125803947449,-0.28839677572250366,-0.8466554880142212,-0.039040543138980865,0.2144879698753357,-0.583467960357666,-0.5890846848487854,-0.5150191783905029,-0.4077327847480774,0.7766547799110413,-0.41720256209373474,-0.05503357574343681
0.14992836117744446,0.478287935256958,-0.09058676660060883,0.6281676888465881,0.5585976839065552,0.24283602833747864,0.10381787270307541,-0.1193821132183075,0.06682229042053223,0.6284829378128052,0.9320970177650452,-0.11303651332855225,-0.048791028559207916,-0.3819895088672638,-0.5390176773071289,-0.6697008013725281,0.47161251306533813,0.23258009552955627,-0.4108075797557831,-0.7880997061729431,-0.4365958571434021,-0.3533448874950409,-0.42520225048065186,-0.48566240072250366,-0.38855209946632385,-0.4907244145870209,0.9332947731018066,-0.2814957797527313,-0.08477123826742172
0.29308003187179565,0.20653170347213745,0.008210419677197933,0.735834002494812,1.012727975845337,-0.04604125767946243,0.19445568323135376,-0.30903682112693787,0.05472458526492119,0.6993352174758911,1.0132734775543213,-0.3106484115123749,0.02609005942940712,0.21047517657279968,-0.8550839424133301,-0.43255218863487244,0.3895602822303772,0.43874818086624146,-0.4504970908164978,-0.9867002964019775,-0.10503620654344559,0.11569061875343323,-0.4451363682746887,-0.4316871464252472,-0.38815104961395264,-0.08064965903759003,0.6611710786819458,-0.38886865973472595,0.19587139785289764
0.25907063484191895,0.2644564211368561,-0.04453815519809723,0.7896386384963989,1.3098046779632568,-0.24844273924827576,0.025537021458148956,-0.15122465789318085,0.02972939983010292,0.6004154682159424,0.9718636870384216,-0.44088098406791687,-0.02051122486591339,0.26343774795532227,-0.5913739204406738,-0.4792100489139557,0.567074179649353,0.40430885553359985,-0.27162331342697144,-0.6802999973297119,-0.3057680130004883,-0.1230989545583725,-0.20475798845291138,-0.5028865933418274,-0.39832738041877747,-0.3076954483985901,0.8046860694885254,0.05647987127304077,-0.008688442409038544
0.2113552838563919,0.08266852051019669,-0.0015307078137993813,0.6268851161003113,1.2001655101776123,-0.06762649863958359,0.1277395784854889,-0.2921082079410553,0.05683991685509682,0.682974100112915,0.97968989610672,-0.26230794191360474,0.008365213871002197,0.24933025240898132,-0.5345337390899658,-0.11072350293397903,0.48011845350265503,0.4567382037639618,-0.364873468875885,-0.8074737787246704,-0.11252297461032867,0.024086106568574905,-0.27576637268066406,-0.3930390477180481,-0.36637699604034424,-0.2537819445133209,0.7843691110610962,-0.16350512206554413,0.0021497830748558044
0.26698827743530273,0.29247498512268066,0.003128170035779476,0.7273459434509277,1.1367014646530151,0.026003398001194,-0.0845024511218071,-0.2608376741409302,-0.030556410551071167,0.6043559312820435,1.2945436239242554,-0.18813343346118927,0.06855571269989014,-0.03056476265192032,-0.4940437376499176,-0.5222578048706055,0.4967511296272278,0.6144076585769653,-0.2960311770439148,-0.9082457423210144,-0.2554588317871094,0.007636379450559616,-0.22970783710479736,-0.6895967125892639,-0.5851519703865051,-0.2516691982746124,0.700537919998169,-0.226073756814003,0.1410609930753708
0.08470188081264496,0.29520201683044434,-0.05937381088733673,0.49597394466400146,0.6704572439193726,0.29124435782432556,-0.10004221647977829,-0.1795964539051056,0.0339084155857563,0.5730284452438354,1.1133637428283691,0.04426521435379982,-0.023651685565710068,-0.4299290180206299,-0.2578056752681732,-0.39261454343795776,0.5171694755554199,0.4469436705112457,-0.458960622549057,-0.7767025232315063,-0.37290656566619873,0.16115331649780273,-0.41703110933303833,-0.7035937309265137,-0.40264788269996643,-0.4020748734474182,0.822499692440033,-0.11196054518222809,-0.05547350272536278
0.08321920037269592,0.09192592650651932,-0.03989672660827637,0.4484717845916748,0.487451434135437,0.26152923703193665,-0.0809168592095375,-0.3504393398761749,0.08718091249465942,0.5255725383758545,0.6683972477912903,-0.07539805769920349,0.1063774973154068,0.20699220895767212,-0.2544901669025421,-0.21365754306316376,0.5987613797187805,0.5356208086013794,-0.05079842358827591,-0.7194125056266785,0.15718719363212585,-0.21716390550136566,-0.17291879653930664,-0.508513867855072,-0.4089365303516388,-0.1161021739244461,0.795477569103241,-0.10118354856967926,-0.019023984670639038
0.23849423229694366,0.5873598456382751,-0.09246409684419632,0.6397119760513306,0.516632616519928,0.23928672075271606,0.23701021075248718,-0.08897003531455994,0.004488095641136169,0.641437292098999,0.7451134324073792,-0.1464453935623169,0.01660732924938202,-0.3324700891971588,-0.6086890697479248,0.04821548983454704,0.44421470165252686,0.3240664303302765,-0.25329330563545227,-0.85459965467453,-0.3611951470375061,0.2192894071340561,-0.17164528369903564,-0.36656948924064636,-0.30113306641578674,-0.29330307245254517,0.9161777496337891,-0.13531652092933655,0.054332077503204346
0.03313155472278595,0.4149377942085266,-0.04796510189771652,0.4182316064834595,0.37993669509887695,0.340882271528244,-0.02948278933763504,-0.2452273666858673,-0.03130973502993584,0.5988427996635437,0.786418616771698,-0.08266833424568176,0.0067945681512355804,-0.16832637786865234,-0.1818075329065323,-0.14169752597808838,0.18515780568122864,0.4248078763484955,-0.12243371456861496,-0.820943295955658,0.13891342282295227,-0.05517791584134102,-0.40368029475212097,-0.32625439763069153,-0.28637945652008057,-0.29116323590278625,0.7186814546585083,-0.41351982951164246,0.0661097913980484
0.2875251770019531,0.1807442605495453,-0.019069358706474304,0.5925492644309998,0.6837201118469238,0.09303104132413864,0.23359018564224243,-0.41361257433891296,0.10542789101600647,0.6905883550643921,0.9715425372123718,-0.12707015872001648,0.03847741708159447,0.37043195962905884,-0.7119789123535156,-0.230100616812706,0.6279065012931824,0.34652790427207947,-0.16538286209106445,-0.723068118095398,-0.13079574704170227,-0.12396486103534698,-0.27014297246932983,-0.6385829448699951,-0.4777236878871918,-0.3461207449436188,0.7304549813270569,-0.07664019614458084,0.031664639711380005
-0.23109057545661926,0.2732548415660858,-0.030356496572494507,0.28240275382995605,0.15887077152729034,-0.03839341551065445,0.07245951145887375,-0.2749846875667572,-0.015786226838827133,0.5693433284759521,0.6199720501899719,-0.42274680733680725,0.06941863894462585,0.26927992701530457,-0.15307803452014923,-0.22263579070568085,0.7101925015449524,0.6848679184913635,-0.28714025020599365,-0.8744628429412842,-0.3847125768661499,0.09732577204704285,-0.47358667850494385,-0.5657448768615723,-0.45589008927345276,-0.2448052018880844,0.8910498023033142,-0.3571750819683075,-0.07716809213161469
0.016733169555664062,0.2688829302787781,-0.07785128057003021,0.3979560136795044,-0.046726956963539124,0.18038788437843323,-0.18233120441436768,-0.36312493681907654,0.0924493670463562,0.45256057381629944,0.3196333050727844,-0.30001100897789,0.055992577224969864,-0.10678914934396744,-0.14876866340637207,-0.37322384119033813,0.3393982946872711,0.3202384114265442,-0.41480255126953125,-0.8259873986244202,-0.006866283714771271,-0.03404049575328827,-0.12029250711202621,-0.7134578227996826,-0.5794945955276489,-0.4525820016860962,0.7994447350502014,-0.015662120655179024,-0.1513800024986267
0.11686964333057404,0.2572389245033264,0.005425303243100643,0.3772163391113281,0.043179526925086975,0.399911493062973,-0.04667777568101883,-0.17980235815048218,0.08227682113647461,0.5520614385604858,-0.021554626524448395,0.04706153646111488,-0.009272042661905289,-0.15807798504829407,-0.34131091833114624,-0.5412754416465759,0.47216343879699707,0.4318336844444275,-0.33502334356307983,-0.8066994547843933,-0.344215452671051,-0.027213554829359055,-0.5102197527885437,-0.2971237897872925,-0.16949693858623505,-0.05325118824839592,0.7991172671318054,-0.3392382264137268,0.3453861474990845
0.48332780599594116,0.11003253608942032,-0.0681552141904831,0.6385208964347839,0.47359907627105713,0.14205843210220337,-0.16268682479858398,-0.3605019152164459,0.14154264330863953,0.41188931465148926,0.6313513517379761,-0.0960625410079956,0.05141698196530342,0.3169328272342682,-0.6156065464019775,-0.7100702524185181,0.5094020366668701,0.46820929646492004,-0.3564196825027466,-0.7406830787658691,-0.3561183512210846,-0.052371952682733536,-0.0383123978972435,-0.4046690762042999,-0.6351738572120667,-0.46866169571876526,0.8871443271636963,0.037915296852588654,-0.2367224544286728
0.31448519229888916,0.2727426588535309,0.038886651396751404,0.5916431546211243,0.7670602798461914,0.17619961500167847,-0.12762466073036194,-0.34085923433303833,0.0576254166662693,0.66841721534729,0.8359007835388184,-0.06912121176719666,-0.05342085286974907,-0.03485948592424393,-0.5113472938537598,-0.43011364340782166,0.6577911972999573,0.38223904371261597,-0.46205446124076843,-0.8627004623413086,-0.2535572946071625,-0.03553767874836922,-0.35608771443367004,-0.4310664236545563,-0.18330498039722443,0.009339231997728348,0.8456630706787109,-0.04498262703418732,0.08789381384849548
0.1636936217546463,0.3599013090133667,-0.0342237651348114,0.4477826952934265,0.5141552090644836,0.28037571907043457,-0.2989650070667267,-0.30466458201408386,0.026127401739358902,0.49050822854042053,0.9908568263053894,-0.049309875816106796,0.021515164524316788,-0.19094431400299072,-0.17140796780586243,-0.4409518241882324,0.2608213424682617,0.40996119379997253,-0.08953569084405899,-0.8666966557502747,-0.27525651454925537,0.06322161853313446,-0.18548184633255005,-0.5351375937461853,-0.5796360373497009,-0.30333369970321655,0.6248131990432739,-0.19286024570465088,0.06932811439037323
0.3471108675003052,0.30321410298347473,-0.01023289654403925,0.5931786894798279,0.596227765083313,0.312833309173584,0.017839111387729645,-0.3498740494251251,0.09799802303314209,0.5719578266143799,1.083435297012329,0.05999744310975075,0.12655995786190033,-0.054211825132369995,-0.691364049911499,-0.31084340810775757,0.49695998430252075,0.4712204039096832,-0.5081643462181091,-0.8369999527931213,-0.12314396351575851,-0.1376330405473709,-0.5750517249107361,-0.501428484916687,-0.47788330912590027,-0.3966911733150482,0.8045961260795593,-0.3572234809398651,-0.012235969305038452
0.24852009117603302,0.2263229489326477,0.003092481754720211,0.5616976618766785,0.5277576446533203,0.2551572620868683,-0.12060932070016861,-0.20674553513526917,0.07286784052848816,0.6832563281059265,0.883120059967041,-0.008984353393316269,-0.07912980765104294,-0.16447314620018005,-0.4741957187652588,-0.6469948291778564,0.3276732563972473,0.13684824109077454,-0.24792318046092987,-0.7946867942810059,-0.2952178120613098,0.0007740966975688934,-0.24068975448608398,-0.3638056218624115,-0.2508687674999237,-0.33662983775138855,0.9439888000488281,-0.1510501354932785,-0.0453910268843174
0.2136954516172409,0.12631461024284363,0.0008874675258994102,0.5362562537193298,0.6551348567008972,0.1394469141960144,0.16311734914779663,-0.29933756589889526,0.05540481582283974,0.6641921997070312,0.9534795880317688,-0.08658930659294128,0.05479767546057701,0.1629967987537384,-0.7272391319274902,-0.03206690773367882,0.6813430190086365,0.6645401120185852,-0.21206620335578918,-0.7856858372688293,0.010854311287403107,-0.0407756082713604,-0.34868016839027405,-0.5478277206420898,-0.41379693150520325,-0.32962942123413086,0.751730740070343,-0.4686034619808197,0.20174957811832428
0.06769277155399323,0.07600802928209305,-0.003068939782679081,0.5127018690109253,0.49934643507003784,0.09751959890127182,-0.16320881247520447,-0.3014504611492157,0.05088721588253975,0.5169987082481384,0.7723467350006104,-0.13921169936656952,0.08820967376232147,0.28819698095321655,-0.23865430057048798,-0.35400068759918213,0.5509317517280579,0.5572364330291748,-0.12581171095371246,-0.7768145799636841,-0.20688652992248535,0.09592397511005402,-0.09358600527048111,-0.4396726191043854,-0.37503865361213684,-0.41417738795280457,0.7802509069442749,0.03073282353579998,-0.18968260288238525
-0.038836099207401276,0.200397789478302,0.024397149682044983,0.42077380418777466,0.13367800414562225,0.14319726824760437,-0.2771434187889099,-0.2767426073551178,0.03758177533745766,0.4870319962501526,0.4228707551956177,-0.2636983394622803,0.058545131236314774,-0.0038763731718063354,-0.31493619084358215,-0.38814276456832886,0.6035721302032471,0.5191366076469421,-0.4137102961540222,-0.95079106092453,-0.3637971580028534,-0.07430553436279297,-0.613497793674469,-0.7142573595046997,-0.49699512124061584,-0.22851823270320892,0.7570010423660278,-0.27363601326942444,0.07021456956863403
0.09060533344745636,0.4829915761947632,-0.10997723042964935,0.49474358558654785,0.23459579050540924,0.4013274610042572,0.04479416459798813,-0.23141202330589294,0.06298713386058807,0.49990808963775635,0.2940129339694977,0.04682167246937752,0.024019036442041397,-0.6072099208831787,-0.5695546269416809,-0.3000589609146118,0.374042809009552,0.39421531558036804,-0.33574700355529785,-0.7553868293762207,-0.1885327398777008,0.101178839802742,-0.30414879322052,-0.41372594237327576,-0.5281752347946167,-0.4547167718410492,0.8619372248649597,-0.2892843782901764,-0.07774019241333008
0.10202859342098236,0.1607905626296997,-0.015051857568323612,0.48614585399627686,0.4878363609313965,0.2786271870136261,-0.13610532879829407,-0.3960568606853485,0.08688361942768097,0.47728630900382996,0.39737966656684875,-0.024736981838941574,0.09482423961162567,0.1741757094860077,-0.34800177812576294,-0.34211957454681396,0.5015823245048523,0.4195171594619751,-0.27320486307144165,-0.7619727253913879,-0.07123441249132156,-0.16532783210277557,-0.21894848346710205,-0.5885007977485657,-0.38966962695121765,-0.10563422739505768,0.7289084792137146,-0.12326718866825104,-0.04021121561527252
0.2772497534751892,0.36695384979248047,-0.048476457595825195,0.6486831903457642,0.8116085529327393,0.22186332941055298,-0.07690048962831497,-0.39762893319129944,0.034402456134557724,0.5969223380088806,0.8512461185455322,-0.14053237438201904,0.06328044831752777,-0.0767914429306984,-0.5754510164260864,-0.20875421166419983,0.2935701012611389,0.43171441555023193,-0.20460224151611328,-0.8606327176094055,-0.3272252380847931,0.11228156089782715,-0.25940999388694763,-0.32935449481010437,-0.3405809700489044,-0.2733170986175537,0.7062656879425049,-0.12700937688350677,0.3066978454589844
0.20049776136875153,0.39702948927879333,-0.06685678660869598,0.46328163146972656,0.7179722785949707,0.2775249779224396,-0.161749929189682,-0.4669629633426666,0.05881091579794884,0.5597306489944458,0.7477425932884216,-0.15278089046478271,-0.05537252500653267,0.06580677628517151,-0.5077135562896729,-0.4859910011291504,0.5388693809509277,0.5376803874969482,-0.3012428283691406,-0.6675271391868591,0.03155491501092911,-0.020737890154123306,-0.21625879406929016,-0.511297345161438,-0.3476771414279938,-0.21500615775585175,0.8051481246948242,-0.2497321218252182,-0.17394417524337769
0.1848789006471634,0.41551658511161804,-0.01158574316650629,0.6875287890434265,0.8085721731185913,-0.003793857991695404,-0.1151348128914833,-0.27493223547935486,0.052330706268548965,0.5480519533157349,1.090492844581604,-0.36319687962532043,0.1322297900915146,0.11593886464834213,-0.5244973301887512,-0.48358815908432007,0.5108839869499207,0.35307496786117554,-0.3454245924949646,-0.8691264986991882,-0.3726401925086975,-0.1892995536327362,-0.5795716643333435,-0.5782649517059326,-0.4841628074645996,-0.400547057390213,0.8720706105232239,-0.1613871455192566,0.2651750445365906
0.08690281212329865,0.21372202038764954,0.0006694784387946129,0.5027949213981628,0.3169882297515869,0.06440635770559311,0.10226916521787643,-0.2511657774448395,0.03749867156147957,0.6219606399536133,0.7666557431221008,-0.29521098732948303,-0.07547308504581451,0.1470298171043396,-0.47281742095947266,-0.22212529182434082,0.32855987548828125,0.38089320063591003,-0.32374900579452515,-0.7860997915267944,-0.06836824864149094,0.029700051993131638,-0.06354004889726639,-0.6419278383255005,-0.564357340335846,-0.2528268098831177,0.7963297367095947,-0.2489648014307022,-0.16525228321552277
-0.12413440644741058,0.26701927185058594,-0.09535854309797287,0.4373352527618408,0.6247383952140808,0.09003926068544388,-0.02502916008234024,-0.3434596657752991,0.0465468131005764,0.5991501808166504,0.7128947377204895,-0.2991829514503479,0.08316916227340698,0.12047401070594788,-0.3421998918056488,-0.34941232204437256,0.5194298028945923,0.44443148374557495,-0.16294747591018677,-0.9555253982543945,-0.26893720030784607,0.11789974570274353,-0.23899498581886292,-0.2346162647008896,-0.28199300169944763,-0.04666663333773613,0.787706196308136,-0.03133268654346466,-0.026223912835121155
0.1086016446352005,0.4335376024246216,-0.03623497486114502,0.4952685832977295,0.4977715015411377,0.2668454945087433,-0.11859694868326187,-0.2006617784500122,0.03516431525349617,0.5556588172912598,0.8478531837463379,-0.06903254985809326,-0.006321471184492111,-0.12230273336172104,-0.3419046103954315,-0.35881713032722473,0.29504120349884033,0.4592031240463257,-0.311937540769577,-0.7133864164352417,-0.10470000654459,-0.04939643666148186,-0.2687031030654907,-0.3652915358543396,-0.31526485085487366,-0.36760011315345764,0.6374277472496033,-0.18878017365932465,0.12540015578269958
0.3125184178352356,0.2763863205909729,0.012178718112409115,0.6557489633560181,0.47750431299209595,0.19346046447753906,-0.027441509068012238,-0.2961937487125397,0.10337665677070618,0.576949954032898,0.923008382320404,-0.2201792150735855,-0.04761071503162384,0.08827812969684601,-0.6489187479019165,-0.497634619474411,0.5277853012084961,0.22557511925697327,-0.4913257658481598,-0.7624284625053406,-0.37701350450515747,0.10490138828754425,-0.24069920182228088,-0.39845284819602966,-0.3892345130443573,-0.19229285418987274,0.9299131631851196,-0.30898788571357727,0.016050726175308228
0.048683807253837585,0.4368956387042999,-0.05678278207778931,0.6315082907676697,0.81355220079422,0.14344137907028198,-0.143734872341156,-0.26064223051071167,0.0028838403522968292,0.6366211175918579,1.152778148651123,-0.12180562317371368,-0.05478153005242348,-0.24284550547599792,-0.3072875440120697,-0.3439629077911377,0.5361520051956177,0.49958568811416626,-0.26882702112197876,-0.7881585955619812,-0.0662863627076149,-0.20049899816513062,-0.1728844940662384,-0.6797640919685364,-0.4355880618095398,-0.15992417931556702,0.6338001489639282,-0.033632539212703705,-0.03200801834464073
0.04326021671295166,0.20550480484962463,0.01701568067073822,0.5255270004272461,0.45038872957229614,0.1898217797279358,-0.07873763889074326,-0.3071601390838623,-0.00686708465218544,0.5315179824829102,0.8854490518569946,-0.18737062811851501,0.0959300547838211,0.022354193031787872,-0.372592955827713,-0.35365819931030273,0.2708330452442169,0.45557233691215515,-0.16182002425193787,-0.8356688618659973,-0.1762373149394989,-0.0524277426302433,-0.2684023976325989,-0.5785662531852722,-0.4157547950744629,-0.23150493204593658,0.9611449837684631,-0.2734507918357849,-0.023309573531150818
0.19673176109790802,0.22559961676597595,0.0011094650253653526,0.6371389031410217,0.44805455207824707,0.11564367264509201,0.031890399754047394,-0.20385517179965973,0.05674559250473976,0.6189236640930176,0.63791424036026,-0.1747652292251587,-0.02716611698269844,0.08057502657175064,-0.5936129093170166,-0.41376447677612305,0.45959901809692383,0.484247624874115,-0.2658001780509949,-0.8910593390464783,0.07833721488714218,0.1504594087600708,-0.2322140634059906,-0.34903863072395325,-0.3899095356464386,-0.34010806679725647,0.748253345489502,-0.2871105968952179,0.13939639925956726
-0.10424602776765823,0.09205158799886703,-0.07134369015693665,0.3594985604286194,0.1151389628648758,0.19134166836738586,-0.1690557599067688,-0.23918822407722473,0.02402876690030098,0.49370694160461426,0.2863331437110901,-0.21277284622192383,0.06491532921791077,-0.058519959449768066,-0.2811902165412903,-0.3896544873714447,0.8561153411865234,0.37592726945877075,-0.5280963778495789,-0.8397092223167419,-0.42756280303001404,-0.22727781534194946,-0.343787282705307,-0.7539699673652649,-0.3754657804965973,-0.3409152925014496,0.8233522772789001,-0.06612570583820343,-0.1440282166004181
0.013693705201148987,0.3840000033378601,-0.005379096604883671,0.5751371383666992,0.23507486283779144,0.08795937150716782,-0.12241407483816147,-0.30093368887901306,0.06925782561302185,0.44402098655700684,0.6552554965019226,-0.319763720035553,0.1123044341802597,0.0699838176369667,-0.41343989968299866,-0.2137322872877121,0.17415368556976318,0.4674897789955139,-0.08056659251451492,-0.7982688546180725,-0.2095375657081604,-0.08734601736068726,-0.3338569700717926,-0.34472906589508057,-0.6484074592590332,-0.32184264063835144,0.7487308382987976,-0.2457720786333084,-0.03631381690502167
-0.05217929184436798,0.2690272927284241,-0.04465806484222412,0.4967653155326843,0.35295891761779785,0.21444851160049438,0.17924758791923523,-0.34867697954177856,0.040970657020807266,0.6367218494415283,0.6370478272438049,-0.23620247840881348,-0.005632273852825165,0.018437448889017105,-0.4825890064239502,-0.2533334195613861,0.5208492279052734,0.5041430592536926,-0.37619683146476746,-0.7114566564559937,-0.2442367970943451,0.028675254434347153,-0.2648760974407196,-0.5410891175270081,-0.3915388286113739,-0.21473507583141327,0.7759828567504883,-0.35712990164756775,0.1292039304971695
-0.09211155772209167,0.5433626770973206,-0.07346487045288086,0.4773038625717163,0.28641974925994873,0.1903555691242218,0.0055483803153038025,-0.2734467685222626,0.03145882859826088,0.572748064994812,0.670543909072876,-0.25830981135368347,0.04601866379380226,-0.23188051581382751,-0.4249861538410187,-0.2245180457830429,0.3807750344276428,0.40288811922073364,-0.31440600752830505,-0.9111106991767883,-0.19504615664482117,0.21378712356090546,-0.4375741481781006,-0.4658413529396057,-0.4527021646499634,-0.39213448762893677,0.870612382888794,0.05135813355445862,-0.1476190984249115
0.23091872036457062,0.2610337734222412,-0.017328724265098572,0.6088520884513855,0.47460317611694336,0.1058976873755455,0.21671715378761292,-0.5186168551445007,0.06312848627567291,0.5909746885299683,0.9343996644020081,-0.3037814199924469,0.08706940710544586,0.3300347924232483,-0.799269437789917,-0.3286074995994568,0.3257197141647339,0.47042784094810486,-0.2434626966714859,-0.7728042602539062,0.013584457337856293,-0.041643086820840836,-0.1878901720046997,-0.5335869789123535,-0.40697968006134033,-0.20241369307041168,0.7127898931503296,-0.3904931843280792,0.1998843401670456
-0.2488410621881485,0.3237411379814148,-0.04241601377725601,0.49549371004104614,0.44421863555908203,0.17715561389923096,-0.04967079311609268,-0.21855369210243225,0.03109544888138771,0.6257907152175903,0.7344708442687988,-0.14073964953422546,0.03941159322857857,-0.09266113489866257,-0.32056188583374023,-0.2926029562950134,0.4908604025840759,0.243455708026886,-0.2124491035938263,-0.7977707386016846,-0.22512120008468628,-0.0645277202129364,-0.5094636678695679,-0.509761393070221,-0.3007006347179413,-0.27268531918525696,0.8433758020401001,-0.08514240384101868,0.05219406634569168
-0.15458837151527405,0.3064221143722534,-0.08676062524318695,0.46068549156188965,0.45988351106643677,0.18202415108680725,0.17452004551887512,-0.36374631524086,0.06428739428520203,0.611695408821106,0.8703653812408447,-0.2300998866558075,0.11753734946250916,0.014599308371543884,-0.40805935859680176,-0.1467028558254242,0.2769806981086731,0.4159190058708191,-0.23668701946735382,-0.9844697117805481,0.09874642640352249,0.10337013006210327,-0.22301089763641357,-0.2977246940135956,-0.3696954548358917,-0.1946709007024765,0.7964195609092712,-0.03290240466594696,0.06916649639606476
-0.09247119724750519,0.38369277119636536,-0.04626527428627014,0.5302894115447998,0.2904653549194336,0.23014593124389648,-0.25194692611694336,-0.20717772841453552,0.026416752487421036,0.49017348885536194,0.6735629439353943,-0.17404338717460632,0.022085029631853104,-0.03456752747297287,-0.1938253939151764,-0.5642690062522888,0.7728098034858704,0.49438706040382385,-0.359207421541214,-0.5794911980628967,-0.6134078502655029,-0.213030606508255,-0.19601097702980042,-0.3136269748210907,-0.30752357840538025,-0.2901165187358856,0.8985695838928223,-0.34389761090278625,-0.037025224417448044
0.026417024433612823,0.2775804102420807,-0.008770347572863102,0.5392519235610962,0.20117516815662384,0.06849917024374008,-0.2087404429912567,-0.37335652112960815,0.06983299553394318,0.4792718291282654,0.6324450969696045,-0.3392590582370758,0.02018333598971367,0.15810753405094147,-0.4679371416568756,-0.5604208111763,0.6063427925109863,0.6573867797851562,-0.5371145009994507,-0.9422631859779358,-0.2274715006351471,0.03951933607459068,-0.4630935788154602,-0.7274796366691589,-0.5029971599578857,-0.3754074275493622,0.6922115087509155,-0.20762331783771515,0.015791460871696472
0.15690532326698303,0.4142581522464752,-0.06218212842941284,0.5962266325950623,0.29814040660858154,0.18863990902900696,0.083144910633564,-0.3903619349002838,0.05791187658905983,0.5521978735923767,0.5594320893287659,-0.2037648856639862,-0.01883872225880623,0.03239688649773598,-0.7154911756515503,-0.6161576509475708,0.5916497111320496,0.4448070824146271,-0.3400360345840454,-0.7383842468261719,-0.253125935792923,0.026853878051042557,-0.10669281333684921,-0.4285859167575836,-0.5655750632286072,-0.3474656045436859,0.8599151968955994,-0.3251153230667114,-0.07798881083726883
0.20056672394275665,0.4482281804084778,-0.04663993418216705,0.7129529118537903,0.7716493606567383,0.07612591236829758,-0.18408343195915222,-0.18901510536670685,0.08042889833450317,0.5325030088424683,0.9065708518028259,-0.23531676828861237,-0.06447575986385345,-0.2960972189903259,-0.6170789003372192,-0.48291945457458496,0.5411227345466614,0.5376652479171753,-0.40666547417640686,-0.8343280553817749,-0.3011637330055237,0.15226289629936218,-0.458651602268219,-0.5282202363014221,-0.3867115080356598,-0.22370754182338715,0.8032240271568298,-0.07727378606796265,0.12120093405246735
0.217406764626503,0.20490926504135132,-0.027617186307907104,0.6863863468170166,0.7400598526000977,0.08250880986452103,-0.0801781490445137,-0.40246331691741943,0.059271190315485,0.5334855318069458,1.0445877313613892,-0.19553899765014648,0.08432309329509735,0.20752009749412537,-0.48055049777030945,-0.3277646601200104,0.2660372257232666,0.24907991290092468,-0.28134092688560486,-0.7900625467300415,-0.11553438007831573,-0.31860920786857605,0.1227974221110344,-0.5667240619659424,-0.34215259552001953,-0.12451113760471344,0.8063967823982239,0.19179852306842804,-0.1087321937084198
0.2577260136604309,0.4432213008403778,0.025073617696762085,0.7035602927207947,0.7916388511657715,0.03158005326986313,-0.15557321906089783,-0.19190490245819092,-0.0007474534213542938,0.5982218980789185,1.086156964302063,-0.24990704655647278,-0.05806078016757965,-0.2805686295032501,-0.655638575553894,-0.3455827832221985,0.580869197845459,0.4720556139945984,-0.3405880033969879,-0.8374106287956238,-0.04806341975927353,0.15552353858947754,-0.46721917390823364,-0.6075782179832458,-0.5145605802536011,-0.2383105605840683,0.802346408367157,-0.5597044229507446,0.05553443729877472
0.02266901731491089,0.06566139310598373,-0.001248047687113285,0.5711591243743896,0.4994022846221924,-0.029648907482624054,-0.047451041638851166,-0.29359862208366394,0.06302647292613983,0.5317701101303101,0.8474653959274292,-0.37058383226394653,0.0661916732788086,0.36253929138183594,-0.30752861499786377,-0.35957759618759155,0.2996032238006592,0.48585325479507446,-0.21791599690914154,-0.8517573475837708,-0.4080294370651245,-0.022839147597551346,-0.13784915208816528,-0.5232666730880737,-0.4954806864261627,-0.5558115243911743,0.822055995464325,-0.11478929221630096,-0.1319521963596344
0.09194208681583405,0.3001653254032135,-0.009103269316256046,0.6298420429229736,0.7213362455368042,-0.17653870582580566,-0.0407213494181633,-0.13425090909004211,0.016657132655382156,0.5618472099304199,0.7671282887458801,-0.5083594918251038,0.0714002251625061,0.05813312157988548,-0.53296959400177,-0.04953533783555031,0.6443114876747131,0.5637351274490356,-0.3213910162448883,-0.7205395698547363,0.14747896790504456,0.021597962826490402,-0.4209423363208771,-0.3382653594017029,-0.2814033329486847,-0.12614159286022186,0.8311555981636047,-0.405581533908844,0.13855725526809692
0.09111891686916351,0.25880372524261475,-0.02453218400478363,0.6156246066093445,0.6395561695098877,-0.08109665662050247,-0.16504395008087158,-0.3455723226070404,0.041333798319101334,0.48856261372566223,0.9826274514198303,-0.4290579557418823,0.06057286635041237,0.160506933927536,-0.29539477825164795,-0.2700027823448181,0.5470883250236511,0.3379725217819214,-0.16703322529792786,-0.7690165638923645,-0.21736541390419006,-0.05160624906420708,-0.22213760018348694,-0.6061676144599915,-0.3396996259689331,-0.25299233198165894,0.7711212635040283,-0.07011012732982635,-0.0541527196764946
0.20840208232402802,0.437457412481308,-0.05101868510246277,0.5878269672393799,0.5050451159477234,0.1736176311969757,0.026491783559322357,-0.249178946018219,0.01173282042145729,0.6066299676895142,0.9037321209907532,-0.15936718881130219,-0.04083520174026489,-0.13983210921287537,-0.5657354593276978,-0.5632278323173523,0.44691962003707886,0.5380954742431641,-0.3133477568626404,-0.8329152464866638,-0.18853512406349182,0.13374972343444824,-0.2743525505065918,-0.4330954849720001,-0.6637338399887085,-0.260034441947937,0.7912325263023376,-0.1826823353767395,-0.10104828327894211
0.1958482712507248,0.27669841051101685,-0.009211868979036808,0.6291566491127014,0.5602388381958008,0.2883305847644806,-0.0797528401017189,-0.20899417996406555,0.010175738483667374,0.5730222463607788,0.8563693165779114,-0.06448021531105042,-0.01033320277929306,-0.2181803286075592,-0.33689889311790466,-0.22136904299259186,0.3724868893623352,0.3088465929031372,-0.4075953960418701,-0.7916913628578186,-0.15441489219665527,-0.08227819204330444,-0.09465979784727097,-0.5366129875183105,-0.21312208473682404,-0.17005909979343414,0.8064056634902954,-0.22066235542297363,0.00693812221288681
0.19409967958927155,0.3929591476917267,0.00023187603801488876,0.5302627682685852,0.45943790674209595,0.17637866735458374,-0.08874893933534622,-0.30053436756134033,0.10933440923690796,0.5039981007575989,0.8110350370407104,-0.21886518597602844,-0.03050893545150757,0.007699310779571533,-0.5053801536560059,-0.3017353117465973,0.4678245186805725,0.534294068813324,-0.1462893933057785,-0.8217527866363525,-0.22705969214439392,-0.23996862769126892,-0.2491995096206665,-0.39483383297920227,-0.4526544511318207,-0.3917052447795868,0.7518439888954163,-0.11736541241407394,0.2369728535413742
0.14996649324893951,0.4671019911766052,-0.024654686450958252,0.6059874892234802,0.6866711378097534,-0.020881645381450653,0.2394120991230011,-0.36005905270576477,0.06012827530503273,0.6689897775650024,0.9088076949119568,-0.39871853590011597,-0.030421193689107895,0.16875742375850677,-0.5672787427902222,-0.7520890831947327,0.43883776664733887,0.26341021060943604,-0.4957256615161896,-0.9164320230484009,-0.25149452686309814,0.16228172183036804,-0.5038490891456604,-0.6446052193641663,-0.4815082550048828,-0.3415107727050781,0.8553958535194397,-0.4915136992931366,-0.15370890498161316
0.04482772946357727,0.43660491704940796,-0.038147568702697754,0.4947037696838379,0.3610973358154297,0.042769916355609894,-0.05957377701997757,-0.3925686776638031,0.06322893500328064,0.5196529626846313,0.7763081192970276,-0.3735050857067108,0.03658047690987587,-0.042412593960762024,-0.2554263174533844,-0.18464401364326477,0.577621340751648,0.595469057559967,-0.3341814875602722,-0.8486621975898743,-0.2507106065750122,0.11288546025753021,-0.12258931249380112,-0.44037434458732605,-0.39475616812705994,-0.21658320724964142,0.7734674215316772,0.19580082595348358,-0.16520199179649353
0.05858117341995239,0.3001968562602997,-0.09293564409017563,0.36532509326934814,0.302659273147583,0.23986884951591492,0.2533852458000183,-0.31603917479515076,0.055372241884469986,0.6344385147094727,0.6958004236221313,-0.28822681307792664,0.05409323051571846,0.12407056242227554,-0.5171620845794678,-0.34766027331352234,0.3987099528312683,0.4631655216217041,-0.2691155970096588,-0.8002659678459167,-0.17215412855148315,0.0004236586391925812,-0.34947529435157776,-0.4496225416660309,-0.3165636956691742,-0.17944122850894928,0.7365147471427917,-0.24891817569732666,0.08792990446090698
0.03933297097682953,0.2798228859901428,-0.022949501872062683,0.5124167203903198,0.4132406711578369,0.13871976733207703,0.10508870333433151,-0.3073097765445709,0.039323318749666214,0.6112840175628662,0.8644934296607971,-0.3264966607093811,0.011979326605796814,0.03466583043336868,-0.34333136677742004,-0.1721743494272232,0.5219196081161499,0.3946828246116638,-0.20316091179847717,-0.7744057178497314,0.166559100151062,-0.045906487852334976,-0.2613528370857239,-0.5493745803833008,-0.39191240072250366,-0.18555974960327148,0.8519344925880432,-0.1728500872850418,-0.03783174231648445
0.24268876016139984,0.3743225932121277,-0.019873231649398804,0.560981035232544,0.3952227830886841,0.3228521943092346,-0.025332815945148468,-0.29349276423454285,0.0483066625893116,0.5413390398025513,1.0553069114685059,-0.04723640903830528,0.00518244132399559,-0.10213553160429001,-0.37261030077934265,-0.4533418118953705,0.5588213801383972,0.5270715355873108,-0.27088648080825806,-0.8047638535499573,-0.4542107582092285,0.05235366150736809,-0.35865288972854614,-0.535739004611969,-0.5963311791419983,-0.4883899390697479,0.7392326593399048,-0.3242844343185425,0.07132962346076965
0.05878452956676483,0.5026738047599792,-0.08954648673534393,0.4115413427352905,0.3828328847885132,0.30574384331703186,0.08285828679800034,-0.39272716641426086,0.049291033297777176,0.613071084022522,0.6840898990631104,-0.18709200620651245,-0.0418400801718235,-0.1458130180835724,-0.40932729840278625,-0.42089685797691345,0.604091227054596,0.532549262046814,-0.3671167492866516,-0.7257823348045349,-0.17204365134239197,-0.2078072875738144,-0.3687403202056885,-0.6297172904014587,-0.4119403064250946,-0.24666272103786469,0.7236353158950806,-0.25965699553489685,-0.09596358239650726
0.1734531670808792,0.2949087917804718,-0.007405982352793217,0.5540039539337158,0.45504772663116455,0.1185237392783165,0.1664246916770935,-0.5022227168083191,0.08770361542701721,0.5857151746749878,0.708352267742157,-0.2742691934108734,0.09316475689411163,0.22183004021644592,-0.508823037147522,-0.30721837282180786,0.4408392906188965,0.5726799368858337,-0.11446787416934967,-0.8769957423210144,-0.13241106271743774,0.19422754645347595,-0.37232112884521484,-0.640065610408783,-0.6184747815132141,-0.4873966872692108,0.8084853291511536,-0.2168131321668625,0.12865307927131653
0.009298272430896759,0.2994922399520874,-0.09372805058956146,0.45315343141555786,0.3794087767601013,0.3465421497821808,-0.05760995298624039,-0.3610691428184509,0.012268949300050735,0.5415246486663818,0.5450372695922852,-0.11126585304737091,0.025949057191610336,0.1036769226193428,-0.2555594742298126,-0.13454870879650116,0.3760727643966675,0.2507120668888092,-0.4857708811759949,-0.729387104511261,-0.4731757640838623,-0.039217542856931686,-0.20138674974441528,-0.26745685935020447,-0.25627797842025757,-0.16391970217227936,0.9409425258636475,-0.22946488857269287,-0.09299443662166595
0.15125851333141327,0.402421772480011,-0.023988530039787292,0.49510306119918823,0.32040107250213623,0.24895566701889038,-0.007057256996631622,-0.2975548207759857,0.04113025590777397,0.5679135322570801,0.44519925117492676,-0.1942734271287918,0.04715791717171669,-0.20086267590522766,-0.34076061844825745,-0.6677054762840271,0.35638219118118286,0.48772457242012024,-0.32677698135375977,-0.8114543557167053,-0.08402581512928009,-0.19522681832313538,-0.2409457564353943,-0.3757857382297516,-0.4377122223377228,-0.32018738985061646,0.7249863147735596,-0.09543269872665405,0.1532275527715683
0.309664785861969,0.5521654486656189,-0.09810785204172134,0.5838770270347595,0.8478478193283081,0.2075740396976471,-0.10605167597532272,-0.4404957890510559,0.06403106451034546,0.6024831533432007,0.9586339592933655,-0.2324681580066681,-0.08010097593069077,0.10739563405513763,-0.5495652556419373,-0.24236641824245453,0.6151864528656006,0.3574907183647156,-0.36888375878334045,-0.7753840684890747,-0.06926096230745316,0.009688317775726318,-0.11433251947164536,-0.3375166952610016,-0.3204442262649536,-0.07649765908718109,0.7821425795555115,-0.11077246069908142,0.07025843858718872
0.35716956853866577,0.35899585485458374,-0.025537893176078796,0.7620164155960083,0.8837838172912598,0.10625136643648148,-0.09075295180082321,-0.12839990854263306,-0.021329328417778015,0.5983943939208984,1.1406183242797852,-0.20159359276294708,0.020508218556642532,-0.21706292033195496,-0.4438121020793915,-0.314301997423172,0.39693522453308105,0.45743244886398315,-0.06195829063653946,-0.8008108139038086,-0.09186682850122452,-0.054928820580244064,-0.16503378748893738,-0.562020480632782,-0.3011411130428314,-0.3818439543247223,0.9033395051956177,-0.11243928968906403,0.0718517005443573
0.2544114589691162,0.25673890113830566,-0.036665886640548706,0.6060733795166016,0.9670581817626953,0.09944457560777664,0.2147749662399292,-0.29798784852027893,0.02411780133843422,0.7480309009552002,1.3739395141601562,-0.056174393743276596,-0.000978957861661911,0.2137792706489563,-0.7447352409362793,-0.4924073815345764,0.4475795030593872,0.3233717978000641,-0.3690965175628662,-0.8792696595191956,-0.04450942575931549,0.2119893729686737,-0.6543228626251221,-0.48868095874786377,-0.5077449083328247,-0.38879507780075073,0.8667721152305603,-0.47464731335639954,0.03910616785287857
-0.06234075874090195,0.30108317732810974,-0.037685826420784,0.4122830629348755,0.35802769660949707,0.26811787486076355,-0.028033621609210968,-0.1533915251493454,-0.0389467217028141,0.5879461765289307,0.7215137481689453,0.03887491300702095,0.0419955812394619,-0.2948358952999115,-0.21106399595737457,-0.36946073174476624,0.45635300874710083,0.47322776913642883,-0.3504599630832672,-0.8927124738693237,-0.2829197943210602,-0.2053731232881546,-0.3281465768814087,-0.7114891409873962,-0.571132242679596,-0.5023136734962463,0.7344619631767273,-0.1564820408821106,-0.16233837604522705
0.2793816328048706,0.04813668876886368,-0.0345817506313324,0.602223813533783,0.5926187634468079,0.1472824513912201,-0.057383112609386444,-0.2549107074737549,0.13809321820735931,0.5928428173065186,1.1232433319091797,-0.13728488981723785,-0.00338079035282135,0.31415340304374695,-0.5012881755828857,-0.36261600255966187,0.7168947458267212,0.5571593642234802,-0.2386210560798645,-0.7117312550544739,-0.07354597002267838,0.1687696874141693,-0.08154983073472977,-0.5340813994407654,-0.5727415680885315,-0.10778766870498657,0.7803831100463867,-0.060390129685401917,-0.08811813592910767
-0.023318424820899963,0.31044620275497437,-0.0399484783411026,0.43970412015914917,0.7768650054931641,0.18241500854492188,-0.007414795458316803,-0.3392983675003052,0.004373311996459961,0.6601464748382568,1.0680503845214844,-0.13696305453777313,-0.021043870598077774,-0.008637882769107819,-0.28167375922203064,-0.16748952865600586,0.5294308066368103,0.4892060160636902,-0.18915154039859772,-0.8809736967086792,-0.26546648144721985,-0.08612841367721558,-0.294136106967926,-0.4709632098674774,-0.24114909768104553,-0.24535976350307465,0.6866079568862915,-0.27627032995224,-0.03876835107803345
0.39614564180374146,0.32062411308288574,-0.055933766067028046,0.6218303442001343,0.9519613981246948,0.2255135476589203,0.29603078961372375,-0.4692823588848114,0.07707817852497101,0.7230885624885559,1.2829904556274414,-0.09743867814540863,0.05359352007508278,0.08671165257692337,-0.683502197265625,-0.24287335574626923,0.36963021755218506,0.4264434576034546,-0.36408132314682007,-0.9054406881332397,-0.10009829699993134,0.08215487003326416,0.10963445156812668,-0.36210793256759644,-0.3385210931301117,-0.16630123555660248,0.8441330790519714,-0.05532350391149521,0.21212483942508698
0.28074049949645996,0.3479800820350647,0.02994270622730255,0.5653715133666992,0.939594030380249,0.02788541465997696,-0.08592460304498672,-0.2497701346874237,0.08694618940353394,0.7130545377731323,1.4072654247283936,-0.18422140181064606,-0.1468099057674408,-0.017801590263843536,-0.4999099671840668,-0.6265738010406494,0.384848952293396,0.25573763251304626,-0.3565426766872406,-0.6316611170768738,-0.44143491983413696,-0.12049981951713562,-0.34361550211906433,-0.6479970216751099,-0.6849990487098694,-0.30655184388160706,0.8209705352783203,-0.11621320247650146,-0.2000090330839157
0.2829210162162781,0.04116285592317581,-0.02552846074104309,0.516704797744751,0.7245676517486572,0.18656650185585022,0.005731083452701569,-0.45720741152763367,0.0730023980140686,0.6379716396331787,1.3819348812103271,-0.046976860612630844,0.05519793555140495,0.19154345989227295,-0.5496999025344849,-0.46199655532836914,0.5730373859405518,0.5625472068786621,-0.39583703875541687,-0.8871310949325562,0.03327077254652977,-0.013585340231657028,-0.13443323969841003,-0.624700665473938,-0.5063690543174744,-0.1750863492488861,0.8014670610427856,-0.21241487562656403,0.10672146081924438
0.22536875307559967,0.27356278896331787,-0.01475925836712122,0.5230345726013184,0.7386082410812378,0.18704411387443542,0.2744218707084656,-0.13438299298286438,0.07036662101745605,0.7688137292861938,1.0250948667526245,-0.06774689257144928,0.014586903154850006,-0.18108662962913513,-0.6601910591125488,-0.4143793284893036,0.5632055401802063,0.35425862669944763,-0.30105888843536377,-0.8028974533081055,-0.5331039428710938,-0.007868830114603043,-0.5236986875534058,-0.4073812961578369,-0.20669950544834137,-0.30376800894737244,0.7695485353469849,-0.20778921246528625,0.10173967480659485
0.1363937258720398,0.025035209953784943,0.008408366702497005,0.5517894625663757,0.7640556693077087,0.14509537816047668,0.15283381938934326,-0.4903096854686737,0.08416227996349335,0.6528520584106445,1.026362419128418,-0.12420392036437988,0.11855007708072662,0.20831289887428284,-0.47278037667274475,-0.26814913749694824,0.31573474407196045,0.6205475330352783,-0.31741470098495483,-0.7985823750495911,-0.02325190231204033,0.06098790094256401,-0.5367764234542847,-0.5285853147506714,-0.5740251541137695,-0.5147531032562256,0.7945979833602905,-0.30717435479164124,-0.11332796514034271
0.29157906770706177,0.4880477786064148,-0.02201239764690399,0.6486930251121521,0.7872020602226257,0.26246315240859985,0.052203528583049774,-0.20901349186897278,0.05694793537259102,0.723477840423584,1.2854976654052734,-0.0019099228084087372,-0.019102172926068306,-0.34041547775268555,-0.574847936630249,-0.6882928013801575,0.7373331189155579,0.28528010845184326,-0.3218596577644348,-0.8721255660057068,-0.31228411197662354,-0.030180301517248154,-0.16742268204689026,-0.4738597869873047,-0.39301103353500366,-0.2040502279996872,0.8350388407707214,-0.07554729282855988,0.053644463419914246
0.28614288568496704,0.466996967792511,-0.028118789196014404,0.5601640939712524,0.7454801201820374,0.3981991112232208,0.13718247413635254,-0.4255234897136688,0.048265714198350906,0.6165201663970947,1.3883932828903198,0.05343273654580116,0.007914099842309952,-0.3935728073120117,-0.5251351594924927,-0.27371591329574585,0.3399559259414673,0.4879559576511383,-0.2567693293094635,-0.683968722820282,0.08662641793489456,-0.1118490993976593,-0.3267727196216583,-0.44909730553627014,-0.3786701560020447,-0.27245527505874634,0.6461542248725891,-0.2500506639480591,-0.06333518773317337
0.20310337841510773,0.16785958409309387,0.018423736095428467,0.5977199673652649,0.865436315536499,0.18957915902137756,0.23999804258346558,-0.40846654772758484,0.0851965993642807,0.8035944700241089,1.4958431720733643,-0.07082626223564148,0.057267408818006516,0.1922810971736908,-0.49808070063591003,-0.12584242224693298,0.34739208221435547,0.2915284335613251,-0.1649816930294037,-0.8959903717041016,-0.24146485328674316,-0.015635166317224503,-0.3651687502861023,-0.39319178462028503,-0.38983455300331116,-0.4009757339954376,0.8886434435844421,-0.4290449321269989,0.25358128547668457
0.15225166082382202,0.1987202763557434,-0.019894152879714966,0.44511979818344116,0.7845671772956848,0.19478583335876465,0.15941300988197327,-0.3737344443798065,0.08782225847244263,0.6806715130805969,1.1009700298309326,-0.1696101427078247,-0.003612428903579712,0.14800433814525604,-0.37892982363700867,-0.47856605052948,0.4868967533111572,0.4137454032897949,-0.40685388445854187,-0.856732964515686,-0.3718584179878235,-0.013689275830984116,-0.14706900715827942,-0.311360627412796,-0.27212461829185486,-0.09634849429130554,0.8374566435813904,0.04860690236091614,-0.0808020830154419
0.08707517385482788,0.34803661704063416,-0.06310348212718964,0.31286418437957764,0.5111610889434814,0.19098064303398132,0.06688585132360458,-0.3123297393321991,0.04080040380358696,0.6606999635696411,0.7115746140480042,-0.20332440733909607,0.10734261572360992,-0.05262921005487442,-0.2988134026527405,-0.2061847299337387,0.6262690424919128,0.5987116694450378,-0.12907379865646362,-0.8463769555091858,-0.17663639783859253,-0.07683391869068146,-0.32162806391716003,-0.4951349198818207,-0.43836405873298645,-0.3227616250514984,0.7456521391868591,-0.30781152844429016,-0.16880756616592407
0.09806419909000397,0.22894522547721863,-0.032588548958301544,0.40503406524658203,0.40694111585617065,0.19348546862602234,0.15354087948799133,-0.35781198740005493,0.06847846508026123,0.6075799465179443,0.6121734380722046,-0.11932176351547241,0.1455042064189911,0.10317406058311462,-0.3261825442314148,-0.06267081201076508,0.5367535948753357,0.48513367772102356,-0.16123247146606445,-0.7534783482551575,0.07698094844818115,-0.03582810238003731,-0.4109606444835663,-0.7259724736213684,-0.40418541431427,-0.3657982051372528,0.7665427327156067,-0.24801932275295258,0.12729211151599884
0.2657794952392578,0.34921950101852417,-0.04592213034629822,0.48076874017715454,0.6937242746353149,-0.03064122051000595,0.006723038852214813,-0.42628684639930725,0.06807507574558258,0.5999324321746826,0.9030364155769348,-0.4312724471092224,0.014038696885108948,0.28156381845474243,-0.43898674845695496,-0.3898703455924988,0.5715010762214661,0.48458585143089294,-0.35353031754493713,-0.8287537097930908,-0.3739839792251587,0.07779154181480408,-0.24584487080574036,-0.6640853881835938,-0.6109341979026794,-0.19191791117191315,0.886125385761261,-0.18983106315135956,-0.08269190043210983
0.1837083250284195,0.3054937720298767,-0.015040994621813297,0.4826575517654419,0.4435206651687622,0.1671079695224762,-0.1078355684876442,-0.2489069104194641,0.07266901433467865,0.5180227160453796,0.7744463086128235,-0.18474222719669342,0.03055347129702568,-0.0901455208659172,-0.2403327077627182,-0.3977600634098053,0.5753020644187927,0.4902271032333374,-0.2637500464916229,-0.8448850512504578,-0.23678666353225708,0.08496257662773132,-0.20690566301345825,-0.4796215295791626,-0.44174984097480774,-0.10390360653400421,0.7457452416419983,0.002762986347079277,-0.036859869956970215
0.3150308132171631,0.20507827401161194,-0.050750404596328735,0.4672742486000061,0.4075835943222046,0.19713056087493896,-0.08192510157823563,-0.20117303729057312,0.050534773617982864,0.5588845014572144,0.6287657022476196,-0.21280258893966675,-0.046722639352083206,0.09882089495658875,-0.33419737219810486,-0.4803289771080017,0.37111347913742065,0.3533764183521271,-0.41007664799690247,-0.7507568597793579,-0.12551724910736084,0.0861610621213913,0.024613387882709503,-0.328524112701416,-0.439133882522583,-0.10400456190109253,0.8010007739067078,-0.11851119250059128,-0.04266812652349472
0.13099230825901031,0.3724408745765686,-0.01239135954529047,0.4989163279533386,0.3977043628692627,-0.058020226657390594,0.01036585122346878,-0.1360170841217041,-0.021741550415754318,0.523920476436615,0.7780166268348694,-0.4424341022968292,0.09110330045223236,-0.11993493884801865,-0.4011581838130951,-0.40908509492874146,0.41671204566955566,0.383762925863266,-0.15700075030326843,-0.6884936094284058,-0.264733225107193,-0.15037162601947784,-0.3277554512023926,-0.6268008947372437,-0.2663660943508148,-0.3528493344783783,0.7472274303436279,-0.22642315924167633,0.09055091440677643
0.2683238387107849,0.39223092794418335,-0.04578697681427002,0.5288180112838745,0.5279344320297241,0.13743215799331665,0.003908954560756683,-0.29440197348594666,0.09606841206550598,0.5632154941558838,0.7631717324256897,-0.3309879004955292,-0.02287154272198677,0.10455714166164398,-0.437181293964386,-0.29873088002204895,0.47036659717559814,0.3863677978515625,-0.49448826909065247,-0.9343333840370178,0.10564250499010086,0.05385904386639595,-0.37187784910202026,-0.23823100328445435,-0.4514225721359253,-0.11736981570720673,0.8266797661781311,-0.168467178940773,-0.08641619980335236
0.055602774024009705,0.29109102487564087,-0.028436720371246338,0.513960063457489,0.35657262802124023,0.2035316526889801,0.004739455878734589,-0.2960602641105652,0.019621584564447403,0.5948938131332397,0.5884336829185486,-0.23514044284820557,0.07560086250305176,0.05511246249079704,-0.44557449221611023,-0.6190252304077148,0.4769335389137268,0.4752714931964874,-0.22711974382400513,-0.8218116164207458,-0.3955356478691101,-0.2106887251138687,-0.33908385038375854,-0.4008397161960602,-0.2882036566734314,-0.42453789710998535,0.805794894695282,-0.14655868709087372,0.07956787943840027
0.2093253880739212,0.28821051120758057,-0.0009054252877831459,0.5722854137420654,0.30361121892929077,0.039890579879283905,-0.0024716630578041077,-0.30406394600868225,0.055821146816015244,0.5094241499900818,0.7059950232505798,-0.4266946315765381,0.043377045542001724,0.14993241429328918,-0.39789649844169617,-0.251489520072937,0.3100787401199341,0.390447199344635,-0.3307604193687439,-0.7881209254264832,0.06150210648775101,0.17830829322338104,-0.5078337788581848,-0.462551474571228,-0.3868640661239624,-0.292939156293869,0.7838167548179626,-0.38700875639915466,-0.007026840001344681
0.2874717712402344,0.5044785141944885,-0.05933272838592529,0.750582218170166,0.9299060106277466,0.14128026366233826,0.17483755946159363,-0.2927916944026947,0.07253172993659973,0.697051465511322,1.3760643005371094,-0.11206917464733124,-0.034867096692323685,-0.13418158888816833,-0.754962682723999,-0.2976696491241455,0.5265008211135864,0.41916581988334656,-0.36300310492515564,-0.7711572647094727,-0.2570722699165344,-0.12603390216827393,-0.21878984570503235,-0.3324868977069855,-0.4643031358718872,-0.3118674159049988,0.7708724141120911,-0.2122359424829483,0.2510693073272705
0.21309979259967804,0.3190348744392395,-0.009176687337458134,0.5569062829017639,0.3717072010040283,0.31228554248809814,0.0965905413031578,-0.11260427534580231,0.05347057804465294,0.6435648202896118,0.8073297142982483,0.15065163373947144,-0.05016481503844261,-0.26054295897483826,-0.5327171087265015,-0.4419182538986206,0.49897485971450806,0.4833109974861145,-0.2254459708929062,-0.7648026943206787,-0.07764694839715958,0.02999848499894142,-0.29941534996032715,-0.6990491151809692,-0.4243732988834381,-0.5243325233459473,0.7519184947013855,-0.12425964325666428,-0.25237077474594116
-0.02908053994178772,0.20849063992500305,-0.047987788915634155,0.5340709686279297,0.5371777415275574,0.046899788081645966,-0.08849354833364487,-0.28191742300987244,0.011545930057764053,0.4740357995033264,0.8949645757675171,-0.2902781665325165,0.07199853658676147,0.23603713512420654,-0.3568633496761322,-0.2220180779695511,0.6843905448913574,0.5382192730903625,-0.2620394229888916,-0.8812347054481506,-0.23427948355674744,0.0397103987634182,-0.2206873595714569,-0.5947049856185913,-0.5523709654808044,0.122745081782341,0.7867458462715149,-0.29096367955207825,0.061665043234825134
0.15712547302246094,0.26104971766471863,-0.03485843539237976,0.5489446520805359,0.37644076347351074,0.030463777482509613,0.0530666783452034,-0.24702683091163635,0.08992308378219604,0.5782344937324524,0.7785603404045105,-0.29454684257507324,0.038533855229616165,0.12015305459499359,-0.41862860321998596,-0.5854479074478149,0.43739837408065796,0.4647065997123718,-0.3767891228199005,-0.8492715954780579,-0.16156789660453796,-0.032226141542196274,-0.20085814595222473,-0.7230740189552307,-0.4633018672466278,-0.6071125864982605,0.7974169254302979,0.012289552018046379,-0.26744869351387024
0.18675844371318817,0.4184023141860962,-0.0023941705003380775,0.6041198372840881,0.362646222114563,0.12769466638565063,-0.031273625791072845,-0.2096807360649109,0.04209195449948311,0.5526981353759766,0.7493672966957092,-0.2344074249267578,-0.031439200043678284,-0.1614091992378235,-0.5283479690551758,-0.6090628504753113,0.4502227306365967,0.29429295659065247,-0.4848056137561798,-0.7762206196784973,-0.2513889670372009,-0.0300191231071949,-0.22659635543823242,-0.2756724953651428,-0.28358039259910583,-0.03591200336813927,0.9145187139511108,-0.2565498650074005,0.06555706262588501
0.16318483650684357,0.13945379853248596,0.016093894839286804,0.6632547974586487,0.5852227807044983,-0.035247258841991425,0.127303808927536,-0.3661457598209381,0.06201518699526787,0.5683046579360962,0.8729354739189148,-0.45387357473373413,0.03969958797097206,0.40814539790153503,-0.5622539520263672,-0.18023386597633362,0.3625660538673401,0.5453734397888184,-0.35635945200920105,-0.820061445236206,-0.15292057394981384,-0.03916725888848305,-0.5072510838508606,-0.46632036566734314,-0.32261693477630615,-0.42512500286102295,0.7386325597763062,-0.4791003465652466,0.14856596291065216
-0.126128152012825,0.4196035861968994,-0.0879698246717453,0.5522981286048889,0.5412665605545044,-0.02788417786359787,-0.037459127604961395,-0.1828152984380722,0.017224516719579697,0.5839805603027344,0.6046237349510193,-0.3426624536514282,0.06487689912319183,-0.07377982884645462,-0.24208258092403412,-0.23174162209033966,0.5946798920631409,0.366166889667511,0.05873732268810272,-0.8482220768928528,-0.05157763510942459,-0.07048146426677704,-0.23398780822753906,-0.25521987676620483,-0.3008776903152466,-0.18097910284996033,0.7426429986953735,0.11203710734844208,-0.06073123961687088
0.12629762291908264,0.1198083832859993,-0.01683640480041504,0.6824501156806946,0.9146133661270142,0.10772114247083664,0.0619145929813385,-0.4274548590183258,0.07044152915477753,0.6217019557952881,1.3028697967529297,-0.17239513993263245,0.08498765528202057,0.11452864110469818,-0.3797367513179779,-0.31624534726142883,0.2588282823562622,0.3534104824066162,-0.4723592698574066,-0.8822599053382874,-0.2520875930786133,0.0019929520785808563,-0.1811545491218567,-0.7248100638389587,-0.6253278851509094,-0.14474540948867798,0.7919891476631165,-0.19991500675678253,0.010790012776851654
0.272026002407074,0.3323759138584137,-0.00207680556923151,0.7704963684082031,1.19456148147583,0.011797912418842316,0.04432443529367447,-0.3596046566963196,0.06403441727161407,0.6716427206993103,1.4214670658111572,-0.21784740686416626,0.027709145098924637,-0.10770975798368454,-0.664976954460144,-0.4095704257488251,0.46780091524124146,0.3972315788269043,-0.20176993310451508,-0.7295553684234619,-0.11664841324090958,-0.15378034114837646,-0.303554892539978,-0.5240328907966614,-0.5602250695228577,-0.19879494607448578,0.7821084856987,-0.21192815899848938,-0.04184383898973465
0.2835979461669922,0.26149794459342957,-0.06435305625200272,0.6226487755775452,0.9096941947937012,0.17262694239616394,0.24229580163955688,-0.30776455998420715,0.06401312351226807,0.6844263672828674,0.8919717073440552,-0.17564907670021057,0.05215991660952568,0.1449495553970337,-0.6258455514907837,-0.525775134563446,0.7103199362754822,0.6537927389144897,-0.4426782727241516,-0.8626189827919006,-0.4427231550216675,0.06448738276958466,-0.010985709726810455,-0.30838510394096375,-0.12307482957839966,-0.41004714369773865,0.7852551341056824,-0.04485642910003662,0.07244764268398285
0.24754227697849274,0.2617035508155823,0.028370529413223267,0.5877885818481445,0.46669459342956543,0.16810160875320435,-0.015381939709186554,-0.041133541613817215,0.06323689222335815,0.6213301420211792,0.8639960885047913,-0.10884582996368408,-0.07192932069301605,-0.1251228153705597,-0.5307716727256775,-0.38873544335365295,0.5197424292564392,0.3305061459541321,-0.31509527564048767,-0.7499389052391052,-0.15147021412849426,-0.02717575803399086,-0.36364346742630005,-0.5999976992607117,-0.4325989782810211,-0.400136798620224,0.8458308577537537,-0.3111706078052521,0.16157187521457672
-0.05570398271083832,0.30844852328300476,-0.07601439952850342,0.5521363615989685,0.5320055484771729,0.25679436326026917,-0.08585599809885025,-0.22451594471931458,-0.03869185224175453,0.5186318159103394,0.9274900555610657,-0.09120243787765503,0.09503348171710968,-0.3010220229625702,-0.24876032769680023,-0.5741329193115234,0.5501967668533325,0.4113351106643677,-0.24608120322227478,-0.7381292581558228,-0.1806151270866394,-0.05568637326359749,-0.4147632122039795,-0.5265278816223145,-0.4485415518283844,-0.05295972153544426,0.8070595860481262,-0.11514770984649658,-0.17502446472644806
0.1626632958650589,0.2644553780555725,0.018096625804901123,0.5271389484405518,0.5703805685043335,0.025407753884792328,0.13545969128608704,-0.44208216667175293,0.08068394660949707,0.5758414268493652,0.7590510249137878,-0.31374573707580566,0.022975627332925797,0.3710440397262573,-0.4833858609199524,-0.17940331995487213,0.28395238518714905,0.6013221740722656,-0.2020118236541748,-0.8265618085861206,-0.14472806453704834,0.20008495450019836,-0.22398987412452698,-0.4510526955127716,-0.5171939730644226,-0.38898468017578125,0.7728442549705505,-0.4399493634700775,-0.010085634887218475
-0.1438620388507843,0.38064202666282654,-0.05847078561782837,0.5408340692520142,0.2414102703332901,-0.009391777217388153,0.12493180483579636,-0.162802591919899,0.04059895500540733,0.5641076564788818,0.675492525100708,-0.4054717719554901,0.03967399522662163,0.04343383386731148,-0.20740163326263428,-0.1673358827829361,0.6455870866775513,0.3590640425682068,-0.31186074018478394,-0.8358897566795349,-0.08752518147230148,-0.1276206374168396,-0.2190338671207428,-0.608879029750824,-0.3304464817047119,-0.20903758704662323,0.9389378428459167,0.04291686415672302,0.01720476895570755
0.10927529633045197,0.229773610830307,-0.04214315116405487,0.5010069608688354,0.45451951026916504,0.11348038166761398,0.014733768999576569,-0.3369543254375458,0.05746646597981453,0.6191105246543884,0.8795880079269409,-0.27763301134109497,0.005199547857046127,0.0824679434299469,-0.4224630296230316,-0.4747939705848694,0.3298289477825165,0.28380286693573,-0.3094121217727661,-0.8296208381652832,-0.21477213501930237,-0.22305700182914734,-0.3974205255508423,-0.5385134816169739,-0.48061949014663696,-0.2819153368473053,0.756395161151886,-0.22732089459896088,0.1360975056886673
0.2871518135070801,0.3863238990306854,0.009950458072125912,0.5854647755622864,0.6613543033599854,0.00399027019739151,0.09308584779500961,-0.2237553894519806,0.10263948142528534,0.6670824885368347,0.9777818322181702,-0.2997947037220001,-0.12921155989170074,0.05443640053272247,-0.6250593662261963,-0.37885531783103943,0.5058280229568481,0.293758362531662,-0.2701517343521118,-0.8877094984054565,0.009499475359916687,0.07322187721729279,-0.3743535578250885,-0.5322209596633911,-0.5352177023887634,-0.13417771458625793,0.7598710656166077,-0.08453300595283508,-0.1438194364309311
-0.026964768767356873,0.21736106276512146,-0.02421991527080536,0.5246061086654663,0.3758208751678467,0.18163618445396423,0.1569317877292633,-0.27523431181907654,-0.006227407604455948,0.562854528427124,0.818473219871521,-0.20112937688827515,0.1529168337583542,0.09936577081680298,-0.32860028743743896,-0.3300342559814453,0.5386543869972229,0.6473886966705322,-0.3423420190811157,-0.7582922577857971,-0.38626667857170105,-0.09336936473846436,0.05099719017744064,-0.46093472838401794,-0.27730420231819153,-0.22075088322162628,0.7568499445915222,-0.0706738531589508,0.10828833281993866
0.03607499599456787,0.20950251817703247,0.033325567841529846,0.43072420358657837,0.15613819658756256,0.004008837044239044,-0.12902092933654785,-0.22019359469413757,0.06600059568881989,0.5070260167121887,0.6716706156730652,-0.37554216384887695,-0.022417116910219193,0.19446319341659546,-0.2733575105667114,-0.5109411478042603,0.42791807651519775,0.45579028129577637,-0.21536238491535187,-0.8212843537330627,0.051412515342235565,0.2501268684864044,-0.3530479073524475,-0.5502365827560425,-0.4649898409843445,-0.206666961312294,0.7643069624900818,-0.31481489539146423,-0.087674580514431
0.1916360706090927,0.4060722887516022,-0.07496339827775955,0.5838631987571716,0.2756059765815735,0.360897034406662,0.09171672910451889,-0.22112807631492615,0.055740613490343094,0.6042354106903076,0.768966555595398,0.0726880133152008,0.03811507299542427,-0.2927461564540863,-0.5361912250518799,-0.2368554025888443,0.43339401483535767,0.2911475896835327,-0.1929740607738495,-0.7990427613258362,-0.17265582084655762,-0.148801788687706,-0.20435801148414612,-0.3173472583293915,-0.3374980688095093,-0.45164987444877625,0.866324245929718,-0.1174432560801506,-0.026527777314186096
0.09630286693572998,0.3113487958908081,0.004540829919278622,0.39091408252716064,0.19484810531139374,0.39492741227149963,-0.1793261170387268,-0.2716372311115265,0.08560441434383392,0.5010930299758911,0.4307522177696228,-0.022622983902692795,-0.039147671312093735,-0.2424311339855194,-0.1885199397802353,-0.04319508746266365,0.5453302264213562,0.44556188583374023,-0.3270917236804962,-0.7762032747268677,-0.3646530508995056,0.057134222239255905,-0.3125230371952057,-0.5482973456382751,-0.4681571424007416,-0.018448036164045334,0.6843999624252319,-0.3052607476711273,0.08059492707252502
0.04468603432178497,0.2767707109451294,-0.0897529274225235,0.41694027185440063,0.15770672261714935,0.39371341466903687,-0.31396910548210144,-0.4062139093875885,0.050072718411684036,0.3279341459274292,0.017888538539409637,0.05115795508027077,0.15689757466316223,-0.22061964869499207,-0.22982168197631836,-0.46990063786506653,0.5201192498207092,0.4632452726364136,-0.1874905824661255,-0.7624570727348328,-0.03764554113149643,-0.03428497537970543,-0.35623547434806824,-0.8267956376075745,-0.4359331727027893,-0.5377918481826782,0.8517196774482727,-0.13304822146892548,0.016810491681098938
0.337706983089447,0.05827461928129196,0.010806947015225887,0.5687112212181091,0.04814194142818451,0.22181293368339539,-0.29349976778030396,-0.3992997705936432,0.15655001997947693,0.36045974493026733,-0.022999994456768036,-0.19144052267074585,0.007711075246334076,0.2739052474498749,-0.33942514657974243,-0.31892213225364685,0.3453083634376526,0.36565712094306946,-0.359488844871521,-0.934048593044281,-0.2633437216281891,0.16643112897872925,-0.7017612457275391,-0.39029234647750854,-0.5801823139190674,-0.2767622768878937,0.9394431710243225,-0.26156577467918396,-0.04743509367108345
0.2775927186012268,0.4003257751464844,-0.11280956864356995,0.5251581072807312,0.49268585443496704,0.31369757652282715,0.048751749098300934,-0.3110324442386627,0.01857120171189308,0.5330631136894226,0.38485491275787354,0.06871044635772705,0.03324100747704506,-0.22197899222373962,-0.7285028696060181,-0.4550083875656128,0.4311976432800293,0.3305327594280243,-0.44571077823638916,-0.691210150718689,-0.12457636743783951,-0.22156858444213867,0.11979692429304123,-0.3543524146080017,-0.3369081914424896,-0.24191786348819733,0.7650145888328552,-0.16801945865154266,0.14121776819229126
0.1833423525094986,0.10960569232702255,-0.006797299720346928,0.5404484272003174,0.35698819160461426,0.10657166689634323,-0.07371648401021957,-0.34157678484916687,0.09547248482704163,0.49548327922821045,0.5532209277153015,-0.26085659861564636,0.08096019923686981,0.35748812556266785,-0.48345303535461426,-0.453644335269928,0.5502513647079468,0.54445481300354,-0.1773895025253296,-0.8503050804138184,-0.29489317536354065,0.14826226234436035,-0.45302000641822815,-0.719517707824707,-0.5042285919189453,-0.25273841619491577,0.8033737540245056,-0.11507079005241394,-0.1925228238105774
0.36078232526779175,0.5309823155403137,-0.041705936193466187,0.6896193623542786,0.6963930130004883,-0.038096629083156586,0.06157868355512619,-0.22117456793785095,0.024890165776014328,0.6450675129890442,0.7656348943710327,-0.3582080602645874,-0.09179484099149704,-0.16521751880645752,-0.7388535737991333,-0.2770657539367676,0.4606328010559082,0.4013063907623291,-0.39603912830352783,-0.8427993655204773,0.08929101377725601,-0.16104793548583984,-0.23109382390975952,-0.5490278005599976,-0.36245477199554443,-0.4340516924858093,0.7449479103088379,-0.3255191147327423,0.18344460427761078
-0.002488359808921814,0.28649672865867615,-0.04832997918128967,0.5852295160293579,0.7620460391044617,0.12074180692434311,0.019353561103343964,-0.42666688561439514,0.01860663667321205,0.5598556995391846,0.9906168580055237,-0.3263366222381592,0.11666034162044525,0.21526983380317688,-0.48518887162208557,-0.5401169657707214,0.49465006589889526,0.4406173825263977,-0.4478112757205963,-0.8439548015594482,-0.5778456926345825,0.030047547072172165,-0.3840201199054718,-0.4070291817188263,-0.35016393661499023,-0.2910570502281189,0.7800836563110352,-0.14769499003887177,-0.05773087590932846
0.04109589755535126,0.4089597761631012,-0.07826567441225052,0.44641655683517456,0.49501514434814453,0.1336938738822937,-0.03942827135324478,-0.2387559711933136,0.024104226380586624,0.6284506320953369,0.7760021686553955,-0.2504798173904419,-0.0948508009314537,-0.05179563909769058,-0.37454625964164734,-0.3112640976905823,0.38224542140960693,0.40492257475852966,-0.2867763936519623,-0.8705256581306458,0.13318687677383423,-0.01794569194316864,-0.1855660378932953,-0.4492371082305908,-0.5889231562614441,-0.36692187190055847,0.763751745223999,-0.19993343949317932,-0.04995777830481529
-0.04570147395133972,0.37543556094169617,0.006073563359677792,0.5847585201263428,0.42037492990493774,0.11598791927099228,-0.07535437494516373,-0.28008121252059937,0.05823047086596489,0.5894002914428711,0.6820123791694641,-0.16089405119419098,0.04868345335125923,-0.05039440095424652,-0.34023043513298035,-0.5020868182182312,0.5694453120231628,0.512290894985199,-0.17503568530082703,-0.8658358454704285,-0.42048245668411255,0.05311454460024834,-0.252206027507782,-0.4541773796081543,-0.3650025725364685,-0.04168073460459709,0.7914939522743225,0.13910652697086334,-0.08630385994911194
-0.06854820251464844,0.3497847318649292,-0.04171288013458252,0.4964142441749573,0.2434091717004776,0.02971724420785904,0.10317569226026535,-0.1194511353969574,-0.027254998683929443,0.5494543313980103,0.7162511944770813,-0.27744007110595703,0.023251209408044815,0.050612933933734894,-0.39645639061927795,-0.22840070724487305,0.4695410132408142,0.5071957111358643,-0.375005304813385,-0.769624650478363,-0.020407475531101227,-0.06450209021568298,-0.010828696191310883,-0.6157582402229309,-0.2830227315425873,-0.188158318400383,0.7472855448722839,-0.37505656480789185,0.2239130586385727
-0.10591688752174377,0.2283409833908081,-0.07267142832279205,0.5565305948257446,0.426674485206604,-0.1868327260017395,0.10823648422956467,-0.22718635201454163,-0.009524744004011154,0.5433437824249268,0.8320476412773132,-0.5367233753204346,0.13378691673278809,0.10311567783355713,-0.2908055782318115,-0.15900875627994537,0.2756565809249878,0.2564394772052765,-0.2631336748600006,-0.8333757519721985,-0.15834704041481018,0.10283780097961426,-0.4594064950942993,-0.46333047747612,-0.5856571793556213,-0.4269782602787018,0.8598971366882324,-0.11387807875871658,-0.2460794597864151
-0.0762987732887268,0.16730862855911255,0.01321482565253973,0.49221211671829224,0.4701122045516968,0.06979351490736008,0.10807204991579056,-0.2958774268627167,0.09936465322971344,0.7127016186714172,0.8027288913726807,-0.17374341189861298,-0.06203357130289078,0.14625586569309235,-0.5296491384506226,-0.31820547580718994,0.5593347549438477,0.529589831829071,-0.25680527091026306,-0.7550809979438782,-0.3620629906654358,-0.17954352498054504,-0.18040189146995544,-0.3581763207912445,-0.24725306034088135,-0.2157713621854782,0.7689594030380249,-0.2578471302986145,0.29933756589889526
-0.020467594265937805,0.33814167976379395,-0.030421778559684753,0.5711557269096375,0.4990938901901245,0.13549146056175232,0.05484897643327713,-0.18420478701591492,0.009021151810884476,0.6457619667053223,0.8486691117286682,-0.20579078793525696,-0.02555990219116211,-0.10681767016649246,-0.3706962466239929,-0.430026113986969,0.3718978762626648,0.3275144696235657,-0.27680572867393494,-0.8661523461341858,-0.13100749254226685,0.07782720029354095,-0.3079168200492859,-0.5143730044364929,-0.37270402908325195,-0.19291815161705017,0.8236262798309326,-0.02291630394756794,0.05659650266170502
0.11218543350696564,0.27338001132011414,-0.026326477527618408,0.5559569001197815,0.35209059715270996,0.1731041669845581,0.14740699529647827,-0.3394235372543335,0.09386444091796875,0.5409330725669861,0.8319730758666992,-0.16048254072666168,0.12685874104499817,0.19850647449493408,-0.5899101495742798,-0.17106641829013824,0.46372389793395996,0.5070841908454895,-0.31517794728279114,-0.7443584203720093,-0.12347479164600372,-0.018402334302663803,-0.12381177395582199,-0.39537379145622253,-0.536649227142334,-0.33517566323280334,0.7727537751197815,-0.3358759582042694,-0.21396254003047943
-0.10468003153800964,0.18983516097068787,-0.002147064544260502,0.5706537365913391,0.5517584681510925,0.02376813441514969,-0.1400029957294464,-0.2161952257156372,0.02199438586831093,0.6062953472137451,0.9041504859924316,-0.24418684840202332,0.03317403420805931,0.1655844748020172,-0.26948437094688416,-0.30126339197158813,0.7262149453163147,0.47701796889305115,-0.2918400764465332,-0.8319957852363586,-0.2608488202095032,0.05062710866332054,-0.442460298538208,-0.7033308148384094,-0.398372083902359,-0.29526764154434204,0.849526047706604,-0.1675681173801422,0.020864032208919525
0.16095049679279327,0.15018177032470703,0.0004172166809439659,0.6509540677070618,0.6814072728157043,0.042251162230968475,0.06537969410419464,-0.27048632502555847,0.056197527796030045,0.602466344833374,1.0548059940338135,-0.21099542081356049,0.0480814091861248,-0.024071648716926575,-0.5736503005027771,-0.3039785623550415,0.4545201063156128,0.634434163570404,-0.3712465763092041,-0.8591096997261047,-0.02208523452281952,0.12049908936023712,-0.25036317110061646,-0.6691780090332031,-0.6970018744468689,-0.27181902527809143,0.7615095973014832,-0.3397808074951172,-0.1312084197998047
0.10130438208580017,0.2730647027492523,-0.015792980790138245,0.5037130117416382,0.6308225989341736,0.25022169947624207,-0.25040480494499207,-0.30932489037513733,0.0748426616191864,0.5761170387268066,1.03761887550354,-0.11214548349380493,-0.15174490213394165,-0.3158281147480011,-0.3495967984199524,-0.47248736023902893,0.5825091600418091,0.40381577610969543,-0.19816173613071442,-0.7608999013900757,-0.32204365730285645,-0.022925730794668198,-0.28177762031555176,-0.6866891384124756,-0.40782660245895386,-0.23368121683597565,0.7789092659950256,-0.16171489655971527,0.105659618973732
0.06119164824485779,0.29968178272247314,-0.046325087547302246,0.48380863666534424,0.34615206718444824,0.3965831696987152,-0.2755264639854431,-0.3667091429233551,0.053178537636995316,0.44980865716934204,0.5703506469726562,-0.07497960329055786,0.040672894567251205,-0.12403937429189682,-0.27225375175476074,-0.5733935236930847,0.4069172739982605,0.37696677446365356,-0.3702341914176941,-0.8307763338088989,-0.08840162307024002,-0.03815417364239693,-0.4120465815067291,-0.21547573804855347,-0.252227783203125,-0.3130967915058136,0.7843937277793884,-0.1840277761220932,0.021435290575027466
