obs_0,obs_1,obs_2,obs_3,obs_4,obs_5,obs_6,obs_7,obs_8,obs_9,obs_10,obs_11,obs_12,obs_13,obs_14,obs_15,obs_16,obs_17,obs_18,obs_19,obs_20,obs_21,obs_22,obs_23,obs_24,obs_25,obs_26,obs_27,obs_28,obs_29,obs_30,obs_31,obs_32,obs_33,obs_34,obs_35,obs_36,obs_37,obs_38,obs_39,obs_40,obs_41,obs_42,obs_43,obs_44,obs_45,obs_46,obs_47,obs_48,obs_49,obs_50,obs_51,obs_52,obs_53,obs_54,obs_55,obs_56,obs_57,obs_58,obs_59,obs_60,obs_61,obs_62,obs_63,obs_64,obs_65,obs_66,obs_67,obs_68,obs_69,obs_70,obs_71,obs_72,obs_73,obs_74,obs_75,obs_76,obs_77,obs_78,obs_79,obs_80,obs_81,obs_82,obs_83,obs_84,obs_85,obs_86,obs_87,obs_88,obs_89,obs_90,obs_91,obs_92,obs_93,obs_94,obs_95
-0.035909928381443024,-0.020797450095415115,0.03081757202744484,0.031627725809812546,0.006831329315900803,-0.9784136414527893,-0.07493866235017776,-0.02253899537026882,-0.0022599585354328156,0.3182125985622406,-0.18588049709796906,-0.024688666686415672,-0.11711001396179199,0.01623324118554592,0.031389787793159485,0.31195780634880066,-0.1906413584947586,-0.024764183908700943,0.008992556482553482,0.034208618104457855,0.034435518085956573,-0.002952821087092161,0.09806666523218155,0.0963580310344696,-0.002764817327260971,-0.1685505360364914,-0.019997209310531616,-0.008858847431838512,-0.019286544993519783,-0.12199386954307556,-0.1195068284869194,0.025864584371447563,0.2233116626739502,-0.010564625263214111,0.005498237907886505,0.02542850933969021,-0.021489357575774193,0.0635906383395195,0.013058478012681007,0.03632267937064171,-0.009104716591536999,-0.017194164916872978,0.05171464756131172,-0.036644767969846725,-0.048363734036684036,0.06718430668115616,0.0169075857847929,-0.06766306608915329,0.004878103733062744,0.027303695678710938,0.011798376217484474,-0.017580414190888405,-0.05444939807057381,-0.01607339456677437,0.029097115620970726,-0.03771514073014259,-0.013938188552856445,-0.013756930828094482,-0.007921719923615456,-0.022131621837615967,0.07297178357839584,0.05320662260055542,-0.01574178971350193,0.06611306965351105,0.0,0.0,0.0,0.0,0.0,0.0,0.0,0.0,0.0,0.0,0.0,0.0,0.0,0.0,0.0,0.0,0.0,0.0,0.0,0.0,0.0,0.0,0.0,0.0,0.0,0.0,0.0,0.0,0.0,0.0,-0.0,-0.0
0.10497888922691345,0.20246650278568268,0.09416525065898895,0.04353440925478935,-0.04250361770391464,-0.9985659718513489,-0.045365869998931885,-0.026949353516101837,0.00908488966524601,0.23251774907112122,-0.09698779135942459,0.003026168793439865,-0.06466632336378098,0.0137837715446949,-0.0009890878573060036,0.1858351081609726,-0.07722530514001846,0.004407790489494801,-0.0005383305251598358,0.015001675114035606,0.0075262486934661865,0.00817793421447277,0.0965302512049675,0.09714790433645248,-0.015045833773911,-0.19320137798786163,-0.010002171620726585,0.013083498924970627,-0.009163592010736465,-0.10852781683206558,-0.10004790127277374,-0.012777572497725487,0.2095295786857605,-0.012869714759290218,6.620213389396667e-05,0.02218155935406685,0.01753372512757778,0.029332328587770462,-0.1795758455991745,0.15019281208515167,0.04590321704745293,0.10185370594263077,0.004190891981124878,-0.016553521156311035,-0.24462170898914337,0.24568109214305878,0.08341522514820099,-0.006046897266060114,-0.1051669716835022,-0.13237133622169495,0.019527215510606766,-9.130835678661242e-05,-0.01064909715205431,-0.03355502709746361,0.033102359622716904,0.08294787257909775,0.00969396810978651,0.03576510027050972,-0.016776068136096,-0.04647964984178543,-0.107723169028759,-0.036456137895584106,-0.0033088624477386475,-0.03666923567652702,0.09101337194442749,0.42819681763648987,-0.10753104090690613,0.5328272581100464,0.33144611120224,0.3731900751590729,0.016030780971050262,-0.22548815608024597,0.026138532906770706,0.42499420046806335,0.4999297857284546,0.1083877831697464,0.1369021236896515,-0.5155351161956787,-0.6153756380081177,-0.4289422929286957,0.5134621858596802,0.633490264415741,-0.26863670349121094,-0.9396999478340149,-0.12564986944198608,0.2021940052509308,-0.41221269965171814,-0.3292483985424042,-0.2175685167312622,-0.6069380044937134,0.5438711047172546,-0.21566139161586761,-0.0459102988243103,0.0,-0.0,-0.0
0.04072770103812218,-0.1553165465593338,-0.12559618055820465,-0.0007752366364002228,-0.007897399365901947,-0.9568313956260681,-0.008799356408417225,-0.009425535798072815,0.008982481434941292,0.19457758963108063,-0.12015780061483383,0.0032786447554826736,-0.044937968254089355,0.008017471060156822,0.016571052372455597,0.16434945166110992,-0.10670849680900574,-0.00012212619185447693,-0.00520120095461607,-0.0015601888298988342,-0.002853178419172764,0.004343264736235142,0.10942377150058746,0.10887634009122849,-0.006100466940551996,-0.19597603380680084,-0.018503282219171524,-0.007991094142198563,0.004138471558690071,-0.09123317152261734,-0.10304795950651169,0.001485009677708149,0.20260734856128693,0.007632158696651459,-0.0025647543370723724,0.09502003341913223,-0.05187806114554405,-0.018074030056595802,-0.1031152531504631,-0.05632425472140312,-0.051183827221393585,0.11543110758066177,-0.027590397745370865,-0.008760846219956875,-0.0064508202485740185,-0.21053779125213623,-0.07792207598686218,-0.016959000378847122,-0.04818693548440933,-0.028320187702775,-0.06322061270475388,0.08969246596097946,-0.047831084579229355,-0.060226913541555405,-0.002943712519481778,0.006399500649422407,-0.03570833429694176,-0.01701541058719158,0.004446172621101141,0.016041582450270653,-0.0064994278363883495,0.027489138767123222,0.06722760200500488,-0.011011123657226562,-0.11814023554325104,0.15515130758285522,0.02589695155620575,0.5861874222755432,-0.22438573837280273,0.2060537338256836,0.02664949744939804,-0.04640078917145729,0.006341550499200821,0.8348299264907837,0.25481051206588745,0.15768231451511383,0.013730049133300781,-0.013909928500652313,-0.018368713557720184,-0.15104299783706665,0.47063058614730835,0.3296089768409729,-0.1604352444410324,-0.8700461983680725,-0.2257091999053955,-0.16941000521183014,-0.1896837055683136,-0.2630719840526581,-0.27473318576812744,0.08256134390830994,0.798788845539093,0.1912463903427124,0.037904173135757446,0.0,-0.0,-0.0
-0.05586075782775879,0.041685525327920914,0.09065389633178711,0.03130994364619255,0.024788152426481247,-1.0253974199295044,-0.005356922280043364,0.0049514733254909515,-0.002264327835291624,0.17558324337005615,-0.17255379259586334,-0.005444166250526905,-0.05149544030427933,0.025023946538567543,-0.006727166008204222,0.17559091746807098,-0.11230486631393433,-0.030152076855301857,-0.00023952685296535492,0.016160523518919945,-0.009173234924674034,-0.017443126067519188,0.09860283881425858,0.1075921505689621,-0.0019982364028692245,-0.19667266309261322,-0.015369911678135395,0.0033398298546671867,-0.007022068835794926,-0.08418361842632294,-0.08989494293928146,-0.0019844062626361847,0.17875756323337555,-0.013626511208713055,0.011816145852208138,-0.05766868218779564,-0.008240443654358387,0.048179030418395996,0.059957634657621384,-0.010931498371064663,-0.07179275900125504,-0.05859602615237236,0.01694309711456299,0.009293818846344948,0.10034830868244171,0.00811766367405653,0.016878098249435425,0.06539987772703171,-0.08451300114393234,-0.013274788856506348,-0.030407533049583435,-0.0513729564845562,-0.05153169855475426,0.0903908833861351,-0.032680757343769073,-0.011758202686905861,-0.03219619393348694,0.009765952825546265,0.10749731212854385,0.05750298500061035,0.005285692401230335,-0.07252106815576553,0.023171234875917435,0.0018562078475952148,-0.5964123606681824,0.13817906379699707,-0.010763035155832767,0.6324352622032166,0.23651821911334991,-0.014048345386981964,0.22710293531417847,-0.3076564371585846,-0.03907306119799614,0.9909487962722778,1.983360767364502,0.05068014934659004,0.105820432305336,-0.09004464000463486,-0.06546451896429062,-0.04530935361981392,0.24121077358722687,0.4842745065689087,-0.056522876024246216,-0.8533837795257568,-0.04203338176012039,0.045185741037130356,-0.3042736351490021,-0.35869836807250977,-0.32814744114875793,-0.22973458468914032,0.5786803960800171,-0.31978413462638855,0.12988391518592834,0.0,-0.0,-0.0
0.02684081718325615,-0.02636876329779625,0.044429320842027664,0.019626643508672714,0.05494273081421852,-1.0417778491973877,0.012415442615747452,-3.6207959055900574e-05,0.0002698823809623718,0.14814400672912598,-0.1729469895362854,0.009356888011097908,-0.034989725798368454,0.038431525230407715,-0.009806311689317226,0.14881551265716553,-0.11252585053443909,-0.029266254976391792,0.002030625008046627,-0.0010993489995598793,-0.004304798319935799,0.003740229643881321,0.09191388636827469,0.10093632340431213,0.01226794347167015,-0.20356465876102448,0.001414656639099121,0.00864761509001255,0.0016424395143985748,-0.09855613112449646,-0.09140211343765259,0.009687494486570358,0.18640585243701935,-0.0062946742400527,0.006461722776293755,0.13747291266918182,-0.0367317870259285,-0.05793234333395958,-0.13935939967632294,0.046349357813596725,-0.02662685327231884,0.07901864498853683,-0.04899713024497032,-0.06871316581964493,-0.049162205308675766,0.008300411514937878,-0.004868316929787397,0.031717684119939804,-0.007216250989586115,0.04504745081067085,-0.03616940602660179,-0.06789714097976685,-0.023632198572158813,-0.04689322039484978,0.013623065315186977,0.05458664894104004,-0.002496409462764859,-0.010743833146989346,0.010600549168884754,-0.003870117710903287,-0.04077976197004318,0.026535987854003906,0.00999915599822998,0.020715797320008278,0.2453094869852066,0.01151258498430252,-0.040827229619026184,0.36171168088912964,0.6147145628929138,0.1062803640961647,0.2489430010318756,-0.5563184022903442,0.09301094710826874,0.5907019376754761,1.5417070388793945,-0.3127211332321167,0.05051303282380104,0.09289678186178207,-0.4271935224533081,-0.07006565481424332,0.643437385559082,0.6371392011642456,-0.36023303866386414,-0.7905067205429077,0.021396808326244354,0.08822409808635712,-0.3050643801689148,-0.9719451665878296,-0.7377910614013672,-0.3282090723514557,0.838482141494751,-0.3744811415672302,-0.2036670446395874,0.0,-0.0,-0.0
0.011003989726305008,-0.01829318329691887,-0.07122565805912018,-0.029949793592095375,0.0008313469588756561,-0.9810014963150024,0.04469989240169525,0.012611432000994682,-0.007395134307444096,0.1280091106891632,-0.1463981568813324,-0.006808748468756676,-0.01984403468668461,0.019558200612664223,-0.00932200625538826,0.1331171691417694,-0.10432187467813492,-0.027609821408987045,0.007067551836371422,-0.021253438666462898,-0.022741034626960754,-0.0010318132117390633,0.08828970044851303,0.10832063108682632,0.02783907763659954,-0.2030409276485443,-0.0013811420649290085,0.00397877674549818,0.005246652290225029,-0.09666204452514648,-0.0959700420498848,-0.0013007363304495811,0.19852173328399658,-0.023639146238565445,0.007496237754821777,0.0677882581949234,0.05439270660281181,-0.04373083636164665,-0.011249798350036144,-0.01545409020036459,0.04104771837592125,0.04623537138104439,-0.0019951702561229467,0.011473036371171474,-0.04445356875658035,-0.07078629732131958,0.06644531339406967,0.014120722189545631,-0.0020302534103393555,-0.05603865534067154,0.024638820439577103,0.08352295309305191,0.049138616770505905,0.10176706314086914,0.06646411865949631,0.0014172792434692383,-0.06169890984892845,0.04416840150952339,0.07692011445760727,-0.001092284917831421,0.06750833988189697,0.053764283657073975,0.032559122890233994,0.04250192642211914,0.3811022639274597,0.2963789701461792,0.008498742245137691,0.7616926431655884,1.487343668937683,-0.10367321223020554,0.3875390291213989,-0.5891344547271729,0.10213392972946167,0.9598517417907715,1.6572874784469604,-0.3105486035346985,0.050604794174432755,0.29301905632019043,-0.6057194471359253,-0.35693788528442383,0.7139940857887268,0.4740590453147888,-0.3646981418132782,-0.8595781922340393,-0.36304911971092224,-0.04420631006360054,-0.2487301230430603,-0.3892611861228943,-0.4537929892539978,-0.1564130187034607,0.8629252314567566,-0.19046130776405334,-0.03152155876159668,0.0,-0.0,-0.0
-0.03638521581888199,-0.13946717977523804,0.043064769357442856,-0.03803520277142525,-0.005835704505443573,-0.9935324788093567,0.048033758997917175,0.007875161245465279,-0.006937478668987751,0.09762062132358551,-0.13838407397270203,-0.0019443603232502937,-0.017574330791831017,0.02034999243915081,-0.016178980469703674,0.14543303847312927,-0.10961199551820755,-0.023198068141937256,0.01520402543246746,-0.022595681250095367,0.000942448154091835,0.01037539355456829,0.09567837417125702,0.0942063182592392,0.018644841387867928,-0.20441149175167084,0.006429294124245644,-0.0002258559688925743,0.006381461396813393,-0.10214563459157944,-0.10847891122102737,-0.0007822941988706589,0.18688911199569702,-0.012671717442572117,-0.01722986437380314,-0.03466879948973656,-0.03548112139105797,0.025090301409363747,0.020169949159026146,-0.05090862512588501,0.10343756526708603,0.022582901641726494,-0.0796997994184494,-0.0633891224861145,-0.04736241698265076,-0.051337938755750656,0.08972113579511642,0.07528835535049438,-0.021646786481142044,0.0498204231262207,0.06768389046192169,0.0030040086712688208,0.01337889488786459,-0.06714960932731628,-0.05863751098513603,-0.02014186419546604,-0.02992190793156624,-0.02457880973815918,-0.08741038292646408,0.016960913315415382,-0.009504723362624645,0.028477026149630547,0.030891073867678642,-0.04055462032556534,0.10514339804649353,0.17303046584129333,0.029197603464126587,0.4560304284095764,1.3077807426452637,-0.2730247378349304,0.021312423050403595,-0.62797611951828,0.04656459763646126,0.6508368253707886,0.9990351796150208,-0.5184928774833679,-0.023832004517316818,0.5379883050918579,-0.01656869798898697,-0.4220706820487976,0.3825162649154663,0.21125510334968567,-0.6311831474304199,-0.8402041792869568,-0.3593761920928955,-0.05789290741086006,-0.4338345229625702,-0.7415820956230164,-0.651491641998291,-0.34897586703300476,0.7596094608306885,-0.1630549132823944,-0.19203472137451172,0.0,-0.0,-0.0
-0.07109299302101135,0.22013680636882782,0.02283785119652748,0.033087801188230515,-0.0014461725950241089,-1.0173803567886353,0.06101685017347336,0.0007310090586543083,-0.0061384025029838085,0.09434709697961807,-0.13565653562545776,0.008058210834860802,-0.01121748611330986,0.032607100903987885,-0.003572830930352211,0.13859035074710846,-0.10887928307056427,-0.032866232097148895,0.0065748076885938644,-0.005575302988290787,-0.0029153749346733093,0.016011716797947884,0.08763837069272995,0.08601260930299759,0.034435875713825226,-0.2058591991662979,0.009417327120900154,0.009498070925474167,0.0009184302762150764,-0.10982231050729752,-0.11869529634714127,-0.0026362091302871704,0.19848491251468658,-0.008746429346501827,-0.008285822346806526,0.01413649320602417,0.0030235827434808016,0.00547255901619792,-0.12504255771636963,0.036498140543699265,-0.014495945535600185,0.035651352256536484,-0.068214550614357,0.04604342207312584,-0.03655317425727844,0.02051614597439766,-0.07460623979568481,-0.04528847709298134,0.04879789426922798,-0.07391800731420517,0.10307823866605759,0.006899994798004627,-0.010907977819442749,-0.04833120480179787,-0.022502213716506958,0.056935667991638184,0.039216410368680954,-0.04148223623633385,0.026848768815398216,-0.010138225741684437,-0.003695541759952903,0.06274731457233429,-0.06785591691732407,0.034654952585697174,0.4408491253852844,0.33267736434936523,-0.027082189917564392,0.5074787735939026,1.355525016784668,-0.4193049371242523,0.0471697598695755,-0.45354780554771423,0.10811787843704224,0.5947970151901245,0.6358283162117004,-0.6534507274627686,-0.02588043361902237,0.4951057732105255,-0.49078553915023804,-0.4636583924293518,0.5593069791793823,0.5045816898345947,-0.31884855031967163,-0.7982053160667419,-0.17307305335998535,0.0973697155714035,-0.24307996034622192,-0.2996257543563843,-0.3991895616054535,-0.1359146237373352,0.8130800127983093,-0.07944071292877197,0.16485843062400818,0.0,-0.0,-0.0
-0.0007218532264232635,-0.17479652166366577,0.007651213556528091,0.0310894213616848,-0.037211447954177856,-1.0051507949829102,0.06654271483421326,-0.00468468526378274,-0.004005249124020338,0.07190755754709244,-0.11971292644739151,0.013500701636075974,-0.010952500626444817,0.0228694137185812,-0.01235654205083847,0.1501162350177765,-0.11487258970737457,-0.023262977600097656,0.02024041675031185,-0.005273664835840464,0.0038537979125976562,0.007076894864439964,0.09598306566476822,0.08972351998090744,0.03326678276062012,-0.2048596739768982,0.007484877482056618,-0.001434633508324623,-0.010785856284201145,-0.11525797098875046,-0.1227998360991478,-0.0015372196212410927,0.19912107288837433,-0.00814281776547432,-0.005387934856116772,0.06077847629785538,-0.002876877784729004,-0.0037573277950286865,0.03531567007303238,0.04962046071887016,0.059185661375522614,-0.007824653759598732,0.01966230385005474,-0.025363892316818237,0.09009399265050888,-0.031935915350914,-0.028915077447891235,0.04709458351135254,-0.014188909903168678,0.03277989849448204,-0.10804037004709244,-0.03038761578500271,0.03852400928735733,0.010304761119186878,0.011703163385391235,-0.08306936174631119,-0.04174200817942619,-0.09210428595542908,0.02185732126235962,-0.04673201963305473,-0.05422931909561157,-0.05680262669920921,0.05064952373504639,0.06798990815877914,0.5638518333435059,0.21100065112113953,-0.011030660010874271,0.7084308862686157,1.4628225564956665,-0.17326170206069946,0.27191972732543945,-0.4359675347805023,0.024521607905626297,0.9785304069519043,0.943371593952179,-0.3285142183303833,0.010979931801557541,0.1752932071685791,-0.34309643507003784,-0.8334824442863464,0.5831458568572998,0.457645446062088,-0.6225746870040894,-0.7489361763000488,-0.5359835624694824,-0.09072013199329376,-0.010345853865146637,-0.3864649534225464,-0.2929248511791229,-0.07095445692539215,0.7571230530738831,0.10185295343399048,0.1059190034866333,0.0,-0.0,-0.0
0.007635403424501419,0.16024397313594818,0.03327285870909691,-0.05969402566552162,0.015002001076936722,-1.0380617380142212,0.0616944283246994,-0.017230980098247528,-0.005495655350387096,0.0794827938079834,-0.12800127267837524,0.013264806941151619,-0.021121157333254814,0.02188720740377903,-0.0056785400956869125,0.14762824773788452,-0.12565021216869354,-0.009465653449296951,0.011764230206608772,0.005147536285221577,-0.016697991639375687,0.020044805482029915,0.09738337248563766,0.10483717918395996,0.01941046118736267,-0.18931569159030914,0.01933102123439312,-0.00782160647213459,0.003388073295354843,-0.10408686101436615,-0.09904798865318298,-0.000328579917550087,0.18341673910617828,-0.010676206089556217,0.0070800334215164185,-0.034940265119075775,0.03869283199310303,0.06164855882525444,-0.0007721662404946983,0.09524288028478622,0.05965254455804825,-0.018182218074798584,-0.05567505583167076,-0.050341274589300156,-0.06907419115304947,0.03514279052615166,0.020924925804138184,0.019919896498322487,0.019611036404967308,-0.11749038845300674,-0.04182670637965202,0.07483775913715363,0.057429660111665726,-0.07114457339048386,0.00934681948274374,-0.05201997235417366,0.021667420864105225,0.0491008423268795,-0.046882834285497665,0.07549667358398438,-0.03162325173616409,-0.047738391906023026,0.0032418847549706697,-0.057253431528806686,0.5251865983009338,0.3599962890148163,0.008544339798390865,0.5427113175392151,1.2120094299316406,-0.0398162379860878,0.19950711727142334,-0.4789344370365143,0.09745463728904724,0.6665473580360413,0.7989917397499084,-0.270702987909317,0.045117709785699844,0.27222761511802673,-0.5649322271347046,-0.16073162853717804,0.5302618741989136,0.4920487403869629,-0.42469215393066406,-0.7308865189552307,-0.11678750067949295,-0.014309320598840714,-0.023296289145946503,-0.3630182147026062,-0.14861667156219482,-0.0541759692132473,0.707927405834198,-0.11936121433973312,0.006366506218910217,0.0,-0.0,-0.0
-0.04750719666481018,-0.16889041662216187,-0.06534178555011749,-0.06372947990894318,0.004386939108371735,-1.0078978538513184,0.07088864594697952,-0.006434150971472263,-0.007355356588959694,0.06283825635910034,-0.12480538338422775,0.0023366957902908325,-0.0037598349153995514,0.016510846093297005,-0.008203941397368908,0.138747900724411,-0.10412552952766418,-0.013701224699616432,-0.000949520617723465,0.006484901532530785,0.005082764662802219,0.010144803673028946,0.09053908288478851,0.08822931349277496,0.024628257378935814,-0.19658833742141724,4.7489069402217865e-05,0.0021869121119379997,-0.0029417769983410835,-0.09152394533157349,-0.0995960682630539,-0.0006014658138155937,0.19529172778129578,-0.008181707933545113,0.006303137168288231,0.06818889826536179,-0.03659198060631752,0.042041387408971786,0.04420755058526993,-0.008427214808762074,-0.04919636249542236,0.050779055804014206,0.07334768772125244,0.04114904627203941,-0.05588896945118904,-0.013285762630403042,0.010308647528290749,-0.054852258414030075,0.028607893735170364,-0.015174257569015026,-0.024743830785155296,-0.017071908339858055,-0.018648339435458183,0.013831406831741333,0.04939279705286026,0.0348476767539978,0.017325181514024734,0.02755979262292385,0.0753345713019371,0.004619687795639038,-0.05693746730685234,0.07071154564619064,-0.03005906753242016,0.01612328365445137,0.40885335206985474,0.46296238899230957,-0.0425150990486145,0.46579933166503906,0.6971896290779114,0.03283049911260605,0.12474166601896286,-0.3125196099281311,0.08679065108299255,0.6085764169692993,0.8585080504417419,-0.2947402596473694,-0.005750637501478195,-0.11102043837308884,-0.11679773777723312,-0.13344323635101318,0.2762853503227234,0.14980435371398926,-0.1897449791431427,-0.8934040665626526,-0.14636573195457458,0.08319662511348724,-0.4321622848510742,-0.4508073925971985,-0.4625110328197479,-0.24329747259616852,0.9497504234313965,-0.11066582053899765,-0.06797834485769272,0.0,-0.0,-0.0
-0.050456468015909195,0.08909359574317932,0.0010433830320835114,0.003507021814584732,0.008374743163585663,-0.9860008955001831,0.07673709094524384,-0.007240278646349907,-0.017026729881763458,0.0556405708193779,-0.1215713769197464,0.015069345012307167,0.007649362087249756,0.008696107193827629,-0.011043218895792961,0.11863108724355698,-0.10347223281860352,-0.011671340093016624,0.004391779191792011,0.024366652593016624,-0.007462901994585991,0.021452901884913445,0.09280277043581009,0.1012977585196495,0.01774619333446026,-0.19977790117263794,0.007509294897317886,0.015691189095377922,0.005768643692135811,-0.09393928945064545,-0.08466719835996628,0.01721481792628765,0.18905757367610931,0.0060369111597537994,-0.006012796424329281,-0.04798349738121033,0.0050469995476305485,-0.0357060432434082,-0.07164856791496277,0.04699210077524185,-0.008244544267654419,-0.07742229849100113,-0.049981169402599335,0.035943616181612015,-0.10699333995580673,-0.004960685968399048,0.02166806533932686,0.0051167248748242855,-0.030708614736795425,0.029913712292909622,0.05170675739645958,0.0018457949627190828,-0.04605903849005699,0.0331241600215435,0.047914374619722366,-0.07369609922170639,0.04193263128399849,0.012995767407119274,0.02141975238919258,0.08857870101928711,0.00047118664951995015,0.003492897842079401,-0.04846195504069328,0.03817491605877876,0.04978242516517639,0.44804060459136963,-0.09588650614023209,0.24193169176578522,0.6289044618606567,0.2483910620212555,0.10916920751333237,-0.5845263600349426,0.02260172739624977,0.5108377933502197,0.6556798815727234,-0.29182741045951843,0.06373414397239685,-0.1272585093975067,-0.16312018036842346,-0.389958918094635,0.597281277179718,0.5593996047973633,-0.437557190656662,-0.9095908403396606,-0.36694273352622986,0.0017108824104070663,-0.240827739238739,-0.737768292427063,-0.5047081708908081,-0.10146233439445496,0.7482574582099915,0.061877645552158356,-0.14904586970806122,0.0,-0.0,-0.0
0.029716070741415024,-0.13583074510097504,0.007069814950227737,-0.030367890372872353,0.0004712417721748352,-0.9945253133773804,0.09166791290044785,0.0014887098222970963,-0.022921530529856682,0.07100272178649902,-0.12712591886520386,0.000769592821598053,0.01811916194856167,0.020052842795848846,-0.025073183700442314,0.10712160915136337,-0.10330270975828171,-0.018109619617462158,0.013686062768101692,0.007426369935274124,0.00911758653819561,0.008632814511656761,0.0925978571176529,0.09203723818063736,0.021636730059981346,-0.19875271618366241,0.009953401982784271,-0.005061294883489609,0.009568693116307259,-0.10274139046669006,-0.10245691984891891,0.010138874873518944,0.20911885797977448,0.016401736065745354,-0.017757683992385864,0.021826809272170067,-0.010963112115859985,0.06608060747385025,-0.01040908694267273,0.07453564554452896,0.004506999161094427,0.08579923212528229,-0.028848782181739807,0.020258653908967972,-0.002039331244304776,0.04212062433362007,0.057701099663972855,-0.037678468972444534,0.00453341007232666,-0.015408158302307129,-0.05904197320342064,0.05423399433493614,0.0007336557027883828,-0.07022333145141602,0.045589327812194824,0.03244511038064957,-0.01422427874058485,-0.0097889369353652,0.001044458127580583,-0.06778302043676376,0.03641263395547867,0.05389902740716934,-0.05105853080749512,-0.0007086396217346191,0.537794828414917,0.6647555232048035,-0.018141701817512512,0.4691935181617737,0.5287628769874573,0.2569093406200409,0.38921576738357544,-0.4967866837978363,0.12201464176177979,0.6402181386947632,0.5995269417762756,-0.22001205384731293,-0.0612596720457077,-0.2918091118335724,-0.44022372364997864,-0.6133233904838562,0.5408426523208618,0.49094170331954956,-0.4491134583950043,-0.8026192784309387,-0.18678021430969238,-0.22722101211547852,-0.32233715057373047,-0.6560190916061401,-0.7595513463020325,-0.34429773688316345,0.8103072047233582,-0.2926345467567444,-0.08351301401853561,0.0,-0.0,-0.0
-0.033052850514650345,0.09196354448795319,0.034682195633649826,0.024013463407754898,-0.010584771633148193,-1.0373194217681885,0.08084612339735031,-0.005124903284013271,-0.017611291259527206,0.061966292560100555,-0.10900977998971939,0.01264677383005619,-0.00024783238768577576,0.014759795740246773,-0.02067633904516697,0.12063153833150864,-0.1010982096195221,-0.012158256955444813,0.010351547971367836,0.006875837221741676,-0.007904170081019402,-0.009243129752576351,0.09592777490615845,0.10452728718519211,-0.005055420566350222,-0.19702699780464172,-0.0032016076147556305,-0.01309609692543745,0.02450180985033512,-0.10328551381826401,-0.10030587762594223,0.01349305734038353,0.18728847801685333,-0.0027167978696525097,0.0019315434619784355,-0.0650339350104332,0.029829908162355423,0.04286567121744156,-0.03395377844572067,0.029758965596556664,-0.01486427802592516,0.045760538429021835,0.05251724645495415,-0.009354007430374622,-0.017470156773924828,0.04196059703826904,0.033828604966402054,-0.06102106720209122,0.03543999418616295,-0.03748568519949913,0.08450990915298462,0.013616424985229969,0.028268421068787575,0.0037442028988152742,0.04079560190439224,-0.10884130001068115,0.032038260251283646,0.04655656963586807,0.0042341831140220165,-0.048539746552705765,0.018648499622941017,-0.03134126588702202,-0.0517134927213192,0.03439784049987793,0.17102326452732086,0.4412921369075775,-0.06271377205848694,0.30791664123535156,0.49528539180755615,0.32578203082084656,0.2643206715583801,-0.49907466769218445,0.059716034680604935,0.6490007638931274,0.5555033087730408,-0.23272190988063812,0.010292112827301025,0.003257282078266144,-0.22219717502593994,-0.15520676970481873,0.4160628318786621,0.43846336007118225,-0.24201315641403198,-0.7662903666496277,-0.30491697788238525,0.05945707485079765,-0.4040815830230713,-0.420272558927536,-0.2553735375404358,-0.3571012616157532,0.7092737555503845,-0.33049285411834717,0.18526698648929596,0.0,-0.0,-0.0
0.04154421016573906,-0.1435917317867279,-0.0312212947756052,-0.03839152678847313,0.04849005863070488,-0.9864693284034729,0.07646200805902481,-0.0026657069101929665,-0.01610138639807701,0.06688112765550613,-0.11579811573028564,0.002940373495221138,0.0017754947766661644,0.02273819036781788,-0.017137419432401657,0.12691174447536469,-0.1109328418970108,-0.013055077753961086,0.011275848373770714,-0.00453429389744997,0.005389733240008354,-0.004448919091373682,0.08784514665603638,0.09327427297830582,-0.004493353888392448,-0.19702859222888947,-0.007787665352225304,-0.003565363585948944,0.014107601717114449,-0.10471600294113159,-0.09759673476219177,-0.013277405872941017,0.20768439769744873,0.0032902956008911133,-0.00882660411298275,0.06424076855182648,0.01035695057362318,-0.009969520382583141,0.013782739639282227,0.06328115612268448,-0.0668768510222435,-0.0214273389428854,-0.0748446136713028,-0.03784431889653206,0.06431324779987335,0.053687870502471924,-0.036612555384635925,-0.05870245769619942,-0.09658219665288925,-0.01917060650885105,-0.06994742155075073,0.007373714353889227,-0.019635392352938652,0.034951355308294296,0.03587193414568901,0.06874942034482956,0.03255552053451538,-0.08893777430057526,0.002152001950889826,0.025307560339570045,0.019319986924529076,0.04574955627322197,0.011068630032241344,-0.08913517743349075,0.27415430545806885,0.4493829607963562,-0.0652453750371933,0.3161201477050781,0.28721868991851807,0.3645462095737457,0.3331773281097412,-0.4257463216781616,0.07199311256408691,0.6968759298324585,0.3373085856437683,-0.1620236039161682,0.026764754205942154,-0.18635547161102295,-0.22660580277442932,-0.3291841447353363,0.41238170862197876,0.30055615305900574,-0.2259780317544937,-0.836956262588501,0.035826653242111206,0.042650219053030014,-0.6198105812072754,-0.5173625349998474,-0.4366075098514557,-0.4372836649417877,0.9680903553962708,-0.18643231689929962,-0.08281974494457245,0.0,-0.0,-0.0
0.022458087652921677,0.12197865545749664,-0.00018321722745895386,0.01720525696873665,-0.03652540221810341,-0.9550643563270569,0.07997439056634903,-0.01516602374613285,-0.018279604613780975,0.058955080807209015,-0.12083891779184341,0.015010202303528786,-0.003597879782319069,0.012404730543494225,-0.017816457897424698,0.13519372045993805,-0.10557695478200912,-0.025764254853129387,-0.004892481025308371,-0.006595366634428501,0.009301828220486641,-0.007216854020953178,0.10470779985189438,0.11487594991922379,7.333233952522278e-06,-0.20166707038879395,-0.007763269357383251,0.005722936242818832,0.01155468076467514,-0.09550678730010986,-0.1013168916106224,-0.018348807469010353,0.18939654529094696,-0.0015162862837314606,0.015156742185354233,-0.018494147807359695,0.04244120046496391,0.031255628913640976,0.06830524653196335,-0.045901451259851456,-0.0463620088994503,-0.021135199815034866,-0.05448660999536514,0.016719354316592216,-0.07963267713785172,0.046822238713502884,-0.04981647804379463,-0.047618716955184937,0.06208593770861626,-0.08411207050085068,-0.05067385360598564,0.04329192638397217,0.06478756666183472,0.07680173218250275,0.06291426718235016,0.056094635277986526,0.01442008651793003,-0.06898584216833115,-0.03246661648154259,0.03142685815691948,0.011895221658051014,-0.0535799078643322,-0.04047979786992073,-0.004117512609809637,-0.004165902733802795,0.30501896142959595,-0.07803626358509064,0.25590795278549194,0.2620372176170349,0.2704896628856659,0.2699018120765686,-0.6430296897888184,0.126399964094162,0.4966248869895935,0.35134148597717285,-0.2736152708530426,0.11528362333774567,0.36911359429359436,-0.15069028735160828,-0.1291409283876419,0.6081755757331848,0.6137192249298096,-0.2603720724582672,-0.8334096670150757,-0.28288230299949646,-0.0015711281448602676,-0.23190221190452576,-0.43659016489982605,-0.4381945729255676,-0.13575199246406555,0.6368140578269958,-0.2164042741060257,0.17247651517391205,0.0,-0.0,-0.0
-0.03437185660004616,-0.055111560970544815,0.023536432534456253,-0.009525198489427567,-0.023645499721169472,-0.9944303035736084,0.07381204515695572,-0.009529722854495049,-0.025147244334220886,0.07394852489233017,-0.12058121711015701,0.0033891424536705017,0.003972516395151615,0.015375668182969093,-0.011049533262848854,0.12033466249704361,-0.09895496070384979,-0.019456518813967705,0.008530991151928902,-0.011502794921398163,0.0012431954964995384,-0.004151811357587576,0.08815834671258926,0.1069345697760582,-0.0019296184182167053,-0.21091940999031067,-0.010201102122664452,0.000660998746752739,0.01051144115626812,-0.09218103438615799,-0.1106715127825737,-0.019192000851035118,0.19873303174972534,-0.009574559517204762,-0.0018131164833903313,-0.03885162994265556,-0.03956552594900131,0.06494726985692978,0.024181349202990532,-0.040225863456726074,0.06587814539670944,0.07817842066287994,0.06041400507092476,0.07335682213306427,-0.044662561267614365,0.03268369659781456,0.06357473134994507,-0.013822615146636963,0.056776322424411774,-0.050263144075870514,0.06235722452402115,-0.07669617980718613,-0.09587705135345459,-0.014864170923829079,0.07080791145563126,0.013358771800994873,0.02251586876809597,0.04768393188714981,0.0842827782034874,0.009853094816207886,0.03684050962328911,0.06947501748800278,0.035500168800354004,0.016808325424790382,0.22829242050647736,0.7202610373497009,-0.12528842687606812,0.35051631927490234,0.4560403823852539,0.31608039140701294,0.4322409927845001,-0.41254863142967224,0.0345383919775486,0.7021071910858154,0.7575598359107971,-0.15611228346824646,0.02503279224038124,-0.27299565076828003,-0.21906252205371857,-0.11776384711265564,0.19785527884960175,0.12146653234958649,-0.27932828664779663,-0.8022489547729492,-0.26623594760894775,-0.07811711728572845,-0.13871431350708008,-0.36787256598472595,-0.4152581989765167,-0.14029712975025177,0.8815359473228455,0.015061108395457268,-0.15147045254707336,0.0,-0.0,-0.0
-0.014544505625963211,0.06645804643630981,-0.003405798226594925,0.01703166589140892,-0.023900741711258888,-0.9744716882705688,0.07084114849567413,-0.007348534185439348,-0.012034151703119278,0.06341341882944107,-0.11761198192834854,0.013603134080767632,0.000615621916949749,0.01196487620472908,-0.021485723555088043,0.12077728658914566,-0.10707541555166245,-0.006739821285009384,0.013708649203181267,-0.014249765314161777,1.0376796126365662e-05,0.001256176270544529,0.09406453371047974,0.09707306325435638,0.015412187203764915,-0.19334831833839417,-0.016282133758068085,-0.0008099973201751709,0.00018025189638137817,-0.11136037111282349,-0.08620775490999222,0.005244165658950806,0.20607179403305054,-0.013942733407020569,-0.0010049957782030106,0.03251504898071289,0.010978407226502895,-0.0642123743891716,-0.04307224974036217,-0.047982897609472275,0.0460667721927166,0.04493853077292442,0.019170308485627174,-0.013569200411438942,0.0858602449297905,-0.06696659326553345,0.027426792308688164,-0.040203385055065155,0.026645516976714134,0.014750272035598755,-0.06999813765287399,0.08511199802160263,-0.06454570591449738,0.004167455714195967,-0.02403092384338379,0.014439302496612072,0.027234911918640137,-0.02452792599797249,-0.08662924915552139,-0.011983967386186123,-0.019494324922561646,-0.00900694727897644,0.04894524812698364,-0.07698901742696762,0.15262359380722046,0.5372819304466248,-0.055308997631073,0.25387805700302124,0.4135076403617859,0.10970311611890793,0.14723342657089233,-0.5531927943229675,0.03762081637978554,0.6044024229049683,0.5412439107894897,-0.4442266821861267,-0.031457044184207916,0.10066699236631393,-0.15639621019363403,-0.39323484897613525,0.8415759205818176,0.6549849510192871,-0.22557613253593445,-0.6899324655532837,-0.17393526434898376,0.027765702456235886,-0.4624040722846985,-0.8352416753768921,-0.5034850835800171,-0.15071187913417816,0.7343658804893494,-0.2575308680534363,-0.10613514482975006,0.0,-0.0,-0.0
0.04067959263920784,-0.0553402416408062,-0.07240279018878937,-0.039228908717632294,0.022092189639806747,-0.9794399738311768,0.07209291309118271,-0.0028977165929973125,-0.00779751455411315,0.07488477975130081,-0.11807044595479965,0.012454057112336159,-0.013803180307149887,0.024423426017165184,-0.0023418962955474854,0.13477109372615814,-0.09546692669391632,-0.019159827381372452,0.001361396163702011,-0.020580243319272995,-0.008148588240146637,-0.0045322515070438385,0.10224025696516037,0.10686568170785904,0.01556285098195076,-0.20027568936347961,-0.001377282664179802,-0.013400337658822536,-0.002059217542409897,-0.08845284581184387,-0.10698818415403366,-0.006388794630765915,0.18453092873096466,-0.013992280699312687,-0.0022305906750261784,-0.044810857623815536,0.03572449833154678,-0.062288083136081696,0.044903576374053955,-0.08975567668676376,0.023625267669558525,-0.06761826574802399,-0.00494722742587328,-0.06196938827633858,0.05278430134057999,-0.04465917870402336,-0.06655407696962357,0.008318567648530006,-0.07228390872478485,-0.021289480850100517,0.007417416665703058,0.062468744814395905,0.07536089420318604,-0.06347353756427765,0.0013594806659966707,-0.024605799466371536,-0.03243565186858177,0.026843154802918434,0.04931230470538139,-0.11198387295007706,0.04685842990875244,0.004275697749108076,-0.005259287543594837,0.07135768979787827,0.2478029876947403,0.35910946130752563,-0.007731662131845951,0.5730078816413879,0.880623459815979,0.02761649340391159,0.5416432023048401,-0.6321052312850952,0.08704958856105804,0.9196387529373169,1.4894568920135498,-0.28450581431388855,0.1074504554271698,0.20823708176612854,-0.4372445046901703,-0.2007341831922531,0.34883254766464233,0.4715508222579956,-0.3447994589805603,-0.8993023037910461,-0.09044948220252991,-0.04332909360527992,-0.2263970673084259,-0.08020709455013275,-0.46008607745170593,-0.20936144888401031,0.7087687253952026,-0.1741524487733841,0.17209796607494354,0.0,-0.0,-0.0
0.028047602623701096,0.001697678118944168,0.012463022023439407,-0.07307816296815872,-0.026065943762660027,-1.0239535570144653,0.0764780342578888,-0.0018626321107149124,-0.015281544998288155,0.07248299568891525,-0.12358318269252777,0.0063509512692689896,9.368453174829483e-05,0.02018759585916996,-0.0008248081430792809,0.1360745131969452,-0.10022430121898651,-0.011492476798593998,0.016050323843955994,-0.006622905842959881,-0.004796712193638086,0.014874136075377464,0.08633963018655777,0.0978066697716713,0.036870963871479034,-0.20679748058319092,0.00459034088999033,0.0027203047648072243,-0.018031468614935875,-0.10949136316776276,-0.09924209117889404,-0.018629182130098343,0.20235955715179443,0.004025394096970558,-0.012940317392349243,0.051907360553741455,0.06699210405349731,0.00902856606990099,-0.08486222475767136,0.042692508548498154,0.019337786361575127,-0.014842331409454346,-0.013550800271332264,0.012212998233735561,0.01862664893269539,0.036436595022678375,-0.0469234362244606,0.029998112469911575,0.06058303266763687,-0.02281816117465496,0.04536806419491768,-0.017893720418214798,0.05157036706805229,0.0004890799755230546,0.02110539749264717,-0.02024911716580391,0.0760517492890358,-0.06482771039009094,-0.031070316210389137,-0.005930614657700062,0.0043451013043522835,0.04002182558178902,0.07088246196508408,0.025929391384124756,0.10227736830711365,0.38121849298477173,-0.04117448627948761,0.2632635235786438,0.760701060295105,-0.03625301271677017,0.29908162355422974,-0.7663925886154175,0.09891305863857269,0.624456524848938,0.9435091614723206,-0.437198668718338,0.035806018859148026,0.5548899173736572,-0.2048829197883606,-0.22419409453868866,0.2299133986234665,0.2415446937084198,-0.20717599987983704,-0.8293332457542419,-0.13445237278938293,0.13656079769134521,-0.36409541964530945,-0.6088431477546692,-0.2654532194137573,-0.2928236722946167,0.8450630307197571,-0.0662609189748764,-0.10644866526126862,0.0,-0.0,-0.0
0.01414429023861885,-0.05284326151013374,-0.06629480421543121,-0.013716701418161392,0.045554373413324356,-1.0285248756408691,0.08039961755275726,-0.01205805130302906,0.006339773535728455,0.06458953768014908,-0.12158935517072678,0.015974346548318863,-0.005794588476419449,0.024769356474280357,-0.015424586832523346,0.13819758594036102,-0.09957858175039291,-0.013652152381837368,0.015511007979512215,-0.008343560621142387,0.003378557972609997,0.008739860728383064,0.08961636573076248,0.09825998544692993,0.0332476869225502,-0.19693301618099213,0.0006970968097448349,0.0017450284212827682,0.003163054585456848,-0.10559787601232529,-0.10437006503343582,-0.0038939788937568665,0.20262911915779114,-0.011309412308037281,-0.00012396462261676788,0.0064567625522613525,-0.0285590048879385,0.021870214492082596,0.0199431125074625,-0.06262668967247009,0.06467700004577637,-0.02676897682249546,0.06887082010507584,0.05864548683166504,0.06048709154129028,0.020469093695282936,0.029558349400758743,0.03890563175082207,0.04802009090781212,-0.022095168009400368,0.01406795997172594,-0.017565960064530373,-0.005969101097434759,-0.07112251967191696,0.023145144805312157,-0.055195402354002,-0.027319660410284996,0.08081642538309097,0.07693858444690704,0.019931107759475708,0.04251619800925255,-0.06311439722776413,0.017889857292175293,0.04192925617098808,0.39232170581817627,0.42155522108078003,-0.016765758395195007,0.3930545449256897,0.2962551712989807,0.14820179343223572,0.021397821605205536,-0.40932077169418335,0.10104069113731384,0.577835202217102,0.4293145537376404,-0.21364520490169525,-0.00703328475356102,0.024768726900219917,-0.12281717360019684,-0.5834035277366638,0.6153811812400818,0.32681968808174133,-0.5794450044631958,-0.7358596920967102,-0.3405677080154419,-0.15047062933444977,0.11043406277894974,-0.26549407839775085,-0.34040430188179016,0.0052694715559482574,0.7539971470832825,-0.14307470619678497,0.029951103031635284,0.0,-0.0,-0.0
-0.04965830594301224,0.14490459859371185,-0.010172750800848007,-0.07415434718132019,-0.032556790858507156,-1.032751441001892,0.07454671710729599,-0.01336195133626461,-0.008742006495594978,0.06736962497234344,-0.10976823419332504,0.020406709983944893,-0.009895545430481434,0.01540820486843586,-0.0158868208527565,0.12764360010623932,-0.08557198196649551,-0.017001356929540634,0.006502430886030197,-0.004791111685335636,0.006518535315990448,0.01422024704515934,0.08985748887062073,0.08681771904230118,0.030712226405739784,-0.19370700418949127,0.01905851997435093,0.00483693927526474,-0.0057333833537995815,-0.10906079411506653,-0.08981351554393768,-0.012573571875691414,0.19550126791000366,-0.006439767777919769,-0.002610773779451847,0.01903308741748333,0.040111005306243896,-0.014124035835266113,-0.05928922817111015,-0.062262654304504395,-0.004044729750603437,-0.052225369960069656,0.016783148050308228,0.05035863071680069,-0.025150874629616737,0.0929795503616333,0.029145432636141777,0.019435042515397072,0.06977405399084091,0.02920081652700901,-0.03256991133093834,0.07173711061477661,-0.04274986311793327,0.05560794100165367,-0.05877666547894478,-0.05556977540254593,-0.06054059788584709,-0.04993610084056854,0.03550253063440323,0.023723138496279716,-0.008949941955506802,0.01642288640141487,-0.06447135657072067,-0.002688473556190729,0.2609958052635193,0.5814341902732849,-0.0736560970544815,0.3161277770996094,0.391420841217041,0.10982029885053635,0.01462119072675705,-0.6558264493942261,0.05281024053692818,0.45502394437789917,0.5135208368301392,-0.442313015460968,0.021799404174089432,0.0862198993563652,-0.23599587380886078,-0.4040634334087372,0.6181021332740784,0.5396055579185486,-0.34986427426338196,-0.8011113405227661,-0.10419910401105881,0.10980755090713501,-0.5995953679084778,-0.7125244736671448,-0.48810309171676636,-0.34349972009658813,0.7575342655181885,-0.261567622423172,-0.06780141592025757,0.0,-0.0,-0.0
-0.014886267483234406,0.042710255831480026,0.005109362304210663,-0.06901869177818298,0.04853243753314018,-0.9572619199752808,0.07063204795122147,-0.016605086624622345,-0.0033043264411389828,0.06865694373846054,-0.12174715101718903,0.015176495537161827,-0.007503315340727568,0.007561741396784782,-0.018429601565003395,0.11067027598619461,-0.09636015444993973,-0.018549012020230293,0.018263189122080803,0.00035788770765066147,0.012271197512745857,0.010500429198145866,0.0902806743979454,0.08256915956735611,0.016566378995776176,-0.20267651975154877,0.014893753454089165,0.017542582005262375,-0.0037467563524842262,-0.10005225241184235,-0.09861477464437485,0.0008161691948771477,0.18835189938545227,-0.0029581128619611263,-0.008726032450795174,-0.07905762642621994,-0.07704337686300278,-0.051970917731523514,0.05028529092669487,0.03486095741391182,-0.013522553257644176,-0.045779477804899216,-0.009429419413208961,-0.018873274326324463,0.048717450350522995,0.0799064040184021,-0.019733065739274025,-0.061357107013463974,0.047368623316287994,-0.014206153340637684,-0.048195481300354004,-0.002224224852398038,-0.046561792492866516,-0.05561303719878197,0.015472590923309326,-0.03400547802448273,0.045713603496551514,-0.013674646615982056,0.04172952100634575,-0.05441861227154732,-0.01702405884861946,-0.06257729977369308,-0.04413289949297905,-0.014031380414962769,0.41496527194976807,0.5815824270248413,-0.08564695715904236,0.4095228910446167,0.3474891781806946,0.32614174485206604,0.12338193506002426,-0.7251650094985962,0.10798411071300507,0.5256273150444031,0.28863561153411865,-0.26157861948013306,-0.005917400121688843,-0.07555136829614639,-0.2220315784215927,-0.4466646611690521,0.40012145042419434,0.524080753326416,-0.5392135381698608,-0.9359932541847229,-0.3837791085243225,0.1444798856973648,0.02097298949956894,-0.5315309166908264,-0.6150429844856262,-0.0552409403026104,0.8108408451080322,0.09061776101589203,-0.07848814874887466,0.0,-0.0,-0.0
0.043976787477731705,0.04499324783682823,0.040552157908678055,-0.05961552634835243,0.04376785829663277,-1.0011218786239624,0.06225653737783432,-0.017341231927275658,-0.0005829799920320511,0.07449837028980255,-0.11392562836408615,0.013911744579672813,-0.009822140447795391,0.00837472453713417,-0.00895084347575903,0.11558239907026291,-0.07970543205738068,-0.01811383105814457,0.010633016005158424,-0.012297045439481735,-0.008957676589488983,0.007773969322443008,0.0762125626206398,0.10374722629785538,0.010644696652889252,-0.21133355796337128,-0.00726426113396883,0.002860747277736664,0.002214532345533371,-0.11470425873994827,-0.08862264454364777,0.006237749010324478,0.208796888589859,0.006464699283242226,-0.0016759848222136497,-0.019878996536135674,0.036892976611852646,0.07109780609607697,-0.024828387424349785,-0.04756937548518181,-0.023812180384993553,0.0007249057525768876,-0.022768855094909668,-0.006198931019753218,-0.06003141030669212,0.05615899711847305,-0.0754057765007019,-0.0047519030049443245,-0.04239393770694733,0.05506746843457222,0.050350893288850784,-0.0698486864566803,-0.009765708819031715,0.010062742047011852,0.0048768105916678905,0.04295986890792847,0.025364136323332787,0.10493164509534836,-0.006015092134475708,-0.017986392602324486,-0.013339722529053688,-0.043641358613967896,-0.024655479937791824,0.0751742273569107,0.35283464193344116,0.6630818247795105,-0.1032036766409874,0.36927729845046997,0.3493995666503906,0.26395338773727417,0.39803189039230347,-0.3881358206272125,0.09235377609729767,0.5809577703475952,0.42584550380706787,-0.2796877324581146,0.06842908263206482,-0.190714031457901,-0.46228933334350586,-0.2592123746871948,0.5553033351898193,0.5821493268013,-0.23590922355651855,-0.7712607979774475,-0.29090964794158936,-0.13753344118595123,-0.25193819403648376,-0.5170021057128906,-0.2684459686279297,-0.2914349436759949,0.8877394795417786,-0.005787106230854988,0.1811816692352295,0.0,-0.0,-0.0
-0.04139021411538124,-0.046852730214595795,-0.024633552879095078,-0.041924621909856796,-0.003917679190635681,-0.9806426167488098,0.06844306737184525,0.0005126604810357094,0.003235217183828354,0.0682840421795845,-0.12263301014900208,0.003532014787197113,-0.00649754423648119,0.016115089878439903,-0.00840259250253439,0.11588006466627121,-0.09356659650802612,-0.01481944601982832,0.01755555160343647,-0.004137126728892326,0.0023237578570842743,0.0012839902192354202,0.1037479117512703,0.09202118963003159,0.007088076323270798,-0.18695183098316193,-0.013364452868700027,0.007662981748580933,0.007350286468863487,-0.11235342174768448,-0.09716624021530151,0.011623671278357506,0.19300007820129395,-0.0016412045806646347,-0.0027843406423926353,-0.060812484472990036,0.050410058349370956,-0.002990508219227195,0.0025828182697296143,0.05423310026526451,-0.05624539777636528,-0.06379391252994537,0.03324000909924507,0.06891041994094849,0.0871543437242508,0.049028754234313965,0.030910326167941093,0.012115001678466797,-0.056970831006765366,-0.04999205842614174,0.03332536295056343,0.04755065590143204,0.0541895292699337,-0.059912193566560745,0.01669563725590706,-0.025076771154999733,0.06465907394886017,0.02522345818579197,0.0010712624061852694,-0.02780790999531746,-0.057981789112091064,0.053559280931949615,0.03822693973779678,-0.07899341732263565,0.24972711503505707,0.5428385138511658,-0.08353804051876068,0.3477333188056946,0.13260726630687714,0.16633135080337524,0.18512120842933655,-0.5646921396255493,0.11897769570350647,0.5824453830718994,0.441158652305603,-0.37001925706863403,-0.015319716185331345,0.40244799852371216,-0.2357872575521469,-0.49798816442489624,0.7640457153320312,0.40313634276390076,-0.45186957716941833,-0.7042965888977051,-0.3105579614639282,0.016445647925138474,-0.49977976083755493,-0.40336835384368896,-0.5117496848106384,-0.2497280389070511,0.7947544455528259,-0.26075026392936707,-0.17400436103343964,0.0,-0.0,-0.0
-0.03338790312409401,0.04030193015933037,0.0034084171056747437,0.014860522001981735,-0.0445232167840004,-1.0182366371154785,0.06022033095359802,-0.01654447242617607,-0.012611511163413525,0.07279909402132034,-0.10254242271184921,0.008323652669787407,-0.017297348007559776,0.011182118207216263,-0.012555189430713654,0.12297145277261734,-0.09283994883298874,-0.019783765077590942,0.013651421293616295,-0.013570957817137241,0.004444429650902748,0.0062064845114946365,0.1128777265548706,0.1036800667643547,0.02457294426858425,-0.20547011494636536,0.006668632850050926,0.0008828900754451752,0.012545255944132805,-0.10370464622974396,-0.09025906026363373,-0.0010461099445819855,0.19888126850128174,-0.004054991528391838,-0.0042331586591899395,-0.0320909284055233,0.012865227647125721,0.02800159528851509,0.030215097591280937,0.04580233246088028,-0.022095365449786186,0.02126874402165413,-0.05203768610954285,0.06154534965753555,-0.021906554698944092,0.06017841026186943,0.06356898695230484,-0.06883928179740906,0.06212053447961807,0.03466888889670372,0.0003723323461599648,0.026109743863344193,0.04416821151971817,-0.06812933832406998,0.016957098618149757,0.0912020355463028,-0.021907662972807884,-0.06736252456903458,0.03977252170443535,0.022203082218766212,-0.0481671504676342,0.053834784775972366,0.03589317947626114,0.07384524494409561,0.23870225250720978,0.25364068150520325,-0.049912430346012115,0.27740246057510376,0.11693112552165985,0.20646092295646667,0.22575753927230835,-0.5984305143356323,0.08357945084571838,0.5747131109237671,0.3483382761478424,-0.3550604581832886,0.03870442882180214,0.14902620017528534,-0.32327523827552795,-0.34346914291381836,0.3469921946525574,0.38260534405708313,-0.2565338909626007,-0.8180336356163025,0.012953221797943115,-0.09593018889427185,-0.44049954414367676,-0.44529154896736145,-0.3061879873275757,-0.31371405720710754,0.7870276570320129,-0.288474977016449,0.12535090744495392,0.0,-0.0,-0.0
-0.03544332832098007,0.02303371950984001,0.017401132732629776,-0.051437534391880035,0.0004004649817943573,-1.0361686944961548,0.07364372164011002,-0.0006261402741074562,-0.014172399416565895,0.07266908884048462,-0.12220166623592377,0.006400611251592636,-0.0018064118921756744,0.013911956921219826,-0.0008013742044568062,0.11647794395685196,-0.08710543066263199,-0.025312036275863647,0.006293712183833122,-0.0031076092272996902,0.002135341987013817,-0.0072994837537407875,0.09848517924547195,0.09942431002855301,0.01835322007536888,-0.18767774105072021,0.0003878064453601837,-0.0018312353640794754,0.021857893094420433,-0.09993499517440796,-0.0984109565615654,0.009427821263670921,0.19910073280334473,-0.010269585996866226,0.005020195618271828,-0.016818536445498466,0.05526937171816826,-0.07738269865512848,0.018356407061219215,-0.06481463462114334,-0.06571783870458603,-0.056703221052885056,0.07356436550617218,-0.07465561479330063,0.020342564210295677,-0.061895132064819336,-0.021536935120821,-0.014642137102782726,-0.016077786684036255,0.03172261640429497,-0.07577568292617798,0.030463386327028275,-0.010309022851288319,0.026730095967650414,0.048027899116277695,0.033578064292669296,0.0683155283331871,0.03333557769656181,0.06366535276174545,-0.03963833674788475,-0.010417467914521694,-0.02860494889318943,-0.0007328153005801141,0.017645835876464844,0.25798332691192627,0.7083876132965088,-0.09364357590675354,0.34139710664749146,0.286934494972229,0.1066519245505333,0.3365787863731384,-0.4129388630390167,0.07373519241809845,0.6460543870925903,0.4627659320831299,-0.5108952522277832,0.0064616575837135315,-0.04433797299861908,-0.3846570551395416,-0.3674667477607727,0.337168425321579,0.33325690031051636,-0.37920820713043213,-0.7577610015869141,-0.4674760699272156,0.041057538241147995,-0.18154293298721313,-0.5353277325630188,-0.5618161559104919,-0.15909135341644287,0.7651458382606506,-0.1776740401983261,-0.08581487834453583,0.0,-0.0,-0.0
0.025965150445699692,-0.04183845967054367,0.031766172498464584,0.026371102780103683,0.0005932152271270752,-0.9710989594459534,0.05689830332994461,-0.005310610868036747,-0.00514265988022089,0.058431610465049744,-0.11791432648897171,0.021591084077954292,-0.008545167744159698,0.013511991128325462,-0.014955185353755951,0.12077368050813675,-0.08768750727176666,8.932873606681824e-05,-0.005519181489944458,0.00492493249475956,0.002857910469174385,0.0073644500225782394,0.09115701168775558,0.09812194108963013,0.006466204300522804,-0.21340030431747437,-0.008851873688399792,-0.004279357381165028,0.010433340445160866,-0.10011828690767288,-0.10404404997825623,-0.009575894102454185,0.188406839966774,0.001348918303847313,-0.021511230617761612,0.0004395306168589741,-0.07542025297880173,-0.049774572253227234,0.01607339456677437,-0.0796109139919281,-0.03572579845786095,0.011896669864654541,-0.036264609545469284,-0.04235026612877846,-0.07373981922864914,-0.014487296342849731,-0.04567627236247063,-0.06256335228681564,-0.03579382225871086,0.02436167560517788,0.08652269095182419,0.010515391826629639,0.07065804302692413,0.021479684859514236,-0.00686574587598443,-0.009766751900315285,0.0535612478852272,0.0031763792503625154,0.04666262865066528,0.006792193744331598,0.02723945491015911,0.0638696700334549,0.04934578016400337,0.034312475472688675,0.14154991507530212,0.41643020510673523,-0.03607197105884552,0.3351582884788513,0.3426819443702698,0.3238275349140167,0.2704412043094635,-0.7960622310638428,0.142177015542984,0.586575984954834,0.69111567735672,-0.2275368720293045,0.04360133036971092,0.09410137683153152,-0.2550111413002014,-0.0935196653008461,0.35118359327316284,0.4400399625301361,-0.34920501708984375,-0.9697757959365845,-0.2867683172225952,-0.10250425338745117,-0.6421256065368652,-0.6170568466186523,-0.44839924573898315,-0.40131860971450806,0.7715739607810974,-0.19941489398479462,-0.15923288464546204,0.0,-0.0,-0.0
0.029612939804792404,0.004032135009765625,0.03585439547896385,-0.02896391972899437,-0.008812334388494492,-0.9942588806152344,0.07867889851331711,-0.0037673134356737137,-0.012674245983362198,0.06486164778470993,-0.12213703244924545,0.014029368758201599,-0.01100970059633255,0.010723965242505074,-0.016267742961645126,0.1260366588830948,-0.0893542543053627,-0.004060683771967888,0.008769998326897621,0.006247805431485176,-0.0075705526396632195,0.0077352989464998245,0.08539468050003052,0.10554298013448715,0.013615427538752556,-0.2046276181936264,-0.0076485322788357735,0.003029095008969307,0.002856561914086342,-0.11602695286273956,-0.11021944880485535,-0.011992644518613815,0.20470044016838074,-0.009962071664631367,0.000698501244187355,-0.04325342923402786,-0.0006046235794201493,-0.05977724865078926,-0.054546333849430084,-0.05926835536956787,0.05452314764261246,0.03413648530840874,-0.009361392818391323,-0.001996618462726474,0.00786979217082262,0.026925338432192802,-0.010107308626174927,-0.033478375524282455,-0.03642045333981514,0.04827219247817993,-0.09004129469394684,-0.027641434222459793,0.027758730575442314,0.021506417542696,0.04292464256286621,0.0726446732878685,0.02248886227607727,0.007922226563096046,0.05232584476470947,-0.05547292158007622,-0.032620739191770554,0.06860160082578659,0.0029005170799791813,-0.022448349744081497,0.22413651645183563,0.7121716141700745,-0.08975831419229507,0.35781723260879517,0.6970483660697937,0.21882498264312744,0.33029747009277344,-0.5394495129585266,0.0692548006772995,0.7001203298568726,0.7693911194801331,-0.29333558678627014,0.010994214564561844,0.006764993071556091,-0.36588937044143677,-0.6203601360321045,0.4777703881263733,0.31571638584136963,-0.34906184673309326,-0.747944176197052,-0.1781024932861328,-0.09951280057430267,-0.299651563167572,-0.45775896310806274,-0.464996874332428,-0.18677255511283875,0.8031529784202576,-0.25888732075691223,0.1837141364812851,0.0,-0.0,-0.0
0.03709697350859642,-0.06942903250455856,-0.04249557852745056,-0.05318133533000946,0.04300577566027641,-0.9719608426094055,0.07113523781299591,-0.015654146671295166,-0.01682852767407894,0.064860500395298,-0.10881853103637695,0.007695972919464111,-0.00012745242565870285,0.0020292429253458977,-0.006281913258135319,0.12132859975099564,-0.09127811342477798,-0.011887399479746819,0.004829944111406803,0.0054678525775671005,0.0026576071977615356,0.004896915517747402,0.08685608208179474,0.1035427525639534,0.004865344613790512,-0.19342048466205597,-0.013982939533889294,-0.013855530880391598,-0.002326591871678829,-0.11391086876392365,-0.09996189177036285,0.007300816476345062,0.18357107043266296,-0.005708253942430019,0.0027492670342326164,-0.02074568346142769,-0.05714621767401695,0.07701094448566437,-0.026092668995261192,-0.009464079514145851,0.04644987732172012,-0.04972420260310173,-0.02578314021229744,0.06106982380151749,0.022943509742617607,0.04513084888458252,-0.05179951712489128,-0.06965737789869308,-0.038692083209753036,-0.06423179060220718,0.013345420360565186,0.03968740627169609,0.04166374355554581,0.008096969686448574,0.04023087024688721,-0.040453556925058365,-0.05081760883331299,-0.06294611841440201,0.003116107080131769,-0.022420525550842285,0.0639558658003807,-0.021170472726225853,-0.05524623021483421,-0.03632771968841553,0.2686852812767029,0.5862659811973572,-0.032879188656806946,0.4107206463813782,0.5600034594535828,0.2510490417480469,0.3661381006240845,-0.5868189930915833,0.09356676042079926,0.6761112213134766,0.7738845944404602,-0.21201828122138977,0.06280772387981415,0.016447044909000397,-0.3149799704551697,-0.14636246860027313,0.5241215825080872,0.38322874903678894,-0.3646484911441803,-0.7984867095947266,-0.28551602363586426,-0.10899941623210907,-0.3073093593120575,-0.3760952353477478,-0.26574981212615967,-0.04480863735079765,0.6762305498123169,-0.0934329554438591,-0.022621706128120422,0.0,-0.0,-0.0
-0.05869954079389572,-0.060004040598869324,-0.010357435792684555,-0.044738732278347015,-0.03520301729440689,-0.9541067481040955,0.07968806475400925,-0.0031510423868894577,-0.006543660536408424,0.06586490571498871,-0.12950043380260468,0.013083135709166527,0.007885770872235298,0.01754656434059143,-0.011988261714577675,0.11147035658359528,-0.10586151480674744,-0.012312717735767365,0.015324251726269722,0.004277623258531094,0.00039295852184295654,-0.0005104849115014076,0.08202529698610306,0.08857510983943939,0.00800631195306778,-0.1993698626756668,0.007021278142929077,0.0027124229818582535,0.008645379915833473,-0.11169353127479553,-0.09513937681913376,-0.016588594764471054,0.19176185131072998,0.0086982361972332,-0.0041436622850596905,0.02486821450293064,-0.060980867594480515,-0.07276695221662521,-0.0021744847763329744,0.04160604625940323,-0.041969504207372665,0.059953104704618454,-0.06603514403104782,0.03359032794833183,0.0027782083489000797,-0.007865703664720058,-0.0329786017537117,-0.04825085774064064,0.03484001383185387,0.06374173611402512,-0.06254830956459045,-0.0023658752907067537,0.009012043476104736,-0.03554443642497063,0.058099307119846344,-0.015360903926193714,0.04128685221076012,0.04650888592004776,0.08619508892297745,-0.06867802143096924,-0.018982160836458206,-0.023805512115359306,-0.003275460097938776,0.05896893888711929,0.053505778312683105,0.5444021821022034,-0.13826483488082886,0.29490333795547485,0.19254375994205475,0.17739978432655334,0.3070135712623596,-0.34076207876205444,0.014541227370500565,0.5631366968154907,0.5473365783691406,-0.3230559229850769,0.10454912483692169,-0.03547203540802002,-0.16464607417583466,-0.242417111992836,0.40878385305404663,0.36829641461372375,-0.23118434846401215,-0.8301657438278198,-0.013860531151294708,0.24876713752746582,-0.15885689854621887,-0.3812984526157379,-0.3199351727962494,-0.3726007342338562,0.8943043947219849,0.025019889697432518,0.02611394226551056,0.0,-0.0,-0.0
-0.04132863134145737,-0.03498265892267227,-0.08689732849597931,-0.012518856674432755,0.04836215451359749,-0.9559199810028076,0.08228079229593277,-0.009431563317775726,-0.011693254113197327,0.0661999061703682,-0.1155901551246643,0.014139695093035698,0.002291719429194927,0.01802326925098896,-0.018344998359680176,0.11531614512205124,-0.09669109433889389,-0.004861064255237579,0.013575209304690361,-0.012546527199447155,-0.01332329586148262,0.01086578331887722,0.08636739104986191,0.09079020470380783,0.011638233438134193,-0.20282399654388428,-0.002894357778131962,-0.0016361149027943611,-0.002116135321557522,-0.10277294367551804,-0.0900629386305809,0.003165503963828087,0.1961410492658615,-0.0017749164253473282,-0.0018286574631929398,0.0759095698595047,-0.024201666936278343,-0.034003883600234985,-0.049720752984285355,0.0456840880215168,0.02350597456097603,0.04700007662177086,-0.01229667104780674,-0.025233069434762,0.007622289936989546,0.04356788471341133,0.027371395379304886,0.006355023477226496,0.0015065670013427734,0.05898081138730049,0.07599899917840958,0.021173400804400444,0.032192230224609375,0.05467512831091881,-0.007313841488212347,-0.03340921923518181,-0.012032515369355679,0.0481218583881855,0.03363841772079468,0.02663285844027996,0.11328061670064926,0.021971017122268677,-0.08469756692647934,-0.020670419558882713,0.2186768501996994,0.6542612910270691,-0.048570118844509125,0.363810658454895,0.4738999605178833,0.282907634973526,0.4378361701965332,-0.5651987791061401,0.0871586948633194,0.6810330748558044,0.7103843092918396,-0.2504021227359772,0.042985085397958755,-0.16626417636871338,-0.3610382378101349,-0.1295287013053894,0.48925626277923584,0.48986220359802246,-0.2241441309452057,-0.8425261378288269,-0.21187704801559448,-0.12146744132041931,-0.47449108958244324,-0.52672278881073,-0.3473394811153412,-0.11460648477077484,0.7741484045982361,-0.3039592206478119,-0.035755254328250885,0.0,-0.0,-0.0
0.010183002799749374,-0.10218966007232666,0.022505637258291245,-0.048191916197538376,-0.019835559651255608,-1.0391089916229248,0.09183444827795029,-0.011037589982151985,-0.007159748114645481,0.06944040954113007,-0.13706080615520477,0.009560728445649147,0.019803741946816444,0.003742314875125885,-0.0011006593704223633,0.11971946805715561,-0.10054199397563934,-0.0016326941549777985,0.020341234281659126,-0.0013681091368198395,0.0004978105425834656,0.004198672249913216,0.0951048731803894,0.09892496466636658,0.021911194548010826,-0.19498775899410248,0.0078062377870082855,-0.003497304394841194,0.0048561180010437965,-0.10198575258255005,-0.09077991545200348,-0.020666243508458138,0.19412380456924438,0.004276382736861706,0.0009353747591376305,0.004090386908501387,-0.054437167942523956,-0.07225852459669113,0.05319714546203613,0.02619772031903267,-0.024486010894179344,0.03183314949274063,-0.047632813453674316,-0.00453037628903985,-0.05169522762298584,0.060201503336429596,0.0027341009117662907,-0.060666121542453766,-0.03840058669447899,0.08911621570587158,-0.020293785259127617,0.07425277680158615,-0.07202079147100449,0.051138605922460556,0.004384809639304876,-0.017153793945908546,-0.018855387344956398,-0.01913347840309143,-0.034378908574581146,-0.07943984866142273,-0.1125914677977562,0.020970165729522705,-0.02735653519630432,-0.020072972401976585,0.1407778561115265,0.45892882347106934,-0.040409937500953674,0.34657543897628784,0.5515726804733276,-0.039374515414237976,0.3390911817550659,-0.7411002516746521,0.12206731736660004,0.6319538354873657,0.5049921274185181,-0.4842725694179535,-0.0303104966878891,0.4039984345436096,-0.18005451560020447,-0.6804137825965881,0.5651200413703918,0.44513317942619324,-0.5065981149673462,-0.789190948009491,-0.21880072355270386,0.016867514699697495,-0.4166122078895569,-0.5748701095581055,-0.6698712110519409,-0.4602721631526947,0.7758647799491882,-0.17964144051074982,0.029973521828651428,0.0,-0.0,-0.0
-0.0013620071113109589,0.08130151033401489,-0.062278810888528824,-0.081602081656456,0.040862638503313065,-1.022895336151123,0.09300244599580765,-6.34603202342987e-05,-0.011674392968416214,0.08323034644126892,-0.12683871388435364,0.02094750851392746,0.02726748399436474,0.023672884330153465,-0.0007952116429805756,0.12203865498304367,-0.11050926893949509,-0.016283640637993813,0.009054062888026237,-0.012219320051372051,-0.004451252520084381,-0.007953247986733913,0.08757059276103973,0.1014784649014473,0.007911330088973045,-0.2074039727449417,0.004768748767673969,-0.0012530488893389702,-0.01458480954170227,-0.08637481182813644,-0.0858362466096878,0.014806658029556274,0.19550055265426636,0.002912186086177826,0.007027529180049896,-0.05948900803923607,0.05795544385910034,0.028165651485323906,0.06208718940615654,0.06580006331205368,-0.02108246088027954,0.05812937021255493,0.009776961989700794,-0.031853724271059036,-0.06972058862447739,0.03574640676379204,-0.022167300805449486,0.0037290097679942846,-0.008365416899323463,-0.1079067513346672,-0.0555812232196331,0.03007890097796917,0.05997660383582115,-0.04597201198339462,-0.008585900068283081,0.036969900131225586,0.05083967372775078,0.01567903719842434,0.07758946716785431,-0.029802978038787842,0.11948642879724503,-0.05861278250813484,0.07217889279127121,0.07615403085947037,0.25091665983200073,0.7168503403663635,-0.08926493674516678,0.3293268084526062,0.33497703075408936,0.053573839366436005,0.5080431699752808,-0.42701053619384766,0.08007565140724182,0.6459161043167114,0.48475778102874756,-0.44478651881217957,0.08528836071491241,0.0721692442893982,-0.4178888499736786,-0.3639102578163147,0.44471341371536255,0.5333464741706848,-0.41928544640541077,-0.966280996799469,-0.3099026381969452,0.1441415548324585,-0.1942836046218872,-0.3161115050315857,-0.2817854583263397,0.13915978372097015,0.8160961270332336,0.030154092237353325,0.03001321852207184,0.0,-0.0,-0.0
0.039429422467947006,-0.0719963014125824,0.03752816841006279,-0.06388544291257858,-0.031002772971987724,-1.0070041418075562,0.09101533889770508,-0.009093551896512508,-0.01689031347632408,0.08247921615839005,-0.13747738301753998,0.012332849204540253,0.03745213896036148,0.004624359309673309,-0.0195155069231987,0.11340153962373734,-0.1022048145532608,-0.0009546326473355293,0.015604859218001366,-0.006663664244115353,-0.0085078664124012,-0.0014336779713630676,0.08445917069911957,0.10201562196016312,0.021745411679148674,-0.20538395643234253,-0.013043815270066261,-4.7402456402778625e-05,0.005583345890045166,-0.0992492064833641,-0.08403664082288742,-0.022141428664326668,0.19722598791122437,0.0034380629658699036,-0.007911132648587227,0.08367504924535751,0.031170010566711426,-0.027238044887781143,0.08887070417404175,0.03786807134747505,0.03969856724143028,-0.015412217937409878,-0.06367066502571106,0.04675436019897461,0.06684348732233047,-0.03507298231124878,-0.025541985407471657,0.037826742976903915,0.07283327728509903,0.09540734440088272,-0.05784081295132637,-0.032835718244314194,-0.00271037220954895,-0.03299105167388916,-0.0245495792478323,0.016325009986758232,-0.031697943806648254,0.027276992797851562,-0.0065507651306688786,0.025523221120238304,-0.0873432457447052,0.08120842278003693,0.05658677965402603,-0.04178839549422264,-0.046305492520332336,0.3202085793018341,-0.05097586661577225,0.18293733894824982,-0.32138770818710327,0.06429203599691391,0.33164292573928833,-0.5255676507949829,0.10138775408267975,0.5935218930244446,0.3500477075576782,-0.4471074342727661,-0.047338489443063736,0.2555830180644989,0.10569243133068085,0.0896705687046051,0.4292885661125183,0.3312198221683502,-0.1377044916152954,-0.6449052095413208,-0.17756804823875427,-0.10671353340148926,-0.3194923400878906,-0.8924210071563721,-0.6058162450790405,-0.6548774242401123,0.8785319924354553,-0.4510570466518402,-0.30898943543434143,0.0,-0.0,-0.0
0.017369773238897324,0.059940505772829056,-0.0513935424387455,-0.03127073496580124,-0.012458056211471558,-0.962685227394104,0.08893295377492905,-0.0009675947949290276,-0.000337725505232811,0.09078525751829147,-0.1296337991952896,0.023287752643227577,0.03162545710802078,0.011429337784647942,-0.011098114773631096,0.11751868575811386,-0.1132219061255455,-0.016560329124331474,0.015106454491615295,-0.013895589858293533,-0.003948988392949104,0.01918785087764263,0.10181692242622375,0.09687879681587219,0.011911002919077873,-0.20696285367012024,-0.007527564652264118,0.005746487528085709,-0.009436243213713169,-0.11005449295043945,-0.08169568330049515,-0.0012789834290742874,0.19954779744148254,-0.031184179708361626,0.004076702520251274,-0.009894764982163906,0.05472373962402344,-0.04348951578140259,-0.05488673597574234,0.0427323579788208,0.023396475240588188,0.017116261646151543,0.01326481718569994,-0.028128648176789284,-0.012649059295654297,-0.0707128494977951,0.025960398837924004,-0.037943046540021896,0.07015825808048248,-0.055605143308639526,-0.010445940308272839,0.1053478941321373,-0.05890846252441406,0.02723613940179348,-0.045312728732824326,0.07190878689289093,-0.05232398584485054,-0.11078125238418579,-0.032469142228364944,0.03465704992413521,0.00798255205154419,-0.07875460386276245,-0.07150992751121521,0.0935390368103981,0.19271720945835114,0.7224628329277039,-0.0874917209148407,0.2660236954689026,-0.1013176292181015,0.11322065442800522,0.24593856930732727,-0.3637431263923645,0.0904586911201477,0.5655968189239502,0.32010310888290405,-0.411615252494812,-0.024331167340278625,-0.0005970820784568787,-0.2063949853181839,-0.276252806186676,0.7057531476020813,0.46845218539237976,-0.3775574564933777,-0.831811249256134,-0.15391871333122253,0.12750886380672455,-0.4205242693424225,-0.45488619804382324,-0.5116237998008728,0.11596104502677917,0.7040925025939941,-0.2712576389312744,0.07104583084583282,0.0,-0.0,-0.0
0.002449970692396164,0.006464682519435883,0.03874773904681206,0.003202039748430252,0.017557617276906967,-0.977112889289856,0.09023254364728928,-0.01628919132053852,-0.008452045731246471,0.08451047539710999,-0.13607418537139893,0.01637112908065319,0.023728935047984123,0.0190826915204525,-0.013102038763463497,0.12239456921815872,-0.10131283104419708,-0.012759680859744549,0.00945081003010273,-0.005734835285693407,0.005218532867729664,0.018519634380936623,0.09394373744726181,0.10356778651475906,0.008516432717442513,-0.19453009963035583,-0.005968043580651283,0.001684713177382946,-0.017917267978191376,-0.1113574355840683,-0.11694581806659698,-0.025031395256519318,0.19435223937034607,0.005373992025852203,-0.025151921436190605,-0.014164161868393421,0.022719120606780052,0.011734521947801113,0.08715816587209702,-0.039656657725572586,0.03909449651837349,0.006201565265655518,0.023444432765245438,-0.03337333723902702,0.009533178992569447,-0.005202531814575195,-0.035768430680036545,0.03040388785302639,0.03874789550900459,0.023428862914443016,-0.011421764269471169,-0.08387554436922073,0.07573318481445312,-0.04100911691784859,0.07566725462675095,0.04850207641720772,-0.026177192106842995,0.05804121494293213,0.013343137688934803,-0.02920924499630928,-0.1129135712981224,-0.0017765701049938798,-0.0031709433533251286,-0.029969414696097374,0.09312640130519867,0.4067886471748352,-0.06344980001449585,0.3939633369445801,-0.003178730607032776,0.18979230523109436,0.21544340252876282,-0.5487244129180908,0.11726231873035431,0.491798996925354,0.4835854768753052,-0.2998732924461365,0.061876069754362106,0.11650343984365463,0.09804338216781616,-0.4102790951728821,0.2604425549507141,0.4116251468658447,-0.3801843523979187,-0.7725522518157959,-0.4249125123023987,0.05103680118918419,0.05875362455844879,-0.3194597363471985,-0.6009410619735718,-0.21154652535915375,0.7740303874015808,0.39343103766441345,-0.25459402799606323,0.0,-0.0,-0.0
-0.03428395465016365,0.10497213900089264,-0.07060151547193527,0.0030048079788684845,0.04955274239182472,-1.0171732902526855,0.09149163216352463,0.003931103274226189,0.006761690601706505,0.09647109359502792,-0.14731824398040771,0.02026068978011608,0.021141529083251953,0.02290176786482334,-0.013897259719669819,0.11866316944360733,-0.10674349963665009,-0.0057593705132603645,0.02112247608602047,-0.005233281292021275,0.00803343765437603,0.021469509229063988,0.10582559555768967,0.10080664604902267,0.008397446945309639,-0.2064143419265747,-0.010025124996900558,0.02301723323762417,-0.018804073333740234,-0.10827154666185379,-0.10938327759504318,0.02408262901008129,0.19953078031539917,-0.0042040119878947735,0.0034206677228212357,-0.07244431972503662,-0.002254790160804987,0.021106427535414696,0.04901435598731041,0.052645303308963776,0.028338933363556862,0.0037679553497582674,-0.001462274813093245,-0.04277867078781128,0.02313791587948799,0.055217113345861435,0.03895450755953789,0.012582087889313698,-0.027201611548662186,-0.04740775749087334,0.024243051186203957,0.07958908379077911,0.04730076715350151,-0.052248191088438034,-0.031034326180815697,-0.0005147874471731484,0.051325298845767975,-0.03766440972685814,0.0648292526602745,-0.04302860423922539,0.1383100301027298,0.06220976263284683,-0.004030704498291016,0.0754188671708107,0.31720423698425293,0.6516376733779907,-0.06937451660633087,0.32691502571105957,0.4082370400428772,0.10261637717485428,0.2910340130329132,-0.49508097767829895,0.0894407331943512,0.6344451308250427,0.5351459980010986,-0.3718530535697937,-0.056968096643686295,0.16327142715454102,-0.28487080335617065,-0.5121852159500122,0.655689537525177,0.2972027361392975,-0.336112916469574,-0.8400081396102905,-0.28117871284484863,0.025348708033561707,-0.186936616897583,-0.33647605776786804,-0.15879186987876892,0.21586133539676666,0.7705616354942322,-0.08111453056335449,0.29035240411758423,0.0,-0.0,-0.0
0.049535054713487625,0.0007500685751438141,0.04581470414996147,-0.03860580548644066,-0.036394163966178894,-1.0103809833526611,0.09277698397636414,-0.0017694830894470215,-0.005305846221745014,0.08073986321687698,-0.13680967688560486,0.008034314960241318,0.03623490035533905,0.009882861748337746,-0.007940051145851612,0.10698486119508743,-0.10827497392892838,-0.014337151311337948,0.021896837279200554,0.004474882036447525,0.012867351993918419,0.00642365962266922,0.09188205003738403,0.10072111338376999,0.023071063682436943,-0.18774466216564178,0.0023003239184617996,-0.003890320658683777,0.01466323435306549,-0.11782179027795792,-0.10668287426233292,-0.005702005233615637,0.1865950971841812,-0.0010526804253458977,-0.011379027739167213,-0.0508708655834198,0.038507770746946335,0.045080482959747314,-0.0718747079372406,-0.02370057813823223,0.06064632162451744,-0.043132342398166656,0.009884011931717396,-0.041815485805273056,-0.028104061260819435,-0.041073769330978394,-0.04836415871977806,0.0307924747467041,0.07196702063083649,0.07018458843231201,-0.02488926611840725,-0.08170071244239807,-0.03210407868027687,0.044329654425382614,0.03888572379946709,-0.011651813983917236,-0.10521446913480759,0.10513830184936523,-0.037782393395900726,0.07582791894674301,-0.06439217925071716,0.007056677248328924,-0.03910950943827629,-0.021689731627702713,0.3788754343986511,0.31250903010368347,-0.04362723231315613,0.4280747175216675,0.6622220277786255,-0.11374425143003464,0.43802574276924133,-0.5799012184143066,0.09224237501621246,0.6170395016670227,0.5741365551948547,-0.5079468488693237,0.0002468302845954895,0.33125582337379456,-0.2842126488685608,-0.48863685131073,0.251841276884079,0.3313063979148865,-0.28925248980522156,-0.6341996788978577,-0.05412951856851578,-0.2948535680770874,-0.1747685968875885,-0.5899916291236877,-0.40929004549980164,-0.643233597278595,0.7417328953742981,-0.28398847579956055,-0.09749048948287964,0.0,-0.0,-0.0
0.04884590581059456,0.0776539146900177,-0.03362882509827614,-0.06610812246799469,-0.007966872304677963,-0.9952471256256104,0.07554173469543457,0.0026423651725053787,-0.007865570485591888,0.07460584491491318,-0.14368629455566406,0.005762673914432526,0.011411208659410477,0.025913046672940254,0.001344059593975544,0.12118745595216751,-0.10401260852813721,-0.011962246149778366,0.005257020704448223,0.007105747237801552,0.003743995912373066,0.01714864932000637,0.11140230298042297,0.09879432618618011,0.011167949065566063,-0.19679446518421173,-0.008745528757572174,0.007913770154118538,0.01508588157594204,-0.08769123256206512,-0.09043359011411667,0.0057285986840724945,0.1978752315044403,-0.01412135735154152,0.0020194929093122482,0.046341683715581894,-0.041274286806583405,-0.025559676811099052,0.06117233261466026,0.0076438309624791145,0.05476130172610283,-0.10331924259662628,-0.024067580699920654,0.01401484664529562,-0.05411919951438904,0.025071430951356888,0.062435366213321686,0.010997164063155651,-0.003645008895546198,0.0061026932671666145,0.03402853012084961,-0.0326521061360836,0.012819552794098854,-0.07458973675966263,-0.010286593809723854,0.02635270357131958,0.06656541675329208,-0.06370418518781662,0.03035689704120159,0.04378488287329674,0.0064747571013867855,-0.0037253976333886385,-0.024095332249999046,0.07688973098993301,0.5818009972572327,0.5622387528419495,-0.04794597625732422,0.5375181436538696,0.6287928819656372,0.15289261937141418,0.3823469281196594,-0.33658143877983093,0.13932107388973236,0.7013169527053833,0.9453640580177307,-0.10699249804019928,-0.031222455203533173,-0.12226729840040207,-0.5769443511962891,-0.34682220220565796,0.7476921677589417,0.42944076657295227,-0.5270175337791443,-0.9957555532455444,-0.30577197670936584,0.26963457465171814,-0.6827106475830078,-0.3341919779777527,-0.46181556582450867,-0.10553354024887085,0.8865311145782471,-0.2481255829334259,0.008467026054859161,0.0,-0.0,-0.0
0.008810717612504959,0.036104653030633926,0.03441344574093819,-0.02719397470355034,-0.03958859294652939,-0.9642753005027771,0.07762029021978378,-0.0024301614612340927,-0.014905693009495735,0.08244414627552032,-0.13152000308036804,0.016181085258722305,0.013964138925075531,0.020426038652658463,-0.009730744175612926,0.1183769479393959,-0.1115909144282341,-0.0047446563839912415,-0.0008812565356492996,0.009280145168304443,-0.013913672417402267,0.0024040956050157547,0.10599125921726227,0.0909869596362114,0.018673868849873543,-0.21274058520793915,0.00363139808177948,-0.0010045478120446205,0.002888619899749756,-0.1025751382112503,-0.09059343487024307,-0.0008723083883523941,0.19286249577999115,0.007055759429931641,-0.019714107736945152,-0.021985316649079323,0.017579680308699608,0.04343003034591675,-0.0584486722946167,-0.019396698102355003,0.05594130977988243,0.03327672556042671,-0.05209283158183098,0.026646757498383522,-0.06770119816064835,0.021128416061401367,-0.017606938257813454,-0.0021809220779687166,-0.06736258417367935,-0.051311518996953964,0.017068399116396904,-0.01944803074002266,0.03174194321036339,-0.03275740146636963,-0.036809392273426056,0.017671478912234306,-0.08417533338069916,0.018312925472855568,0.014810574240982533,0.0558009035885334,-0.06998685747385025,0.051453519612550735,0.08903332054615021,-0.009547436609864235,0.4488492012023926,0.4509437084197998,-0.04966998100280762,0.47528213262557983,0.7060741186141968,0.18380606174468994,0.2996317148208618,-0.6022854447364807,0.08209362626075745,0.6022794246673584,1.000023365020752,-0.188390851020813,-0.0011792518198490143,0.03718193247914314,-0.35891059041023254,-0.456790953874588,0.46436774730682373,0.3857869505882263,-0.27686136960983276,-0.802085816860199,-0.10921374708414078,-0.14255133271217346,-0.2707979083061218,-0.6853222846984863,-0.5736697912216187,-0.3569944202899933,0.7696673274040222,-0.04347884654998779,-0.2506503462791443,0.0,-0.0,-0.0
0.0075501948595047,-0.022094469517469406,0.027586679905653,-0.03611338883638382,-0.010589726269245148,-0.9646283388137817,0.09453931450843811,-0.014583155512809753,-0.004088362213224173,0.07883201539516449,-0.13813622295856476,0.018477465957403183,0.027540704235434532,0.01429765485227108,-0.017101706936955452,0.1258234828710556,-0.11781937628984451,-0.004374411888420582,0.009500991553068161,0.006859228014945984,0.011310989037156105,-0.0071572838351130486,0.10434407740831375,0.08980511873960495,0.02123282290995121,-0.1978571116924286,-0.0052007464691996574,0.011562012135982513,-0.0032748840749263763,-0.10270100086927414,-0.11036316305398941,0.019750535488128662,0.19566626846790314,-0.007981614209711552,-0.018303222954273224,0.08622203022241592,0.03789577633142471,-0.02177571691572666,0.015619647689163685,-0.06574840098619461,0.02533547952771187,-0.03959646448493004,0.04188412427902222,-0.012019330635666847,-0.017064839601516724,-0.07976215332746506,0.04958700016140938,-0.01629011146724224,0.020013898611068726,0.09295016527175903,-0.0315760038793087,-0.05797433480620384,0.015051907859742641,-0.01694895699620247,-0.014233767986297607,-0.016721731051802635,-0.03387916833162308,-0.0077117918990552425,0.02252057194709778,-0.04419059678912163,0.0512729175388813,-0.03352823480963707,-0.02923499420285225,0.039465855807065964,0.34416329860687256,0.4417194724082947,-0.022959038615226746,0.37029170989990234,0.6573983430862427,0.16431888937950134,0.21022135019302368,-0.5494829416275024,0.07271373271942139,0.6167874932289124,0.7682047486305237,-0.2565203607082367,-0.04009607061743736,0.10977218300104141,-0.08276817947626114,-0.2923492193222046,0.45283669233322144,0.41336938738822937,-0.32091543078422546,-0.6559851765632629,-0.2818070650100708,0.10824558138847351,-0.29135555028915405,-0.49123820662498474,-0.5968682169914246,-0.04178914055228233,0.7879121899604797,-0.4731283485889435,0.07027758657932281,0.0,-0.0,-0.0
-0.03950641304254532,0.12155534327030182,-0.006455458700656891,-0.02300679124891758,0.0007810108363628387,-1.0437880754470825,0.09291066229343414,-0.0014354567974805832,-0.008935745805501938,0.06634120643138885,-0.14703305065631866,0.015001343563199043,0.01983295939862728,0.023212091997265816,0.0026207100600004196,0.11682146042585373,-0.12165553867816925,-0.010946832597255707,-0.005405631382018328,0.012704284861683846,-0.005078067071735859,-0.002225487492978573,0.10539313405752182,0.09607742726802826,0.02022743783891201,-0.20315104722976685,-0.003550315275788307,0.006727317348122597,0.015102328732609749,-0.09150940924882889,-0.11521182954311371,0.002319062128663063,0.19100309908390045,-0.002141316421329975,0.010508891195058823,0.0004550456942524761,0.06549974530935287,-0.07221552729606628,-0.017328424379229546,-0.015378231182694435,0.04521684721112251,-0.03984683379530907,-0.0496625117957592,-0.04904633387923241,-0.028824109584093094,0.006535685155540705,0.04865309223532677,0.00038309695082716644,-0.0495610348880291,-0.09773050993680954,0.0726475715637207,0.002413082169368863,0.0008424759143963456,-0.011094427667558193,0.03399895504117012,0.02086648903787136,0.04802525043487549,0.0624035969376564,-0.013227301649749279,-0.0013965368270874023,-0.05606825277209282,-0.06571924686431885,0.03699997812509537,0.057825516909360886,0.4734991788864136,0.6596106290817261,-0.06332004070281982,0.5708602070808411,0.9956315755844116,0.2384604513645172,0.43739375472068787,-0.6641615033149719,0.10036130249500275,0.6878295540809631,1.3180925846099854,-0.2008925974369049,0.07611922919750214,-0.05582871288061142,-0.49961140751838684,-0.21831077337265015,0.5078184604644775,0.5028654336929321,-0.34061527252197266,-0.826667845249176,-0.15061211585998535,-0.05701524391770363,-0.3044106364250183,-0.41636407375335693,-0.2847844958305359,-0.4407602846622467,0.7363370060920715,-0.17583318054676056,0.171229749917984,0.0,-0.0,-0.0
0.035081569105386734,-0.16747881472110748,0.029994014650583267,-0.0654929131269455,0.0032290853559970856,-0.9744555354118347,0.1046963557600975,0.0019604843109846115,-0.00451174471527338,0.07555018365383148,-0.1366247981786728,0.011578483507037163,0.03311648219823837,0.026529965922236443,-0.005644115619361401,0.12411057204008102,-0.1248440071940422,-0.00737027358263731,0.005715964362025261,0.0006416141986846924,0.01139456033706665,0.0005263714119791985,0.0944453552365303,0.11071387678384781,0.020488737151026726,-0.19587889313697815,0.00820574164390564,-0.011626245453953743,0.010359136387705803,-0.09745799005031586,-0.09834761917591095,0.0008782800287008286,0.20279498398303986,-0.018566234037280083,-0.0063485559076070786,-0.008115303702652454,-0.06701334565877914,-0.06754773110151291,-0.005519908852875233,0.018751800060272217,-0.04192261025309563,0.06297216564416885,-0.019764244556427002,0.01941661350429058,-0.022702693939208984,-0.05018522962927818,0.04148785024881363,0.06577607244253159,0.0035649181809276342,0.11149197816848755,-0.06289778649806976,0.06161201000213623,0.06198110803961754,-0.030702311545610428,0.012041700072586536,0.04544128105044365,-0.0030839384999126196,-0.047417689114809036,-0.036342401057481766,0.05331672355532646,0.03873478248715401,0.06361252069473267,-0.003342276904731989,-0.09942447394132614,0.35957133769989014,0.49980050325393677,-0.00388129148632288,0.4540032744407654,0.9743154048919678,0.15918508172035217,0.383126437664032,-0.789757251739502,0.10429179668426514,0.7133145332336426,1.1419841051101685,-0.26875340938568115,-0.019732223823666573,0.1068865954875946,-0.17201374471187592,-0.44152969121932983,0.4333764910697937,0.3449702262878418,-0.39110085368156433,-0.7722289562225342,-0.22098883986473083,-0.1433434933423996,-0.5021810531616211,-0.5519246459007263,-0.4458540380001068,-0.17373237013816833,0.8814489245414734,-0.39576950669288635,-0.24280686676502228,0.0,-0.0,-0.0
0.040988367050886154,0.10549387335777283,0.010765660554170609,0.026080962270498276,-0.0377083346247673,-0.9881184697151184,0.10275967419147491,-0.0027677351608872414,0.0008879583328962326,0.05566033720970154,-0.13311731815338135,0.0011073146015405655,0.02625349722802639,0.02181299962103367,0.0006809607148170471,0.12410730868577957,-0.1229453757405281,-0.0056272465735673904,0.0025011859834194183,0.004294298589229584,-0.011248376220464706,0.013646600767970085,0.08799906820058823,0.0881529226899147,0.007730243727564812,-0.2043324112892151,-0.002985302358865738,0.012139938771724701,-0.0011930642649531364,-0.10120806843042374,-0.11310122162103653,-0.0022985972464084625,0.18997932970523834,-0.009680669754743576,-0.002433221787214279,-0.027809882536530495,-0.02027199976146221,0.065618135035038,-0.0703626424074173,0.05119727924466133,-0.05413641408085823,-0.0911821499466896,-0.02419399656355381,-0.05507383868098259,-0.012381953187286854,0.047821223735809326,0.014674091711640358,-0.033716555684804916,0.040802132338285446,-0.0772658959031105,0.0459027998149395,0.02622666396200657,-0.0517565980553627,0.05283402279019356,-0.051418282091617584,0.033882033079862595,-0.009598261676728725,-0.01790735125541687,0.0015853404765948653,0.03337714821100235,0.05286840349435806,0.02341221645474434,-0.03469306603074074,-0.029373226687312126,0.5832045078277588,0.6989089846611023,-0.03433533012866974,0.4491351246833801,0.8165920376777649,0.18259131908416748,0.3154616951942444,-0.7076448798179626,0.1463044285774231,0.6454702615737915,1.098218321800232,-0.33426550030708313,-0.054330047219991684,0.002580147236585617,-0.5112680196762085,-0.17512629926204681,0.32082533836364746,0.26631584763526917,-0.28821706771850586,-0.9160886406898499,-0.23089033365249634,0.06714032590389252,-0.3470284938812256,-0.36494800448417664,-0.5036153793334961,-0.3408844769001007,0.6753909587860107,-0.0805581733584404,0.1878262609243393,0.0,-0.0,-0.0
0.017221268266439438,-0.12319791316986084,-0.06398649513721466,0.012112673372030258,-0.03596728295087814,-1.00241219997406,0.10155274718999863,-0.01012208592146635,-0.007043479476124048,0.059070438146591187,-0.14089737832546234,0.008499851450324059,0.030369719490408897,0.02635282836854458,-0.009721377864480019,0.12207131832838058,-0.11255761981010437,-0.020116813480854034,0.0010138535872101784,-0.0007767733186483383,0.009393258020281792,-0.009113907814025879,0.0898439809679985,0.08397626131772995,0.02559470199048519,-0.20758794248104095,0.000720110721886158,-0.009655751287937164,-0.008229127153754234,-0.0912390947341919,-0.10967273265123367,-0.02375899627804756,0.19063717126846313,-0.013807853683829308,-0.006426044274121523,0.08469072729349136,-0.0420333668589592,-0.07057595252990723,-0.03978497162461281,0.020626438781619072,-0.06577682495117188,0.05931819602847099,0.024190455675125122,0.05331997945904732,-0.042875196784734726,-0.004148972220718861,-0.025874245911836624,-0.014026171527802944,0.04979828745126724,0.0695534348487854,-0.10292720049619675,0.0020537078380584717,0.0014020920498296618,-0.0252700038254261,-0.03822126239538193,-0.004899215884506702,-0.07612680643796921,0.028280258178710938,0.061550866812467575,0.0616004578769207,-0.07277847826480865,0.014228331856429577,0.006997048854827881,0.03147430345416069,0.4842315912246704,0.45518940687179565,-0.07711385190486908,0.43509525060653687,0.593700647354126,0.33224737644195557,0.35529181361198425,-0.46074822545051575,0.08736315369606018,0.620140552520752,0.8969413638114929,-0.11041584610939026,0.10485823452472687,-0.048485152423381805,-0.16222253441810608,-0.545021116733551,0.566356897354126,0.535234808921814,-0.3887322247028351,-0.7797281742095947,-0.38384807109832764,-0.030691463500261307,-0.19752606749534607,-0.4662993550300598,-0.37369778752326965,-0.26086869835853577,0.8396453261375427,-0.0526609867811203,0.03614906221628189,0.0,-0.0,-0.0
-0.024395093321800232,0.10454729199409485,0.02049912139773369,-0.03141994774341583,0.0332953967154026,-0.9552043676376343,0.10468415170907974,-0.008330444805324078,-0.00887664221227169,0.07503684610128403,-0.14058250188827515,0.01707962341606617,0.03744550049304962,0.02088264934718609,-0.0048987106420099735,0.10706639289855957,-0.11609093099832535,-0.015518994070589542,-0.015535988844931126,-0.0056134182959795,-0.012028370052576065,-0.001956985332071781,0.08512517064809799,0.09856502711772919,0.01183868758380413,-0.1947278380393982,-0.015151619911193848,0.01831378974020481,-0.005892046727240086,-0.1166321262717247,-0.10006553679704666,0.009728224948048592,0.18602395057678223,-0.0019920794293284416,0.005256027914583683,-0.05789512023329735,-0.004223233554512262,-0.07875307649374008,0.027053702622652054,-0.028631240129470825,-0.06989339739084244,0.008860493078827858,-0.002984905382618308,0.06731752306222916,-0.03749939426779747,-0.0403074286878109,-0.0672602578997612,-0.0591694675385952,-0.07561098039150238,-0.04228537902235985,0.05915006622672081,0.0478900782763958,-0.016324937343597412,-0.0526261106133461,-0.07268821448087692,-0.02556891180574894,0.07369782030582428,0.04331016540527344,-0.027519119903445244,0.06187872961163521,0.08994733542203903,-0.009734190069139004,-0.022169142961502075,0.03955041244626045,0.322590172290802,0.5829305052757263,-0.010311455465853214,0.4767216444015503,0.8826111555099487,0.30774882435798645,0.6522641777992249,-0.6561644673347473,0.056286510080099106,0.7881090641021729,1.380731225013733,-0.08043737709522247,0.04322900250554085,-0.11105652898550034,-0.5276210308074951,-0.09115559607744217,0.4858095645904541,0.5463764667510986,-0.28613361716270447,-0.8474999666213989,-0.2313966453075409,0.2232670783996582,-0.2427344024181366,-0.6351020932197571,-0.511389434337616,0.08000543713569641,0.7291260957717896,-0.02759837545454502,-0.01922721043229103,0.0,-0.0,-0.0
0.04039713367819786,-0.15639710426330566,0.08702251315116882,-0.009291741997003555,0.05184045061469078,-0.9904853701591492,0.12439098209142685,0.0026628803461790085,-0.0036130151711404324,0.07143183052539825,-0.14893394708633423,0.014588603749871254,0.0517469123005867,0.013086818158626556,-0.006983879953622818,0.11233124136924744,-0.13222500681877136,-0.02210390940308571,0.005702216178178787,-0.011432134546339512,-0.006114876363426447,-0.016701295971870422,0.07155175507068634,0.10194336622953415,0.019963491708040237,-0.20703251659870148,-0.0035293977707624435,-0.01826408877968788,0.0022385530173778534,-0.09517644345760345,-0.11957696825265884,0.0011479314416646957,0.1993454545736313,-0.00623451778665185,0.0006438884884119034,0.04457348585128784,0.06292174011468887,0.0024307488929480314,0.06257621198892593,0.06227748468518257,0.025047874078154564,-0.022408325225114822,-0.03248879313468933,-0.016496075317263603,-0.0761348083615303,-0.006331134121865034,0.05545448139309883,0.02240017056465149,-0.0461520180106163,0.09607501327991486,-0.09346064180135727,-0.002224308205768466,-0.041249215602874756,0.05458197742700577,-0.028843987733125687,0.0876128077507019,-0.04567209631204605,0.06582453101873398,0.05787013843655586,-0.04153880104422569,-0.03321823105216026,-0.0382976233959198,-0.05181316286325455,-0.06675286591053009,0.383392333984375,0.5608188509941101,-0.0640144795179367,0.3797140121459961,0.9175765514373779,0.08516690880060196,0.5104406476020813,-0.8934487104415894,0.060583923012018204,0.6626708507537842,1.0739483833312988,-0.32087570428848267,0.04994459077715874,0.34451529383659363,-0.15028323233127594,-0.436482310295105,0.4667928218841553,0.44176116585731506,-0.26284468173980713,-0.7755774855613708,-0.09678024798631668,-0.2790684700012207,-0.3043080270290375,-0.3704645037651062,-0.5963626503944397,-0.4455046057701111,0.841882050037384,-0.30071958899497986,-0.13753753900527954,0.0,-0.0,-0.0
0.039367806166410446,0.05893971398472786,-0.0821068063378334,-0.05470765009522438,-0.0013362877070903778,-1.03654146194458,0.11960091441869736,0.007252456620335579,-0.007027953397482634,0.06180962920188904,-0.1444348841905594,0.014484990388154984,0.04789254069328308,0.0195691529661417,-0.01268620416522026,0.12286331504583359,-0.13303035497665405,-0.00817586574703455,0.0014158207923173904,0.004960348829627037,-0.015229333192110062,0.01624152995646,0.08571984618902206,0.0970076397061348,0.027848927304148674,-0.20191790163516998,-0.004734246991574764,0.019768960773944855,-0.004777532536536455,-0.11154837906360626,-0.10683710873126984,-0.005701042246073484,0.20071983337402344,7.23404809832573e-05,-0.008206002414226532,0.06445474922657013,0.014291263185441494,-0.0002772391017060727,0.03809061273932457,-0.0078123449347913265,-0.007765460293740034,0.01818576455116272,0.0383094921708107,-0.049334365874528885,0.018540197983384132,-0.039811115711927414,0.015815705060958862,-0.041925519704818726,-0.010445976629853249,-0.04601984843611717,-0.010372352786362171,0.04005726799368858,0.04862716421484947,0.04427364096045494,0.020727073773741722,0.005574381444603205,0.04551055654883385,-0.06384290009737015,0.03178973123431206,0.100821353495121,0.07254832983016968,0.04787107929587364,0.027240026742219925,-0.011112290434539318,0.4713362455368042,0.5212718844413757,-0.042561016976833344,0.45408254861831665,1.0564045906066895,-0.11335188895463943,0.5845882892608643,-0.6173930168151855,0.12250286340713501,0.7470394372940063,0.9890982508659363,-0.4460272490978241,0.027334216982126236,0.42041999101638794,-0.5102916955947876,-0.0803288072347641,0.681456983089447,0.4873731732368469,-0.4062979221343994,-0.8182072639465332,-0.3145366311073303,0.2907160222530365,-0.4364028573036194,-0.6704113483428955,-0.3405960500240326,-0.19892056286334991,0.7699874043464661,-0.14897984266281128,0.06771983206272125,0.0,-0.0,-0.0
-0.017841987311840057,-0.16138270497322083,0.04546915367245674,-0.001628439873456955,-0.0012928023934364319,-0.9994676113128662,0.1338406205177307,-0.010984338819980621,0.004968398250639439,0.06325716525316238,-0.14612579345703125,0.012965170666575432,0.0627901628613472,0.020664485171437263,-0.012640239670872688,0.12424563616514206,-0.12528389692306519,-0.022235438227653503,-0.0077358875423669815,-0.006429418455809355,0.009021777659654617,0.011476792395114899,0.08717001229524612,0.08632480353116989,0.01893465593457222,-0.193324014544487,-0.0036042542196810246,0.0016820309683680534,-0.004734724760055542,-0.11553076654672623,-0.11744438111782074,-0.018390964716672897,0.20041832327842712,-0.013430091552436352,-0.00704828929156065,-0.05294860154390335,0.007415133994072676,-0.07093033194541931,-0.008765721693634987,-0.05573604628443718,-0.014741015620529652,0.09243052452802658,-0.072660431265831,0.013134199194610119,-0.01923656463623047,0.03426516056060791,0.0800192579627037,0.023491716012358665,0.07085396349430084,0.11588986217975616,-0.04212551936507225,-0.027369434013962746,-0.03960508108139038,0.0054208519868552685,0.0711585283279419,0.020165449008345604,-0.029069965705275536,0.04075827822089195,0.005644679069519043,-0.04184785857796669,-0.029300350695848465,0.05538846179842949,-0.00879862904548645,0.03770033270120621,0.2503046989440918,0.34619879722595215,-0.03173564374446869,0.3642404079437256,0.6321443319320679,0.0984727069735527,0.32905107736587524,-0.5451260209083557,0.07496249675750732,0.641230583190918,1.0173768997192383,-0.1614103615283966,-0.010902553796768188,-0.005221813917160034,0.0594712495803833,-0.46153274178504944,0.4990900754928589,0.3251579999923706,-0.5034468770027161,-0.8248593211174011,-0.26576313376426697,-0.3010028302669525,-0.10298839956521988,-0.5227766036987305,-0.6346077919006348,-0.2895081341266632,0.7550321221351624,-0.21994005143642426,-0.0037788376212120056,0.0,-0.0,-0.0
0.04568863287568092,0.1596498042345047,-0.008941862732172012,-0.019323237240314484,0.02852899208664894,-1.0265377759933472,0.12308753281831741,-0.0033772792667150497,-0.0024617710150778294,0.07004585862159729,-0.16280865669250488,0.002652481198310852,0.051396444439888,0.01092713512480259,-0.012980159372091293,0.12591195106506348,-0.1360442042350769,-0.017183572053909302,-0.007666321005672216,-0.005847709719091654,-0.01147507969290018,0.02001153863966465,0.09061523526906967,0.08916542679071426,0.014414595440030098,-0.21617957949638367,0.007070677354931831,-0.005081921815872192,0.0017102528363466263,-0.10591132193803787,-0.11756400018930435,0.0007892176508903503,0.18160311877727509,-0.0072263265028595924,0.0017923377454280853,-0.04572654888033867,-0.0014527380699291825,0.06980877369642258,-0.07712384313344955,-0.0669076070189476,0.06686129420995712,-0.0271193515509367,-0.045159753412008286,-0.043004103004932404,-0.02356066182255745,-0.0061578452587127686,-0.005555921699851751,0.024538248777389526,-0.03599179908633232,-0.022575819864869118,-0.0010704100131988525,0.07005319744348526,-0.016514712944626808,-0.06740126758813858,-0.0066442848183214664,0.07257946580648422,0.017627954483032227,0.03592618927359581,-0.038163430988788605,0.06544899940490723,0.09031074494123459,0.052102673798799515,0.015886222943663597,0.021432245150208473,0.5344883799552917,0.7586115002632141,-0.05842021107673645,0.4137706756591797,0.8242161273956299,0.05592123419046402,0.5088096857070923,-0.6217254400253296,0.08992032706737518,0.6832053661346436,0.7035117745399475,-0.4262361526489258,-0.015162229537963867,0.030251510441303253,-0.5062873363494873,-0.4842081367969513,0.7071008086204529,0.6398270130157471,-0.3963789939880371,-0.9179222583770752,-0.2717632055282593,0.0698690414428711,-0.208833247423172,-0.35996875166893005,-0.3383229672908783,0.028261233121156693,0.665884792804718,-0.048769667744636536,0.021788768470287323,0.0,-0.0,-0.0
-0.04516012221574783,-0.15161819756031036,0.03284265473484993,-0.05142582207918167,-0.004962082952260971,-1.0149263143539429,0.1316962093114853,-0.005685308948159218,-0.016415055841207504,0.06655652076005936,-0.16446498036384583,0.006899664178490639,0.05946806073188782,0.02900579385459423,-0.010585458017885685,0.11733470112085342,-0.1276196837425232,-0.004186241887509823,-0.004397087264806032,0.010744022205471992,0.006705392152070999,-0.011786079034209251,0.10426903516054153,0.09711731970310211,0.023206258192658424,-0.19452884793281555,-0.010267700999975204,-0.0014004157856106758,1.2946315109729767e-05,-0.10294543206691742,-0.11383885890245438,-0.0044831447303295135,0.19749027490615845,-0.007400943897664547,-0.010930163785815239,0.029571890830993652,-0.02569974772632122,-0.024747509509325027,0.0089491605758667,-0.0305723138153553,-0.018756723031401634,0.022342277690768242,-0.06360756605863571,-0.06344039738178253,-0.05109043046832085,0.07680930942296982,0.07169010490179062,-0.001186329172924161,0.02606135606765747,0.06867782026529312,-0.018955379724502563,-0.06360473483800888,-0.0007586837164126337,0.03335355594754219,0.09611260145902634,-0.06972075253725052,-0.04894457384943962,-0.02601967565715313,-0.042537838220596313,0.013485020957887173,-0.08963178843259811,0.07468505203723907,-0.04093701019883156,0.009770643897354603,0.5798407793045044,0.5494222044944763,-0.08402939140796661,0.6516110301017761,1.307128667831421,-0.0765308141708374,0.4644259512424469,-0.5785797238349915,0.09343117475509644,0.6192768812179565,0.989018976688385,-0.39992547035217285,0.025400329381227493,0.3449687063694,-0.16304415464401245,-0.4191659390926361,0.3791949152946472,0.4088488519191742,-0.27451199293136597,-0.6523792147636414,-0.3417050838470459,0.08060812950134277,-0.40703368186950684,-0.4218510091304779,-0.5160844922065735,-0.374376505613327,0.9003525376319885,-0.3172543942928314,-0.08618830889463425,0.0,-0.0,-0.0
0.06463275849819183,0.12036629021167755,0.02882227674126625,-0.033886756747961044,0.00624263659119606,-0.9752512574195862,0.13946828246116638,-0.008982216939330101,-0.016271555796265602,0.07744389772415161,-0.16391217708587646,0.0011979592964053154,0.06293843686580658,0.03136540949344635,-0.016531335189938545,0.12304500490427017,-0.13079799711704254,-0.010256168432533741,-0.015050193294882774,0.011262699961662292,-0.020468803122639656,-0.0002988884225487709,0.10706242173910141,0.0961175486445427,0.016563119366765022,-0.2170754075050354,0.0137728750705719,0.013543419539928436,0.012444768100976944,-0.10129725188016891,-0.1057189330458641,0.007177881896495819,0.18457110226154327,-0.010761554352939129,-0.011965292505919933,0.056665897369384766,0.05283558368682861,0.033887457102537155,-0.06966987997293472,0.03285714611411095,0.02216961421072483,-0.0676693320274353,-0.034358032047748566,-0.012419003061950207,0.029375148937106133,-0.065268374979496,0.07712916284799576,0.033577144145965576,0.051493432372808456,-0.11595351994037628,-0.0025583745446056128,-0.040435075759887695,0.027680575847625732,-0.05378180742263794,0.017714042216539383,0.032627083361148834,0.08753795921802521,0.06413324177265167,-0.032868996262550354,0.07768271118402481,0.07677450031042099,-0.05573216825723648,0.05083291605114937,0.05958599969744682,0.5031304359436035,0.6391051411628723,-0.05915253609418869,0.46058523654937744,1.1498091220855713,0.0625186339020729,0.53450608253479,-0.7030348777770996,0.09119775891304016,0.6913361549377441,0.8379763960838318,-0.34111079573631287,-0.015235316008329391,-0.07302217930555344,-0.4296037256717682,-0.24011363089084625,0.5697017908096313,0.46338269114494324,-0.4325943887233734,-0.9671130180358887,0.05186645686626434,0.07486146688461304,-0.11037371307611465,-0.40724602341651917,-0.3615705966949463,0.04539136961102486,0.7261906266212463,0.037138454616069794,0.04357035458087921,0.0,-0.0,-0.0
0.04504084214568138,-0.12319676578044891,-0.0030083023011684418,-0.08577661216259003,-0.03424559533596039,-0.9630443453788757,0.14489294588565826,0.005813274532556534,-0.006454585585743189,0.08000880479812622,-0.15667378902435303,0.006444316357374191,0.06662049889564514,0.01962866261601448,-0.006216544657945633,0.11950509995222092,-0.13236123323440552,-0.020928800106048584,-0.0058343312703073025,0.008787468075752258,0.0138398427516222,-0.00852440856397152,0.10914139449596405,0.11336502432823181,0.0032633189111948013,-0.19268397986888885,-0.015406064689159393,0.000337245874106884,0.009277500212192535,-0.08830298483371735,-0.11705591529607773,-0.005497419741004705,0.20696629583835602,-0.006016465835273266,-0.012286074459552765,0.08204194158315659,0.0411219485104084,0.026031160727143288,0.08310164511203766,-0.001982873771339655,-0.06269457936286926,-0.025275325402617455,0.04015570878982544,0.04380727931857109,-0.035723913460969925,0.025536788627505302,-0.0504799485206604,-0.022811919450759888,0.03206830099225044,0.06394641846418381,-0.057379402220249176,-0.0022677958477288485,0.03322143480181694,0.01480568666011095,0.04341607168316841,-0.09278229624032974,-0.02318822219967842,-0.012790131382644176,0.012266511097550392,0.01852644793689251,-0.05716501548886299,0.02093437872827053,-0.03549892455339432,0.015366405248641968,0.37518876791000366,0.6196495890617371,-0.021389901638031006,0.43627095222473145,0.596816897392273,0.2531410753726959,0.21473318338394165,-0.5175822377204895,0.09360173344612122,0.5864248871803284,0.9673766493797302,-0.1423632800579071,-0.009402502328157425,-0.18469581007957458,0.18845748901367188,-0.258558064699173,0.4393652081489563,0.28287339210510254,-0.2591707706451416,-0.6179409623146057,-0.355221152305603,-0.27436476945877075,-0.5678804516792297,-0.4354625344276428,-0.523193895816803,-0.45632725954055786,0.8862393498420715,-0.442953497171402,0.0036989599466323853,0.0,-0.0,-0.0
0.03249511495232582,0.16962148249149323,0.06495912373065948,0.004407290369272232,-0.019249532371759415,-0.9632019400596619,0.13946209847927094,-0.002853432670235634,0.0029449118301272392,0.08262369781732559,-0.15997716784477234,0.008889352902770042,0.06268230825662613,0.01652604155242443,-0.012464076280593872,0.1205439642071724,-0.14392119646072388,-0.02026497945189476,0.005192210897803307,-0.0006320588290691376,0.003435218706727028,-0.004834766499698162,0.10260827839374542,0.10867548733949661,-0.0023256009444594383,-0.19985537230968475,0.00023992732167243958,-0.011095110327005386,0.012144410982728004,-0.0985196903347969,-0.10575564950704575,-0.01024877279996872,0.1976887732744217,-0.01694352552294731,0.0025044409558176994,-0.07174775004386902,-0.04439795762300491,-0.025067785754799843,-0.07406499981880188,-0.055300023406744,0.0296913031488657,-0.01306529063731432,-0.0459098182618618,-0.0694168284535408,0.009025752544403076,0.07232663780450821,-0.03692029044032097,0.037613727152347565,-0.01192476786673069,-0.06227153539657593,-0.055119194090366364,0.016315801069140434,-0.05712083727121353,-0.012557381764054298,-0.05114303156733513,0.0441381111741066,0.023166179656982422,0.04694328457117081,0.010596990585327148,0.052569687366485596,0.016071880236268044,-0.009054595604538918,-0.056595511734485626,-0.0534052737057209,0.3977806568145752,0.3734840750694275,-0.07493164390325546,0.3035627603530884,0.39888012409210205,0.42553743720054626,0.48467934131622314,-0.5727296471595764,0.05861775949597359,0.609545111656189,0.9590708613395691,0.08168911933898926,0.09115719795227051,-0.16765493154525757,-0.3333472013473511,-0.1405196487903595,0.29077792167663574,0.3107299506664276,-0.20678552985191345,-0.9147979021072388,0.1231691911816597,-0.015171036124229431,-0.30130016803741455,-0.5644976496696472,-0.3726203143596649,-0.14645595848560333,0.7372104525566101,-0.030591780319809914,0.04721590131521225,0.0,-0.0,-0.0
0.013581547886133194,-0.06301158666610718,-0.039886169135570526,-0.0054945796728134155,0.043225448578596115,-1.0085774660110474,0.1339491605758667,0.0010796496644616127,-0.011643370613455772,0.06713466346263885,-0.15666505694389343,0.016304630786180496,0.07318956404924393,0.03353501111268997,-0.01468315627425909,0.11243270337581635,-0.14017948508262634,-0.02325843647122383,0.00739358551800251,0.0021501174196600914,0.007323127239942551,-0.006549986079335213,0.0969337597489357,0.09399853646755219,0.015156509354710579,-0.20046761631965637,-0.008460087701678276,0.0063871946185827255,-0.0033722477965056896,-0.08780355751514435,-0.09573781490325928,0.006311491131782532,0.18771280348300934,-0.0011907294392585754,0.004817565903067589,0.03633979707956314,0.008243585005402565,-0.05754392221570015,-0.066196970641613,-0.07198795676231384,0.056768178939819336,0.004880034830421209,-0.05252707004547119,0.008924568071961403,0.07304519414901733,-0.05756034329533577,-0.003832960268482566,-0.04228683561086655,-0.007874125614762306,-0.0046503543853759766,-0.058926887810230255,-0.07012984901666641,-0.025178516283631325,-0.02474670484662056,-0.023337407037615776,-0.08742353320121765,0.006145834922790527,0.024445926770567894,-0.008067977614700794,0.057044949382543564,-0.034718964248895645,0.06048381328582764,-0.055441319942474365,-0.02602655068039894,0.5562482476234436,0.48554033041000366,-0.048746705055236816,0.46029937267303467,0.8202989101409912,0.0991181954741478,0.5920005440711975,-0.4700927436351776,0.14622114598751068,0.741724967956543,1.2739183902740479,-0.1782653033733368,0.025613311678171158,0.10329104214906693,-0.23094317317008972,-0.12013883888721466,0.41423678398132324,0.43857553601264954,-0.12190704047679901,-0.7803534865379333,-0.2202167510986328,0.12253445386886597,-0.5558650493621826,-0.42218026518821716,-0.47831374406814575,-0.26224395632743835,0.8119879364967346,-0.14143815636634827,0.05054865777492523,0.0,-0.0,-0.0
0.03441041335463524,0.08286617696285248,0.009037766605615616,-0.07074517011642456,0.02988773211836815,-0.9505022168159485,0.13809391856193542,0.004870211705565453,-0.00788387842476368,0.07827962934970856,-0.15104922652244568,0.0015498101711273193,0.05693988502025604,0.01698409393429756,-0.005615388508886099,0.1182178184390068,-0.13934624195098877,-0.015469352714717388,0.0123895313590765,-0.0031609823927283287,0.005914675071835518,0.00366179458796978,0.08842954784631729,0.1072029247879982,0.011511847376823425,-0.20475855469703674,0.015290753915905952,-0.004119424149394035,-0.014230016618967056,-0.09753014147281647,-0.09607791155576706,0.011418582871556282,0.20210117101669312,-0.014963003806769848,0.0025786105543375015,-0.0029189169872552156,0.00715825567021966,0.010596281848847866,-0.014578074216842651,0.016237199306488037,-0.03480217605829239,0.011689907871186733,-0.0282303337007761,0.03152310848236084,0.08058583736419678,0.06561201810836792,0.0070542991161346436,0.006419539451599121,-0.060355719178915024,-0.05344730243086815,-0.03695988282561302,-0.05556418374180794,0.05134696885943413,-0.025221774354577065,-0.0295559111982584,0.0075476886704564095,-0.0904465839266777,-0.0006531536928378046,-0.04503670707345009,-0.0476141981780529,-0.017797142267227173,0.02694162167608738,0.03698014095425606,-0.08300622552633286,0.47725027799606323,0.4355420470237732,-0.02746105194091797,0.5367870330810547,1.2081397771835327,0.006031505763530731,0.5726243853569031,-0.8280557990074158,0.07288295030593872,0.7722344398498535,1.499507188796997,-0.24452830851078033,0.06009892001748085,0.19671520590782166,-0.35051974654197693,-0.24121074378490448,0.6786572933197021,0.592383623123169,-0.3283669948577881,-0.8054800033569336,0.02096879482269287,-0.056030310690402985,-0.2687622904777527,-0.5503042340278625,-0.5657738447189331,-0.12274357676506042,0.7371968030929565,-0.20954547822475433,-0.09173351526260376,0.0,-0.0,-0.0
-0.03651805594563484,0.0007458366453647614,-0.04926345869898796,-0.07945188879966736,-0.028456266969442368,-0.9764614701271057,0.13226009905338287,0.008201798424124718,-0.011270880699157715,0.06888590008020401,-0.16707250475883484,0.0031202826648950577,0.06237803399562836,0.029390430077910423,0.0008605057373642921,0.12736250460147858,-0.13694187998771667,-0.012412993237376213,0.01350121758878231,0.008501701056957245,-0.00854137260466814,-0.00011923909187316895,0.08860157430171967,0.10144049674272537,0.020191367715597153,-0.20499533414840698,-0.003669328987598419,0.007479140534996986,-0.008811259642243385,-0.09977831691503525,-0.11484875530004501,0.0051849614828825,0.19015328586101532,-0.015573505312204361,-0.005624621640890837,0.04610805585980415,-0.032953184098005295,-0.04882578179240227,-0.023653751239180565,0.009036618284881115,-0.04021681472659111,0.08126518875360489,0.05286579206585884,0.05438929796218872,-0.08167409151792526,-0.04833555594086647,-0.02370857633650303,0.05983700975775719,0.039682209491729736,-0.037594493478536606,-0.062098849564790726,0.055841114372015,-0.0959419310092926,0.07572784274816513,0.04603229835629463,0.02393021620810032,-0.03811842203140259,-0.05147818475961685,0.03272819519042969,0.026473915204405785,-0.012734807096421719,-0.0641394779086113,0.06056206300854683,0.0009366810554638505,0.5141032934188843,0.39275020360946655,-0.02307000756263733,0.430786669254303,0.8695855140686035,-0.014791183173656464,0.4421585202217102,-0.6217530965805054,0.1029306948184967,0.6299386024475098,0.9424520134925842,-0.3609561622142792,0.04112483188509941,0.3975646197795868,-0.19696341454982758,-0.33226144313812256,0.5760668516159058,0.330696702003479,-0.23460283875465393,-0.7203443646430969,-0.2904651463031769,0.12301434576511383,-0.18252062797546387,-0.35365840792655945,-0.32709577679634094,-0.24162743985652924,0.7686027884483337,-0.19144435226917267,0.1073727011680603,0.0,-0.0,-0.0
0.05094747617840767,0.032968904823064804,0.049406107515096664,-0.08271796256303787,0.02145516499876976,-0.9760250449180603,0.12477900832891464,-0.0006505148485302925,-0.0050210123881697655,0.061722442507743835,-0.14914390444755554,0.002405840903520584,0.05723681300878525,0.016122033819556236,-0.007320301607251167,0.13585689663887024,-0.13123996555805206,-0.019496984779834747,0.014416711404919624,-0.0032202121801674366,0.0036184797063469887,0.021908598020672798,0.08789852261543274,0.10559505969285965,0.015598500147461891,-0.19995149970054626,0.015456672757863998,0.006873534992337227,0.004159043543040752,-0.09615325182676315,-0.09910023957490921,-0.012581652961671352,0.19150356948375702,-0.006242948584258556,0.006581122055649757,0.029472922906279564,-0.032700713723897934,0.020977342501282692,0.022076113149523735,0.019939696416258812,0.005219876766204834,-0.05051535367965698,0.018581539392471313,-0.041628893464803696,0.07147383689880371,0.011807489208877087,0.06860508024692535,-0.007879597134888172,-0.03170407563447952,0.09992790222167969,0.08402156084775925,0.011453497223556042,-0.01564229093492031,-0.09263092279434204,0.021857023239135742,-0.010197735391557217,0.032286811619997025,0.06289402395486832,-0.04070078954100609,0.019419729709625244,0.014499795623123646,0.045753587037324905,-0.05605892091989517,0.07133153825998306,0.43434369564056396,0.47027552127838135,0.007557659409940243,0.4104055166244507,0.7648193836212158,0.21519821882247925,0.27998751401901245,-0.6331638097763062,0.09457097947597504,0.6383077502250671,1.0184653997421265,-0.1474776566028595,-0.04196048155426979,-0.20444676280021667,-0.016209125518798828,-0.21484781801700592,0.43071186542510986,0.5171621441841125,-0.40256884694099426,-0.8120695352554321,-0.24129486083984375,0.03953392431139946,-0.12311900407075882,-0.521994411945343,-0.4107782244682312,-0.22589002549648285,0.8195175528526306,-0.16783875226974487,0.02117755264043808,0.0,-0.0,-0.0
0.02420004829764366,0.14145715534687042,-0.024381056427955627,-0.05716758221387863,-0.016888920217752457,-0.9958179593086243,0.11600670963525772,0.0031144190579652786,-0.01091303862631321,0.06275761872529984,-0.1614580750465393,0.021320706233382225,0.04848914593458176,0.015485972166061401,-0.004685576539486647,0.12171345204114914,-0.1384076178073883,-0.00842290185391903,0.018243243917822838,0.001746615394949913,-0.004048771224915981,0.007512589916586876,0.1046053096652031,0.08908228576183319,0.031833402812480927,-0.19448523223400116,-0.0011934228241443634,0.005049259401857853,-0.005508841946721077,-0.10543661564588547,-0.11106156557798386,-0.01426149532198906,0.20707967877388,-0.0025289691984653473,0.0013840366154909134,-0.09351373463869095,-0.030313987284898758,0.024628132581710815,-0.02246079407632351,-0.016237914562225342,0.011759710498154163,0.0016875624423846602,0.043895091861486435,0.01802755706012249,-0.03778674826025963,0.07165614515542984,0.030438710004091263,0.05910065397620201,-0.0038479447830468416,-0.07611462473869324,0.02661311626434326,0.03428748995065689,0.0028548301197588444,0.06125509738922119,-0.05995022878050804,0.024401206523180008,0.05762070417404175,0.03543325886130333,-0.01897370256483555,-0.06173783168196678,-0.04532579705119133,0.024827254936099052,0.027863478288054466,0.02317512035369873,0.6544433832168579,0.5471996665000916,-0.07793751358985901,0.47926992177963257,0.6947401762008667,0.09633181244134903,0.3212251365184784,-0.6893942356109619,0.1336369514465332,0.49942547082901,0.6181396245956421,-0.41615307331085205,0.06976135075092316,0.3962264955043793,-0.40725579857826233,-0.8065856695175171,0.6418846845626831,0.39804548025131226,-0.2923946976661682,-0.7870635390281677,-0.34167054295539856,-0.08901192247867584,-0.53007572889328,-0.420386403799057,-0.49164941906929016,-0.21755622327327728,0.8774598240852356,-0.0674896240234375,-0.13912448287010193,0.0,-0.0,-0.0
0.04563933238387108,-0.015792720019817352,0.027545105665922165,0.009762540459632874,0.05394197627902031,-1.026279330253601,0.12187906354665756,-0.014782663434743881,-0.014287582598626614,0.057593800127506256,-0.15511061251163483,0.02144506387412548,0.05225248634815216,0.020968882367014885,-0.016681309789419174,0.11123914271593094,-0.1411624699831009,-0.002446455880999565,0.006925249472260475,0.015145860612392426,0.004634588956832886,0.016473906114697456,0.09750401228666306,0.10495145618915558,0.03982366621494293,-0.19553838670253754,0.0021869847550988197,0.009945059195160866,-0.004282738082110882,-0.09604563564062119,-0.098296158015728,0.003447769209742546,0.20113977789878845,-0.011859851889312267,-0.014178619720041752,0.0517578125,0.007115435786545277,0.008058726787567139,0.04024235159158707,0.04829704761505127,0.008624094538390636,-0.025314301252365112,-0.04255906865000725,0.024393005296587944,0.02013980783522129,-0.047385163605213165,0.012483805418014526,-0.060516107827425,0.06864821910858154,0.01941969431936741,-0.07159440219402313,-0.04809213802218437,-0.011310410685837269,-0.10295236110687256,-0.014252806082367897,-0.05032763630151749,0.06713028997182846,-0.03568253293633461,0.08490804582834244,-0.011828667484223843,-0.013022208586335182,0.05392627790570259,0.013907319866120815,-0.08045440167188644,0.6147829294204712,0.40311339497566223,-0.039356693625450134,0.47793102264404297,0.7588462233543396,0.1076165959239006,0.37941187620162964,-0.47468146681785583,0.09271013736724854,0.66199791431427,0.6686886548995972,-0.273201048374176,-0.06560322642326355,0.09767591208219528,-0.20392733812332153,-0.45057594776153564,0.3659965395927429,0.36433759331703186,-0.6058604717254639,-0.7908854484558105,-0.2591334879398346,-0.0731721818447113,-0.26456522941589355,-0.3456554114818573,-0.2661206126213074,-0.09018069505691528,0.783025324344635,-0.23135007917881012,-0.03839057311415672,0.0,-0.0,-0.0
0.022712569683790207,0.091934934258461,0.047303568571805954,-0.0035763122141361237,0.009483929723501205,-1.004659652709961,0.11148499697446823,-0.012183886021375656,-0.005658474750816822,0.06329908221960068,-0.14527802169322968,0.01629621349275112,0.043737269937992096,0.014705691486597061,-0.012973182834684849,0.1208932027220726,-0.13560634851455688,-0.004504111595451832,0.018249204382300377,-0.0026158615946769714,0.013358740136027336,-0.0017037410289049149,0.09302160143852234,0.1050289198756218,0.023647276684641838,-0.20035886764526367,0.02118075080215931,-0.007676761597394943,0.0023209135979413986,-0.0875861719250679,-0.08846122771501541,0.0016244379803538322,0.18279390037059784,-0.020205693319439888,0.012807680293917656,-0.0776248499751091,0.037538934499025345,0.05853629112243652,0.001977616688236594,-0.060811664909124374,0.023260265588760376,0.022365212440490723,-0.07120928168296814,-0.07430431246757507,0.007308685686439276,-0.048080675303936005,-0.0024873376823961735,0.006887906696647406,0.024014675989747047,0.04542229324579239,0.05162980780005455,0.03761294111609459,0.029435276985168457,-0.05565155670046806,0.0030241848435252905,-0.05524405837059021,-0.03660659119486809,0.09315359592437744,-0.0390055887401104,0.03211965784430504,-0.011663287878036499,-0.039867933839559555,0.0076170205138623714,-0.006420350167900324,0.5895974636077881,0.6639562845230103,-0.06250454485416412,0.6500396728515625,1.1528364419937134,0.06338470429182053,0.6485670804977417,-0.3431966006755829,0.06251987814903259,0.7864530086517334,1.411102056503296,-0.18541908264160156,0.0808851420879364,-0.289244681596756,-0.5445660352706909,-0.3332202136516571,0.5724999308586121,0.4443128705024719,-0.31458619236946106,-0.8349215388298035,-0.10465214401483536,-0.15341615676879883,-0.15674760937690735,-0.6010217666625977,-0.3995571732521057,-0.21409116685390472,0.6747108697891235,-0.12991228699684143,0.3084668517112732,0.0,-0.0,-0.0
-0.06078316271305084,0.02510705217719078,-0.022587908431887627,-0.06639891862869263,-0.032274410128593445,-1.041448712348938,0.10581955313682556,0.000844133086502552,-0.01409104373306036,0.07946844398975372,-0.1529233157634735,0.011213313788175583,0.031752847135066986,0.02423151768743992,0.003796277567744255,0.11103273928165436,-0.12389522045850754,-0.01825043186545372,0.019909685477614403,0.006376812234520912,0.0021950844675302505,-0.001914304681122303,0.09301704913377762,0.09589751809835434,0.03569349646568298,-0.20660069584846497,0.010582968592643738,0.005421358160674572,0.00641639344394207,-0.09249847382307053,-0.09206385165452957,0.004893793724477291,0.20469161868095398,-0.013089613988995552,0.007092883810400963,0.030438577756285667,-0.03391697257757187,-0.054579079151153564,0.06492071598768234,0.002549082040786743,-0.025117551907896996,-0.03739973157644272,-0.019845908507704735,-0.04567847400903702,-0.05287426337599754,-0.0506073534488678,-0.020032620057463646,-0.06492387503385544,0.05366940423846245,-0.07220955938100815,-0.036125846207141876,-0.02265867590904236,-0.0067840516567230225,-0.026741592213511467,0.02352702058851719,0.024184560403227806,0.0485127829015255,-0.056157227605581284,-0.05533379316329956,-0.07569252699613571,-0.05114814639091492,0.07214262336492538,0.03286156803369522,-0.03374115750193596,0.805456817150116,0.5807461142539978,-0.06619569659233093,0.7037467956542969,1.4245100021362305,-0.03368161618709564,0.5676247477531433,-0.6348657011985779,0.1658044159412384,0.8024810552597046,1.5807163715362549,-0.35096389055252075,-0.0207186508923769,0.23148542642593384,-0.6754138469696045,-0.3586154580116272,0.48434019088745117,0.28412914276123047,-0.34914538264274597,-0.8173258900642395,-0.26958274841308594,0.16152727603912354,-0.5917848348617554,-0.5156049728393555,-0.6182640194892883,-0.2685578167438507,0.9196746349334717,-0.24869601428508759,-0.18843069672584534,0.0,-0.0,-0.0
0.04193578287959099,-0.015679385513067245,0.012856695801019669,-0.059946510940790176,-0.013341005891561508,-0.954813539981842,0.11428023129701614,0.0035374965518712997,-0.017063692212104797,0.06796064227819443,-0.15567424893379211,0.01733493246138096,0.03377504646778107,0.017786556854844093,-0.0033825505524873734,0.12493547052145004,-0.14115525782108307,-0.001239091157913208,0.006829660385847092,-0.0004223473370075226,-0.001988062635064125,0.011623309925198555,0.09476259350776672,0.09554560482501984,0.01630471460521221,-0.2134396731853485,-0.0007269382476806641,-0.0006922530010342598,0.00020047370344400406,-0.09699288755655289,-0.08504219353199005,0.026502368971705437,0.20346899330615997,0.006093105301260948,-0.0029946304857730865,0.025628482922911644,-0.0375651940703392,0.0016977310879155993,-0.0673036202788353,-0.026461085304617882,-0.06321050971746445,0.03216065093874931,-0.06322237849235535,-0.06875626742839813,0.03370332717895508,-0.04639564827084541,-0.07054346799850464,-0.041998762637376785,0.021401960402727127,-0.06992129236459732,0.05445622280240059,-0.0585939958691597,0.005139946937561035,0.018535066395998,0.04490170627832413,-0.043718449771404266,-0.003304433776065707,-0.06329843401908875,-0.006700634956359863,0.0025545537937432528,0.028986847028136253,0.0066804527305066586,-0.059637606143951416,-0.003736788174137473,0.3755275011062622,0.5381783843040466,-0.01083244476467371,0.4305267333984375,1.1036391258239746,0.14574384689331055,0.38627463579177856,-0.6976392269134521,0.09351247549057007,0.6906394958496094,1.2327040433883667,-0.21692058444023132,0.016011498868465424,-0.06182580441236496,-0.20052006840705872,-0.2590225636959076,0.5438631772994995,0.4342653155326843,-0.37210580706596375,-0.8776398301124573,-0.3521200716495514,-0.12912575900554657,-0.12212670594453812,-0.3458583950996399,-0.25756362080574036,-0.11077682673931122,0.7070062756538391,-0.03780641406774521,-0.07313812524080276,0.0,-0.0,-0.0
-0.04483538493514061,-0.08847102522850037,0.010304637253284454,-0.08242875337600708,-0.015494704246520996,-0.9884891510009766,0.12127257138490677,0.002305051311850548,-0.0022909240797162056,0.0774444043636322,-0.14588800072669983,0.02137395553290844,0.052036963403224945,0.01304074190557003,0.005750633776187897,0.1205165758728981,-0.13166660070419312,-0.011928980238735676,0.027669912204146385,-0.00746487732976675,0.0080601517111063,0.0063016097992658615,0.09783943742513657,0.09038381278514862,0.016138996928930283,-0.20358620584011078,-0.0010263808071613312,-0.013601125217974186,0.01481580175459385,-0.09272723644971848,-0.10782671719789505,-0.012250026687979698,0.1906297653913498,0.009465955197811127,-0.010657724924385548,0.019260544329881668,0.0524379126727581,0.039422657340765,-0.049783434718847275,0.050550222396850586,-0.03711174428462982,0.017522042617201805,0.06291501969099045,-0.0073098125867545605,-0.03493623062968254,0.031190132722258568,0.010035824961960316,0.0840955525636673,0.011282366700470448,0.048298705369234085,-0.11071139574050903,0.05073855072259903,0.057753171771764755,0.030589688569307327,0.08169162273406982,-0.024879002943634987,-0.036946941167116165,-0.0284089595079422,0.08339454978704453,-0.02326400950551033,-0.041423290967941284,0.03844381496310234,0.05681009218096733,-0.031820397824048996,0.42687344551086426,0.5178714394569397,-0.05064304172992706,0.4565514326095581,0.9410454034805298,0.2301575243473053,0.2299589216709137,-0.6050803661346436,0.12424847483634949,0.5880883932113647,1.2927238941192627,-0.19461295008659363,0.05552360787987709,0.09436500072479248,-0.08512051403522491,-0.5578159689903259,0.6030235886573792,0.47173571586608887,-0.3404989540576935,-0.6700848937034607,-0.21629858016967773,-0.0308515727519989,-0.16899585723876953,-0.41553816199302673,-0.5254824757575989,-0.3466504216194153,0.7177554965019226,-0.15437208116054535,0.025161705911159515,0.0,-0.0,-0.0
-0.051122162491083145,0.09876583516597748,0.006996829062700272,-0.022106237709522247,0.04981980100274086,-1.0189201831817627,0.11055715382099152,-0.010508077219128609,0.0024837013334035873,0.07682156562805176,-0.1459502875804901,0.018500616773962975,0.04034104198217392,0.025246350094676018,5.004275590181351e-05,0.12354136258363724,-0.12853676080703735,-0.01158107165247202,0.022237377241253853,-0.021371975541114807,-0.02042730711400509,-0.0019290130585432053,0.09768642485141754,0.09880954772233963,0.008435966446995735,-0.19222219288349152,0.01116112433373928,0.015879595652222633,0.00577070377767086,-0.099985271692276,-0.08227340877056122,0.00910363532602787,0.19942925870418549,-0.019284062087535858,0.010812835767865181,-0.0288801621645689,-0.01572718657553196,0.06407105177640915,-0.08188080787658691,0.036625493317842484,-0.05800853297114372,-0.0396924689412117,-0.04440407082438469,0.0703638345003128,0.01934569515287876,0.01698043942451477,-0.06407450884580612,-0.05744093284010887,-0.03772198036313057,-0.09330963343381882,0.017070865258574486,-0.07596592605113983,-0.0009528756490908563,-0.018409574404358864,0.0469406358897686,-0.04047444090247154,-0.033144760876894,-0.07108549028635025,0.03184502199292183,0.10351508855819702,0.05718360096216202,0.045673537999391556,-0.02571375109255314,-0.04922553524374962,0.6165060997009277,0.2773691415786743,0.006698726676404476,0.476436972618103,0.768164336681366,0.09233460575342178,0.35090431571006775,-0.6583502292633057,0.10697534680366516,0.6207937002182007,0.9070781469345093,-0.30865371227264404,-0.017257381230592728,0.2895592153072357,-0.4389839470386505,-0.10520793497562408,0.35274678468704224,0.3863205015659332,-0.3546395003795624,-0.817206084728241,-0.035798296332359314,0.1429317742586136,-0.4082632064819336,-0.663395345211029,-0.3658084571361542,-0.13475178182125092,0.8188547492027283,-0.42050206661224365,0.09741717576980591,0.0,-0.0,-0.0
-0.03601258248090744,-0.13879036903381348,-0.014681559056043625,0.0016505196690559387,0.035085853189229965,-1.016001582145691,0.12493645399808884,-0.008828364312648773,-0.013895740732550621,0.07021041959524155,-0.15012849867343903,0.026398317888379097,0.06075745075941086,0.0176269318908453,0.008291207253932953,0.10161629319190979,-0.11894083023071289,-0.016918577253818512,0.01902117393910885,-0.010643146000802517,-0.001503116451203823,-0.011736965738236904,0.10086110234260559,0.09214089810848236,0.009884105995297432,-0.20453394949436188,-0.005639049224555492,0.004524312913417816,0.002345513552427292,-0.10077932476997375,-0.08828819543123245,-0.02619834989309311,0.19747287034988403,-0.011475849896669388,-0.005864015780389309,-0.05049870163202286,0.03232712671160698,0.025174105539917946,-0.054134853184223175,0.020581556484103203,-0.002641689730808139,0.03506122902035713,0.0695507749915123,0.01243632473051548,-0.08663561940193176,0.05812036991119385,-0.014085853472352028,-0.029326874762773514,0.039299000054597855,0.014236551709473133,-0.004371714778244495,-0.06366477161645889,0.012292206287384033,0.0629967674612999,-0.07012758404016495,-0.054606255143880844,-0.02526041306555271,0.02153937891125679,0.0021813928615301847,0.01766982115805149,-0.01682593859732151,-0.014720362611114979,0.03983849287033081,0.020194781944155693,0.44454967975616455,0.33090537786483765,-0.0865834653377533,0.44970184564590454,0.875281810760498,-0.21499046683311462,0.22957029938697815,-0.7001402378082275,0.05783843621611595,0.4919425845146179,0.5775998830795288,-0.49264904856681824,0.12865440547466278,0.5332133173942566,0.0494975745677948,-0.3816748857498169,0.7299133539199829,0.5812997817993164,-0.31148600578308105,-0.9014529585838318,-0.2807484567165375,-0.041651852428913116,-0.16027525067329407,-0.6072310209274292,-0.722163736820221,-0.3316023051738739,0.7651987075805664,-0.029291728511452675,-0.13989871740341187,0.0,-0.0,-0.0
-0.0145355723798275,0.13236086070537567,0.07433155179023743,-0.021535184234380722,-0.022622453048825264,-1.012265920639038,0.11433183401823044,-0.010293347761034966,-0.014067187905311584,0.06614968925714493,-0.14260873198509216,0.014290167018771172,0.04737037420272827,0.023418182507157326,-0.004333064425736666,0.11337181180715561,-0.12039623409509659,-0.0006838534027338028,0.0013281414285302162,0.00270707905292511,0.003079512156546116,0.004193222150206566,0.10010026395320892,0.09012007713317871,0.016936935484409332,-0.19453445076942444,0.011046890169382095,0.004182150587439537,0.0035408465191721916,-0.11251142621040344,-0.10693150758743286,-0.010507402941584587,0.2066679149866104,-0.01023860089480877,-0.013731664046645164,0.03898901864886284,-0.04704998806118965,0.06315914541482925,0.04216963052749634,-0.027010589838027954,-0.03520379215478897,-0.01847703568637371,0.03310028463602066,0.057957589626312256,-0.06202400475740433,-0.04811491444706917,0.06657760590314865,-0.0630418136715889,-0.040266137570142746,-0.10373922437429428,0.025317465886473656,0.03199652582406998,-0.0022292255889624357,-0.003774279495701194,0.025793159380555153,0.011273765936493874,0.01401599682867527,-0.09042742103338242,-0.08845990896224976,-0.014905405230820179,0.044985175132751465,-0.05740395933389664,0.03631371259689331,0.03335977718234062,0.4876546859741211,0.5076158046722412,-0.036038875579833984,0.3839184045791626,0.6921690702438354,-0.15552467107772827,0.4969026446342468,-0.5808645486831665,0.05403067544102669,0.6357252597808838,0.46865642070770264,-0.4590882360935211,-0.010261829942464828,0.19983801245689392,-0.389276921749115,-0.2823508083820343,0.5791963338851929,0.4863949418067932,-0.36838874220848083,-0.7270305156707764,-0.09108980745077133,0.009092781692743301,-0.2848930060863495,-0.5804290771484375,-0.5813737511634827,-0.03867354616522789,0.8341894149780273,-0.13143980503082275,-0.08269961178302765,0.0,-0.0,-0.0
0.05588775500655174,-0.05200972780585289,-0.005943167954683304,0.001789771020412445,-0.005295906215906143,-0.9866030812263489,0.11082165688276291,-0.011079548858106136,-0.001558917574584484,0.07186843454837799,-0.15847063064575195,0.01352875865995884,0.05498867481946945,0.0012443475425243378,-0.0011067772284150124,0.11382585763931274,-0.12192428112030029,-0.003598493989557028,0.00044800713658332825,0.02456677518785,0.015095969662070274,0.009613720700144768,0.11303243786096573,0.11123625934123993,0.017762044444680214,-0.19262851774692535,-0.003523406572639942,0.010229304432868958,-0.005247307475656271,-0.11045170575380325,-0.13265560567378998,-0.010336462408304214,0.1863446682691574,-0.0011480040848255157,0.00048472266644239426,0.05874088034033775,-0.061349060386419296,0.03687087446451187,-0.05713313817977905,-0.041060060262680054,-0.0008310973644256592,-0.028535837307572365,0.04562164470553398,0.04342956468462944,-0.017560934647917747,0.058325231075286865,0.04395253583788872,-0.021664708852767944,0.04287214204668999,0.11223913729190826,-0.040875352919101715,0.04508247599005699,0.057227492332458496,0.029773032292723656,-0.07691483944654465,0.01755722239613533,0.058574844151735306,0.05145470052957535,0.005630874540656805,-0.06500764191150665,-0.047610945999622345,-0.04274080693721771,0.06306014209985733,0.012656653299927711,0.40085476636886597,0.5262726545333862,-0.09513421356678009,0.43585866689682007,0.8676562309265137,0.15787354111671448,0.3238213062286377,-0.6035551428794861,0.04684503749012947,0.6349852085113525,0.7875373959541321,-0.333626389503479,0.0793602466583252,0.1505914330482483,-0.006410859525203705,-0.40205445885658264,0.40691208839416504,0.43514373898506165,-0.34532418847084045,-0.8520400524139404,-0.35856133699417114,-0.0007280483841896057,-0.06163898855447769,-0.14185693860054016,-0.2990769147872925,-0.17684118449687958,0.7799705862998962,-0.06726996600627899,0.11493854224681854,0.0,-0.0,-0.0
-0.020695505663752556,0.10016946494579315,0.07285967469215393,-0.011514808982610703,0.05830947682261467,-0.9537262320518494,0.11254381388425827,-0.005970601923763752,-0.0068886773660779,0.0785493329167366,-0.15466777980327606,0.021071190014481544,0.05404340475797653,0.011450858786702156,-0.011524902656674385,0.11090929806232452,-0.1213817223906517,-0.005945845507085323,0.005738439038395882,0.0074128657579422,-0.007004281505942345,0.0038917195051908493,0.10705193132162094,0.10515552014112473,0.017938239499926567,-0.19852696359157562,0.005235341377556324,0.0027963072061538696,0.003684699535369873,-0.10912416875362396,-0.1221030205488205,0.002693643793463707,0.20544013381004333,-0.017142286524176598,-0.0057378243654966354,-0.03635740280151367,-0.047184135764837265,-0.051680173724889755,-0.04911447688937187,-0.042015958577394485,-0.036329515278339386,0.036926914006471634,-0.05262688919901848,0.0482458733022213,0.0019420146709308028,-0.04415365681052208,-0.023862315341830254,-0.038888782262802124,-0.08458354324102402,-0.02795916236937046,0.05383093282580376,-0.06343366205692291,0.0465751551091671,0.03481090068817139,-0.02511661686003208,-0.05361276865005493,-0.01586887799203396,-0.0049550654366612434,0.0003235340118408203,-0.003528559347614646,0.035263754427433014,-0.03161652013659477,0.04234328493475914,-0.018580013886094093,0.6065850853919983,0.7097553610801697,-0.06007790565490723,0.6655842065811157,0.9774324893951416,0.26141273975372314,0.7463904023170471,-0.2520989179611206,0.056494180113077164,0.7147368788719177,1.2049081325531006,-0.11030545830726624,0.08486098051071167,-0.4480389654636383,-0.6948518753051758,-0.38690927624702454,0.1790863424539566,0.14118430018424988,-0.3717488944530487,-0.8361079096794128,-0.1810585856437683,-0.23978839814662933,-0.4255412518978119,-0.3074643909931183,-0.08118420839309692,-0.13907639682292938,0.9404295086860657,-0.3164815306663513,0.09815017879009247,0.0,-0.0,-0.0
-0.02052338980138302,-0.22071824967861176,-0.07963567972183228,-0.031913816928863525,-0.03344980999827385,-1.0346368551254272,0.11216364055871964,-0.009671398438513279,-0.019069291651248932,0.07769221812486649,-0.16387449204921722,0.013232363387942314,0.04821133613586426,0.018817996606230736,0.00042904913425445557,0.1280740350484848,-0.12971830368041992,-0.003202371299266815,0.010813059285283089,0.005861891433596611,0.009423954412341118,-0.004772543907165527,0.10138564556837082,0.1026393249630928,0.010076696053147316,-0.1917291134595871,-0.005505664739757776,-0.013361306861042976,0.006297694519162178,-0.08910860866308212,-0.09715157002210617,0.016367167234420776,0.19707386195659637,-0.013465718366205692,-0.008306261152029037,0.1116010770201683,-0.03319732844829559,-0.030700022354722023,-0.022635681554675102,0.01987643353641033,0.02944326400756836,0.013612878508865833,0.020271604880690575,-0.056527961045503616,0.08827128261327744,-0.033823903650045395,0.04957390949130058,-0.016963159665465355,0.034705616533756256,0.05655929073691368,-0.07596354931592941,-0.030370637774467468,-0.0035140872932970524,0.047911107540130615,-0.05885402485728264,0.014289230108261108,0.0003389895136933774,0.03186238929629326,0.03653554990887642,0.08697643131017685,-0.010059291496872902,0.031519677489995956,0.017335249111056328,-0.025103941559791565,0.4931880831718445,0.2907125949859619,-0.024117350578308105,0.5980350971221924,1.2726478576660156,-0.0016741827130317688,0.5411971807479858,-0.5784170031547546,0.06430146098136902,0.7521631717681885,1.0910853147506714,-0.2879974842071533,0.060224827378988266,0.3690795600414276,-0.1871805042028427,-0.5068056583404541,0.4849884510040283,0.4254022538661957,-0.4972436726093292,-0.7708529829978943,-0.21915602684020996,-0.04231114685535431,-0.36332571506500244,-0.31795352697372437,-0.33638206124305725,-0.32357344031333923,0.6872600317001343,-0.2711109220981598,0.09001617133617401,0.0,-0.0,-0.0
-0.011652696877717972,0.18708893656730652,-0.041570328176021576,-0.029340650886297226,0.022622879594564438,-1.014925241470337,0.10877744853496552,-0.015012824907898903,-0.013080544769763947,0.08608698844909668,-0.1653275489807129,0.021937867626547813,0.0552525669336319,0.013010961934924126,-0.0015999777242541313,0.127846360206604,-0.1382913440465927,-0.006145792547613382,0.018869029358029366,0.006282966583967209,-0.0037309816107153893,-0.008464469574391842,0.09111276268959045,0.10105670243501663,0.00922783836722374,-0.20923703908920288,0.009230807423591614,-0.0009485706686973572,0.008833825588226318,-0.08373617380857468,-0.09836231917142868,-0.0032799537293612957,0.2044357806444168,-0.022957071661949158,0.00765920989215374,-0.083475761115551,-0.04469349607825279,-0.07835372537374496,-0.0012163162464275956,0.0647415742278099,0.009267836809158325,-0.02160973660647869,0.02473403885960579,-0.010662800632417202,-0.014127790927886963,0.0557156577706337,-0.03728119656443596,0.012247443199157715,0.009064960293471813,-0.006401109974831343,0.0005403757095336914,0.03472703695297241,0.03299497440457344,0.031404878944158554,0.018635476008057594,0.07478368282318115,-0.033640749752521515,0.04131520912051201,-0.0764492079615593,0.06362741440534592,0.05450078472495079,0.024074196815490723,0.00023996829986572266,-0.04389994218945503,0.3855594992637634,0.624211847782135,-0.01809386909008026,0.5250380039215088,1.240431785583496,0.03998807817697525,0.42657068371772766,-0.637559175491333,0.09402987360954285,0.6069227457046509,1.123833179473877,-0.30371156334877014,0.045558247715234756,-0.09845148772001266,-0.4631235897541046,-0.17023879289627075,0.5552050471305847,0.4576042890548706,-0.26530721783638,-0.8859772682189941,-0.1158038005232811,0.08807985484600067,-0.5367500185966492,-0.7402434945106506,-0.620318591594696,-0.38291069865226746,0.7500157952308655,-0.28601381182670593,0.06916232407093048,0.0,-0.0,-0.0
-0.06954716891050339,-0.21817027032375336,0.0018172599375247955,0.00576917827129364,0.03735313192009926,-1.0301724672317505,0.11908473819494247,-0.01578572764992714,-0.019400496035814285,0.07496377825737,-0.15010419487953186,0.024927901104092598,0.06574679166078568,0.0051328931003808975,-0.00733265932649374,0.104215107858181,-0.1327427178621292,0.008213959634304047,0.011981723830103874,0.007001399993896484,-0.01498102955520153,-0.006432691123336554,0.09407733380794525,0.09816029667854309,0.008366739377379417,-0.1981172412633896,-0.013664579018950462,-0.004473428707569838,0.0008611278608441353,-0.0780954658985138,-0.1039951890707016,-0.005814398173242807,0.1917441338300705,-0.004682589787989855,0.016399618238210678,0.09962500631809235,0.06310595571994781,0.03289942815899849,-0.032136451452970505,0.029498815536499023,0.04342644289135933,0.11536705493927002,0.004942411091178656,-0.07047002762556076,-0.09228326380252838,0.02507415972650051,0.05034985765814781,0.05311284214258194,0.06253691017627716,0.056214071810245514,0.04017796739935875,-0.010128390975296497,-0.045617397874593735,0.02218702994287014,-0.004502815194427967,-0.08313892781734467,-0.02252693846821785,-0.036811817437410355,0.08163509517908096,-0.063186414539814,-0.02747041918337345,-0.001693648169748485,-0.018483823165297508,0.038895703852176666,0.6579574942588806,0.6600002646446228,-0.022319868206977844,0.588134229183197,1.0937767028808594,-0.03511800616979599,0.7036766409873962,-0.6596804857254028,0.1397821605205536,0.6450481414794922,0.8410446643829346,-0.31371426582336426,-0.03799291327595711,0.07600896060466766,-0.4456283152103424,-0.23874486982822418,0.44764673709869385,0.3121301233768463,-0.32338109612464905,-0.8228331208229065,-0.31508004665374756,0.0556383840739727,-0.5163331627845764,-0.45080074667930603,-0.5479651093482971,-0.3737238347530365,0.7690597176551819,-0.1705249398946762,-0.05283821001648903,0.0,-0.0,-0.0
0.001994166523218155,0.035026054829359055,0.013584036380052567,-0.04244612157344818,-0.022307390347123146,-0.9917502403259277,0.11528577655553818,-0.019343096762895584,-0.015194102190434933,0.07111937552690506,-0.1664198487997055,0.0189211405813694,0.05127916485071182,0.00820804201066494,-0.013417298905551434,0.11627630144357681,-0.1310591995716095,-0.002639411948621273,-0.0009296536445617676,0.0032704053446650505,-0.0070167966187000275,0.005666589364409447,0.10210024565458298,0.09440523386001587,-0.0015417905524373055,-0.20850439369678497,0.015642082318663597,0.012824321165680885,-0.005129351280629635,-0.10021045058965683,-0.07522137463092804,0.011872738599777222,0.20034745335578918,-0.008700571954250336,-0.018030976876616478,0.0630812793970108,0.03642311319708824,0.018195433542132378,0.023907607421278954,0.04139362648129463,0.02064775861799717,-0.056952863931655884,-0.043678879737854004,0.013562202453613281,0.09122710675001144,-0.07970303297042847,-0.05202142521739006,-0.0742269977927208,0.04891364648938179,-0.074821837246418,-0.06730788946151733,0.07431524246931076,-0.07576566189527512,-0.05447554588317871,0.002337467623874545,0.06592395156621933,0.03235502168536186,-0.015815192833542824,-0.10588784515857697,-0.016013776883482933,0.1017904207110405,0.046652328222990036,-0.04925772547721863,-0.09333812445402145,0.4522876739501953,0.626109778881073,-0.05110107362270355,0.5472705960273743,1.1763161420822144,-0.14557427167892456,0.4029316306114197,-0.49077531695365906,0.08343888819217682,0.7364023923873901,0.7203887104988098,-0.395951509475708,-0.09717226773500443,-0.07603862136602402,-0.28130292892456055,-0.4033535420894623,0.6715517640113831,0.4870104491710663,-0.3769368529319763,-0.8334632515907288,0.08972310274839401,0.1320715844631195,-0.12724637985229492,-0.7956619262695312,-0.3846554160118103,-0.04540800675749779,0.8259133696556091,-0.09703275561332703,-0.24821621179580688,0.0,-0.0,-0.0
-0.060394734144210815,-0.062142930924892426,-0.012606088072061539,-0.02177727222442627,0.030788857489824295,-1.012809157371521,0.1279516965150833,-0.019353773444890976,-0.0010562865063548088,0.08997452259063721,-0.16283194720745087,0.029338425025343895,0.0585971400141716,0.00788210891187191,0.004447926767170429,0.1122855469584465,-0.1289084106683731,-0.0023207436315715313,0.006168227642774582,0.008175306022167206,-0.002382487989962101,0.00019603967666625977,0.08535034209489822,0.08802003413438797,0.012534966692328453,-0.2100294530391693,0.002001778222620487,0.002142125740647316,0.008488653227686882,-0.10081364959478378,-0.09144964814186096,-0.0033751577138900757,0.20087063312530518,0.009625984355807304,0.01838384009897709,0.05070557817816734,-0.04244198277592659,0.0077728512696921825,0.04296457767486572,-0.022617358714342117,0.04811059311032295,0.09056990593671799,-0.032687511295080185,0.021988779306411743,-0.006937372963875532,0.006451106164604425,-0.06040748953819275,0.032871175557374954,-0.05770714208483696,-0.04957474023103714,0.06176742538809776,-0.004110884852707386,-0.02364710532128811,0.06736093014478683,-0.05995761230587959,-0.006695395801216364,-0.01565735414624214,0.014778876677155495,-0.016961950808763504,-0.1142709031701088,-0.056465961039066315,-0.02141258679330349,0.06942887604236603,0.13331308960914612,0.3909655213356018,0.682345986366272,-0.07821796089410782,0.5547000169754028,1.053661823272705,0.0982348695397377,0.3903338313102722,-0.5145251154899597,0.06398215889930725,0.5733071565628052,1.1046650409698486,-0.20663441717624664,0.1325756162405014,-0.07270266860723495,-0.1058039590716362,-0.15105918049812317,0.3238842487335205,0.4955980181694031,-0.05229350924491882,-0.8163350820541382,-0.4066932201385498,-0.12695780396461487,-0.30236777663230896,-0.1839197427034378,-0.4494266211986542,-0.41556957364082336,0.7053397297859192,-0.10587839782238007,0.3483583927154541,0.0,-0.0,-0.0
0.04502534493803978,-0.08489903062582016,-0.007688727229833603,-0.027177181094884872,-0.011749941855669022,-1.0217713117599487,0.12510383129119873,-0.015316244214773178,-0.0019224360585212708,0.09276933968067169,-0.1526864469051361,0.014422943815588951,0.05891546607017517,0.006530337035655975,-0.004927091300487518,0.1329287588596344,-0.1309117078781128,-0.009359490126371384,0.01588345505297184,-0.01351782213896513,-0.009738553315401077,0.004291413351893425,0.0930456593632698,0.10160064697265625,0.015178091824054718,-0.19475170969963074,-0.008581575006246567,-0.0003477279096841812,-0.013215501792728901,-0.08560806512832642,-0.08989609777927399,-0.003931589890271425,0.18836736679077148,-0.023632243275642395,-0.013481175526976585,0.03470773622393608,0.04490101337432861,0.06836139410734177,0.01720077358186245,-0.04139017313718796,-0.038401272147893906,-0.054961688816547394,-0.04576493427157402,0.05473383888602257,0.021796518936753273,0.062390364706516266,-0.050633978098630905,-0.0493566133081913,0.010682559572160244,0.03454647213220596,0.05054441839456558,-0.006974434945732355,-0.046094536781311035,-0.010088920593261719,0.005896770860999823,-0.04374818876385689,-0.006600123830139637,-0.008558166213333607,-0.02932055853307247,-0.01945471204817295,-0.044370122253894806,-0.06866687536239624,-0.0533481240272522,-0.10530944168567657,0.38251471519470215,0.5274583697319031,-0.06932401657104492,0.4811742901802063,1.3426458835601807,-0.12284540385007858,0.3556833863258362,-0.5208009481430054,0.058657851070165634,0.6180382966995239,0.7575277090072632,-0.35209041833877563,-0.00797593966126442,0.26820483803749084,-0.09151152521371841,-0.565816342830658,0.6300382018089294,0.45437079668045044,-0.4566335678100586,-0.6697832345962524,-0.24269631505012512,0.07835817337036133,-0.33960962295532227,-0.3835359811782837,-0.41256603598594666,-0.04085041210055351,0.7902989387512207,-0.38214245438575745,-0.29398876428604126,0.0,-0.0,-0.0
-0.053729280829429626,0.13865862786769867,-0.050051864236593246,-0.07487206161022186,0.006891053169965744,-0.9562152028083801,0.1252840757369995,-0.010232476517558098,-0.001787048764526844,0.08431068807840347,-0.15560469031333923,0.02408057264983654,0.07071460783481598,0.014963708817958832,-0.0027641812339425087,0.1119718924164772,-0.1283535212278366,-0.00019858963787555695,0.0034488849341869354,-0.020812086760997772,-0.008188729174435139,-0.006782252341508865,0.10942283272743225,0.10725115984678268,0.024808207526803017,-0.2123590111732483,-0.000943770632147789,0.0053225550800561905,-0.012981954962015152,-0.09558785706758499,-0.11112066358327866,0.008997853845357895,0.20811110734939575,-0.01532791368663311,0.00478501059114933,-0.013381147757172585,-0.013402312994003296,-0.07028491050004959,0.00209754123352468,-0.0224780086427927,-0.0222062598913908,-0.07509706169366837,0.050088752061128616,-0.04083767160773277,-0.03815445676445961,-0.043280452489852905,-0.015647513791918755,0.005013763904571533,-0.03650803491473198,-0.038658976554870605,-0.024699604138731956,-0.0363013818860054,-0.011133450083434582,-0.03824097663164139,-0.05948571115732193,-0.01331552304327488,0.016238564625382423,-0.05850464105606079,-0.02566213719546795,0.0308439489454031,-0.010337180458009243,-0.008848274126648903,0.10416930168867111,0.07574478536844254,0.4377018213272095,0.5446639657020569,-0.08392693102359772,0.3887856602668762,0.7190355062484741,-0.06549686193466187,0.32471901178359985,-0.4793030321598053,0.0449664331972599,0.5416015982627869,0.6609392166137695,-0.3708239197731018,0.05040378496050835,0.29930898547172546,-0.22208210825920105,-0.6093429923057556,0.6233585476875305,0.5615796446800232,-0.3456805348396301,-0.9143375158309937,-0.1444043219089508,0.06344594061374664,-0.08612880855798721,-0.5160607695579529,-0.45494043827056885,-0.03204039856791496,0.8723017573356628,0.19100850820541382,0.2360319048166275,0.0,-0.0,-0.0
0.021487649530172348,-0.12217944860458374,-0.004256844520568848,-0.10413169860839844,-0.014459338039159775,-0.9984755516052246,0.12429618090391159,0.0002594245597720146,0.0005562556907534599,0.08406596630811691,-0.1498950868844986,0.01476382091641426,0.07456947863101959,0.02332152985036373,0.0008763261139392853,0.10150711238384247,-0.12340392172336578,-0.0139258848503232,0.019147587940096855,-0.014928864315152168,0.010722184553742409,-0.025028172880411148,0.10242963582277298,0.09646373242139816,0.025383425876498222,-0.1968390941619873,0.002376064658164978,-0.0015191538259387016,0.004305754788219929,-0.10205081850290298,-0.09906373172998428,-0.010948901064693928,0.18694017827510834,-0.009274034760892391,-0.006671515759080648,0.027519559487700462,-0.0031428516376763582,0.04295455291867256,0.007004094310104847,0.07720784097909927,0.021354734897613525,0.046451833099126816,-0.04630332440137863,-0.0700148493051529,-0.0058837952092289925,-0.03274986520409584,0.05583310127258301,-0.06569608300924301,-0.0018586218357086182,0.0033885599114000797,-0.0329931378364563,-0.039959944784641266,0.002873998833820224,-0.08663453906774521,0.08764193207025528,-0.035728570073843,0.027448011562228203,0.0917823538184166,-0.014582514762878418,0.03570978716015816,0.03176788240671158,-0.07673866301774979,-0.008647585287690163,-0.03373217210173607,0.37093591690063477,0.4712757170200348,-0.022263959050178528,0.4681721329689026,0.8049799203872681,-0.1176704689860344,0.5137611031532288,-0.8426074981689453,0.0944584459066391,0.5034821033477783,0.5357258319854736,-0.43561163544654846,0.03337569907307625,0.5458109378814697,-0.021160248667001724,-0.16009540855884552,0.40251249074935913,0.3798709511756897,-0.31568050384521484,-0.676826536655426,-0.12395206838846207,-0.11158870160579681,-0.03421936184167862,-0.46800780296325684,-0.4090764820575714,-0.23550407588481903,0.6677085161209106,-0.2177993208169937,-0.21962974965572357,0.0,-0.0,-0.0
-0.03001798503100872,0.20296750962734222,-0.054394662380218506,-0.04474075511097908,-0.030368026345968246,-1.0346221923828125,0.12315463274717331,-0.01426983717828989,-0.000796259380877018,0.07975128293037415,-0.14763228595256805,0.024248523637652397,0.06041445583105087,0.010391924530267715,0.0011331532150506973,0.11102476716041565,-0.1280973255634308,-0.0098755843937397,0.0002685496583580971,0.004188505932688713,-0.007436483167111874,0.00535524170845747,0.09726254642009735,0.09931154549121857,0.010681742802262306,-0.2119218409061432,-0.0032749148085713387,-0.00754181295633316,0.0029649166390299797,-0.1062360405921936,-0.0964580774307251,-0.008316341787576675,0.20682963728904724,0.0017406744882464409,-0.0005556764081120491,-0.04968631640076637,0.057238709181547165,-0.04413945972919464,-0.0020713687408715487,0.02042451500892639,-0.0036642134655267,-0.03505176305770874,0.022809041664004326,-0.004230231046676636,0.07251214236021042,-0.06454899162054062,-0.00116776826325804,-0.041964542120695114,-0.008883017115294933,-0.01108589768409729,0.06102767214179039,-0.008277726359665394,0.06213870272040367,-0.03990066051483154,-0.06827467679977417,0.01409420371055603,0.030562162399291992,0.05267986282706261,-0.04813290387392044,-0.008734512142837048,0.06863407045602798,0.08486884087324142,0.0827801376581192,0.06896720081567764,0.15819332003593445,0.5857508778572083,-0.11138921976089478,0.24626578390598297,0.3643856644630432,-0.035803116858005524,0.4610797166824341,-0.5970302820205688,0.09458857774734497,0.6450856924057007,0.47923582792282104,-0.4951047897338867,0.045856524258852005,0.27538228034973145,-0.17174260318279266,0.049439188092947006,0.5834639072418213,0.4761742353439331,-0.2235376238822937,-0.9012185335159302,-0.11979731172323227,-0.03399035707116127,-0.6193965673446655,-0.5740744471549988,-0.46323448419570923,-0.2981587052345276,0.9383377432823181,-0.1657532900571823,0.04824019968509674,0.0,-0.0,-0.0
-0.019571766257286072,-0.08835817873477936,0.04333288595080376,-0.04965408146381378,-0.03624607250094414,-1.0148026943206787,0.12763534486293793,-0.004006598144769669,-0.007097349502146244,0.07833589613437653,-0.1580146700143814,0.01642708294093609,0.06083798408508301,0.023452164605259895,-0.000271577388048172,0.11522158235311508,-0.12474127113819122,-0.011016692034900188,0.017305951565504074,0.01365421898663044,0.016398360952734947,0.008168958127498627,0.1071188822388649,0.0955776497721672,0.020632104948163033,-0.1964719593524933,0.008855218067765236,-0.005999776069074869,-0.009554016403853893,-0.09342591464519501,-0.09620401263237,-0.007767336443066597,0.19520989060401917,-0.01862918958067894,-0.011204199865460396,0.04895121976733208,0.03636762127280235,0.031072843819856644,-0.02929619513452053,0.019391119480133057,-0.056431710720062256,0.023321038112044334,0.014737004414200783,-0.005884140729904175,-0.050770748406648636,-0.056746043264865875,-0.024987507611513138,0.038725852966308594,0.036087799817323685,0.0768875852227211,-0.020321523770689964,0.05768148973584175,-0.07376871258020401,0.06166725233197212,0.03287240490317345,0.02671804465353489,0.019582314416766167,0.03670809417963028,0.0420762300491333,-0.01936928741633892,0.01542741060256958,0.0410303957760334,-0.03165477141737938,-0.06191166117787361,0.3909650444984436,0.6556271314620972,-0.034615710377693176,0.41994863748550415,0.2910296320915222,0.1551392674446106,0.5300187468528748,-0.6248694658279419,0.09112566709518433,0.582003116607666,0.5838413834571838,-0.2656858563423157,0.04295170679688454,0.0011561140418052673,-0.10148303955793381,-0.5296387076377869,0.456646203994751,0.2937372326850891,-0.2932225465774536,-0.6958080530166626,-0.2170352041721344,-0.010652920231223106,-0.44345131516456604,-0.34311071038246155,-0.47633180022239685,-0.3187622129917145,0.6997910737991333,-0.5052462220191956,-0.15954260528087616,0.0,-0.0,-0.0
-0.0341225191950798,0.1510198414325714,0.02956833317875862,-0.038951050490140915,-0.008683424443006516,-1.0169588327407837,0.11705794185400009,-0.00516898836940527,-0.005671783350408077,0.08254523575305939,-0.15557189285755157,0.018952321261167526,0.05163029581308365,0.012632803991436958,0.003365432843565941,0.11969908326864243,-0.1248999610543251,-0.005044866818934679,0.017625046893954277,0.016505194827914238,0.01916988007724285,0.012457964941859245,0.10348518937826157,0.10137373208999634,0.02400401048362255,-0.20275230705738068,-0.00766016123816371,-0.0008691530674695969,-0.012586449272930622,-0.09739013016223907,-0.1067119911313057,-0.013477498665452003,0.19226007163524628,-0.021660802885890007,-0.002576787956058979,-0.09187527745962143,-0.03520449995994568,-0.030845744535326958,-0.03632742166519165,0.04794028028845787,0.06598951667547226,-0.07394897937774658,-0.023247677832841873,-0.06900021433830261,0.06571018695831299,0.012831628322601318,0.07270436733961105,-0.0739426463842392,0.0716230496764183,0.013698125258088112,0.08766087144613266,0.03606131300330162,0.024949371814727783,0.04315510019659996,0.03683295473456383,-0.048885732889175415,0.008097166195511818,-0.07071416079998016,-0.021797358989715576,-0.03857392445206642,0.023709088563919067,-0.06843389570713043,0.03583111986517906,0.07045941799879074,0.5108604431152344,0.5033068060874939,-0.05482575297355652,0.4397140145301819,0.586506724357605,0.34080326557159424,0.3794601559638977,-0.6556239128112793,0.15019938349723816,0.6481424570083618,1.1154597997665405,-0.11764296889305115,0.019984174519777298,-0.1527482569217682,-0.34232309460639954,-0.4017200469970703,0.3691648840904236,0.5345509648323059,-0.4637920558452606,-0.9323883652687073,-0.4126598834991455,0.11714820563793182,-0.37443748116493225,-0.5463248491287231,-0.43252208828926086,-0.2388094812631607,0.7710519433021545,-0.027351880446076393,0.1815265566110611,0.0,-0.0,-0.0
0.04703481122851372,-0.028860656544566154,0.029221083968877792,-0.001166030764579773,-0.027036160230636597,-1.0382473468780518,0.09946597367525101,-0.0007195314392447472,-0.0049020880833268166,0.06623391807079315,-0.1486768126487732,0.02408318780362606,0.045649997889995575,0.007381822913885117,0.005937566980719566,0.10594100505113602,-0.12282092124223709,-0.00626001413911581,0.013960670679807663,-0.0008890843018889427,0.0124643724411726,0.0002755261957645416,0.09389836341142654,0.09830135852098465,0.011102540418505669,-0.20930586755275726,0.0034323353320360184,0.008516401052474976,0.00573127344250679,-0.10131900012493134,-0.11845730245113373,-0.01439119502902031,0.19758100807666779,-0.0017103468999266624,-0.014997495338320732,-0.008708464913070202,-0.05761172994971275,-0.022419774904847145,0.02283802628517151,0.0711488276720047,-0.050309207290410995,0.013376981019973755,0.0437813401222229,-0.055913377553224564,0.027492452412843704,-0.03245745971798897,-0.00861814059317112,-0.00653650751337409,0.005160963628441095,-0.0452495701611042,0.04587071016430855,0.01932765357196331,0.024922210723161697,-0.032633744180202484,0.03137092664837837,0.015199017710983753,0.029012596234679222,0.10614021867513657,0.05868884548544884,-0.04389749839901924,0.06771748512983322,0.03669203445315361,0.07540581375360489,0.029127491638064384,0.7154731154441833,0.6424891352653503,-0.06333860754966736,0.5673407912254333,0.7002930641174316,0.22747525572776794,0.5903118252754211,-0.5011587142944336,0.12899094820022583,0.6407260894775391,0.9000269770622253,-0.2379550039768219,0.07422386109828949,-0.23375466465950012,-0.5219569206237793,-0.6342419981956482,0.4760890603065491,0.33405476808547974,-0.5189380645751953,-0.8297440409660339,-0.15812960267066956,-0.06331139802932739,-0.04597926884889603,-0.3878404200077057,-0.345243901014328,-0.22943873703479767,0.8527137637138367,-0.03273715823888779,-0.06909860670566559,0.0,-0.0,-0.0
-0.05101887881755829,0.011762198060750961,-0.011841896921396255,-0.040200456976890564,0.005348917096853256,-0.9910999536514282,0.10160686075687408,-0.006241289898753166,-0.007496742997318506,0.07668096572160721,-0.1354464441537857,0.016385886818170547,0.03869444876909256,0.010363459587097168,0.001945430412888527,0.11129119992256165,-0.11032398045063019,-0.016662826761603355,0.028643084689974785,0.007064126431941986,0.001455969177186489,0.0067666564136743546,0.08948897570371628,0.10996773838996887,0.030030464753508568,-0.20677903294563293,0.00847347266972065,-0.012572118081152439,0.006002943962812424,-0.10088460147380829,-0.08637773245573044,0.004687020555138588,0.19926488399505615,-0.017848197370767593,0.00207388773560524,0.0075626554898917675,-0.046945393085479736,-0.03417140245437622,-0.026719868183135986,-0.06299233436584473,0.0608503594994545,0.059429265558719635,0.016981804743409157,0.07074149698019028,-0.05669581890106201,0.01710793375968933,0.008874887600541115,0.018506402149796486,-0.06817187368869781,-0.04412555694580078,-0.04789910838007927,-0.01564275100827217,-0.028298616409301758,-0.0071954550221562386,-0.023749424144625664,0.008960247039794922,-0.05415133759379387,-0.08341870456933975,-0.02923279069364071,0.016703272238373756,0.04166073724627495,0.03864936903119087,0.007003664970397949,-0.04944312199950218,0.4704476594924927,0.46406278014183044,-0.0025825807824730873,0.5408577919006348,0.8734681606292725,0.1516023576259613,0.4094782769680023,-0.44628623127937317,0.08572332561016083,0.6528013944625854,1.0519599914550781,-0.17083972692489624,0.03769398853182793,0.17294320464134216,-0.3797474801540375,-0.4002685844898224,0.505023717880249,0.36118996143341064,-0.2421756386756897,-0.7863672375679016,-0.233204185962677,-0.1663128137588501,-0.7494122385978699,-0.5558136701583862,-0.25426799058914185,-0.37517961859703064,0.8237714767456055,-0.4889744520187378,0.15603379905223846,0.0,-0.0,-0.0
-0.01738876849412918,0.01048315316438675,0.0381406806409359,-0.03233287110924721,0.013818185776472092,-1.0480432510375977,0.10953554511070251,0.002735166810452938,-0.014060377143323421,0.08679074794054031,-0.15229924023151398,0.006181612610816956,0.037888698279857635,0.011382745578885078,-0.00825033150613308,0.12007980793714523,-0.10661058872938156,-0.0035386737436056137,0.0099057387560606,0.006686585023999214,-0.0072858333587646484,-0.0001246146857738495,0.09501183778047562,0.09497678279876709,0.012960990890860558,-0.2014603614807129,-0.005403540097177029,0.00436810590326786,-0.0043775043450295925,-0.09748120605945587,-0.1041061282157898,-0.01896744593977928,0.20065158605575562,-0.013122295029461384,0.00857762061059475,0.04980967193841934,0.015874309465289116,-0.002171206520870328,-0.04077624902129173,-0.036194249987602234,0.046716928482055664,0.039872121065855026,0.0700225979089737,0.003662681672722101,0.07557858526706696,0.0512622706592083,-0.0618584118783474,0.02283463440835476,-0.0483415424823761,-0.0007093966123647988,0.07273752987384796,-0.06159545108675957,0.017174018546938896,-0.08716442435979843,-0.010135394521057606,0.02792884223163128,-0.004659390542656183,-0.03636986017227173,0.10173986107110977,0.03510136529803276,-0.0746164619922638,0.024114567786455154,0.07646816223859787,-0.06509318947792053,0.4182523488998413,0.4271104335784912,-0.02002856135368347,0.49752408266067505,0.9893611669540405,-0.07480117678642273,0.24095124006271362,-0.563027024269104,0.06469599902629852,0.5597772598266602,0.7031179070472717,-0.3801428973674774,0.0081976018846035,0.21057069301605225,-0.1295134276151657,-0.24591492116451263,0.5767703652381897,0.48397600650787354,-0.39780983328819275,-0.7533259987831116,-0.24464771151542664,0.25501957535743713,-0.17858415842056274,-0.4009968936443329,-0.548184335231781,-0.2748629152774811,0.751227080821991,-0.06316684931516647,-0.06125715747475624,0.0,-0.0,-0.0
-0.044677749276161194,0.005807928740978241,-0.045647092163562775,-0.0033337995409965515,0.033380236476659775,-0.9689067006111145,0.10030476003885269,0.002655145712196827,-0.007970483973622322,0.0815265029668808,-0.14962293207645416,0.009245602414011955,0.026038916781544685,0.02164422906935215,-0.0014921417459845543,0.12038665264844894,-0.11758813261985779,-0.00046671926975250244,0.023149488493800163,-0.005889842752367258,0.009662244468927383,-0.00391298346221447,0.10117971152067184,0.09551466256380081,0.030825627967715263,-0.1893666535615921,0.001346113160252571,0.004614926874637604,-0.009686093777418137,-0.1154211089015007,-0.09694258868694305,0.00605684332549572,0.2030273675918579,-0.00828101672232151,-0.012129222974181175,0.008712077513337135,0.013936030678451061,0.02240261435508728,0.013241469860076904,0.0720716267824173,0.012371325865387917,-0.05839196592569351,-0.04870981723070145,0.01756969653069973,-0.02995932102203369,0.02351980283856392,0.04312948137521744,0.007043940015137196,0.044141899794340134,-0.039646346122026443,0.035570718348026276,-0.030660167336463928,0.02879439666867256,0.07500133663415909,0.006366050336509943,0.019730878993868828,-0.03692283481359482,-0.02499176375567913,-0.042798276990652084,0.01374142151325941,0.0663130059838295,0.0535704605281353,-0.026987344026565552,0.03128800541162491,0.4347671866416931,0.3024466633796692,-0.002452538348734379,0.44842982292175293,0.8052520751953125,-0.04956219345331192,0.14627400040626526,-0.5281869173049927,0.06259755790233612,0.5468953251838684,0.6156601309776306,-0.3150893449783325,0.004514180123806,0.21086955070495605,-0.11929052323102951,-0.5940988659858704,0.6921941041946411,0.491647332906723,-0.298379510641098,-0.7843840718269348,-0.18974635004997253,-0.006132457405328751,-0.15952777862548828,-0.7238970994949341,-0.5067983865737915,0.1256042718887329,0.787190318107605,-0.10626145452260971,-0.07929988205432892,0.0,-0.0,-0.0
-0.011168047785758972,0.050993721932172775,0.06583862006664276,-0.0348973385989666,-0.024320045486092567,-1.0156129598617554,0.10628680884838104,-0.013405399397015572,-0.004019510000944138,0.06808142364025116,-0.14099177718162537,0.017496667802333832,0.025864509865641594,0.015711573883891106,-0.0034823045134544373,0.11527601629495621,-0.10602834820747375,-0.006616218015551567,0.012778425589203835,-0.004490910563617945,0.010153103619813919,-0.006973374634981155,0.1063607707619667,0.09339942038059235,0.01544656790792942,-0.19314666092395782,-0.0057234494015574455,0.0012027965858578682,-0.006605993956327438,-0.09399347752332687,-0.10765355080366135,-0.003698592074215412,0.19175775349140167,-0.016879692673683167,0.007251543924212456,-0.0779457613825798,0.011613625101745129,0.024723678827285767,-0.054753243923187256,-0.0288105309009552,0.03734978660941124,-0.060970377177000046,-0.0017775178421288729,-0.06166533753275871,0.04372553899884224,0.03475785255432129,-0.07543683797121048,-0.014728850685060024,0.06496677547693253,-0.03588421270251274,0.026262879371643066,-0.03844057396054268,-0.04928651452064514,0.02892092429101467,-0.06864169985055923,-0.024497931823134422,0.04784243181347847,-0.011043834500014782,0.06438066810369492,-0.026409635320305824,0.015978693962097168,-0.05305492877960205,0.07854016125202179,-0.011329305358231068,0.5110098719596863,0.39483416080474854,-0.04427569359540939,0.4566769599914551,0.9568228721618652,-0.04986170679330826,0.37941741943359375,-0.533401370048523,0.09209766983985901,0.6195698976516724,0.5835567116737366,-0.41128814220428467,-0.013866331428289413,0.21731233596801758,-0.36280152201652527,-0.4708586037158966,0.5311291217803955,0.3891431391239166,-0.6121178865432739,-0.8407915234565735,-0.34340357780456543,0.006220903247594833,-0.15342983603477478,-0.32326817512512207,-0.44278520345687866,-0.3696069121360779,0.7112483382225037,-0.12809516489505768,0.12338480353355408,0.0,-0.0,-0.0
-0.01848471537232399,0.06325682997703552,0.0105782151222229,-0.05421239510178566,0.031104009598493576,-0.9581394791603088,0.10127616673707962,-0.009303851053118706,0.0016207294538617134,0.059171661734580994,-0.13165539503097534,0.020081080496311188,0.030153313651680946,0.0111751239746809,-0.00046628061681985855,0.10928527265787125,-0.10961410403251648,-0.013323567807674408,0.007329050451517105,-9.143352508544922e-05,-0.006897824816405773,-0.0102329570800066,0.09688567370176315,0.09887368977069855,0.008945444598793983,-0.200960174202919,0.008306782692670822,0.00590832345187664,0.003928598016500473,-0.1056150421500206,-0.0844760537147522,-0.006834811996668577,0.20575575530529022,-0.004847384057939053,-0.004085185471922159,0.023182636126875877,0.02148512564599514,0.07499141991138458,-0.0889701247215271,-0.04907305911183357,-0.020946580916643143,-0.050576116889715195,0.004792803432792425,-0.007657146546989679,-0.04068194702267647,0.005773991346359253,-0.016612816601991653,-0.022924834862351418,0.033803727477788925,0.02508070506155491,0.01818651519715786,-0.042467281222343445,0.06757818907499313,-0.07109979540109634,0.06560573726892471,0.03208141401410103,-0.04090879485011101,0.07995431870222092,0.007422375958412886,0.012541616335511208,-0.038875699043273926,-0.00958974938839674,-0.0805702954530716,-0.06453197449445724,0.5731167793273926,0.5443633794784546,-0.05993560701608658,0.46568185091018677,0.7700050473213196,0.10066884011030197,0.3460911214351654,-0.5190140008926392,0.09260895848274231,0.5951544046401978,0.7568008899688721,-0.24211496114730835,0.08486409485340118,0.0006857961416244507,-0.3724696934223175,-0.29848358035087585,0.5601255893707275,0.5537181496620178,-0.3529619872570038,-0.7899311184883118,-0.12914013862609863,-0.014212850481271744,-0.25217050313949585,-0.6824088096618652,-0.33310839533805847,-0.25017237663269043,0.8510753512382507,-0.2144978940486908,-0.12100208550691605,0.0,-0.0,-0.0
0.015432234853506088,-0.09252741932868958,0.025348138064146042,-0.0475185327231884,0.035037558525800705,-1.0019452571868896,0.10282588750123978,-0.012742126360535622,-0.011206128634512424,0.058844320476055145,-0.12995095551013947,0.011994151398539543,0.02710808999836445,0.008095186203718185,0.0012899711728096008,0.11377913504838943,-0.11546619981527328,-0.0183884110301733,0.01873953826725483,-0.012234151363372803,-0.004874806385487318,0.0003599487245082855,0.10195470601320267,0.09828824549913406,0.003129424527287483,-0.20617608726024628,-0.004795064218342304,0.008534466847777367,0.012311380356550217,-0.10391117632389069,-0.1055837869644165,0.0067426543682813644,0.20583082735538483,-0.007217275910079479,0.012751223519444466,-0.0679665058851242,0.05293755605816841,-0.032593030482530594,0.021371884271502495,0.02584712579846382,0.013211405836045742,-0.00980832614004612,-0.00601805467158556,0.03553006798028946,0.059412360191345215,0.049092840403318405,-0.06016901880502701,-0.0020502805709838867,-0.06352930516004562,0.06193247064948082,-0.009528077207505703,0.004186964128166437,-0.05215207487344742,-0.06673484295606613,-0.08659334480762482,0.0002931356430053711,-0.05265563726425171,-0.060838889330625534,-0.03376143053174019,-0.08412245661020279,0.022475767880678177,-0.03214751183986664,0.03543030098080635,-0.001437199185602367,0.50182044506073,0.5200585722923279,-0.0798608735203743,0.5373151302337646,0.9022350311279297,0.1251375377178192,0.3263692259788513,-0.5613670945167542,0.08498914539813995,0.6244663596153259,0.9272170662879944,-0.283405601978302,0.04517127200961113,0.05249522998929024,-0.2381231188774109,-0.23402711749076843,0.4647483229637146,0.29226770997047424,-0.2533777356147766,-0.888412356376648,-0.29940083622932434,0.026827864348888397,-0.4866179823875427,-0.4126439392566681,-0.4979966878890991,-0.11885221302509308,0.782245934009552,-0.029065841808915138,0.07188074290752411,0.0,-0.0,-0.0
-0.042137857526540756,0.04731954261660576,-0.020128976553678513,-0.045035310089588165,0.029431480914354324,-0.975206196308136,0.10022621601819992,-0.013733784668147564,-0.004912601783871651,0.057352349162101746,-0.14197254180908203,0.010698074474930763,0.027289768680930138,0.024088313803076744,0.001920304261147976,0.10518466681241989,-0.10290396958589554,-0.017285466194152832,0.016928015276789665,-0.0036731166765093803,-0.012535464949905872,-0.007313527166843414,0.09380429238080978,0.10536059737205505,0.021671177819371223,-0.18731914460659027,-0.0016554836183786392,0.004093050956726074,0.006298258900642395,-0.0924592912197113,-0.10197160392999649,-0.0023191221989691257,0.1891762614250183,0.0030887145549058914,-0.009722232818603516,-0.04551059007644653,-0.05829070881009102,0.04936635494232178,0.025107109919190407,-0.05815932899713516,-0.045170605182647705,0.03281998634338379,-0.06293319165706635,0.04565862566232681,-0.035684067755937576,-0.027628755196928978,-0.03605939820408821,0.06285649538040161,0.0672505646944046,-0.06242094561457634,0.05894827842712402,0.043376803398132324,0.03133256360888481,0.016842830926179886,0.029017090797424316,0.03895178064703941,-0.06981302797794342,-1.9848346255457727e-06,-0.032054830342531204,0.06145196035504341,-0.03837147355079651,-0.026521757245063782,0.053383708000183105,-0.0690964013338089,0.522254228591919,0.526317298412323,-0.019339635968208313,0.4349671006202698,0.6753474473953247,0.0009082481265068054,0.4821542501449585,-0.5886660218238831,0.07858425378799438,0.6264300346374512,0.7734538912773132,-0.33745795488357544,0.04092668369412422,0.4323939383029938,-0.5071289539337158,-0.26501667499542236,0.44593632221221924,0.5859725475311279,-0.15802988409996033,-0.6773588061332703,-0.08770505338907242,0.049261707812547684,-0.26255616545677185,-0.34093496203422546,-0.2632187306880951,-0.32051554322242737,0.7316566109657288,-0.23733320832252502,-0.12390635907649994,0.0,-0.0,-0.0
0.051351968199014664,-0.13084745407104492,0.014658551663160324,-0.00202222540974617,0.04310890659689903,-1.0048187971115112,0.10972309112548828,-0.0024835639633238316,-0.01187130156904459,0.07238034904003143,-0.13410250842571259,0.0068261269479990005,0.039282090961933136,0.016364485025405884,-0.006793100852519274,0.11446504294872284,-0.10812696814537048,-0.008940981701016426,0.00985730066895485,0.015325145795941353,0.0031929751858115196,0.0033443383872509003,0.10102403163909912,0.09962338954210281,0.011334618553519249,-0.19811572134494781,-0.0032335566356778145,0.01560913771390915,-0.006781401112675667,-0.08681594580411911,-0.09114397317171097,0.012911057099699974,0.19629140198230743,-0.009598331525921822,0.009418612346053123,0.042903173714876175,0.02331690303981304,0.07242224365472794,-0.048241645097732544,0.040904201567173004,0.009607541374862194,0.0486953966319561,0.05021802335977554,-0.031033266335725784,0.07734113931655884,-0.005957269575446844,-0.066712386906147,-0.02148236706852913,0.038574814796447754,0.03572133928537369,0.0645291805267334,0.011474097147583961,0.058126188814640045,-0.08534886687994003,-0.07458425313234329,0.05776643753051758,0.09613186120986938,0.04114650562405586,-0.02254626713693142,0.04872789606451988,0.07416269928216934,0.08123429119586945,-0.09042596817016602,-0.02281813696026802,0.43093550205230713,0.6129751801490784,-0.06781376898288727,0.4094480276107788,0.8500075340270996,-0.040891386568546295,0.2025214433670044,-0.4125138223171234,0.05280106142163277,0.6287804245948792,0.8030903935432434,-0.44188645482063293,-0.08459072560071945,-0.11719871312379837,-0.07879845798015594,-0.3530764579772949,0.4139806628227234,0.31594470143318176,-0.47377535700798035,-0.9268537759780884,-0.22380536794662476,0.19565030932426453,-0.29153499007225037,-0.4390318989753723,-0.42551422119140625,-0.1384764015674591,0.8351954221725464,-0.3355449140071869,0.17010551691055298,0.0,-0.0,-0.0
-0.0008381269872188568,0.0995020717382431,0.0263855941593647,-0.03738146647810936,0.03462420031428337,-0.9743561744689941,0.10909252613782883,-0.004094748292118311,0.0003015957772731781,0.06622052192687988,-0.13958539068698883,0.009952396154403687,0.02919909916818142,0.009924976155161858,0.004796704277396202,0.12217821925878525,-0.10717914253473282,-0.016272034496068954,0.01255817897617817,-0.0009089754894375801,0.0007644090801477432,-0.0041578286327421665,0.09430531412363052,0.10917428880929947,0.02503439225256443,-0.19558760523796082,0.0008365977555513382,-0.005472040735185146,0.008241565898060799,-0.09732221066951752,-0.09335250407457352,-0.01344704907387495,0.19878362119197845,-0.0021690167486667633,-0.012777863070368767,0.03812366724014282,-0.06485380977392197,-0.02570689097046852,0.08738340437412262,0.02729696035385132,0.01999790035188198,0.03363456949591637,-0.05005032569169998,0.030981672927737236,0.03624168783426285,-0.041706427931785583,0.05565638467669487,0.08058706670999527,-0.08130131661891937,0.017611032351851463,-0.052295126020908356,-0.04655452445149422,-0.0035940648522228003,0.049139704555273056,-0.03555100038647652,-0.03018263541162014,-0.04542713984847069,0.03677142783999443,-0.027525389567017555,0.02188671939074993,-0.011911976151168346,0.012665736488997936,0.03464341163635254,-0.0115894740447402,0.4203263521194458,0.45484888553619385,-0.05299852788448334,0.4298543334007263,0.44893544912338257,0.24073633551597595,0.19311606884002686,-0.43405812978744507,0.10561561584472656,0.5342144966125488,0.849574625492096,-0.12330803275108337,0.06400652229785919,-0.21907541155815125,-0.2694322168827057,-0.533566415309906,0.3950533866882324,0.295441210269928,-0.24858732521533966,-0.7328824400901794,-0.26826444268226624,-0.30565622448921204,-0.4558490216732025,-0.511948823928833,-0.5399280190467834,-0.4819035828113556,0.7847956418991089,-0.004885094240307808,-0.10139021277427673,0.0,-0.0,-0.0
-0.042139239609241486,-0.07238535583019257,-0.0652846023440361,-0.009391210973262787,0.005842234939336777,-1.0368680953979492,0.110575370490551,-0.0006152158603072166,0.00022523850202560425,0.06912419199943542,-0.1421181857585907,0.008806316182017326,0.041832029819488525,0.015581885352730751,0.0022061727941036224,0.11423421651124954,-0.10943511873483658,-0.011953129433095455,0.0008137784898281097,-0.00028073880821466446,0.0076286680996418,-0.005217487458139658,0.09456674009561539,0.10556646436452866,0.0023775920271873474,-0.20226918160915375,-0.0019424911588430405,0.009165363386273384,-0.005409312434494495,-0.09038548916578293,-0.09805101901292801,-0.0011979173868894577,0.1861661821603775,-0.020805373787879944,0.007268216460943222,0.0475810281932354,0.05765925720334053,-0.044078048318624496,0.05655722692608833,-0.06786876171827316,0.051254451274871826,0.013327187858521938,-0.05316944792866707,0.016346776857972145,0.017992276698350906,-0.03318579122424126,-0.05737723037600517,0.04266684129834175,0.07755307108163834,-0.04941447451710701,-0.047762345522642136,0.003163158893585205,0.031133247539401054,-0.07187636941671371,0.05242567136883736,-0.0333370678126812,0.06001422554254532,-0.019236672669649124,-0.04112781211733818,0.005069053266197443,0.07882588356733322,-0.027263585478067398,-0.07733479887247086,0.05587252601981163,0.5446077585220337,0.44629886746406555,-0.015105516649782658,0.46866685152053833,0.87010657787323,-0.07882528752088547,0.24730733036994934,-0.47773411870002747,0.08871975541114807,0.5800654292106628,0.6395489573478699,-0.4343917965888977,-0.022306345403194427,0.4197053909301758,-0.25285667181015015,-0.262593150138855,0.6163086295127869,0.47322556376457214,-0.4870727062225342,-0.814885139465332,-0.11335258185863495,0.14044421911239624,-0.44798964262008667,-0.458206444978714,-0.5382604002952576,-0.12359483540058136,0.7550781965255737,-0.35070398449897766,0.11905713379383087,0.0,-0.0,-0.0
0.014855887740850449,0.12326401472091675,0.022930432111024857,0.013403337448835373,-0.040041275322437286,-1.0135713815689087,0.08914146572351456,-0.012273556552827358,-0.005653656553477049,0.07211924344301224,-0.130151629447937,0.018228014931082726,0.024505799636244774,0.026673832908272743,0.008004758507013321,0.1234944686293602,-0.11921247094869614,-0.024233613163232803,0.008879562839865685,0.002569437026977539,-0.008336417376995087,0.00795803777873516,0.10143696516752243,0.08493810147047043,0.019584497436881065,-0.21085886657238007,0.00018431805074214935,-0.007543753832578659,-0.00701521523296833,-0.09416251629590988,-0.11236918717622757,-0.005544611252844334,0.1919204741716385,0.01298501156270504,-0.012785649858415127,0.03989234194159508,-0.02967623807489872,-0.03317059576511383,0.010513382963836193,0.0155947869643569,-0.035477977246046066,-0.08763865381479263,0.03105696476995945,0.005393469240516424,0.03737213835120201,0.07371912151575089,-0.011455148458480835,0.036177922040224075,0.024358326569199562,0.037793852388858795,-0.008771682158112526,0.06750356405973434,-0.01280753593891859,0.007906175218522549,-0.059105534106492996,0.03449254110455513,-0.04822029173374176,0.06274386495351791,0.043602731078863144,-0.021674348041415215,-0.08446282148361206,0.01153656281530857,0.031171036884188652,-0.07604096084833145,0.35872286558151245,0.6622646450996399,-0.0782587081193924,0.43716365098953247,0.9053326845169067,0.05296289175748825,0.15302029252052307,-0.5081252455711365,0.0471961684525013,0.6108108758926392,0.8505111932754517,-0.26208609342575073,-0.03312261030077934,-0.22356808185577393,-0.14082464575767517,-0.16696994006633759,0.4390910267829895,0.31284621357917786,-0.07203485071659088,-0.8435441851615906,0.012733153998851776,-0.1378650665283203,-0.1470043957233429,-0.4513111412525177,-0.4235423505306244,-0.2959004044532776,0.8179530501365662,0.16441605985164642,-0.17642980813980103,0.0,-0.0,-0.0
-0.029948990792036057,-0.03587048128247261,-0.03134247288107872,-0.010339785367250443,0.02395429089665413,-1.0373384952545166,0.1093255952000618,-0.00031633302569389343,-0.012158624827861786,0.0753956213593483,-0.12706264853477478,-0.0008990252390503883,0.021860284730792046,0.013404222205281258,-0.002880689688026905,0.10901202261447906,-0.10515686124563217,-0.02485829032957554,-0.008353199809789658,-0.00677704531699419,0.006789468228816986,0.0026534944772720337,0.08235963433980942,0.10434914380311966,0.018576795235276222,-0.20951981842517853,0.003913873806595802,0.012926435098052025,0.0022539086639881134,-0.10664679110050201,-0.09486977010965347,0.0035793092101812363,0.19610565900802612,-0.0187385231256485,0.000665813684463501,0.05496493726968765,-0.045014798641204834,-0.018699312582612038,-0.06856203824281693,-0.06377773731946945,0.043659258633852005,0.018732566386461258,0.02175186388194561,0.05105888843536377,-0.05555764585733414,-0.0005712211132049561,0.04096582159399986,0.043624043464660645,0.06231790781021118,-0.014206218533217907,0.020614786073565483,-0.06793095171451569,-0.06431835144758224,0.06918025016784668,0.05683262273669243,0.029969168826937675,0.10218413919210434,-0.03512056916952133,-0.0560787096619606,0.07573205232620239,0.025829637423157692,-0.027373958379030228,-0.09227064996957779,0.026662051677703857,0.513309121131897,0.45262089371681213,0.01821763813495636,0.4615609049797058,0.7236077189445496,0.24845156073570251,0.5215882658958435,-0.5765727758407593,0.08048199117183685,0.6568113565444946,0.9153535962104797,-0.10321161150932312,0.06495720148086548,0.14285564422607422,-0.4256204068660736,-0.5171456336975098,0.3119027018547058,0.49056097865104675,-0.41734516620635986,-0.7963725328445435,-0.34618473052978516,0.1810462772846222,-0.36647355556488037,-0.4943172037601471,-0.3085739314556122,-0.020825829356908798,0.8336699604988098,-0.4248792827129364,0.29198718070983887,0.0,-0.0,-0.0
-0.025782786309719086,0.017921384423971176,0.014235083013772964,-0.02595992013812065,0.03765297308564186,-1.0027213096618652,0.10087864845991135,-0.0008103493601083755,0.0004563014954328537,0.06798111647367477,-0.12695784866809845,0.003268233500421047,0.017630094662308693,0.03078114055097103,-0.002363108564168215,0.11880268901586533,-0.11275666952133179,-0.023998038843274117,0.008891543373465538,-0.011581741273403168,-0.007215275429189205,-0.013637700118124485,0.09416411817073822,0.09574500471353531,0.025472888723015785,-0.20055998861789703,0.002375654876232147,0.0030589383095502853,0.0013722144067287445,-0.09304418414831161,-0.1158120259642601,-0.0019330810755491257,0.2039337158203125,0.010326549410820007,0.007813436910510063,-0.08925249427556992,-0.026537476107478142,-0.06741505116224289,0.06371026486158371,-0.05895022675395012,-0.04053577408194542,-0.07833927869796753,-0.002020555781200528,0.015947943553328514,0.04490762948989868,0.036532964557409286,0.026857197284698486,-0.026463204994797707,-0.005564600229263306,-0.06378338485956192,0.012989389710128307,-0.00760077266022563,-0.07690185308456421,-0.04909031465649605,0.06612329930067062,-0.0763411745429039,-0.041178010404109955,-0.047513749450445175,0.03972272947430611,-0.09907113015651703,-0.08504398912191391,0.03589459881186485,0.1103329211473465,0.013552779331803322,0.3604413866996765,0.5512670874595642,-0.07073691487312317,0.4345688819885254,0.7673959732055664,0.08665262907743454,0.22898074984550476,-0.5408927202224731,0.06156131997704506,0.6988133192062378,1.0069594383239746,-0.2861376106739044,-0.0769178569316864,-0.05856863409280777,-0.19854766130447388,-0.5207957625389099,0.8405713438987732,0.4913053512573242,-0.5284457206726074,-0.7686291337013245,-0.38225483894348145,-0.1849655956029892,-0.12488818913698196,-0.3851349651813507,-0.6377987265586853,-0.2702602446079254,0.803524911403656,0.12875354290008545,-0.11844360828399658,0.0,-0.0,-0.0
0.006275977939367294,0.002968616783618927,0.02461090311408043,-0.06499428302049637,0.017100710421800613,-0.992345929145813,0.10155253857374191,-0.003695444203913212,-0.007865823805332184,0.06357324123382568,-0.13231347501277924,-0.0016201408579945564,0.03070698492228985,0.02723063714802265,-0.0001454344019293785,0.12288830429315567,-0.11452949047088623,-0.027270179241895676,0.0027149980887770653,-0.008218424394726753,-0.003981889225542545,-0.005130041390657425,0.09015381336212158,0.1016860157251358,0.008398493751883507,-0.19548051059246063,0.013716770336031914,-0.012461492791771889,0.012233268469572067,-0.10394245386123657,-0.08879438042640686,0.004604731686413288,0.19060342013835907,-0.016808751970529556,-0.001779327169060707,-0.05276930332183838,0.0013136446941643953,0.03182060644030571,0.011614757589995861,0.08017746359109879,0.00829701405018568,0.05421576648950577,0.07472573965787888,-0.016641676425933838,-0.08652514964342117,0.05277257040143013,-0.0303623229265213,-0.015858132392168045,-0.05894843861460686,0.04477343708276749,-0.027820870280265808,0.04563700035214424,0.07206469774246216,-0.019648760557174683,-0.029858479276299477,-0.048841603100299835,-0.015869950875639915,0.0013860404724255204,-0.07994627207517624,0.04916222020983696,0.0317806713283062,0.020265622064471245,-0.03253087028861046,-0.034319937229156494,0.25907111167907715,0.4445916414260864,-0.03896847367286682,0.2442108541727066,0.5393081903457642,0.16436022520065308,0.3848607540130615,-0.7925335168838501,0.05243034288287163,0.5805727243423462,0.6203031539916992,-0.3910906910896301,0.10666964948177338,0.3362952768802643,-0.1845967024564743,-0.2266361266374588,0.5253846645355225,0.6787261962890625,-0.29796963930130005,-0.837988018989563,-0.06619654595851898,0.06281672418117523,-0.10160497575998306,-0.5837810635566711,-0.1825547069311142,-0.014807861298322678,0.6699063181877136,-0.40058228373527527,-0.07665564119815826,0.0,-0.0,-0.0
-0.007384423166513443,0.013892699033021927,-0.017029952257871628,-0.0012992918491363525,0.00027799978852272034,-0.9699935913085938,0.11087094247341156,-0.00428428640589118,-0.013487267307937145,0.05373559147119522,-0.11963752657175064,-0.003734870348125696,0.020804954692721367,0.014510167762637138,-0.00415636133402586,0.12088989466428757,-0.10755299776792526,-0.012987291440367699,-0.003667278680950403,-0.000286763533949852,-0.0009868200868368149,-0.005891201086342335,0.09907693415880203,0.088993139564991,0.018391819670796394,-0.20914971828460693,-0.004771814681589603,0.0125969760119915,0.018639445304870605,-0.11138690263032913,-0.0984012559056282,-0.01697864942252636,0.20943811535835266,0.0076676588505506516,0.001066422089934349,-0.03057938814163208,-0.03929588198661804,-0.05567685514688492,-0.033423539251089096,0.0005589485517702997,0.048280417919158936,0.06298505514860153,0.05081712082028389,-0.003710192395374179,0.07159675657749176,0.045540012419223785,-0.02711319923400879,0.05979466438293457,0.06913989782333374,0.0015602171188220382,-0.00239960546605289,0.0587422139942646,0.013611698523163795,0.045254290103912354,-0.007685321848839521,0.0569629929959774,0.03732109069824219,0.05030207708477974,0.0941333994269371,0.02564528025686741,-0.02335810661315918,-0.037233125418424606,0.06860653311014175,0.016186995431780815,0.3783491849899292,0.4610210061073303,-0.08328107744455338,0.2868121266365051,0.32340532541275024,0.0576496496796608,0.4728041887283325,-0.6760596036911011,0.12610173225402832,0.6943920850753784,0.45662158727645874,-0.4025591015815735,-0.0056644342839717865,0.31503090262413025,-0.3300180435180664,-0.1224140077829361,0.33837342262268066,0.2415534257888794,-0.19304636120796204,-0.8312961459159851,-0.17077144980430603,0.14991791546344757,-0.5211352705955505,-0.394471138715744,-0.5845862030982971,-0.46771368384361267,0.9146694540977478,-0.028936924412846565,0.013104446232318878,0.0,-0.0,-0.0
-0.030955668538808823,-0.08771699666976929,-0.04119069501757622,-0.07551559805870056,0.04784911498427391,-1.0077385902404785,0.09996260702610016,0.005302758887410164,-0.0004287129268050194,0.062183648347854614,-0.11362019926309586,-0.0007744692265987396,0.023987194523215294,0.016939081251621246,-0.005320519674569368,0.12020119279623032,-0.11248642951250076,-0.027501428499817848,-6.734952330589294e-05,-0.009265750646591187,0.003020811825990677,0.0059544481337070465,0.09272810816764832,0.1060565859079361,0.01565132476389408,-0.19198964536190033,-0.005698624067008495,0.002634149044752121,-0.003526434302330017,-0.09678107500076294,-0.09570696204900742,0.006247149780392647,0.20033659040927887,-0.028579464182257652,-0.004538055043667555,0.02068362943828106,-0.0611194372177124,0.06842004507780075,0.02217794768512249,0.044210709631443024,-0.026119401678442955,0.006377774756401777,0.005447435658425093,-0.043105535209178925,-0.04380866140127182,-0.008912610821425915,0.04210616275668144,-0.02814638987183571,-0.07112475484609604,0.019492967054247856,0.06739280372858047,-0.015277338214218616,0.03758258745074272,-0.006343198008835316,0.014619327150285244,-0.007209658622741699,-0.07248646765947342,-0.07488125562667847,-0.017160041257739067,0.05615682527422905,0.03415229544043541,-0.05984983593225479,0.004712343215942383,0.033655405044555664,0.33614975214004517,0.6552814245223999,-0.01644088327884674,0.3180307149887085,0.2701762318611145,0.1288524866104126,0.36353594064712524,-0.399894654750824,0.07207518815994263,0.667953610420227,0.5786633491516113,-0.3098439574241638,-0.04122282564640045,-0.28607693314552307,-0.23753666877746582,-0.32704997062683105,0.36320245265960693,0.36279502511024475,-0.46092233061790466,-0.739926815032959,-0.2878760099411011,-0.14249518513679504,-0.5591868162155151,-0.5622941255569458,-0.5241055488586426,-0.16499216854572296,0.7602313756942749,-0.5274364948272705,-0.08493547141551971,0.0,-0.0,-0.0
-0.013611048460006714,0.07174883782863617,0.048806581646203995,-0.056851986795663834,0.021391969174146652,-0.9678419828414917,0.10455221682786942,0.0072096288204193115,-0.0172417052090168,0.07023517042398453,-0.1229885146021843,0.011241873726248741,0.031565017998218536,0.02425343729555607,-0.014734001830220222,0.1217898353934288,-0.12069004029035568,-0.027052100747823715,-0.0028681596741080284,0.004634423181414604,0.010866528376936913,0.0034312717616558075,0.08710041642189026,0.09575873613357544,0.019199246540665627,-0.19998805224895477,-0.0007187314331531525,0.0046672336757183075,0.016081469133496284,-0.1037391871213913,-0.11758280545473099,-0.014998912811279297,0.20702292025089264,-0.006190895102918148,-0.006851170212030411,-0.0253298282623291,-0.028282571583986282,-0.003190457820892334,0.03358626365661621,-0.04972032085061073,0.011914366856217384,0.0210534930229187,0.06227982044219971,-0.02060992829501629,-0.09068503230810165,0.016012949869036674,0.03851771354675293,-0.047141801565885544,-0.05054831504821777,-0.017543112859129906,-0.019128531217575073,0.019359666854143143,0.0005618929862976074,0.05210838466882706,0.04473239183425903,0.04810759052634239,0.02918008528649807,0.08369722217321396,0.016711819916963577,-0.10647320002317429,-0.011914354749023914,0.0016586602432653308,-0.010492676869034767,-0.017026865854859352,0.052065178751945496,0.25459256768226624,-0.11756530404090881,0.1675558239221573,0.09565182030200958,0.0002630650997161865,0.3200744390487671,-0.6459877490997314,0.1404338777065277,0.5609053373336792,0.3901524841785431,-0.48765742778778076,0.03202204778790474,0.49132239818573,-0.08104224503040314,-0.46698904037475586,0.6151599884033203,0.4189452528953552,-0.37416115403175354,-0.9107630848884583,-0.16449475288391113,0.1076781302690506,-0.12076642364263535,-0.5751913785934448,-0.623218297958374,-0.3885492980480194,0.812227189540863,0.1329525113105774,-0.16523851454257965,0.0,-0.0,-0.0
0.023942168802022934,-0.0036110207438468933,0.06165054813027382,-0.011828869581222534,-0.03311644122004509,-0.9566561579704285,0.10194800794124603,-0.012126646935939789,-0.01907849684357643,0.06564982235431671,-0.11392643302679062,0.008810719475150108,0.013945555314421654,0.024821000173687935,-0.0009445054456591606,0.13593383133411407,-0.10667676478624344,-0.011657245457172394,-0.005032877903431654,-0.0014737416058778763,0.01033281721174717,0.003954656422138214,0.09725143760442734,0.08796366304159164,0.002525394782423973,-0.21485775709152222,-0.004813338164240122,0.00022815726697444916,0.00791504979133606,-0.11565019190311432,-0.10438410192728043,-0.02468486875295639,0.20517751574516296,0.00039726682007312775,-0.016783861443400383,-0.06170262023806572,0.046347059309482574,0.05340799316763878,0.038792409002780914,-0.03068818524479866,0.011855137534439564,0.04436809942126274,0.05170943960547447,0.03567633777856827,0.03976469114422798,-0.05757921561598778,0.05690505728125572,-0.020487232133746147,-0.060706961899995804,0.0553688183426857,-0.04366903379559517,0.07214391231536865,0.050476815551519394,-0.03238757327198982,0.04920727014541626,-0.0012595414882525802,0.019408291205763817,-0.06495439261198044,-0.08328757435083389,0.025055861100554466,-0.04601779580116272,0.0470726378262043,-0.07028122246265411,0.02977311611175537,0.08843186497688293,0.4681023359298706,-0.09321820735931396,0.16489745676517487,0.15106211602687836,0.18909206986427307,0.4380006790161133,-0.5789425373077393,0.08178536593914032,0.7078088521957397,0.3340408504009247,-0.3675190210342407,0.03307848796248436,0.05156528204679489,-0.13069254159927368,-0.3606671690940857,0.45271313190460205,0.3826490342617035,-0.44113674759864807,-0.8800745010375977,-0.3336247205734253,-0.08580231666564941,-0.5682857632637024,-0.4496903121471405,-0.1978156715631485,-0.18889887630939484,0.7760860323905945,-0.12538973987102509,0.10931317508220673,0.0,-0.0,-0.0
