obs_0,obs_1,obs_2,obs_3,obs_4,obs_5,obs_6,obs_7,obs_8,obs_9,obs_10,obs_11,obs_12,obs_13,obs_14,obs_15,obs_16,obs_17,obs_18,obs_19,obs_20,obs_21,obs_22,obs_23,obs_24,obs_25,obs_26,obs_27,obs_28,obs_29,obs_30,obs_31,obs_32,obs_33,obs_34,obs_35,obs_36,obs_37,obs_38,obs_39,obs_40,obs_41,obs_42,obs_43,obs_44,obs_45,obs_46,obs_47,obs_48,obs_49,obs_50,obs_51,obs_52,obs_53,obs_54,obs_55,obs_56,obs_57,obs_58,obs_59,obs_60,obs_61,obs_62,obs_63,obs_64,obs_65,obs_66,obs_67,obs_68,obs_69,obs_70,obs_71,obs_72,obs_73,obs_74,obs_75,obs_76,obs_77,obs_78,obs_79,obs_80,obs_81,obs_82,obs_83,obs_84,obs_85,obs_86,obs_87,obs_88,obs_89,obs_90,obs_91,obs_92,obs_93,obs_94,obs_95
0.038306329399347305,-0.0385560616850853,0.031026247888803482,-0.04866928607225418,-0.03231622651219368,-1.02672278881073,-0.07542223483324051,0.03653545677661896,0.013011438772082329,0.28590723872184753,-0.19272662699222565,0.0034694597125053406,-0.09801298379898071,0.0021481839939951897,0.02203953079879284,0.3378109037876129,-0.1959993988275528,-0.007290016859769821,0.012531550601124763,0.007839998230338097,-0.001201840117573738,-0.0075795091688632965,0.09864122420549393,0.11482899636030197,0.01419251412153244,-0.22544308006763458,0.03366478532552719,-0.03302254527807236,-0.03339923173189163,-0.06694545596837997,-0.09975341707468033,-0.020376764237880707,0.1621185690164566,-0.017514074221253395,-0.015565270557999611,-0.0731963962316513,0.07235554605722427,-0.03297404944896698,-0.05306065082550049,0.0031290054321289062,0.0075241862796247005,0.059664513915777206,-0.03532024100422859,-0.019209682941436768,-0.0088364128023386,0.054420292377471924,0.008590489625930786,0.01634996011853218,0.05653640255331993,-0.0043363990262150764,-0.039604898542165756,0.019216954708099365,0.01838066056370735,-0.05039796978235245,-0.03990352898836136,0.03633865341544151,-0.05538847669959068,0.05924304947257042,-0.02572711370885372,0.06996553391218185,-0.013237631879746914,0.07038960605859756,0.015948355197906494,-0.013311642222106457,0.0,0.0,0.0,0.0,0.0,0.0,0.0,0.0,0.0,0.0,0.0,0.0,0.0,0.0,0.0,0.0,0.0,0.0,0.0,0.0,0.0,0.0,0.0,0.0,0.0,0.0,0.0,0.0,0.0,0.0,-0.0,-0.0
0.1467803418636322,0.07354755699634552,-0.08927443623542786,0.0002093873918056488,-0.035980224609375,-0.9781534671783447,-0.018797587603330612,0.014457976445555687,0.006582686677575111,0.19043050706386566,-0.10441574454307556,0.022767024114727974,-0.06620470434427261,-0.007685180753469467,0.005675025284290314,0.21787437796592712,-0.14139007031917572,0.006283193826675415,0.02638486586511135,0.0090273916721344,-0.011000115424394608,0.009948629885911942,0.09190814942121506,0.09775212407112122,0.008344251662492752,-0.2165086418390274,-0.00719325290992856,0.013318181037902832,-0.03228061646223068,-0.08561941236257553,-0.0953826904296875,-0.02835121750831604,0.18493540585041046,-0.008811494335532188,-0.010895757004618645,0.10913379490375519,0.010254747234284878,-0.006155669689178467,-0.3329785466194153,0.19307628273963928,0.01752723567187786,0.011326193809509277,0.033914364874362946,-0.010242164134979248,-0.3063663840293884,0.18742628395557404,0.049534786492586136,0.021366143599152565,0.03130171447992325,-0.06620164960622787,0.1149681955575943,0.04583308845758438,-0.08536479622125626,-0.050761885941028595,0.0571669340133667,-0.02531822957098484,0.0650969073176384,-0.0021514834370464087,0.014171594753861427,-0.0004115104675292969,0.038538455963134766,0.0027135610580444336,-0.018482787534594536,-0.016038471832871437,0.12453420460224152,-0.15281957387924194,0.02346739172935486,0.4704246520996094,0.15629707276821136,0.11234568804502487,-0.5245384573936462,0.02062464877963066,0.033800218254327774,0.21470466256141663,-0.3210799992084503,0.11055967211723328,0.05256780609488487,-0.09661673754453659,-0.020269431173801422,-0.14214326441287994,0.49271613359451294,0.4096471965312958,-0.29580825567245483,-0.6859796643257141,-0.5884392261505127,0.39986148476600647,-0.3319481611251831,-0.7972545623779297,-0.5875954031944275,-0.18427404761314392,0.9471792578697205,0.02523544244468212,-0.016618497669696808,0.0,-0.0,-0.0
0.008885342627763748,-0.048890989273786545,0.056080352514982224,0.042648207396268845,-0.03927747905254364,-0.956746518611908,-0.030696751549839973,-0.0024347491562366486,0.012715393677353859,0.22748863697052002,-0.11953212320804596,0.009005015715956688,-0.04779507964849472,-0.012417555786669254,0.025580374523997307,0.15876127779483795,-0.12453516572713852,0.014773637056350708,0.0346507728099823,-0.022683214396238327,-0.0012992918491363525,-0.010669651441276073,0.10759296268224716,0.10801861435174942,-0.013921682722866535,-0.2033568024635315,-0.02126896195113659,-9.319931268692017e-05,-0.02576415427029133,-0.10296627134084702,-0.09515305608510971,-0.032513201236724854,0.18888553977012634,0.013627905398607254,-0.0060341390781104565,-0.08097952604293823,0.06836674362421036,0.08960180729627609,0.1779581606388092,-0.09479542821645737,-0.09628640860319138,0.04455731064081192,0.0014305472141131759,0.060828566551208496,-0.04137706384062767,0.3011377453804016,-0.044246774166822433,0.08650626242160797,-0.04979627951979637,0.04831421375274658,-0.12842757999897003,-0.040803536772727966,0.015822237357497215,0.015767037868499756,0.059170663356781006,-0.03755410015583038,-0.11108392477035522,0.05593184381723404,-0.12391610443592072,0.020883554592728615,-0.05799877643585205,0.05749693140387535,0.0018426477909088135,-0.024944359436631203,0.1845247596502304,-0.5442695617675781,0.2552132308483124,1.1874784231185913,-0.35032546520233154,0.06641512364149094,-0.4415753483772278,0.3812248706817627,0.0022554434835910797,0.2587566375732422,-1.1020750999450684,0.6137291789054871,0.07487741112709045,-0.4444861114025116,0.06447812914848328,-0.5347773432731628,0.6123208403587341,0.5456172823905945,-0.39483746886253357,-0.8225577473640442,-0.28197169303894043,-0.25173673033714294,-0.005185715854167938,-0.5522603988647461,-0.438096821308136,-0.16246487200260162,0.8560147881507874,0.15371590852737427,0.08179178833961487,0.0,-0.0,-0.0
-0.10080394148826599,0.021138612180948257,0.0745067298412323,0.017405156046152115,0.01579323783516884,-0.9668165445327759,-0.014887519180774689,0.0041318852454423904,0.006549490615725517,0.18025006353855133,-0.15415309369564056,0.013598645105957985,-0.04119866341352463,0.006400875747203827,0.020798588171601295,0.17267505824565887,-0.09750489890575409,0.0072191208600997925,0.011965135112404823,0.004973951727151871,0.016737913712859154,-0.013141116127371788,0.08844221383333206,0.10752227902412415,-0.015200851485133171,-0.20504941046237946,-0.009484928101301193,-0.00020209606736898422,-0.03948577865958214,-0.123478464782238,-0.11003502458333969,-0.010973633266985416,0.19012121856212616,-0.00856570154428482,0.018340470269322395,-0.005692827980965376,0.0077284337021410465,-0.09492228180170059,-0.12542256712913513,0.09338945150375366,-0.24132156372070312,0.08470737934112549,0.05629932880401611,0.03431284427642822,0.018615758046507835,-0.012268930673599243,-0.034991975873708725,-0.07875160127878189,0.019349724054336548,0.007277477066963911,-0.010404503904283047,0.07025362551212311,0.035407889634370804,0.06821483373641968,-0.03984248265624046,-0.02342078648507595,-0.0577579028904438,0.06455422937870026,0.050490546971559525,-0.04638942703604698,0.09881335496902466,-0.015573382377624512,-0.007461905479431152,0.02049034833908081,0.3153412938117981,-0.24673205614089966,0.0046048229560256,0.5448157787322998,-0.25417834520339966,0.23226335644721985,-0.3802885413169861,0.07042652368545532,0.005342777818441391,0.3840044140815735,-0.9082189202308655,0.3111807107925415,-0.08355949819087982,0.3752467930316925,-0.20281842350959778,-0.04274841770529747,0.45652467012405396,0.41136905550956726,-0.20248734951019287,-0.7915716767311096,0.11930140107870102,0.010720688849687576,-0.16466757655143738,-0.30881574749946594,-0.4029543101787567,-0.00465388223528862,0.879389226436615,-0.2262873649597168,0.14432214200496674,0.0,-0.0,-0.0
0.0084385946393013,0.02634405717253685,0.06912720203399658,-0.0317099392414093,-0.014760192483663559,-0.976647675037384,0.019044646993279457,0.016355041414499283,0.003173070028424263,0.13002826273441315,-0.14825080335140228,0.004396946169435978,-0.04270491003990173,0.005905751138925552,0.01185707189142704,0.14234188199043274,-0.10622525215148926,0.008084850385785103,0.014382941648364067,-0.00859861634671688,0.014368796721100807,-0.00984884425997734,0.0999770313501358,0.10276530683040619,-0.011826938949525356,-0.20004504919052124,-0.010231226682662964,0.002195596694946289,-0.005985680036246777,-0.09911325573921204,-0.11462356895208359,-0.010781608521938324,0.19675351679325104,0.010680776089429855,0.009828520938754082,0.034756433218717575,-0.05487312003970146,-0.01739831641316414,-0.05598713830113411,-0.0027010918129235506,0.08811166137456894,0.08225299417972565,0.0009692728635855019,-0.01788969151675701,0.00031188130378723145,0.012479126453399658,0.03322916105389595,-0.00720487255603075,-0.08085914701223373,0.028818845748901367,-0.02596885897219181,0.005783849861472845,0.01749320700764656,0.0014849662547931075,-0.05197107419371605,-0.04858430474996567,0.027423907071352005,0.10308181494474411,0.06767257302999496,0.033126261085271835,-0.0749240443110466,0.07306193560361862,0.053389787673950195,-0.07821924239397049,0.14822092652320862,0.13864320516586304,0.002107813023030758,0.5218926668167114,0.03458006680011749,0.417883962392807,-0.20023030042648315,-0.3416036069393158,0.012272138148546219,0.2310304194688797,-0.28684547543525696,0.07117882370948792,0.18694476783275604,-0.22373667359352112,-0.14549683034420013,-0.3466700613498688,0.3462522029876709,0.3482297658920288,-0.2782112956047058,-0.8062768578529358,-0.21104851365089417,-0.024606961756944656,-0.28118088841438293,-0.3766903579235077,-0.25391337275505066,-0.4259667694568634,0.8468457460403442,-0.11666570603847504,-0.01329139992594719,0.0,-0.0,-0.0
-0.012418091297149658,0.09175132215023041,0.021726060658693314,-0.04540007933974266,-0.008895501494407654,-1.039417028427124,0.012028858065605164,0.009795261546969414,-0.008056354708969593,0.0990796685218811,-0.11458399891853333,0.0060286689549684525,-0.018177978694438934,-0.005752338096499443,0.016908470541238785,0.10996551811695099,-0.08517738431692123,0.011733852326869965,0.01543278805911541,0.0006162934005260468,0.020471343770623207,0.00018160510808229446,0.09381718933582306,0.09431115537881851,0.00993921048939228,-0.21147754788398743,0.00710555724799633,-0.015706179663538933,-0.00553108612075448,-0.11082211136817932,-0.09892179816961288,0.021378984674811363,0.19318091869354248,-0.023123841732740402,0.001782391220331192,0.06183343008160591,-0.03633120283484459,0.04666205868124962,-0.11478115618228912,0.092009536921978,0.025748824700713158,-0.048466332256793976,0.054618146270513535,-0.05922207236289978,-0.052147891372442245,0.07609216123819351,0.009714352898299694,-0.03735388070344925,-0.032909296452999115,-0.03702796623110771,0.1061892881989479,-0.09207382053136826,0.02120279148221016,0.006758928298950195,-0.012100815773010254,-0.030530495569109917,0.03250162675976753,-0.08165505528450012,0.04869086667895317,-0.028933046385645866,0.12702448666095734,-0.05870775133371353,-0.07486804574728012,0.03696403652429581,0.29947108030319214,0.18319743871688843,-0.01295968983322382,0.5308421850204468,0.6417969465255737,0.05735146254301071,-0.005932129919528961,-0.5108603239059448,0.10693366825580597,0.4883415102958679,0.6549301147460938,-0.3269563317298889,0.06337232887744904,0.48511388897895813,-0.40114811062812805,-0.1582242101430893,0.4359120726585388,0.43010252714157104,-0.21575164794921875,-0.7468341588973999,0.062270112335681915,-0.18869012594223022,-0.6226780414581299,-0.6850801706314087,-0.4320722818374634,-0.10831345617771149,0.8193994164466858,-0.4914490282535553,0.02704957127571106,0.0,-0.0,-0.0
0.021163638681173325,-0.020762640982866287,0.0273221917450428,-0.006025776267051697,0.015292976051568985,-1.00749933719635,0.026460887864232063,-0.00021295435726642609,-0.003637431189417839,0.11348067969083786,-0.12848593294620514,0.005032358691096306,-0.02236339822411537,-0.003868378233164549,0.0038570836186408997,0.0923261046409607,-0.076917365193367,0.022022387012839317,0.016906654462218285,0.011112768203020096,0.013462424278259277,0.012978024780750275,0.07930105179548264,0.0812838226556778,0.020138131454586983,-0.1945682168006897,0.012386677786707878,-0.008034644648432732,0.017533063888549805,-0.10928923636674881,-0.09804054349660873,-0.01727861538529396,0.21809770166873932,0.010495254769921303,-0.010253101587295532,-0.026143312454223633,-0.01588040590286255,0.04662942886352539,0.04997647926211357,0.0656132698059082,-0.03764718398451805,0.01131855882704258,-0.06724391877651215,0.01567559875547886,0.011421835981309414,-0.014355385676026344,0.08603930473327637,-0.04427219182252884,0.07801204919815063,0.06298952549695969,0.016708005219697952,0.03259695693850517,-0.030774755403399467,0.02266036346554756,-0.004760414361953735,0.046769119799137115,0.08450048416852951,0.10510949045419693,-0.03165290877223015,-0.043894849717617035,-0.07576719671487808,0.004544568248093128,0.13137388229370117,0.04118034988641739,0.3282127380371094,0.11162612587213516,-0.03262351453304291,0.6547447443008423,0.5339275598526001,0.08678687363862991,0.14612296223640442,-0.2884267270565033,0.07137681543827057,0.5946352481842041,0.5023106932640076,-0.19476348161697388,0.08459994196891785,0.2112332284450531,-0.4623015224933624,-0.5195507407188416,0.784067690372467,0.5128233432769775,-0.3827603757381439,-0.7108202576637268,-0.2328301966190338,0.13545675575733185,-0.13637486100196838,-0.5402474403381348,-0.39608946442604065,-0.6335737705230713,1.0204071998596191,0.1259864717721939,-0.10074059665203094,0.0,-0.0,-0.0
0.022333722561597824,0.0024132542312145233,-0.07575473189353943,-0.017157506197690964,-0.003930326551198959,-1.0188007354736328,0.016157370060682297,-0.0009000943973660469,0.0070829931646585464,0.09807779639959335,-0.12797090411186218,0.008159998804330826,-0.01559923030436039,-0.009911544620990753,0.013063712045550346,0.1001158282160759,-0.08653859049081802,0.012515923008322716,-0.009378792718052864,0.026540739461779594,0.021765733137726784,0.00672825425863266,0.08964897692203522,0.09057734161615372,0.012486672028899193,-0.20321832597255707,0.0033347532153129578,0.0009617079049348831,0.0096549391746521,-0.09675687551498413,-0.0883774384856224,0.018207905814051628,0.2024461179971695,-0.014247407205402851,-0.000872037373483181,-0.022315531969070435,-0.00392340449616313,0.07594523578882217,-0.0026013851165771484,-0.022211134433746338,-0.018254537135362625,-0.013466715812683105,0.03929190710186958,0.019876468926668167,-0.06396931409835815,0.058709513396024704,0.038773417472839355,0.01523593720048666,-0.03040752187371254,0.011544066481292248,0.05524701997637749,0.0897061824798584,0.011215537786483765,-0.053636737167835236,-0.07461238652467728,0.03763580322265625,-0.023695647716522217,-0.09336496889591217,0.046022702008485794,0.03753805160522461,0.09872108697891235,0.01384803093969822,-0.06240648031234741,0.05726885795593262,0.33223968744277954,0.5531960725784302,-0.0637156218290329,0.5460317134857178,0.506259024143219,0.26304537057876587,0.23161789774894714,-0.06564350426197052,0.04274545982480049,0.6792126893997192,0.7294092774391174,-0.14936763048171997,-0.0462263748049736,-0.3757939040660858,-0.6714785099029541,-0.47724515199661255,0.564399242401123,0.4666523039340973,-0.5109995603561401,-0.8960753083229065,-0.4284217953681946,0.02122674509882927,-0.642280101776123,-0.35714593529701233,-0.32423025369644165,-0.0871543437242508,0.6796348094940186,-0.5853030681610107,0.04590088874101639,0.0,-0.0,-0.0
-0.07117471098899841,-0.008951473981142044,0.13512398302555084,0.04823477938771248,-0.017355188727378845,-1.015954613685608,0.019753606989979744,-0.0025501293130218983,0.002029258757829666,0.10391990095376968,-0.12883280217647552,-0.003086947835981846,-0.015986405313014984,-0.012787532061338425,0.003231564536690712,0.08412893861532211,-0.0760720744729042,0.02412227727472782,0.0010586511343717575,0.004044598899781704,0.030677517876029015,0.006901118904352188,0.10256624221801758,0.09411852061748505,0.015942096710205078,-0.20062275230884552,-0.010076013393700123,0.0033733807504177094,0.007370645180344582,-0.10142374038696289,-0.10018651932477951,-0.006589625962078571,0.20514699816703796,0.02021769993007183,-0.002441304735839367,-0.0033753335010260344,-0.03036024607717991,-0.034864719957113266,-0.048687394708395004,0.04508190229535103,-0.07934045791625977,0.08637189120054245,0.014086723327636719,0.027666974812746048,0.02571253851056099,0.04593011364340782,-0.0416986308991909,-0.0014230847591534257,-0.06658431142568588,0.03385153040289879,0.022471612319350243,0.0267372727394104,-0.021094251424074173,-0.003884440753608942,-0.047204144299030304,0.0006151199340820312,-0.03568216785788536,0.11411316692829132,-0.04493219405412674,-0.09590282291173935,-0.03028693236410618,0.0635012611746788,0.12239135801792145,-0.08455749601125717,0.2897023558616638,0.3739052414894104,-0.11318514496088028,0.6820574402809143,0.8386610746383667,0.30173754692077637,0.32246363162994385,-0.25618836283683777,0.03803437575697899,0.6341743469238281,1.1697556972503662,-0.031247805804014206,-0.015215840190649033,-0.3172776401042938,-0.5936044454574585,-0.3267969489097595,0.3729415535926819,0.40302467346191406,-0.22586265206336975,-0.7141537070274353,-0.22949403524398804,0.05678480491042137,-0.2190786898136139,-0.6615688800811768,-0.6969430446624756,-0.6017075777053833,0.786110520362854,-0.022757330909371376,-0.17037582397460938,0.0,-0.0,-0.0
0.03224771097302437,-0.0610714927315712,-0.08903978765010834,0.03680815175175667,0.030193615704774857,-0.9594297409057617,0.019591037184000015,-0.006033619400113821,0.0028800740838050842,0.11546679586172104,-0.1300039440393448,0.011794710531830788,-0.014750268310308456,-0.00559320580214262,0.011373450979590416,0.07107748836278915,-0.06367447227239609,0.01627836935222149,-0.004238692112267017,0.016848595812916756,0.03719155490398407,-0.009147357195615768,0.10136091709136963,0.10662920773029327,0.02304147742688656,-0.1982661932706833,0.010747862979769707,0.000967659056186676,0.003793574869632721,-0.08909204602241516,-0.10260975360870361,0.02552811987698078,0.202456533908844,-0.02453186735510826,-0.008903064765036106,-0.03535858914256096,-0.03681769594550133,0.05932578071951866,-0.018247300758957863,-0.040332041680812836,-0.04844613000750542,0.008782977238297462,0.036927271634340286,-0.016163690015673637,-0.07544278353452682,-0.060393381863832474,0.06429481506347656,-0.04957425966858864,-0.05973178893327713,0.07228022813796997,-0.02614673040807247,-0.014802217483520508,0.03206050395965576,0.024780631065368652,0.011003220453858376,0.09768170118331909,-0.05420538783073425,-0.10179805010557175,-0.03912166506052017,0.012256592512130737,0.14241428673267365,-0.029199058189988136,-0.06211138516664505,0.03308922052383423,0.4804459810256958,0.24778208136558533,0.023807764053344727,0.8321581482887268,1.3405333757400513,0.03637368232011795,0.478771448135376,-0.46154531836509705,0.07713600993156433,0.8215320110321045,1.3774915933609009,-0.2348245233297348,0.112031489610672,0.30779340863227844,-0.8918972015380859,-0.4871123433113098,0.4367141127586365,0.46480485796928406,-0.4064217507839203,-0.8685455918312073,-0.11097365617752075,-0.042333025485277176,-0.6238760352134705,-0.27360934019088745,-0.20739953219890594,-0.11772014200687408,0.7936516404151917,-0.6971063613891602,0.281954824924469,0.0,-0.0,-0.0
-0.02058522030711174,-0.03148539364337921,0.11776275932788849,0.028712812811136246,-0.006617747247219086,-1.0142828226089478,-0.0023436294868588448,0.0029833046719431877,-0.00267706997692585,0.13529549539089203,-0.13004693388938904,-0.00022483430802822113,-0.006684671621769667,0.0017662029713392258,0.015354299917817116,0.06607505679130554,-0.07178281992673874,0.01228010468184948,0.008136045187711716,0.01657681353390217,0.026251887902617455,0.009386589750647545,0.09394387900829315,0.09288868308067322,0.0299221184104681,-0.20627717673778534,-0.005105989053845406,0.006879281252622604,0.011600660160183907,-0.08513574302196503,-0.11272440105676651,-0.008056096732616425,0.1884337216615677,0.018861381337046623,0.0022506797686219215,0.015251243487000465,-0.01282772421836853,0.05662738159298897,0.05379507690668106,-0.05005088448524475,0.0021514357067644596,0.05389833450317383,0.058496154844760895,-0.07342234253883362,0.046754706650972366,0.002635657787322998,-0.007720929570496082,-0.029126081615686417,-0.06022419407963753,-0.031029289588332176,-0.008422601036727428,-0.01936924457550049,0.002947509288787842,0.06188004091382027,-0.06928160041570663,0.035194993019104004,0.0468142032623291,-0.015192687511444092,-0.03739140182733536,0.04502171277999878,-0.07859291881322861,-0.030848149210214615,0.11662143468856812,0.03386244922876358,0.35991984605789185,0.5035243034362793,-0.12842071056365967,0.9394416809082031,1.7694637775421143,0.021780408918857574,0.6466325521469116,-0.29281580448150635,0.0682196170091629,0.8938168287277222,1.6690257787704468,-0.21741218864917755,-0.0015284381806850433,-0.07094969600439072,-0.952335000038147,-0.15523606538772583,0.43951404094696045,0.3487297296524048,-0.38131892681121826,-0.82440185546875,-0.42625337839126587,0.06727765500545502,-0.1840803325176239,-0.42775312066078186,-0.4928487241268158,-0.6540718674659729,0.7677205204963684,-0.003426218405365944,0.11045069992542267,0.0,-0.0,-0.0
-0.010786812752485275,-0.06510691344738007,-0.04932576045393944,0.022469203919172287,-0.03455264866352081,-0.9748623967170715,0.011561734601855278,-0.007980036549270153,0.01083412580192089,0.14206473529338837,-0.11873306334018707,-0.003022434189915657,-0.005613247863948345,-0.00949003454297781,0.009082367643713951,0.07967033237218857,-0.07210501283407211,0.025258390232920647,0.0023397570475935936,-0.009238997474312782,0.010234871879220009,0.0037445249035954475,0.09366485476493835,0.09878545999526978,0.009441712871193886,-0.1986115723848343,-0.007476499304175377,-0.008671554736793041,0.006126342341303825,-0.08904086798429489,-0.10165654122829437,0.011570204049348831,0.20219847559928894,-0.02110527828335762,0.008655421435832977,-0.05472297593951225,-0.015583902597427368,0.02716757170855999,-0.0044478061608970165,-0.016361547634005547,-0.1017441526055336,0.07299845665693283,-0.0728239119052887,-0.0199165940284729,-0.011510658077895641,0.020904218778014183,0.0027214884757995605,-0.04075963422656059,-0.038655124604701996,0.037592437118291855,0.07294896990060806,0.012315439991652966,-0.04286457225680351,-0.07603706419467926,0.000381577032385394,-0.04867396876215935,0.009128415957093239,-0.0637587308883667,-0.06889617443084717,0.06242690235376358,0.1252698451280594,0.09033375233411789,-0.055936820805072784,-0.0671844556927681,0.3281790018081665,0.2489950954914093,-0.002590225078165531,0.7081179618835449,1.1782233715057373,0.1406562626361847,0.24233049154281616,-0.3907361626625061,0.05385897681117058,0.7039424180984497,1.4131667613983154,-0.1379300355911255,0.04152023419737816,0.09787964820861816,-0.6249279975891113,-0.43696001172065735,0.5944951176643372,0.45195794105529785,-0.5831896066665649,-0.7365121841430664,-0.2844414710998535,-0.16068878769874573,-0.3525910973548889,-0.4924371540546417,-0.40381062030792236,0.01506059244275093,0.9354646801948547,-0.5475814938545227,-0.12164659798145294,0.0,-0.0,-0.0
-0.051248949021101,-0.050971485674381256,0.11478160321712494,-0.023240800946950912,-0.023013798519968987,-0.9998583197593689,0.022907396778464317,0.0011473502963781357,-0.009357122704386711,0.11809391528367996,-0.13150516152381897,0.008572710677981377,0.00237339548766613,-0.0029078777879476547,0.006873060017824173,0.08949706703424454,-0.05586779862642288,-0.0020242631435394287,0.008958745747804642,-0.0013557635247707367,0.005028001964092255,0.0006983084604144096,0.0818263366818428,0.09361027181148529,0.003638600930571556,-0.19629985094070435,0.007505688816308975,-0.004155666567385197,0.02061026357114315,-0.07788635790348053,-0.10566625744104385,-0.007365881465375423,0.1970876306295395,-0.0002571716904640198,-0.0032245712354779243,-0.003938919398933649,-0.05560312420129776,0.03882071003317833,0.031035376712679863,0.018281906843185425,-0.08504580706357956,-0.045861732214689255,0.08206307888031006,-0.09147867560386658,0.06753730773925781,-0.019626814872026443,-0.0927654281258583,-0.07180014997720718,0.019935136660933495,-0.020410478115081787,0.03731725364923477,0.005902004428207874,-0.028125328943133354,-0.01389053463935852,0.05153939872980118,0.08593304455280304,-0.004608828108757734,0.03234344720840454,0.06323563307523727,0.012848126702010632,-0.07096775621175766,-0.00582013139501214,0.015426814556121826,-0.06045789644122124,0.25124967098236084,0.4370768964290619,-0.08237655460834503,0.6282274127006531,1.0247410535812378,-0.03584582358598709,0.2704487442970276,-0.3628402650356293,0.0487007237970829,0.630630373954773,0.7912641763687134,-0.37390851974487305,-0.025486893951892853,0.2855972647666931,-0.5289641618728638,-0.4953230917453766,0.5720311403274536,0.647436261177063,-0.22589188814163208,-0.8605954647064209,-0.013681866228580475,0.09175834059715271,-0.19876942038536072,-0.45669421553611755,-0.5633521676063538,-0.4721253216266632,0.6652402281761169,0.0256334375590086,0.01894322782754898,0.0,-0.0,-0.0
-0.03419974446296692,0.03182150050997734,-0.030250702053308487,0.0025614723563194275,0.00818602368235588,-0.9769073128700256,0.03001670353114605,0.011483192443847656,-0.0072809625416994095,0.10635410994291306,-0.13543355464935303,0.007672665640711784,-0.0027092434465885162,-0.007088196463882923,-0.0014790426939725876,0.09333501011133194,-0.08464185893535614,0.0068056341260671616,-0.004781123250722885,0.012867536395788193,-0.006052113603800535,-0.009145133197307587,0.08546601980924606,0.10801386088132858,0.00916651263833046,-0.21671012043952942,-0.02370855025947094,0.010829692706465721,-0.010605412535369396,-0.09166990965604782,-0.08642757683992386,0.010295340791344643,0.20978958904743195,-0.0013928525149822235,0.00044851750135421753,0.06563077121973038,-0.050075192004442215,-0.04111625626683235,-0.12605611979961395,-0.013033896684646606,0.002365291118621826,-0.05928594619035721,-0.05805561691522598,-0.025845473632216454,0.03250647708773613,-0.10810067504644394,-0.022436941042542458,-0.007156753446906805,-0.0013317763805389404,-0.07530363649129868,-0.039225995540618896,0.04175008460879326,0.017866527661681175,0.03525371477007866,-0.0889047309756279,-0.07543329149484634,0.0029058814980089664,-0.11831808090209961,-0.12253731489181519,0.05554686859250069,0.04950996860861778,0.017442667856812477,-0.06805884838104248,0.061604440212249756,0.061675265431404114,0.23298251628875732,-0.0398896187543869,0.4100392460823059,0.49153172969818115,0.13730037212371826,0.08734142035245895,-0.30247119069099426,0.024108517915010452,0.5249934196472168,0.5530931353569031,-0.25057125091552734,0.10117267072200775,0.03440910577774048,-0.26545464992523193,-0.38132360577583313,0.5869652628898621,0.4928613305091858,-0.2823273241519928,-1.011673927307129,-0.4140705466270447,0.13757239282131195,-0.5842512845993042,-0.7845702171325684,-0.3292708098888397,-0.08474576473236084,0.8453225493431091,-0.12408082187175751,0.08060881495475769,0.0,-0.0,-0.0
0.014764856547117233,-0.074969083070755,0.10273467004299164,-0.007311582565307617,0.039661940187215805,-0.9546287059783936,0.0438716784119606,-0.0006951717659831047,-0.015382515266537666,0.09556923061609268,-0.1282975822687149,0.0075870174914598465,0.004746058955788612,-0.01366072054952383,-0.0055480832234025,0.08336476236581802,-0.08281385153532028,0.023738602176308632,0.01252158172428608,-0.004060034640133381,-0.01157458871603012,-0.006607344374060631,0.08969872444868088,0.10561931878328323,0.0057348161935806274,-0.199318990111351,0.015852488577365875,-0.0033228620886802673,-0.008075343444943428,-0.08501039445400238,-0.10885962098836899,-0.010363494046032429,0.188224196434021,0.0027007190510630608,-0.005791034083813429,0.01215142011642456,-0.03189830854535103,0.007389926817268133,0.07097945362329483,0.06736093759536743,0.003874909831210971,-0.02563995122909546,-0.008191424421966076,0.011968374252319336,-0.01385393738746643,-0.03142726048827171,0.06472831219434738,-0.005738187115639448,0.019017696380615234,0.0913773700594902,-0.09134678542613983,0.044486988335847855,-0.015403181314468384,0.0008921146509237587,0.002274119993671775,0.11041350662708282,0.014943474903702736,0.07476671040058136,0.06334578990936279,-0.055178236216306686,-0.08060269802808762,-0.028476042672991753,0.0002731144486460835,-0.07634540647268295,0.1782052367925644,0.36040329933166504,-0.06633754819631577,0.6147233843803406,0.6792770624160767,0.22457683086395264,0.14294201135635376,-0.3464718759059906,0.0633201152086258,0.5109612941741943,0.8115676045417786,-0.11793793737888336,0.0677821934223175,-0.1710209846496582,-0.0893794596195221,-0.048123497515916824,0.3416218161582947,0.35298576951026917,-0.31692638993263245,-0.7538869976997375,0.23010045289993286,-0.19885706901550293,0.11915023624897003,-0.2420654445886612,-0.5355848670005798,-0.3098473846912384,0.6415957808494568,-0.003658691421151161,-0.11932358145713806,0.0,-0.0,-0.0
0.011305533349514008,-0.04616592824459076,-0.031080812215805054,-0.03045228123664856,0.05259806290268898,-1.0246832370758057,0.041461117565631866,0.0018992237746715546,-0.006814613472670317,0.11146809905767441,-0.1278960108757019,0.0009877318516373634,0.006627868860960007,-0.005417393520474434,-0.0016589267179369926,0.07844439148902893,-0.08376268297433853,0.017716890200972557,0.008753286674618721,-0.0030229748226702213,-0.011098931543529034,-0.013671119697391987,0.10506279766559601,0.09303975850343704,0.00299634225666523,-0.2109157294034958,-0.0035413969308137894,0.0026252921670675278,-0.004776370711624622,-0.10911094397306442,-0.0835210457444191,0.011691607534885406,0.20711924135684967,-0.005073294509202242,0.01022600568830967,0.06127537414431572,-0.0023830533027648926,0.08320885896682739,-0.008586907759308815,0.0016820371383801103,0.04479997232556343,0.003964954521507025,0.06345292180776596,0.07724296301603317,0.06082817539572716,0.015668189153075218,0.004644930362701416,-0.07942851632833481,0.009460682049393654,-0.05487489700317383,0.08801340311765671,0.028005648404359818,0.06341781467199326,0.008097154088318348,-0.027230489999055862,-0.057789988815784454,-0.044003795832395554,0.022352218627929688,-0.036460958421230316,0.032415151596069336,0.001823854516260326,-0.016551107168197632,-0.037441279739141464,-0.020037198439240456,0.31578320264816284,0.4248712360858917,-0.01589249074459076,0.5453941226005554,0.7296696305274963,0.0767696276307106,0.3816700279712677,-0.2180870771408081,0.038514379411935806,0.654472827911377,0.8455987572669983,-0.31089961528778076,0.011445607990026474,0.10741741210222244,-0.5274670720100403,-0.08976958692073822,0.423648476600647,0.34501147270202637,-0.23618416488170624,-0.8535958528518677,-0.4195021092891693,0.026005011051893234,-0.4040277600288391,-0.646571159362793,-0.23072583973407745,-0.0733698308467865,0.8752049803733826,-0.21366451680660248,0.22749356925487518,0.0,-0.0,-0.0
0.020734261721372604,0.009197138249874115,0.022776316851377487,0.02910500392317772,-0.02886391058564186,-0.9716364145278931,0.03717533499002457,-0.0053240149281919,-0.015673939138650894,0.09700117260217667,-0.12975049018859863,0.017954932525753975,0.011770255863666534,-0.002952536568045616,0.0008419500663876534,0.08921759575605392,-0.08477183431386948,0.01800762675702572,0.019717151299118996,0.004066255874931812,-0.00016572047024965286,-0.015289882197976112,0.10230960696935654,0.09039828181266785,-0.014470633119344711,-0.21367035806179047,-0.00853118859231472,0.005243944004178047,-0.014880414120852947,-0.09467986971139908,-0.10697486251592636,0.004250703379511833,0.19619964063167572,0.012158771976828575,0.0006299884989857674,0.05810685083270073,0.06793971359729767,0.029977643862366676,0.08374807983636856,0.01395028829574585,-0.07624677568674088,-0.06012333557009697,-0.04610882326960564,0.012605196796357632,-0.07573504000902176,-0.019276797771453857,-0.0019114970928058028,-0.03536909446120262,-0.005460298154503107,0.008065569214522839,0.04090074449777603,2.5349856514367275e-05,-0.0790972039103508,0.0568106435239315,-0.03181847929954529,0.007320350501686335,0.05374932289123535,0.015240144915878773,0.01670174114406109,-0.05183685943484306,0.022174691781401634,-0.05248338729143143,0.06038645654916763,0.011488616466522217,0.010658890008926392,0.20448747277259827,-0.08713248372077942,0.44664496183395386,0.4682488441467285,0.07204090803861618,0.17570745944976807,-0.29494208097457886,-0.01813623681664467,0.5027676820755005,0.8221250176429749,-0.340874046087265,0.08756546676158905,0.11384478211402893,-0.05572374165058136,-0.3146151900291443,0.3330800533294678,0.3751564621925354,-0.31430941820144653,-0.7627318501472473,-0.08249405026435852,0.07326880097389221,-0.3261161744594574,-0.3790108561515808,-0.5634503364562988,-0.32910165190696716,0.7977777719497681,-0.040733739733695984,-0.13688474893569946,0.0,-0.0,-0.0
-0.014408756047487259,-0.07289524376392365,-0.0008705481886863708,-0.06761091202497482,0.009997770190238953,-1.0403954982757568,0.05000120401382446,0.004990451969206333,-0.0011985469609498978,0.10797826200723648,-0.12639658153057098,0.01089453510940075,0.022693736478686333,-0.014787920750677586,-0.008429963141679764,0.0751323327422142,-0.08344917744398117,0.024945704266428947,0.021847086027264595,-0.006292590871453285,0.003361603245139122,-0.013329021632671356,0.0799182653427124,0.10891452431678772,-0.011495069600641727,-0.19364623725414276,-0.0038087023422122,-0.011424338445067406,-0.003206755965948105,-0.10400276631116867,-0.08988256007432938,-0.0024181166663765907,0.20497892796993256,-0.01247188076376915,0.003555173985660076,0.009792578406631947,0.039540063589811325,0.07282187789678574,-0.029129808768630028,0.0826696902513504,0.0430557020008564,-0.06321582198143005,0.04524461179971695,0.04195127636194229,0.03572491556406021,0.046840179711580276,-0.01323807891458273,0.027455508708953857,0.07226324081420898,0.0654926523566246,-0.01207203883677721,-0.08833906054496765,0.0761234313249588,0.03895984962582588,0.01128454227000475,-0.0337921567261219,-0.0259967390447855,-0.04784970358014107,-0.07049040496349335,0.07627935707569122,0.0135848643258214,0.013618356548249722,0.010706978850066662,-0.06485923379659653,0.2428283840417862,0.42758849263191223,-0.04420538246631622,0.48017948865890503,0.5636479258537292,0.21300667524337769,0.4366845488548279,-0.27368733286857605,0.06328347325325012,0.6811982989311218,0.7938278317451477,-0.15727770328521729,0.005853082984685898,0.10013587772846222,-0.44221073389053345,-0.3070233166217804,0.45896899700164795,0.6291597485542297,-0.21311800181865692,-0.659566342830658,-0.1537049412727356,-0.10339124500751495,-0.13407182693481445,-0.4897582232952118,-0.32829952239990234,-0.27411437034606934,0.7844551801681519,-0.4424668848514557,0.019085533916950226,0.0,-0.0,-0.0
-0.023578811436891556,-0.024376723915338516,0.024648603051900864,-0.018070664256811142,0.051156897097826004,-1.0299237966537476,0.042624130845069885,-0.014445630833506584,-0.008654567413032055,0.10700720548629761,-0.13323146104812622,0.003264455124735832,0.01132061704993248,-0.021566756069660187,-0.0024231341667473316,0.08481082320213318,-0.08199916034936905,0.013997307047247887,0.021932972595095634,-0.001574655994772911,0.0003851167857646942,0.005443589761853218,0.10347442328929901,0.09399889409542084,-0.0068647488951683044,-0.20715677738189697,-0.004408101085573435,0.0005786418914794922,-0.003907119855284691,-0.08471652865409851,-0.0866858959197998,-0.01484126690775156,0.19343267381191254,-0.0043277619406580925,-0.004733327776193619,0.02173936367034912,0.022768570110201836,0.0023359598126262426,0.014504301361739635,0.03985653072595596,-0.08532386273145676,-0.017917413264513016,0.05229845270514488,0.01174504216760397,0.03452962636947632,-0.0712568387389183,-0.06093243509531021,0.025827085599303246,0.024336839094758034,0.04813477024435997,0.09540572017431259,-0.003960156347602606,0.012676811777055264,0.07060728222131729,-0.007830733433365822,0.0004106760025024414,-0.010406321845948696,-0.011662161909043789,0.04785345867276192,-0.031218934804201126,-0.06722008436918259,-0.07342589646577835,0.007657963316887617,0.009080004878342152,0.3724294900894165,0.1752150058746338,-0.05407655984163284,0.5492422580718994,0.3457193374633789,0.12631931900978088,0.3351772129535675,-0.1979726105928421,0.05894007161259651,0.6341437101364136,0.6056897640228271,-0.13002729415893555,-0.02392701804637909,0.04394245892763138,-0.5009118318557739,-0.07133708894252777,0.8022357821464539,0.29854410886764526,-0.27348417043685913,-0.8588234782218933,0.015091005712747574,0.14406293630599976,-0.2120402753353119,-0.4560486078262329,-0.5122253894805908,-0.31269189715385437,0.7719778418540955,-0.13129782676696777,-0.0975467786192894,0.0,-0.0,-0.0
-0.04962053522467613,-0.02838309109210968,-0.06697573512792587,-0.01916222833096981,0.0367489717900753,-1.0327188968658447,0.045609526336193085,-0.008682400919497013,0.0006314069032669067,0.1134859174489975,-0.13275280594825745,0.004492258653044701,0.02444867603480816,-0.017391441389918327,0.006689110770821571,0.08037155866622925,-0.08661520481109619,0.012030674144625664,0.0037563927471637726,0.007399445399641991,0.00932202860713005,0.00018598604947328568,0.11708676069974899,0.10021644085645676,0.00958431139588356,-0.2027020901441574,-0.0009786933660507202,0.011919798329472542,-0.007666308432817459,-0.09983011335134506,-0.08621297776699066,-0.005304613150656223,0.2056688815355301,-0.012085413560271263,-0.004108006600290537,-0.03304160758852959,-0.04044530913233757,0.06127133592963219,-0.006613838952034712,-0.012135571800172329,0.026394223794341087,-0.01114265900105238,0.042307235300540924,0.018483484163880348,-0.0019584118854254484,-0.03290746733546257,-0.054756224155426025,-0.02505055069923401,0.065446637570858,0.038720548152923584,-0.08029664307832718,0.06935428828001022,0.010746657848358154,0.02574232779443264,-0.05900099501013756,-0.017619574442505836,0.05785994604229927,0.027798807248473167,-0.08217199146747589,-0.04522893577814102,0.11771297454833984,-0.046890221536159515,0.050003912299871445,0.053504493087530136,0.3755061626434326,0.42209604382514954,0.00833971705287695,0.6578149199485779,0.5901216864585876,0.03776123374700546,0.17269012331962585,-0.18861036002635956,0.05232243612408638,0.5387711524963379,0.8406668305397034,-0.2796482443809509,-0.041754163801670074,-0.00040648505091667175,-0.4209831953048706,-0.7261691093444824,0.5639474391937256,0.4555959403514862,-0.4207440912723541,-0.8282021284103394,-0.26627376675605774,0.06099950149655342,-0.20038142800331116,-0.6271958351135254,-0.43862006068229675,-0.009003069251775742,0.8566298484802246,-0.09536951780319214,0.035216785967350006,0.0,-0.0,-0.0
-0.0002064332365989685,-0.06205538287758827,0.09177373349666595,-0.05724349617958069,0.031841497868299484,-1.0420597791671753,0.045066364109516144,-0.00759635167196393,-0.007802960462868214,0.13194364309310913,-0.14914986491203308,0.018252501264214516,0.0231513399630785,-0.017266925424337387,-0.00505606085062027,0.07464359700679779,-0.07822956889867783,0.021288378164172173,0.008954372256994247,-0.0021547945216298103,0.008495233952999115,0.005776107311248779,0.11175744235515594,0.09533368796110153,0.011355115100741386,-0.19615809619426727,0.006725765764713287,0.003932412713766098,-0.007790811359882355,-0.08310355991125107,-0.08824809640645981,-0.00496778404340148,0.20211653411388397,-0.012107234448194504,0.004626182839274406,0.03493757173418999,-0.05786043033003807,-0.0503963828086853,0.0208940040320158,0.003671359969303012,-0.005375087261199951,0.06760213524103165,-0.0402836948633194,-0.018129194155335426,0.021629691123962402,0.015311509370803833,-0.025296006351709366,0.009782242588698864,-0.053681373596191406,0.013815075159072876,0.05142061784863472,-0.015612119808793068,0.05429413542151451,0.06460516899824142,-0.04938917234539986,-0.012991798110306263,-0.003190618706867099,0.05776109918951988,0.04735009744763374,0.004768800921738148,-0.060926832258701324,-0.07413763552904129,-0.05483954772353172,0.03864886984229088,0.27434152364730835,0.48162055015563965,-0.09753590822219849,0.6476482152938843,0.755915641784668,0.07456562668085098,0.4662618637084961,-0.1708863228559494,-0.0033773407340049744,0.6068259477615356,0.8689927458763123,-0.21293547749519348,0.019024699926376343,-0.2923659086227417,-0.5147570371627808,-0.04050179198384285,0.07252083718776703,0.32875460386276245,-0.2433042824268341,-0.7591305375099182,-0.08199677616357803,-0.2153903692960739,-0.34629523754119873,-0.2917284667491913,-0.38042300939559937,-0.5398812294006348,0.7685257792472839,-0.3470606207847595,0.017681404948234558,0.0,-0.0,-0.0
-0.055583059787750244,-0.009060215204954147,-0.06184874475002289,-0.04119552671909332,-0.013289060443639755,-1.0219712257385254,0.03730995953083038,0.005315620452165604,0.0009804442524909973,0.13687489926815033,-0.14885611832141876,0.0040105488151311874,0.03805805742740631,0.0003136126324534416,-0.0023959255777299404,0.07740744203329086,-0.08776089549064636,0.00037538260221481323,0.019256537780165672,-0.0008094199001789093,0.0035677431151270866,0.0026458175852894783,0.08892011642456055,0.10794615745544434,-0.0007967827841639519,-0.2105814665555954,-0.006694775074720383,-0.005085499957203865,0.004907354712486267,-0.09140166640281677,-0.086363784968853,0.003705434501171112,0.20684455335140228,0.007296795025467873,-0.014417894184589386,0.022249186411499977,0.07176430523395538,0.08488287031650543,-0.050109315663576126,-0.06152242049574852,0.053246237337589264,0.048243679106235504,-0.04302387312054634,-0.049526263028383255,0.009303337894380093,-0.055191732943058014,-0.013241976499557495,0.059691667556762695,-0.01926988922059536,0.019688069820404053,0.06225685030221939,0.016083747148513794,0.010540395975112915,0.008959013037383556,-0.06327823549509048,-0.045993007719516754,0.004657626152038574,-0.06397199630737305,-0.05739300325512886,0.05279541015625,-0.021372651681303978,-0.03140280395746231,-0.03532583266496658,-0.06993052363395691,0.17274753749370575,0.33047249913215637,-0.003193170763552189,0.6084601283073425,0.8265155553817749,-0.17452725768089294,0.20931097865104675,-0.2718150317668915,0.06203945353627205,0.5257315635681152,0.7715678215026855,-0.4536031186580658,-0.009440850466489792,0.31285956501960754,-0.2827192544937134,-0.5313760638237,0.4972679018974304,0.35379090905189514,-0.466135174036026,-0.8906703591346741,-0.2861255407333374,0.0042160749435424805,-0.3846108913421631,-0.6950175166130066,-0.5771657228469849,-0.07804359495639801,0.8638615012168884,0.03804284334182739,-0.1994735151529312,0.0,-0.0,-0.0
-0.03376856446266174,0.02479562535881996,-0.014371003955602646,-0.019531304016709328,-0.026146110147237778,-0.9765089154243469,0.038433656096458435,0.0037358757108449936,-0.015904072672128677,0.12889966368675232,-0.13401274383068085,0.0024119634181261063,0.017316384240984917,-0.00646852795034647,0.0012476630508899689,0.08494499325752258,-0.08822843432426453,-0.0008225543424487114,0.013083398342132568,0.002202359028160572,0.009993966668844223,0.008120285347104073,0.0896553173661232,0.10719742625951767,0.0002566026523709297,-0.1942787617444992,0.00551462359726429,0.010071029886603355,-0.009361271746456623,-0.09297553449869156,-0.10651145130395889,0.007779128849506378,0.19620083272457123,-0.00019235629588365555,0.010463615879416466,-0.028249090537428856,0.0010905683739110827,-0.07426434010267258,0.022806359454989433,-0.05877096205949783,-0.020236510783433914,0.02161884307861328,0.04142969846725464,0.025261903181672096,-0.03219934180378914,0.03164299950003624,-0.0028287351597100496,-0.03141636773943901,-0.03678523376584053,-0.044957783073186874,0.047558046877384186,0.04798173904418945,0.04571789503097534,0.03475109487771988,0.0732247605919838,-0.021631931886076927,-0.031306225806474686,-0.026355648413300514,-0.029741570353507996,-0.10245666652917862,0.06961947679519653,-0.021784216165542603,-0.020676791667938232,0.058466363698244095,0.3225489854812622,0.2191881537437439,-0.029173120856285095,0.6856462359428406,0.9436517953872681,-0.12705178558826447,0.06216723471879959,-0.35104209184646606,0.06987056136131287,0.5294559001922607,0.7089998126029968,-0.38296955823898315,-0.0985032245516777,0.1877313256263733,-0.2405228316783905,-0.4132388234138489,0.5548941493034363,0.3854553699493408,-0.32243144512176514,-0.7018544673919678,-0.0055028945207595825,0.0060487352311611176,-0.1533658504486084,-0.4374271333217621,-0.5955356955528259,-0.11729182302951813,0.7202165722846985,-0.1973479986190796,0.1192379742860794,0.0,-0.0,-0.0
0.03818568214774132,-0.05543140321969986,0.09726656973361969,-0.006224777549505234,0.023748744279146194,-1.0267870426177979,0.040624819695949554,-0.0044435979798436165,-0.013970622792840004,0.11138282716274261,-0.12987078726291656,-3.119930624961853e-06,0.02464487962424755,-0.011711299419403076,-0.007693822495639324,0.09192954003810883,-0.07469283789396286,0.0006293896585702896,0.004718604497611523,-0.01062854379415512,0.0068665239959955215,-0.013672814704477787,0.09135459363460541,0.08334047347307205,0.014808643609285355,-0.2078581005334854,-0.004535451531410217,-0.005044899415224791,-0.010291680693626404,-0.08572567999362946,-0.11091893166303635,-0.0051509239710867405,0.19705861806869507,0.008236113935709,-0.004628421738743782,-0.024956321343779564,0.056617047637701035,-0.040860697627067566,-0.10974197834730148,0.016995549201965332,-0.019545067101716995,0.05473298951983452,0.05307428911328316,-0.017863167449831963,0.01113506592810154,-0.04878973588347435,0.04503744840621948,0.06597691029310226,-0.0164888147264719,0.012441975064575672,-0.06718205660581589,0.07559900730848312,0.050381291657686234,-0.05079888179898262,-0.008282387629151344,-0.05229104310274124,0.030248118564486504,-0.04540010914206505,0.060387205332517624,0.07825211435556412,0.03147338703274727,-0.026626719161868095,0.043594252318143845,0.009884357452392578,0.15465497970581055,0.3790696859359741,-0.018607020378112793,0.4989781975746155,0.7252155542373657,0.024089492857456207,0.2835536301136017,-0.4101922810077667,0.0082920603454113,0.5936843156814575,0.5217751860618591,-0.2888750731945038,-0.026246413588523865,0.16723115742206573,-0.2751406729221344,-0.528770923614502,0.4135494828224182,0.2431236207485199,-0.3015282154083252,-0.8484535813331604,-0.241316020488739,-0.16095182299613953,-0.19553419947624207,-0.3840617835521698,-0.2396198809146881,-0.3510381579399109,0.8533276915550232,-0.158476784825325,-0.14238432049751282,0.0,-0.0,-0.0
-0.0153115876019001,0.018615391105413437,-0.014764267951250076,-0.025154422968626022,0.04545532539486885,-1.0180264711380005,0.030312566086649895,0.004527674987912178,-0.00315109733492136,0.11585503071546555,-0.12784777581691742,0.010171402245759964,0.016935454681515694,-0.013448597863316536,0.005885321646928787,0.09360981732606888,-0.07817273586988449,0.004140367731451988,0.015095431357622147,0.002319914288818836,0.00770440511405468,0.0019388571381568909,0.09650483727455139,0.1017073541879654,-0.00156429223716259,-0.19066673517227173,0.0025914907455444336,-0.010591140948235989,-0.00491004902869463,-0.08969566971063614,-0.09144311398267746,0.0010440349578857422,0.1979120820760727,-0.01974565163254738,-0.004753991961479187,-0.02122240699827671,-0.04413100332021713,0.05844610929489136,0.06147172674536705,-0.01397963147610426,0.03683183342218399,-0.022220660001039505,-0.058773841708898544,-0.009984648786485195,0.05084642395377159,-0.017618168145418167,-0.07590288668870926,-0.041467320173978806,0.06086961179971695,-0.058332353830337524,0.08700516074895859,0.033414650708436966,0.07253604382276535,0.019488388672471046,0.06437845528125763,0.0680505782365799,-0.050215937197208405,0.00042153598042204976,-0.08342299610376358,-0.02427508868277073,0.004547059535980225,-0.014168858528137207,-0.022988295182585716,0.058397091925144196,0.3440811038017273,0.35897624492645264,0.023511812090873718,0.6798920631408691,0.6622645258903503,-0.10153719037771225,0.21426868438720703,-0.31092318892478943,0.04514315351843834,0.5203391909599304,0.6994022130966187,-0.44428497552871704,0.007107671350240707,0.2165144681930542,-0.4061644375324249,0.08918800950050354,0.3690722584724426,0.5279244184494019,-0.23532159626483917,-0.7093249559402466,0.08895693719387054,-0.0644647479057312,-0.18812784552574158,-0.7306713461875916,-0.6012888550758362,-0.24061144888401031,0.7730497121810913,-0.4078705310821533,-0.059997886419296265,0.0,-0.0,-0.0
0.049448054283857346,0.02493475005030632,-0.0067944712936878204,-0.061643123626708984,0.004021443426609039,-1.013602614402771,0.025280235335230827,0.003380468115210533,-0.011956200003623962,0.12705127894878387,-0.1315983533859253,0.00494593009352684,0.007749965414404869,-0.0031113368459045887,0.0025383802130818367,0.08881708979606628,-0.07993190735578537,-0.0008737295866012573,0.012542607262730598,0.0032011084258556366,0.02267993427813053,0.00423138402402401,0.08142408728599548,0.08492028713226318,-0.00319571141153574,-0.20584140717983246,-0.013467345386743546,0.010045884177088737,0.0024670958518981934,-0.09804078191518784,-0.10134322941303253,-0.018934834748506546,0.19994965195655823,-0.004845655057579279,-0.009613843634724617,-0.03916081413626671,0.008883798494935036,-0.01840219460427761,-0.053427573293447495,-0.016744304448366165,-0.028904477134346962,0.042745888233184814,-0.05412837490439415,0.05226429924368858,-0.0038954378105700016,-0.0053494214080274105,0.06317875534296036,0.010622776113450527,0.05555417761206627,0.09099473804235458,-0.04275001585483551,-0.026486745104193687,0.03615330532193184,0.015155446715652943,-0.048544157296419144,-0.10412923246622086,0.04195622354745865,0.02818126790225506,-0.05009663105010986,-0.028601055964827538,0.053165972232818604,-0.02023605816066265,0.03046717680990696,-0.05696439743041992,0.06338578462600708,0.3678087592124939,-0.09547336399555206,0.48219752311706543,0.40055370330810547,-0.02334558218717575,0.11187712103128433,-0.0932595282793045,0.01714259758591652,0.5281097888946533,0.45474737882614136,-0.36437278985977173,-0.009756740182638168,-0.1274295449256897,-0.14417581260204315,-0.5362409949302673,0.4142674207687378,0.23498302698135376,-0.33256974816322327,-0.9872469305992126,-0.35924816131591797,0.20642337203025818,-0.2666358947753906,-0.3296316862106323,-0.3096053898334503,-0.2520896792411804,0.8608251214027405,0.15267646312713623,-0.027433011680841446,0.0,-0.0,-0.0
-0.012742295861244202,-0.009708259254693985,-0.027543671429157257,0.00722726434469223,0.03520333394408226,-0.9593515992164612,0.020530065521597862,0.008231069892644882,0.0015199817717075348,0.1204993799328804,-0.12024754285812378,0.00351792573928833,-0.010785630904138088,-0.006309074349701405,-0.0035369149409234524,0.08112911134958267,-0.058498017489910126,0.017933452501893044,-0.012282734736800194,0.006952177733182907,0.023092476651072502,0.003236604854464531,0.09107964485883713,0.10230972617864609,0.000879448838531971,-0.2015652060508728,0.014968229457736015,-0.010749734938144684,-0.012833485379815102,-0.08742955327033997,-0.09351619333028793,0.004814488813281059,0.19922399520874023,-0.006931284908205271,-0.0050081852823495865,0.06611388921737671,-0.0430055595934391,-0.013207483105361462,-0.0006386280292645097,0.03377201780676842,-0.04596290364861488,0.013498830609023571,-0.03326977416872978,0.04766504839062691,-0.005492746829986572,0.04722187668085098,0.003844058606773615,0.02152792178094387,-0.027778565883636475,0.07268352806568146,0.05183060094714165,-0.010721779428422451,-0.043196555227041245,-0.07263283431529999,0.0038368224631994963,0.053821492940187454,-0.029932865872979164,0.015690434724092484,0.06008279323577881,0.038426946848630905,0.10539143532514572,0.05766967684030533,-0.08617653697729111,0.06728170067071915,0.3513879179954529,0.46909263730049133,-0.04053211212158203,0.6273157596588135,0.41137444972991943,0.1949932873249054,0.34571313858032227,-0.24760743975639343,0.057529572397470474,0.6282299757003784,0.6052971482276917,-0.16543665528297424,-0.05240045487880707,-0.04754043370485306,-0.6320505142211914,-0.1934562474489212,0.59925776720047,0.5321340560913086,-0.3072212338447571,-0.7454059720039368,0.18129953742027283,-0.23853182792663574,-0.36048412322998047,-0.4239988625049591,-0.40492045879364014,-0.24684573709964752,0.7418621182441711,-0.30969858169555664,0.10500462353229523,0.0,-0.0,-0.0
0.03875128552317619,-0.009936340153217316,0.07577158510684967,-0.05037718266248703,0.051908526569604874,-0.9943101406097412,0.020450081676244736,0.006716225296258926,-0.009045377373695374,0.12853841483592987,-0.12009609490633011,-0.0062723057344555855,-0.014194350689649582,-0.007480027619749308,0.004526196047663689,0.07993131875991821,-0.05245111137628555,0.0028143133968114853,-0.013908257707953453,-0.00826224498450756,0.01933213882148266,-0.00445238221436739,0.0943540409207344,0.08861015737056732,0.016016580164432526,-0.20444266498088837,-0.004936107899993658,0.0008026808500289917,0.007413806393742561,-0.0881030261516571,-0.09278243780136108,-0.006362891755998135,0.19350719451904297,0.0018117288127541542,-5.779694765806198e-05,-0.04091118648648262,-0.0651141032576561,-0.014280915260314941,0.06365014612674713,-0.02910814993083477,0.014288675971329212,-0.015078151598572731,0.05079250410199165,0.01127122063189745,-0.03662589192390442,0.00910369772464037,0.06082267686724663,0.04768817499279976,0.0021502734161913395,0.062106456607580185,-0.02955874614417553,-0.051280178129673004,0.030815614387392998,0.08379056304693222,0.04192842170596123,-0.08644626289606094,0.02098875679075718,0.04628514125943184,0.0033556462731212378,0.013712001033127308,0.008493023924529552,-0.0005460798856802285,0.0627904161810875,0.018900830298662186,0.16416294872760773,0.35567134618759155,-0.0503382533788681,0.625359058380127,0.7512571811676025,0.13008493185043335,0.2856723368167877,-0.32058343291282654,0.015257421880960464,0.661196231842041,0.8672880530357361,-0.22185374796390533,-0.03348345682024956,-0.00986497849225998,-0.5538101196289062,-0.5206462740898132,0.5807178616523743,0.5095872282981873,-0.22049236297607422,-0.8035640716552734,-0.38069283962249756,0.21384769678115845,-0.2710540294647217,-0.7213913202285767,-0.5905514359474182,-0.43210849165916443,0.745026707649231,-0.07058539241552353,-0.03152332827448845,0.0,-0.0,-0.0
-0.025374531745910645,0.0329647995531559,-0.08668271452188492,-0.0280985739082098,-0.03351540118455887,-1.0094947814941406,0.01453949324786663,-0.0026590535417199135,-0.0003252783790230751,0.11886665970087051,-0.11651282757520676,-0.007811720483005047,-0.0018572891131043434,-0.004792917054146528,0.014530491083860397,0.08694487065076828,-0.0640743225812912,0.004790262319147587,-0.008320329710841179,-0.007725753355771303,0.007832715287804604,0.0009138574823737144,0.10313163697719574,0.08925929665565491,0.012633921578526497,-0.20402635633945465,0.020077398046851158,0.012606855481863022,0.01398879662156105,-0.09910313040018082,-0.09340322762727737,0.010888703167438507,0.20124748349189758,-0.00308169424533844,-0.0025143357925117016,0.039500463753938675,-0.06473103165626526,-0.06523967534303665,-0.08992218226194382,-0.004406160209327936,-0.020515048876404762,-0.03182775899767876,-0.03498317673802376,0.02544616535305977,-0.0746827945113182,0.03722475841641426,-0.01869370974600315,-0.01468739565461874,-0.06957775354385376,-0.08410254865884781,0.06642816215753555,0.012571620754897594,0.0012482762103900313,-0.11061690002679825,-0.033404428511857986,0.08678214997053146,-0.06304501742124557,0.020384211093187332,-0.027444858103990555,0.05838581547141075,-0.009155893698334694,-0.007192665245383978,-0.04909731075167656,-0.038111310452222824,0.2157042771577835,0.35499662160873413,-0.034011200070381165,0.477730393409729,0.45338499546051025,0.02686765044927597,0.28833746910095215,-0.30001792311668396,0.022788207978010178,0.6253137588500977,0.8063852787017822,-0.33989158272743225,-0.058946896344423294,0.1621985137462616,-0.6168938875198364,-0.15147832036018372,0.5787026882171631,0.4627726674079895,-0.5086523294448853,-0.8483841419219971,0.04260209947824478,-0.040932994335889816,-0.4402382969856262,-0.7046791315078735,-0.5853641033172607,-0.2913886308670044,0.8616160750389099,-0.4249931871891022,-0.12352621555328369,0.0,-0.0,-0.0
-0.015702757984399796,-0.10908064246177673,0.04566625878214836,-0.01426510140299797,-0.0058309100568294525,-1.0385990142822266,0.010621653869748116,0.012278454378247261,-0.014385263435542583,0.10672344267368317,-0.11150204390287399,-0.009943768382072449,-0.006572676822543144,0.00025452859699726105,-0.002639666199684143,0.08497234433889389,-0.05313887447118759,0.002422262914478779,-0.010287212207913399,0.0033936677500605583,0.012878907844424248,0.005732916295528412,0.10535945743322372,0.10355410724878311,0.020482173189520836,-0.21806372702121735,-0.010191237553954124,-0.004611258860677481,-0.008875582367181778,-0.10331912338733673,-0.1062917560338974,-0.009050683118402958,0.19686956703662872,0.005563149228692055,-0.00897100381553173,-0.02900463342666626,0.012591511011123657,0.03404795005917549,0.04891389608383179,-0.012585598044097424,-0.02067003957927227,0.0058529796078801155,0.06943877041339874,-0.07920555770397186,0.04831963777542114,0.001992946956306696,0.04346038028597832,-0.06118222698569298,-0.04071200639009476,0.11303441971540451,0.005380511283874512,0.042951907962560654,-0.011788112111389637,0.030157148838043213,0.053078245371580124,-0.09394443035125732,-0.06584950536489487,-0.03645199164748192,0.03384294733405113,-0.004581165499985218,-0.02546669915318489,0.012253004126250744,0.07420704513788223,-0.025884171947836876,-0.2722504138946533,0.28972873091697693,-0.04763883352279663,0.4476577639579773,0.28065401315689087,-0.08009983599185944,0.2749551236629486,-0.40174826979637146,0.02728741243481636,0.5631985664367676,0.5648184418678284,-0.4516669809818268,0.05770184472203255,0.2997278571128845,-0.047526296228170395,-0.4026842713356018,0.45996546745300293,0.45402663946151733,-0.20897792279720306,-0.8948633074760437,-0.4953483045101166,0.02639051526784897,-0.4460560083389282,-0.4338487386703491,-0.481795072555542,-0.26668012142181396,0.8058556914329529,-0.04785090684890747,0.006120957434177399,0.0,-0.0,-0.0
0.009716864675283432,0.10675284266471863,0.0027551837265491486,0.027420293539762497,-0.017249900847673416,-1.0276694297790527,0.01142694428563118,0.0031575458124279976,-0.00944819487631321,0.1080501601099968,-0.10619225353002548,-0.006001974456012249,-0.012619969435036182,0.004631819203495979,0.01439710147678852,0.0792788565158844,-0.04662640392780304,0.010857230052351952,-0.01682933419942856,-0.00034067779779434204,0.013991061598062515,0.0009114909917116165,0.0901477262377739,0.0974089577794075,0.012480661273002625,-0.2088058739900589,0.006503624841570854,0.0005814060568809509,-0.005361461546272039,-0.1186295598745346,-0.125803604722023,0.006870286539196968,0.20630709826946259,-0.0030112387612462044,0.0007342435419559479,0.04853278398513794,0.05283522605895996,0.029033411294221878,-0.06593318283557892,0.0818241760134697,0.014031904749572277,0.0015474141109734774,0.0234835147857666,0.050204645842313766,-0.0664125457406044,0.06093965843319893,0.0401533842086792,-0.023311441764235497,0.016676319763064384,-0.10118339210748672,-0.055667903274297714,0.029305672273039818,-0.013365156017243862,-0.0015924156177788973,-0.05233006551861763,0.030665982514619827,-0.016841495409607887,-0.0253920741379261,-0.03917798399925232,-0.017946207895874977,-0.006608814001083374,0.06382917612791061,-0.09387972205877304,0.01902404986321926,-0.009884953498840332,0.21273273229599,-0.0970325917005539,0.3603677749633789,0.14546649158000946,0.12985411286354065,0.38983726501464844,-0.37215811014175415,0.08628574013710022,0.6442105770111084,0.4108350872993469,-0.31562677025794983,0.019413962960243225,0.18726718425750732,-0.5618443489074707,-0.31006211042404175,0.31505441665649414,0.48451027274131775,-0.44915515184402466,-0.793367326259613,0.07201256603002548,0.09283250570297241,-0.12431880086660385,-0.6196260452270508,-0.49896439909935,-0.21039055287837982,0.7757518887519836,-0.30408620834350586,0.06804341077804565,0.0,-0.0,-0.0
0.018774036318063736,-0.05029645934700966,0.0996447503566742,0.02122073993086815,-0.03252377361059189,-1.047965168952942,0.013631006702780724,0.010632803663611412,-0.00818357802927494,0.11130043119192123,-0.10260995477437973,0.0011176001280546188,-0.015178589150309563,-0.0035547702573239803,0.006092965602874756,0.10071508586406708,-0.05708660930395126,0.016055626794695854,-0.017836570739746094,0.014307668432593346,0.023162802681326866,0.009153621271252632,0.08543650805950165,0.09456994384527206,0.013699257746338844,-0.19463801383972168,-0.004317129030823708,0.014461541548371315,0.011377492919564247,-0.10594864934682846,-0.10795073956251144,-0.012774424627423286,0.1933920681476593,0.003785083070397377,-0.009723572991788387,0.07290726155042648,-0.045813363045454025,-0.029063720256090164,0.008520364761352539,0.045751381665468216,0.027334153652191162,0.06955653429031372,-0.02757183648645878,0.060236454010009766,0.04878012090921402,-0.07984127849340439,-0.058910418301820755,0.02720421552658081,-0.025148723274469376,0.002016377402469516,-0.048567432910203934,0.022747283801436424,-0.022387808188796043,-0.02966354787349701,-0.02929319255053997,-0.0018612981075420976,-0.052011799067258835,0.0031198144424706697,0.016375619918107986,0.056491781026124954,-0.0705835148692131,-0.04823809862136841,0.05087168142199516,-0.005358284804970026,-0.11927110701799393,0.30419352650642395,-0.06887232512235641,0.4688924551010132,0.16981826722621918,0.27592429518699646,0.2426058053970337,-0.2700931131839752,-0.02861957997083664,0.6180121898651123,0.29973235726356506,-0.134224995970726,0.09525911509990692,-0.03203144669532776,-0.11795055121183395,-0.16146376729011536,0.44254231452941895,0.4058443009853363,-0.2826845943927765,-0.7791897058486938,-0.3809328079223633,0.046634893864393234,-0.11526364833116531,-0.23846475780010223,-0.1664900779724121,-0.187880739569664,0.7612301707267761,0.14746399223804474,0.00020901858806610107,0.0,-0.0,-0.0
0.025888141244649887,0.10501287877559662,-0.057937365025281906,-0.01671936735510826,0.010812215507030487,-0.9943481683731079,0.014045611023902893,0.002017018385231495,-0.01428302563726902,0.10454238206148148,-0.10403028875589371,-0.011602646671235561,-0.041470132768154144,-0.007026946637779474,-0.002366144210100174,0.10726112127304077,-0.056883491575717926,0.0082292091101408,-0.01613481342792511,0.007228655740618706,0.021667351946234703,0.0004450753331184387,0.09193027764558792,0.11090467870235443,-0.007729832548648119,-0.2051059752702713,-0.009828305803239346,-0.00280845258384943,-0.004835089668631554,-0.10972422361373901,-0.11710193008184433,0.01824626326560974,0.19714005291461945,-0.01668255217373371,-0.0036900783888995647,-0.011070609092712402,0.043062854558229446,-0.037440840154886246,0.061785947531461716,0.06752586364746094,0.03147236257791519,-0.02496778964996338,-0.03485129028558731,-0.052055515348911285,0.05852241441607475,0.05750279501080513,-0.054931461811065674,-0.045244213193655014,0.052594102919101715,0.022600555792450905,-0.06923555582761765,-0.06391739100217819,0.0022725046146661043,-0.0689421072602272,-0.008005142211914062,-0.024251794442534447,-0.008215129375457764,0.01846073381602764,0.08797135204076767,0.03108307160437107,0.0050439476035535336,-0.04117903485894203,-0.03910466656088829,0.08451010286808014,0.05859440565109253,0.38788628578186035,-0.021849974989891052,0.4970278739929199,0.2744678258895874,0.37500208616256714,-0.03699038177728653,-0.1482231318950653,-0.0008795708417892456,0.5983164310455322,0.5008577704429626,0.12142238020896912,-0.005711663514375687,-0.317334920167923,-0.29301199316978455,-0.24613463878631592,0.464847207069397,0.5104165077209473,-0.25310397148132324,-0.9104281067848206,-0.13522860407829285,-0.07621082663536072,-0.3925033211708069,-0.492085337638855,-0.45861193537712097,-0.03345036134123802,0.7856813669204712,-0.2906743586063385,0.09019072353839874,0.0,-0.0,-0.0
0.017810050398111343,-0.08611650764942169,0.045265939086675644,-0.049924585968256,-0.013485137373209,-1.0029934644699097,0.01579364761710167,0.01643753983080387,-0.0069718314334750175,0.09755110740661621,-0.09931495785713196,-0.017253022640943527,-0.029476558789610863,0.009380107745528221,-0.004660500213503838,0.11112401634454727,-0.06316417455673218,0.0020505860447883606,0.0058770086616277695,0.0011224094778299332,0.017368890345096588,0.012162704020738602,0.0828109160065651,0.09266626089811325,0.01519792340695858,-0.1930970996618271,-0.0009039510041475296,0.0030391179025173187,0.017219124361872673,-0.1023779883980751,-0.1066134124994278,0.006575495004653931,0.2043401449918747,0.017098400741815567,-0.018802927806973457,0.021881569176912308,-0.005253660958260298,-0.0010463715298101306,0.05740368366241455,0.0817285105586052,0.007023417856544256,-0.0024383903946727514,-0.05670627951622009,0.027377689257264137,-0.09152223914861679,0.057124316692352295,0.054098691791296005,0.010581761598587036,-0.01152235921472311,0.06597757339477539,-0.012133592739701271,0.016116833314299583,0.02606961689889431,0.03101956844329834,-0.018291456624865532,-0.05733492970466614,-0.05327620729804039,0.0687747523188591,-0.059677448123693466,0.04623928293585777,0.0007454633596353233,-0.0368322990834713,-0.007925725542008877,-0.05760261043906212,-0.000579148530960083,0.4153091013431549,-0.09017280489206314,0.46369844675064087,0.29708975553512573,0.36278867721557617,0.41635388135910034,-0.2171914279460907,0.031925734132528305,0.6565369367599487,0.3957761228084564,0.20614385604858398,0.06316781044006348,-0.2727845013141632,-0.5424692630767822,-0.06266267597675323,0.5358374714851379,0.3812686800956726,-0.07515072822570801,-0.7348061203956604,-0.04116962105035782,-0.021956022828817368,-0.2519312798976898,-0.6535843014717102,-0.44247129559516907,-0.4929204285144806,0.8086687922477722,-0.01742042787373066,-0.0860966220498085,0.0,-0.0,-0.0
0.049456629902124405,0.03511660918593407,-0.020702030509710312,-0.05140353739261627,0.05000123009085655,-1.0429461002349854,0.007138477638363838,0.02009630762040615,-0.011560557410120964,0.08090490102767944,-0.08033842593431473,-0.006473936140537262,-0.04204583913087845,-0.003098628483712673,0.0032960940152406693,0.10686881095170975,-0.05081582069396973,0.0063215214759111404,-0.00805980246514082,0.0033210106194019318,0.0068190861493349075,0.01330500841140747,0.09843546897172928,0.08730541914701462,0.0008286181837320328,-0.2052273452281952,0.008294692263007164,0.012393618002533913,0.014478774741292,-0.10910801589488983,-0.1012229174375534,0.0208920668810606,0.19162066280841827,0.006008092314004898,0.012223109602928162,0.03155703470110893,0.06325124949216843,0.053746700286865234,-0.05842151120305061,0.02131744660437107,0.029653621837496758,0.03021944873034954,-0.0560992956161499,0.013716369867324829,0.09864313900470734,-0.08219455927610397,-0.021409643813967705,-0.015918750315904617,-0.03699789196252823,-0.031877316534519196,0.02304055728018284,0.044911373406648636,-0.0028920769691467285,-0.07803545147180557,0.03567839786410332,0.06885381042957306,0.015659039840102196,0.01957179419696331,0.08118287473917007,0.07670197635889053,-0.017688674852252007,0.017109990119934082,-0.0005166888586245477,-0.017483342438936234,0.10457772016525269,0.1485379934310913,-0.01057401392608881,0.29774969816207886,0.2015906423330307,0.24403095245361328,0.07263495773077011,-0.29519692063331604,0.07487411797046661,0.6562293171882629,0.027551598846912384,-0.025645222514867783,-0.07803645730018616,0.13967084884643555,-0.46955356001853943,-0.30267539620399475,0.5908614993095398,0.40258875489234924,-0.4322528541088104,-0.9033945798873901,-0.12771299481391907,0.03586133196949959,-0.6495471000671387,-0.5114832520484924,-0.45741167664527893,-0.42372724413871765,0.8105091452598572,-0.5164909958839417,0.174577534198761,0.0,-0.0,-0.0
-0.006303854286670685,0.030309263616800308,0.015991125255823135,-0.010945867747068405,0.04195302352309227,-0.9779127240180969,0.010001236572861671,0.002602890133857727,-0.010070115327835083,0.10040423274040222,-0.08501118421554565,-0.010565679520368576,-0.04355461150407791,-0.0007229642942547798,-0.005951792001724243,0.130430206656456,-0.06291229277849197,-0.01082763820886612,-0.007421611808240414,-0.010180478915572166,0.019851261749863625,0.002875886857509613,0.09335988014936447,0.09639649838209152,0.02452952228486538,-0.21266411244869232,-0.006428951397538185,-0.007607589475810528,-0.0016875127330422401,-0.11494455486536026,-0.10601724684238434,0.0044785672798752785,0.2031804919242859,-0.008113357238471508,-0.00894983485341072,-0.0892377495765686,-0.05777387693524361,-0.04130950942635536,-0.016202246770262718,-0.0200059711933136,-0.08192002773284912,-0.09670588374137878,0.07150788605213165,-0.005255657713860273,0.039777494966983795,0.011951464228332043,0.0341104157269001,0.0841299295425415,0.019952524453401566,-0.06112980842590332,0.04018256813287735,0.04613405466079712,0.02670673094689846,0.04289748892188072,0.005918377544730902,0.03209162876009941,-0.023294782266020775,-0.05126386880874634,0.058300673961639404,0.04503614827990532,-0.043705638498067856,-0.05281348153948784,0.03284069523215294,-0.03656240180134773,-0.1441827118396759,0.20881038904190063,-0.06007343530654907,0.40207749605178833,-0.027882471680641174,0.24471554160118103,-0.2415405809879303,-0.30586159229278564,0.05532129481434822,0.3963119387626648,0.13013893365859985,-0.10699623823165894,0.09320206940174103,-0.09125759452581406,-0.025604963302612305,-0.4071882367134094,0.4465082883834839,0.505501389503479,-0.17938265204429626,-0.840122401714325,-0.40880656242370605,-0.118893101811409,-0.4623803496360779,-0.6495159864425659,-0.583007276058197,-0.353051096200943,0.87327641248703,-0.26160377264022827,-0.16061222553253174,0.0,-0.0,-0.0
-0.013790801167488098,-0.00437527522444725,0.03390148654580116,-0.05464295670390129,0.04247404262423515,-1.032257318496704,-0.002574571408331394,0.021095098927617073,-0.004219505004584789,0.07958400249481201,-0.07731735706329346,-0.019216708838939667,-0.056123293936252594,0.0007170131430029869,0.006341651082038879,0.11880969256162643,-0.04867616295814514,0.0005587507039308548,0.006615485996007919,-0.0036428216844797134,0.030405258759856224,-0.0006598504260182381,0.09666790068149567,0.10813000053167343,0.007355423644185066,-0.21110838651657104,-0.011293294839560986,-0.0018194951117038727,0.0007749563083052635,-0.11200590431690216,-0.1076735258102417,-0.015336614102125168,0.19551868736743927,-0.0038943090476095676,0.0018496159464120865,-0.030557705089449883,0.07362475246191025,0.06699985265731812,-0.1008986234664917,0.021990323439240456,0.06556975841522217,0.06412357091903687,0.05352504178881645,0.06475047022104263,-0.0578196756541729,0.07022865116596222,-0.05682613328099251,0.02434098720550537,0.030778909102082253,0.08939315378665924,0.06777707487344742,-0.08997665345668793,0.06661281734704971,0.010791957378387451,0.016027254983782768,0.07054656744003296,0.10227012634277344,-0.042138852179050446,0.04465261846780777,0.016560709103941917,-0.018916642293334007,0.028379226103425026,-0.0029028654098510742,-0.05420339107513428,0.11442793905735016,0.21405187249183655,-0.02915649116039276,0.3005632162094116,-0.24432267248630524,0.2305351197719574,-0.19060266017913818,-0.4156443774700165,0.1255781352519989,0.36324167251586914,-0.2516908645629883,-0.3221834897994995,-0.10431665182113647,0.13648487627506256,-0.20473052561283112,-0.4696398377418518,0.37820762395858765,0.3692626357078552,-0.5249305963516235,-0.8014095425605774,-0.241403728723526,0.1322106271982193,-0.13171985745429993,-0.5863745212554932,-0.5558884143829346,-0.28516265749931335,0.7328965067863464,-0.11904415488243103,0.08705024421215057,0.0,-0.0,-0.0
1.776963472366333e-06,0.1318201720714569,-0.045993078500032425,0.019547995179891586,0.01483079418540001,-0.9576157331466675,-0.014636917971074581,0.009741595014929771,-0.007673474028706551,0.0755186676979065,-0.06110414117574692,-0.01901170238852501,-0.07594393193721771,0.00475764274597168,-0.0031253057532012463,0.11770746856927872,-0.049375928938388824,-0.007070752792060375,0.006474779918789864,-0.008534424006938934,0.026377273723483086,0.009662168100476265,0.08639954030513763,0.08287645131349564,0.010408656671643257,-0.19482654333114624,-0.01960631087422371,-0.009661548770964146,-0.012272091582417488,-0.1153370812535286,-0.10279133170843124,-0.009480839595198631,0.21296770870685577,-0.011999212205410004,-0.004700476303696632,0.0003622651274781674,-0.03162539750337601,-0.02982686460018158,-0.08568074554204941,0.029408574104309082,0.038022615015506744,0.03384692594408989,-0.07265791296958923,-0.04740965738892555,0.07585852593183517,-0.05198969319462776,0.015846997499465942,-0.04457661136984825,0.035053301602602005,0.007820851169526577,0.054891835898160934,0.053549062460660934,-0.006735456176102161,-0.043882083147764206,0.005179339554160833,-0.08214277029037476,0.003760766936466098,-0.020296817645430565,-0.010476255789399147,-0.061747945845127106,-0.02953781560063362,0.045914698392152786,0.012075078673660755,-0.04713235795497894,0.25590837001800537,0.0588018074631691,-0.04818299412727356,0.4271312952041626,0.018815308809280396,0.15685182809829712,-0.22041186690330505,-0.34762224555015564,0.09660890698432922,0.5073482990264893,-0.23908478021621704,-0.1180003434419632,-0.03807121142745018,0.03640102595090866,-0.4838838279247284,-0.5881235599517822,0.7408456206321716,0.30354636907577515,-0.5327379703521729,-0.7307627201080322,-0.3521382808685303,-0.1769999861717224,-0.22095438838005066,-0.5903353691101074,-0.42498907446861267,-0.16059225797653198,0.9123722910881042,-0.07606348395347595,-0.02626480907201767,0.0,-0.0,-0.0
-0.05210784077644348,0.006141088902950287,-0.03280859440565109,0.04118400439620018,0.027474258095026016,-0.9988853931427002,-0.01966353878378868,0.010862821713089943,-0.020967548713088036,0.09342270344495773,-0.07723985612392426,-0.020527433604002,-0.06956135481595993,0.003304659388959408,-0.005112179554998875,0.121501125395298,-0.04897315800189972,-0.001779019832611084,0.00928691029548645,0.005059694871306419,0.015472453087568283,0.0024637430906295776,0.08924335241317749,0.10684502869844437,-0.010438894852995872,-0.2070581167936325,0.0005619889125227928,-0.003050731960684061,-0.00254611112177372,-0.10747924447059631,-0.10545846819877625,0.005635116249322891,0.19021621346473694,-0.012541051022708416,0.002216496504843235,-0.06429694592952728,-0.015926415100693703,-0.04867070913314819,0.05731043964624405,-0.002054452896118164,-0.04733312129974365,0.05713266134262085,0.08314009755849838,0.02211812697350979,0.051338911056518555,0.061567116528749466,0.04969833046197891,0.040235936641693115,0.03958994150161743,-0.020309090614318848,-0.04055044800043106,0.03598279878497124,0.05012310668826103,0.03740895912051201,0.020793497562408447,0.10033901780843735,-0.04786330461502075,0.01834961213171482,-0.059138745069503784,0.05890321731567383,0.017250949516892433,-0.02537098340690136,0.048359762877225876,0.017200052738189697,0.051284387707710266,0.287046879529953,-0.02226381003856659,0.5301300287246704,0.4582030177116394,0.13336095213890076,-0.06440860778093338,-0.36104846000671387,0.07807302474975586,0.528793215751648,0.31659382581710815,-0.15531525015830994,0.05938928946852684,0.06870845705270767,-0.41881218552589417,-0.5549365878105164,0.4572194814682007,0.599590539932251,-0.3363611102104187,-0.9099858403205872,0.020118646323680878,0.016750533133745193,-0.11513925343751907,-0.2918495535850525,-0.2616034150123596,-0.07990270853042603,0.6447961926460266,-0.02612854726612568,0.19988487660884857,0.0,-0.0,-0.0
-0.0033116415143013,0.049025435000658035,0.06573723256587982,-0.04178358241915703,0.043070677667856216,-0.997216522693634,-0.026722006499767303,0.013096781447529793,-0.022999232634902,0.08627284318208694,-0.05818866193294525,-0.008815111592411995,-0.0822436660528183,-0.00161668099462986,-0.0035742297768592834,0.11168619245290756,-0.039945684373378754,-0.008779292926192284,0.007480299100279808,-0.007346021011471748,0.01842321828007698,-0.020447805523872375,0.10472709685564041,0.09577201306819916,0.007619678974151611,-0.20719003677368164,-0.01324332132935524,-0.003726835362613201,-0.013598778285086155,-0.10206028074026108,-0.11286035180091858,0.0010480154305696487,0.2037402242422104,-0.005323514342308044,0.0035494770854711533,0.05760721117258072,0.03165332227945328,-0.021585946902632713,-0.0833023190498352,0.007644945289939642,0.03981080278754234,0.020816653966903687,0.060589682310819626,-0.016665799543261528,-0.06916409730911255,-0.06795773655176163,0.019077260047197342,-0.0335642471909523,0.05984978750348091,0.05028712749481201,-0.07258566468954086,0.05845741182565689,-0.054222919046878815,0.07438703626394272,-0.03542935475707054,0.041355062276124954,0.07679922878742218,0.025859558954834938,0.07122834026813507,-0.02135884203016758,0.026776695623993874,0.06329025328159332,0.0019900561310350895,-0.01843126490712166,0.04318360984325409,0.2856173813343048,-0.027242332696914673,0.3710957169532776,0.3604115843772888,0.27858707308769226,-0.12816208600997925,-0.3317964971065521,0.036290813237428665,0.5455912351608276,0.09738818556070328,-0.16435445845127106,-0.10425615310668945,-0.21556499600410461,-0.36960506439208984,-0.2082834094762802,0.35009169578552246,0.22694042325019836,-0.20647990703582764,-0.7550212740898132,-0.26568150520324707,0.028054099529981613,-0.3685762584209442,-0.3663821220397949,-0.502838134765625,-0.43049928545951843,0.876902163028717,-0.20902206003665924,-0.012178495526313782,0.0,-0.0,-0.0
0.038092825561761856,0.0182175375521183,-0.10643281042575836,-0.01689913123846054,0.005627688020467758,-0.9641501307487488,-0.03442149609327316,0.012697050347924232,-0.006254999898374081,0.0893595814704895,-0.053226061165332794,-0.0233292356133461,-0.08432552218437195,0.0035801660269498825,0.0060314759612083435,0.10204257071018219,-0.03477158397436142,-0.018852919340133667,0.0063830167055130005,-0.007791949436068535,0.01592852920293808,-0.008229397237300873,0.07489624619483948,0.11018738895654678,-0.0013291779905557632,-0.19627493619918823,-0.02023363672196865,-0.0050950609147548676,-0.006981892976909876,-0.09500957280397415,-0.10426130890846252,-0.01735631376504898,0.20372307300567627,0.0034714695066213608,0.000775020569562912,0.006748479790985584,0.06774288415908813,0.07051839679479599,-0.06046680361032486,0.04158831760287285,-0.06315670907497406,0.03302447870373726,-0.025664469227194786,0.03014667145907879,-0.08264618366956711,-0.027607625350356102,0.019440680742263794,0.05659432336688042,0.025836491957306862,-0.03151800110936165,0.018476545810699463,-0.08862226456403732,0.04128754138946533,-0.04016479104757309,0.005320006515830755,-0.012987959198653698,-0.08076675981283188,-0.029828613623976707,0.008466196246445179,0.06589704006910324,0.04362909868359566,0.015595323406159878,0.004985767882317305,-0.035182274878025055,-0.033327654004096985,0.1736699640750885,-0.013804146088659763,0.47873616218566895,0.3565673828125,0.253771036863327,-0.09968356043100357,-0.4453858435153961,0.09579342603683472,0.5193725228309631,0.3482590913772583,-0.07958024740219116,0.092142254114151,0.015835002064704895,-0.3844095766544342,-0.00531059829518199,0.272200345993042,0.5198313593864441,-0.4143006503582001,-0.8236581087112427,-0.2386171817779541,-0.14441117644309998,-0.22575721144676208,-0.6119183301925659,-0.35067179799079895,-0.3403957784175873,0.7301554083824158,-0.11586596071720123,-0.004610665142536163,0.0,-0.0,-0.0
-0.02634011209011078,0.06963755190372467,-0.017934273928403854,0.047389719635248184,0.007470421493053436,-1.0111266374588013,-0.04137574881315231,0.011641906574368477,-0.00917854905128479,0.08965854346752167,-0.06297055631875992,-0.025569815188646317,-0.09123504161834717,0.00802217610180378,-0.0011984454467892647,0.11741999536752701,-0.03050132282078266,-7.133092731237411e-05,0.0019634906202554703,-0.008454687893390656,0.0012162607163190842,0.008996402844786644,0.09547470510005951,0.08723996579647064,-0.020800352096557617,-0.2018907219171524,-0.010817215777933598,0.011869736015796661,0.0004692152142524719,-0.10077915340662003,-0.08905778080224991,-0.015825264155864716,0.18714258074760437,-0.004861308261752129,-0.002890994306653738,0.06408559530973434,0.03172271326184273,0.042743753641843796,0.005692273378372192,-0.037434566766023636,-0.06859758496284485,0.013893688097596169,0.03465227037668228,0.03694559261202812,-0.0665033832192421,0.0184908639639616,0.01347078662365675,-0.02446100115776062,0.064874067902565,2.6351213818998076e-05,0.08725618571043015,0.02353695034980774,-0.04908442124724388,-0.06094139814376831,-0.027617231011390686,0.07397973537445068,0.09023191779851913,-0.04667312279343605,-0.010402524843811989,0.04847583919763565,-0.02825545147061348,0.030698955059051514,-0.02135683409869671,0.052474524825811386,0.021618150174617767,0.19244897365570068,-0.04601551592350006,0.40870511531829834,0.22831638157367706,0.22706028819084167,-0.3141157031059265,-0.2840666174888611,0.06995050609111786,0.49117645621299744,0.06812243908643723,-0.06125646457076073,-0.11482484638690948,0.02202664688229561,-0.2805365025997162,-0.20096541941165924,0.8430959582328796,0.39249199628829956,-0.21296551823616028,-0.8454930186271667,-0.01715485006570816,0.11090028285980225,-0.08852968364953995,-0.6687216758728027,-0.5500351190567017,-0.15244677662849426,0.7615243792533875,-0.14380554854869843,-0.07436031103134155,0.0,-0.0,-0.0
-0.028550809249281883,0.015935052186250687,0.011987514793872833,-0.030124858021736145,0.013796534389257431,-0.9582797288894653,-0.04076513648033142,0.01854093372821808,-0.014977935701608658,0.08513239771127701,-0.049878641963005066,-0.010042058303952217,-0.08842252939939499,0.008375715464353561,-0.005647393874824047,0.12654970586299896,-0.04311323165893555,-0.009115125983953476,-0.0024372213520109653,-0.005357471294701099,0.015878131613135338,-0.015207565389573574,0.10197048634290695,0.08551976829767227,0.01269487850368023,-0.20618291199207306,-0.01758161373436451,-0.025544434785842896,0.0011290404945611954,-0.09777631610631943,-0.10441508144140244,-0.0037679458037018776,0.19740614295005798,0.01443294994533062,0.002476104535162449,-0.034642405807971954,-0.04389891028404236,-0.03475412726402283,-0.044003963470458984,0.016875458881258965,0.017785770818591118,0.00610125670209527,-0.00963103212416172,-0.05708220228552818,0.07444868236780167,-0.0263979434967041,0.058897316455841064,0.04573282226920128,-0.04852236434817314,0.039210058748722076,-0.03668376803398132,-0.06309723854064941,-0.0321953222155571,0.02595045603811741,0.055601514875888824,0.05882815271615982,-0.06343749910593033,0.013701331801712513,-0.012269276194274426,-0.054805219173431396,-0.032875850796699524,0.014172852039337158,0.06969243288040161,0.05179544910788536,-0.020393863320350647,0.1975967288017273,-0.06144154071807861,0.4322061538696289,0.3329460620880127,0.28181010484695435,-0.3710794448852539,-0.35294854640960693,0.011931393295526505,0.4836158752441406,0.05987218767404556,-0.05483755096793175,-0.0009325817227363586,-0.0698101595044136,-0.2078951746225357,-0.661995530128479,0.5043725371360779,0.5785933136940002,-0.16240328550338745,-0.8224920034408569,-0.3323979377746582,-0.19842416048049927,-0.011798791587352753,-0.42815765738487244,-0.5705999135971069,0.013231758028268814,0.8870263695716858,0.14589948952198029,-0.05033344030380249,0.0,-0.0,-0.0
0.008591853082180023,0.034981053322553635,-0.028088297694921494,0.049712199717760086,-0.018622782081365585,-1.0255763530731201,-0.043417900800704956,0.018002906814217567,-0.01623496040701866,0.07546614855527878,-0.061494819819927216,-0.018846523016691208,-0.10754987597465515,0.0011443961411714554,0.0067319124937057495,0.11681171506643295,-0.029238376766443253,-0.0008695945143699646,-0.010172925889492035,-0.0005738027393817902,0.013035403564572334,-0.010311195626854897,0.08319472521543503,0.09747505933046341,0.014410184696316719,-0.2033258080482483,-0.01424845028668642,0.011649256572127342,-0.007241866085678339,-0.10947088152170181,-0.105693019926548,0.029602831229567528,0.20157094299793243,-0.006205896381288767,-0.004589038901031017,-0.04866211488842964,0.043172337114810944,-0.0162009596824646,-0.07703665643930435,-0.01392791885882616,-0.0182933509349823,-0.03294014185667038,0.012048549018800259,-0.014088827185332775,-0.061143238097429276,0.02903076447546482,-0.043157827109098434,-0.04861166700720787,0.04860281944274902,0.05630544573068619,0.020681096240878105,0.05878852680325508,0.09682917594909668,-0.06192309781908989,0.03307783603668213,0.07204481214284897,0.11117842048406601,-0.020135367289185524,-0.033553771674633026,0.03402891382575035,0.050080835819244385,-0.050498511642217636,-0.10568495094776154,-0.008216530084609985,-0.08041585981845856,0.09165076166391373,0.013590469025075436,0.3442506194114685,0.09117050468921661,0.20556294918060303,-0.21593734622001648,-0.49263033270835876,0.13657115399837494,0.44720137119293213,-0.14575237035751343,-0.24681277573108673,0.008531231433153152,0.29506853222846985,-0.3870121240615845,-0.06875968724489212,0.537902295589447,0.6442855000495911,-0.4349536597728729,-0.791133463382721,-0.15513935685157776,0.27007657289505005,-0.37778544425964355,-0.4873335361480713,-0.34191426634788513,-0.2211141139268875,0.723645806312561,-0.4985768496990204,-0.03872375935316086,0.0,-0.0,-0.0
-0.017626173794269562,-0.04665928706526756,0.06532292068004608,-0.012717589735984802,-0.03741217777132988,-0.9875509142875671,-0.04488606005907059,0.0037624910473823547,-0.003539878875017166,0.07277656346559525,-0.04052628576755524,-0.014877756126224995,-0.10642681270837784,0.00844329223036766,0.006550205871462822,0.12291223555803299,-0.040938474237918854,-0.01357346959412098,-0.01342947967350483,0.014942238107323647,0.023673614487051964,0.004232135601341724,0.08385099470615387,0.10047083348035812,0.0098226647824049,-0.20331142842769623,-0.00830241572111845,-0.018232258036732674,0.027751630172133446,-0.09477534890174866,-0.09862107038497925,-0.006428745109587908,0.19773851335048676,0.021824883297085762,0.001455613411962986,0.07705321162939072,-0.02582155540585518,0.021419310942292213,0.02262183465063572,0.07107118517160416,-0.04196137562394142,0.04491907358169556,0.016735060140490532,0.001233565853908658,-0.04067669063806534,0.06562095880508423,0.06657695770263672,-0.035090263932943344,0.009170866571366787,0.0574285052716732,-0.02409949339926243,0.04336754232645035,-0.06763716787099838,0.05650681257247925,0.059744060039520264,0.035583626478910446,-0.015916837379336357,0.023079073056578636,0.02067325823009014,-0.017917145043611526,-0.01764892414212227,0.0662771686911583,-0.023296667262911797,-0.04284486547112465,0.0454728901386261,0.2625223994255066,-0.10637705028057098,0.4202578067779541,0.45782220363616943,0.2647504508495331,-0.04393995553255081,-0.3583555817604065,0.04637967422604561,0.6157581806182861,0.07482025772333145,0.0697530210018158,0.011925019323825836,-0.24212968349456787,-0.5692425966262817,-0.27996882796287537,0.38402819633483887,0.20138299465179443,-0.31620553135871887,-0.8496964573860168,-0.21333369612693787,-0.36852124333381653,-0.23838207125663757,-0.4072519838809967,-0.4451371729373932,-0.612295389175415,0.8703299164772034,0.05326420068740845,0.09544223546981812,0.0,-0.0,-0.0
0.003771834075450897,0.024425450712442398,-0.02125973254442215,0.01807410642504692,0.009410686790943146,-0.9849885106086731,-0.0463799387216568,0.006287055090069771,-0.015054063871502876,0.07279100269079208,-0.04255230724811554,-0.012498287484049797,-0.11438068002462387,0.002552567981183529,-0.00462702289223671,0.1309829205274582,-0.04325084388256073,-0.006115916185081005,-0.0034356010146439075,0.014802055433392525,0.012848729267716408,0.01732277311384678,0.08277583122253418,0.10109146684408188,0.0070711541920900345,-0.2181595414876938,-0.00925404578447342,0.00645819678902626,0.018408890813589096,-0.09464502334594727,-0.10475245118141174,0.011972852051258087,0.20893380045890808,0.007153555750846863,0.002139424905180931,0.015300191007554531,0.020858122035861015,0.005926227662712336,-0.014439559541642666,0.03252312168478966,0.09259047359228134,0.00884959101676941,-0.0586618073284626,0.043486155569553375,0.08171235769987106,0.009029281325638294,0.01305814366787672,-0.045108046382665634,-0.07417628169059753,0.01926140859723091,-0.04414604231715202,-0.03185471519827843,-0.06469503045082092,-0.08770859986543655,-0.060386743396520615,-0.02991047501564026,0.009624063968658447,-0.06834682822227478,0.04097098112106323,-0.006935763638466597,0.019442498683929443,-0.03220224007964134,-0.06531184166669846,0.025314880535006523,-0.0009236186742782593,0.27690333127975464,-0.048855289816856384,0.39598071575164795,0.45821088552474976,0.38681456446647644,-0.30979788303375244,-0.2871575951576233,0.033161599189043045,0.5077970027923584,-0.1344667375087738,0.09290258586406708,0.06294217705726624,-0.26812463998794556,-0.48353907465934753,-0.30268383026123047,0.5234664678573608,0.548022449016571,-0.3808569014072418,-0.9080485105514526,-0.28878772258758545,0.22322984039783478,-0.6162523627281189,-0.60830157995224,-0.44597047567367554,-0.24915741384029388,0.819689154624939,-0.3881566822528839,0.06238111853599548,0.0,-0.0,-0.0
-0.034943193197250366,0.09241455793380737,-0.0362301804125309,0.043181661516427994,0.007084805518388748,-1.0227761268615723,-0.06325056403875351,0.018888376653194427,-0.01260626595467329,0.08378752321004868,-0.056708984076976776,-0.007548078428953886,-0.11899229139089584,-0.0056310794316232204,0.005521160550415516,0.12213874608278275,-0.03511509299278259,-0.002554018050432205,-0.010574501007795334,0.008778991177678108,0.013495741412043571,0.013416649773716927,0.09412376582622528,0.10731528699398041,0.004814183339476585,-0.2001548558473587,-0.015264593064785004,-0.007080895826220512,0.013878477737307549,-0.10712626576423645,-0.1093728318810463,0.0013334909453988075,0.1964256763458252,0.012387605383992195,0.0061418600380420685,-0.015785187482833862,0.05856405571103096,0.041894447058439255,0.07353027909994125,0.03179028257727623,0.01888434961438179,0.06362859159708023,0.059516943991184235,0.02074447274208069,-0.07417823374271393,0.08118583261966705,-0.018732447177171707,-0.026848120614886284,-0.011340630240738392,-0.015514207072556019,-0.0812942385673523,-0.01843336783349514,0.027654945850372314,-0.0010155618656426668,0.09977193921804428,-0.02336653508245945,-0.06589023768901825,0.02741396427154541,-0.07416412234306335,0.04109010845422745,-0.03619285672903061,0.05689505487680435,0.013406962156295776,-0.014100980944931507,-0.010956138372421265,0.3039728105068207,-0.05262294411659241,0.4909287691116333,0.39293336868286133,0.2960670292377472,-0.3508228063583374,-0.42958930134773254,0.08109524846076965,0.3783070743083954,0.024302497506141663,0.02362154796719551,0.0704459398984909,-0.12143524736166,-0.40656352043151855,-0.25425127148628235,0.632889449596405,0.6442762613296509,-0.1748523861169815,-0.6302664875984192,-0.04849527031183243,-0.1412656158208847,-0.2683040499687195,-0.6655661463737488,-0.4253297448158264,-0.3572315573692322,0.7061723470687866,-0.16730579733848572,-0.05264585465192795,0.0,-0.0,-0.0
-0.014950994402170181,-0.04178350046277046,0.05367596074938774,0.04018213227391243,-0.035257738083601,-1.0167348384857178,-0.04185082018375397,0.015163647010922432,-0.005565265659242868,0.07736165821552277,-0.043122299015522,-0.013213827274739742,-0.11368805915117264,0.003338969312608242,0.007232341915369034,0.11994075030088425,-0.026178503409028053,-0.009091946296393871,-0.016938969492912292,0.007292259484529495,0.02380695752799511,0.015432532876729965,0.10538087040185928,0.09790434688329697,0.017115183174610138,-0.196303591132164,0.0007754266262054443,0.010554302483797073,-0.0006587095558643341,-0.10435886681079865,-0.11112750321626663,0.0037430981174111366,0.2062409222126007,-0.01226852647960186,0.003551209345459938,-0.053253091871738434,0.06381982564926147,0.05621849372982979,-9.740591485751793e-05,-0.04463658481836319,0.042734790593385696,-0.015185368247330189,-0.07291029393672943,0.031962133944034576,0.04917208105325699,-0.06870124489068985,0.0025258183013647795,-0.001979827880859375,0.0558193102478981,-0.04775315150618553,0.05192860588431358,-0.057400234043598175,0.02384844981133938,0.03974336385726929,-0.06743376702070236,0.042350053787231445,0.08029299229383469,-0.001656186650507152,0.014593648724257946,0.03602266311645508,0.027741635218262672,0.056578196585178375,-0.07440804690122604,-0.016731584444642067,-0.015226632356643677,0.13694077730178833,-0.06058679521083832,0.40769076347351074,0.5452561974525452,0.2808857858181,-0.09942827373743057,-0.31362053751945496,0.026186969131231308,0.6222895383834839,0.09481772035360336,0.09156771004199982,-0.02522939443588257,-0.06866253167390823,-0.5186567902565002,-0.1854216307401657,0.4384414553642273,0.3194560706615448,-0.2718667984008789,-0.8881272077560425,-0.02461014688014984,0.11498783528804779,-0.418001651763916,-0.393633633852005,-0.4661981165409088,-0.2404891699552536,0.9104849696159363,-0.3283807039260864,-0.044846970587968826,0.0,-0.0,-0.0
0.042750705033540726,0.12287649512290955,0.036247435957193375,0.057013142853975296,-0.03689223900437355,-0.9581915736198425,-0.04882507771253586,0.004517031833529472,-0.010459658689796925,0.0775887668132782,-0.03325113654136658,-0.0060468148440122604,-0.1193244680762291,-0.0025856858119368553,0.007963020354509354,0.1165371909737587,-0.03443537652492523,0.00319469440728426,0.0012508109211921692,-0.005385962314903736,0.019876675680279732,-0.0015411749482154846,0.09523355960845947,0.10835397988557816,0.01143852062523365,-0.21203874051570892,-0.015849530696868896,-0.0043074144050478935,0.009792724624276161,-0.10788704454898834,-0.11057799309492111,0.0019572023302316666,0.19704540073871613,0.021670525893568993,9.74070280790329e-06,0.043537866324186325,-0.0245272945612669,-0.005054164212197065,-0.032996173948049545,-0.03247782960534096,0.027651453390717506,-0.023810148239135742,-0.04926462844014168,-0.06371500343084335,-0.03055458329617977,0.05992286279797554,-0.06636360287666321,-0.054247211664915085,-0.0485631600022316,-0.004336309619247913,-0.00805045384913683,0.03515138849616051,0.008711099624633789,-0.0298551507294178,-0.07548297196626663,-0.01212310791015625,-0.07083055377006531,0.03527471050620079,-0.06008375808596611,0.06104003265500069,0.01275444682687521,-0.046541016548871994,-0.007320487406104803,-0.06921215355396271,0.076313316822052,0.2735837996006012,-0.07650002837181091,0.4039212465286255,0.5130178928375244,0.33655914664268494,-0.6094275116920471,-0.288810133934021,0.050416383892297745,0.4012812376022339,-0.09631244093179703,0.10428391396999359,-0.02811221033334732,-0.36840376257896423,-0.290116548538208,-0.6207748055458069,0.5766003131866455,0.40769773721694946,-0.46053653955459595,-0.8315724730491638,-0.4187076985836029,-0.2740796208381653,-0.17591583728790283,-0.596132218837738,-0.441466748714447,-0.29321444034576416,0.7187333106994629,0.08232492208480835,-0.03177930414676666,0.0,-0.0,-0.0
-0.04424706846475601,-0.0706070065498352,-0.036283187568187714,0.001771092414855957,-0.03708035871386528,-0.9602300524711609,-0.04920226335525513,0.015203207731246948,-0.012467961758375168,0.07112834602594376,-0.03694459795951843,-0.007654193788766861,-0.12385490536689758,0.0025440286844968796,0.007705284282565117,0.1130775660276413,-0.02614361234009266,-0.004425316583365202,-0.0013708900660276413,-0.0028478391468524933,0.021571209654211998,-0.012039108201861382,0.08871114999055862,0.10725560039281845,0.0030233561992645264,-0.19349856674671173,-0.0003942912444472313,0.0022529438138008118,0.007290968671441078,-0.09972552210092545,-0.11172165721654892,0.0010641412809491158,0.19533208012580872,0.007604788988828659,-0.002546996343880892,0.002219855785369873,0.06400064378976822,-0.02442828379571438,0.07591476291418076,-0.008928191848099232,-0.0349263995885849,0.047978367656469345,-0.018055373802781105,0.03877997398376465,-0.06774645298719406,-0.04750023037195206,0.02517561987042427,0.016606813296675682,-0.021380741149187088,0.07443012297153473,-0.08389648795127869,0.028441358357667923,0.01271899975836277,0.022366082295775414,0.04630134254693985,0.08177562057971954,-0.0002659320889506489,0.029534924775362015,-0.006387138273566961,-0.01882770098745823,0.06511818617582321,0.0035560012329369783,0.024161983281373978,-0.022537028416991234,0.10733732581138611,0.22985950112342834,-0.02133879065513611,0.5186614990234375,0.5047193765640259,0.2552272379398346,-0.23306909203529358,-0.37417668104171753,0.09370636940002441,0.5157269239425659,0.1357128918170929,0.06247406080365181,0.10125578939914703,0.2393413782119751,-0.5158931016921997,-0.24888834357261658,0.3162209391593933,0.3768577575683594,-0.22139213979244232,-0.7434754371643066,-0.0739661455154419,0.041989561170339584,-0.46587711572647095,-0.27571210265159607,-0.39054006338119507,-0.25680965185165405,0.8912500739097595,-0.3827626407146454,0.13248015940189362,0.0,-0.0,-0.0
0.001721210777759552,0.09538887441158295,0.007561154663562775,0.07932229340076447,0.014550495892763138,-1.0488898754119873,-0.06623318791389465,-0.0033733919262886047,-0.004465287551283836,0.06267394125461578,-0.04621650278568268,-0.0027299951761960983,-0.13294659554958344,0.002733970992267132,0.012024076655507088,0.12845660746097565,-0.025365740060806274,0.005839463323354721,-0.00873837061226368,-0.013021194376051426,0.003775758668780327,0.002667812630534172,0.09863949567079544,0.09941703826189041,0.011607889086008072,-0.21138015389442444,-0.0197910163551569,-0.014462274499237537,-0.0090683838352561,-0.09647557884454727,-0.10824142396450043,0.0020028557628393173,0.2030966877937317,-0.011248143389821053,0.004454178735613823,0.004243671894073486,0.01569560170173645,0.042799629271030426,0.004693490453064442,0.07741931825876236,0.03172656521201134,-0.004526042845100164,-0.007920580916106701,-0.027588054537773132,0.037869133055210114,-0.021743346005678177,0.039181411266326904,0.0019636035431176424,-0.057434190064668655,-0.1014738604426384,0.017306720837950706,-0.01771608553826809,-0.06976675242185593,0.017672335729002953,-0.02556115947663784,0.04416931793093681,-0.0743970051407814,0.0076676965691149235,0.06717614084482193,0.04688241705298424,-0.09876646846532822,-0.013659412041306496,-0.020024394616484642,-0.012063366360962391,-0.0047503262758255005,0.2645946443080902,-0.04309207201004028,0.36859792470932007,0.5102782845497131,0.2834053635597229,-0.3066161870956421,-0.44772812724113464,0.0655485987663269,0.6001342535018921,0.21158656477928162,0.044105414301157,-0.08342477679252625,-0.11306413263082504,-0.5655162334442139,0.01091356948018074,0.40988457202911377,0.35725706815719604,-0.26789605617523193,-0.9026959538459778,-0.29889950156211853,-0.0909985601902008,-0.43527600169181824,-0.49994492530822754,-0.346606582403183,-0.47192320227622986,0.7930175065994263,-0.4030250608921051,0.09118548035621643,0.0,-0.0,-0.0
-0.006513822823762894,-0.04155907407402992,0.006417382508516312,-0.02268652431666851,-0.007482253015041351,-0.9683367609977722,-0.057808488607406616,0.012454336509108543,-0.007193903438746929,0.08087150007486343,-0.043869681656360626,-0.01581304334104061,-0.11953878402709961,0.005824005231261253,-0.0024802773259580135,0.10738857090473175,-0.021355602890253067,0.009646318852901459,-0.012531553395092487,0.00040284357964992523,0.014816192910075188,0.00303526408970356,0.08400588482618332,0.1013425663113594,0.007056582719087601,-0.20657548308372498,-0.008229243569076061,0.0146169513463974,-0.011414898559451103,-0.11777601391077042,-0.09143438935279846,0.005981668829917908,0.19932132959365845,-0.0012791799381375313,-0.0029272474348545074,-0.007595151662826538,0.0015010059578344226,-0.04807375743985176,-0.04269329458475113,-0.06763934344053268,-0.042096901684999466,0.07631969451904297,-0.041117776185274124,-0.02737676165997982,-0.02594914101064205,-0.011532211676239967,-0.011610257439315319,0.026054907590150833,0.03761538490653038,0.07393573969602585,0.009625541977584362,0.04863230139017105,-0.08091297000646591,-0.04666387662291527,-0.05370960757136345,0.07343786209821701,0.04677126556634903,-0.08295198529958725,-0.05613311752676964,0.022343074902892113,0.018558144569396973,-0.061267267912626266,-0.028070664033293724,-0.015377658419311047,-0.07569865137338638,0.16672474145889282,-0.034513890743255615,0.4682968854904175,0.5109865665435791,-0.00461219996213913,-0.24812650680541992,-0.43077215552330017,0.08616149425506592,0.4433595538139343,0.49818211793899536,-0.3141826391220093,0.150961771607399,0.33386868238449097,-0.3534323275089264,-0.399139404296875,0.6512570381164551,0.6413872241973877,-0.4087865650653839,-0.845038652420044,-0.273250013589859,0.3037187457084656,-0.13428020477294922,-0.7300911545753479,-0.48177042603492737,0.013391200453042984,0.7906895279884338,0.12489578127861023,-0.05115336924791336,0.0,-0.0,-0.0
0.015890147536993027,0.09296713769435883,0.05038702115416527,-0.004234597086906433,-0.01969384402036667,-0.9809014201164246,-0.06428611278533936,0.012803958728909492,0.0033425837755203247,0.0703134760260582,-0.037596698850393295,-0.0009079072624444962,-0.11434342712163925,-0.005571598652750254,0.011418042704463005,0.09932028502225876,-0.02153465710580349,-0.00013656727969646454,0.00717407651245594,-0.007245853543281555,0.0006224475800991058,0.005086096003651619,0.08439332246780396,0.09423042833805084,0.007627014070749283,-0.20746947824954987,-0.01843639649450779,-0.012170331552624702,-0.006237063556909561,-0.1098707914352417,-0.1068635880947113,-0.010546945035457611,0.1889631599187851,0.0014727767556905746,0.011636106297373772,0.01827867701649666,0.027852071449160576,-0.013859003782272339,0.05618307739496231,-0.033846430480480194,0.00215623970143497,-0.029338186606764793,-0.035433053970336914,0.045593392103910446,-0.0030445456504821777,0.036326706409454346,-0.01940993033349514,0.021779954433441162,-0.028710631653666496,-0.0035924434196203947,-0.02855900302529335,-0.0019760429859161377,-0.032207053154706955,-0.03157970681786537,-0.012630498968064785,0.027517391368746758,-0.05960572883486748,0.0796288400888443,0.03519850969314575,-0.021665871143341064,-0.055192675441503525,-0.07725616544485092,0.08085522800683975,-0.025619307532906532,0.05132593214511871,0.41417208313941956,-0.06839251518249512,0.45755529403686523,0.46082961559295654,0.2980634868144989,-0.4044431447982788,-0.39053818583488464,0.08032430708408356,0.5191436409950256,0.2564955949783325,0.011781040579080582,-0.10618719458580017,-0.2531745731830597,-0.4230649471282959,-0.29514893889427185,0.41160446405410767,0.4906449317932129,-0.26129087805747986,-0.8030021786689758,-0.28046315908432007,-0.22338908910751343,0.11100061982870102,-0.2349662333726883,-0.5078614950180054,-0.292835533618927,0.7781183123588562,0.060756102204322815,0.03308966010808945,0.0,-0.0,-0.0
-0.01755370944738388,-0.04182107374072075,-0.011593297123908997,0.007470283657312393,-0.04692237824201584,-1.0211745500564575,-0.0648045763373375,-0.008088980801403522,0.0027878694236278534,0.07751109451055527,-0.04384481906890869,-0.0007837694138288498,-0.11737595498561859,-0.015245353803038597,0.017355021089315414,0.10588575899600983,-0.006880723871290684,-0.0034369812346994877,0.00043999403715133667,-0.007539457641541958,0.013690099120140076,0.015192529186606407,0.08933096379041672,0.1016201302409172,0.01859768107533455,-0.2077079713344574,-0.002676527015864849,0.012116795405745506,-0.005479488987475634,-0.09415938705205917,-0.09637173265218735,0.0019514653831720352,0.20670755207538605,0.005493368953466415,0.0024624401703476906,0.041369594633579254,0.058172907680273056,0.04189823940396309,-0.054990824311971664,0.05898408964276314,-0.002683633705601096,0.04373345524072647,-0.052187006920576096,0.002494001528248191,0.07547158002853394,0.01167312916368246,0.07184093445539474,-0.02350182645022869,-0.045515354722738266,-0.01582040823996067,0.01942826621234417,-0.007294041104614735,-0.049844130873680115,0.06940584629774094,0.04693344980478287,-0.024306071922183037,-0.014354086481034756,-0.0656409040093422,-0.05819221958518028,-0.0277650598436594,0.05623530223965645,0.02548157051205635,-0.08236774057149887,-0.0076667251996695995,0.05500487983226776,0.19712969660758972,-0.024717390537261963,0.4373129606246948,0.3371124267578125,0.1908007264137268,-0.38624298572540283,-0.40454038977622986,0.08563953638076782,0.4472278356552124,0.10247623175382614,-0.13556772470474243,0.05995895341038704,0.23302409052848816,-0.39821749925613403,-0.2813369035720825,0.5731236934661865,0.5597606301307678,-0.2760159969329834,-0.8046520352363586,-0.1322278380393982,0.22634729743003845,-0.38878387212753296,-0.5289961099624634,-0.31619158387184143,-0.07461479306221008,0.9299823641777039,-0.28343603014945984,-0.08878791332244873,0.0,-0.0,-0.0
-0.04919153079390526,0.04333263263106346,-0.06404481083154678,0.06446413695812225,-0.026393409818410873,-1.0381100177764893,-0.06989084929227829,0.0008699195459485054,0.002627524547278881,0.10068801790475845,-0.043947309255599976,-0.006297500338405371,-0.11865533143281937,-0.006422026082873344,0.013913290575146675,0.10625223070383072,-0.015881892293691635,0.005359114147722721,0.0024061091244220734,-0.0035945456475019455,0.015164179727435112,0.00263118464499712,0.08768569678068161,0.10718125104904175,0.007818644866347313,-0.20438240468502045,-0.018314380198717117,-0.001367919147014618,-0.008472619578242302,-0.09595311433076859,-0.09916549921035767,-0.0030247895047068596,0.19785720109939575,0.013274570927023888,0.002529068849980831,-0.053564924746751785,0.07303368300199509,0.02985588274896145,0.053520310670137405,-0.09707268327474594,-0.05528730899095535,-0.05341118574142456,0.0332135334610939,0.05618908628821373,-0.045437730848789215,0.026597464457154274,-0.04879159480333328,-0.0337374210357666,-0.050604719668626785,-0.05237453058362007,0.0283004529774189,-0.010597622953355312,-0.04420994222164154,0.002957850694656372,-0.06496687233448029,-0.04044359177350998,-0.0334736630320549,0.012411177158355713,-0.005578470416367054,0.0755535364151001,-0.07733476161956787,-0.07522720098495483,-0.0074842991307377815,0.038304079324007034,-0.043393105268478394,0.27655336260795593,-0.05149327218532562,0.5693542957305908,0.07190094888210297,0.054644905030727386,-0.5312743782997131,-0.34440603852272034,0.08213512599468231,0.2925318479537964,0.05808120220899582,-0.3423987627029419,0.07250194251537323,0.09269697964191437,-0.34826430678367615,-0.5053630471229553,0.6959392428398132,0.6122680902481079,-0.5185195207595825,-0.8284677863121033,-0.3056691288948059,-0.133888378739357,-0.11276959627866745,-0.44615694880485535,-0.3454270362854004,-0.21470026671886444,0.7629136443138123,-0.02198915369808674,0.05839495360851288,0.0,-0.0,-0.0
-0.0032687224447727203,-0.013647899031639099,0.09916749596595764,0.03659072145819664,-0.04859873279929161,-1.0035291910171509,-0.08678672462701797,0.003596561960875988,-0.004335389472544193,0.1078997552394867,-0.05048041045665741,-0.0036934777162969112,-0.12607595324516296,-0.0057694511488080025,0.01154201477766037,0.08830586820840836,-0.005754683166742325,0.006243286654353142,0.017892146483063698,-0.012188134714961052,0.004751389846205711,-0.008623751811683178,0.10276375710964203,0.1115415170788765,0.010570971295237541,-0.2058546394109726,-0.007058856077492237,0.005657503381371498,0.005437030456960201,-0.1013684868812561,-0.09383545070886612,0.02207607962191105,0.20086973905563354,0.0025992123410105705,-0.015154474414885044,0.08153867721557617,-0.044448427855968475,0.016197282820940018,0.04508556053042412,0.08337266743183136,0.006136870477348566,0.0012355924118310213,0.01676013506948948,-0.06096547469496727,-0.07126414775848389,0.04911541938781738,0.05962160974740982,-0.048950109630823135,-0.05352484807372093,-0.044747062027454376,-0.05687539651989937,0.017630387097597122,0.05574468523263931,0.051089800894260406,-0.02539879083633423,-0.0008217811700887978,0.06755802780389786,0.0363234281539917,0.013453281484544277,-0.0823601633310318,0.010314417071640491,-0.06338535994291306,-0.021585477516055107,0.042618703097105026,-0.07894834876060486,0.2853936553001404,-0.08912540972232819,0.37214261293411255,0.15524841845035553,0.1620028018951416,-0.3738945722579956,-0.5068343877792358,0.07190804183483124,0.3885314166545868,0.02420879900455475,-0.2322661131620407,-0.031213801354169846,0.11945309489965439,-0.36982980370521545,-0.43236514925956726,0.5711960792541504,0.5428164601325989,-0.3222695291042328,-0.7926062941551208,-0.07752398401498795,0.10733786225318909,-0.16850894689559937,-0.6913954615592957,-0.6368898749351501,-0.05462304875254631,0.8054361939430237,-0.19095589220523834,-0.17256180942058563,0.0,-0.0,-0.0
-0.05208994075655937,0.10190273821353912,-0.035481519997119904,0.06406524777412415,0.03258822485804558,-0.9925368428230286,-0.09420795738697052,-0.0002405364066362381,0.004238355904817581,0.096657894551754,-0.05124693363904953,-0.009074898436665535,-0.1304461508989334,-0.011196884326636791,0.0025703907012939453,0.08776616305112839,0.0034198975190520287,0.0004151761531829834,0.012975186109542847,0.0010784436017274857,0.013381816446781158,0.0032500009983778,0.09872807562351227,0.1099306121468544,0.0014309203252196312,-0.19197267293930054,0.004819018766283989,-0.011844875290989876,0.006948014721274376,-0.11466816067695618,-0.08689577132463455,0.01200149580836296,0.21649578213691711,0.017405422404408455,-0.009728629142045975,-0.0696629211306572,0.002480071736499667,-0.011493891477584839,-0.06047401577234268,-0.05787407234311104,-0.02487647533416748,-0.042285945266485214,0.040027882903814316,0.06011907011270523,-0.002007478615269065,-0.05005141720175743,-0.042330410331487656,-0.03976082429289818,0.06139501556754112,-0.046230923384428024,0.07956474274396896,0.025272859260439873,0.024835700169205666,-0.008834821172058582,0.010550523176789284,0.007058495189994574,-0.07649096101522446,0.019245905801653862,-0.0035108327865600586,0.0326518677175045,-0.10365288704633713,-0.0442606620490551,0.05423256382346153,0.0726693794131279,-0.2725794315338135,0.21325573325157166,-0.03544725477695465,0.4320750832557678,-0.15100355446338654,0.06548506766557693,-0.3303986191749573,-0.37709125876426697,0.1296326369047165,0.44954967498779297,0.17097312211990356,-0.4371486306190491,0.1117258071899414,0.31890490651130676,-0.3383658230304718,-0.02177279070019722,0.3385183811187744,0.26246827840805054,-0.31967461109161377,-0.7978803515434265,-0.14316105842590332,-0.2466784119606018,-0.518787145614624,-0.5003924369812012,-0.22792938351631165,-0.48284390568733215,0.9040183424949646,-0.1988886445760727,0.15008018910884857,0.0,-0.0,-0.0
-0.01291615515947342,-0.02336703985929489,-0.00781860202550888,-0.01719820499420166,-0.022549305111169815,-1.0387938022613525,-0.09778746962547302,-0.0014765560626983643,-0.004432833753526211,0.10660839825868607,-0.047316573560237885,0.012522788718342781,-0.12149625271558762,-0.01080748438835144,0.0015041576698422432,0.0860990509390831,-0.00891168788075447,0.015454282984137535,0.017692867666482925,0.009773513302206993,0.025239182636141777,-0.008395803160965443,0.09383881092071533,0.10879141092300415,0.002712623216211796,-0.21705874800682068,-0.017713217064738274,0.003197173587977886,0.009195322170853615,-0.09282615035772324,-0.08875840157270432,0.021548224613070488,0.19494099915027618,-0.006002458743751049,-0.004009783733636141,-0.02057703211903572,-0.045280542224645615,0.043302249163389206,-0.01652008295059204,-0.01278392132371664,0.009883755818009377,0.08032097667455673,-0.040131743997335434,-0.061535727232694626,-0.03548456355929375,0.06529279053211212,0.0785984992980957,0.031811702996492386,0.002142190933227539,0.017311250790953636,0.046384360641241074,0.0022533058654516935,-0.023741692304611206,0.008903331123292446,0.03609132766723633,-0.06213158369064331,0.05792206525802612,-0.08253961056470871,0.02440803125500679,-0.09059640765190125,-0.04721320420503616,0.0012163221836090088,-0.09172356873750687,0.008255893364548683,-0.09085037559270859,0.42248743772506714,-0.06063324213027954,0.5445934534072876,0.14109937846660614,0.16651219129562378,-0.2458837330341339,-0.3547374904155731,0.04367594048380852,0.4757499098777771,0.4066436290740967,-0.3010956943035126,-0.030172545462846756,-0.2838938534259796,-0.5096780061721802,-0.471727192401886,0.3193643093109131,0.31445902585983276,-0.34087544679641724,-0.953051745891571,-0.29724180698394775,0.23061618208885193,-0.34329459071159363,-0.3228451907634735,-0.4984021782875061,-0.1626383662223816,0.7121110558509827,-0.3628215789794922,-0.026297081261873245,0.0,-0.0,-0.0
0.012714523822069168,0.0954463928937912,0.06526629626750946,0.028022896498441696,-0.028981653973460197,-0.9659960269927979,-0.09075990319252014,-0.017341075465083122,-0.00629674457013607,0.11197683960199356,-0.053532809019088745,0.014080656692385674,-0.1144903153181076,-0.023239802569150925,0.01114409975707531,0.0861273854970932,0.004005483351647854,0.016181861981749535,0.005548067390918732,0.000916345976293087,0.0067809876054525375,-0.0012821853160858154,0.09872771799564362,0.10566908121109009,-0.021749384701251984,-0.21112343668937683,0.009603451937437057,-0.0020791199058294296,0.014626635238528252,-0.10076816380023956,-0.09314727783203125,0.0006257453933358192,0.19668641686439514,0.021423688158392906,-0.002100050449371338,0.014818442054092884,0.021351564675569534,0.06913790851831436,-0.008210397325456142,0.05455357953906059,0.03596849367022514,-0.04271874576807022,0.0561290867626667,-0.05208690091967583,-0.02230350486934185,-0.03938769921660423,0.0014000535011291504,-0.04962758347392082,-0.012301266193389893,-0.03793464973568916,-0.006431519985198975,0.027217650786042213,-0.04673069715499878,0.031112421303987503,-0.0036189318634569645,0.1011459156870842,0.029133319854736328,0.08134496212005615,-0.0414731428027153,0.08246137946844101,0.031483184546232224,-0.047616079449653625,-0.0061184405349195,0.025414586067199707,-0.10361192375421524,0.30996474623680115,-0.09483270347118378,0.5096253156661987,0.20580048859119415,0.14564090967178345,-0.28498926758766174,-0.24482735991477966,0.0999380499124527,0.4921838939189911,0.289061963558197,-0.25979575514793396,-0.07339519262313843,-0.11258170753717422,-0.5321540832519531,-0.2087724357843399,0.5656372904777527,0.43626680970191956,-0.35629940032958984,-0.7469316124916077,0.12324623018503189,-0.175345778465271,-0.14110791683197021,-0.618323564529419,-0.3433963358402252,-0.32407841086387634,0.8846514225006104,0.11590220034122467,0.019765719771385193,0.0,-0.0,-0.0
-0.041897304356098175,-0.07691345363855362,-0.02240484580397606,0.03814540430903435,0.03544842079281807,-0.9610328674316406,-0.08633279800415039,-0.008595750667154789,0.0076569244265556335,0.1285613477230072,-0.053238220512866974,0.009735383093357086,-0.11351064592599869,-0.015882350504398346,0.003877894952893257,0.0893455222249031,0.0021926071494817734,0.022759346291422844,0.005578665062785149,0.006379038095474243,0.020461006090044975,-0.00015527382493019104,0.09782679378986359,0.10014093667268753,-0.006138090044260025,-0.20019830763339996,-0.01811353489756584,0.006789728999137878,-0.009778370149433613,-0.08307120203971863,-0.08561599254608154,0.008184121921658516,0.21714606881141663,0.014010502025485039,-0.006906040012836456,0.02604510821402073,0.0037531971465796232,0.0654248371720314,0.04372987896203995,-0.00027483701705932617,-0.055616345256567,0.07136719673871994,-0.04577888548374176,-0.05219293758273125,0.026867389678955078,-0.01678488217294216,-0.02896060049533844,0.01888415776193142,0.024229098111391068,0.0238474253565073,0.04493842273950577,-0.007985115051269531,0.03752623870968819,0.0023061633110046387,0.07779204845428467,-0.12446649372577667,-0.011265480890870094,-0.09635266661643982,-0.004373771138489246,-0.03429831936955452,-0.026068294420838356,0.08034267276525497,0.018614603206515312,-0.0658879205584526,-0.2445945292711258,0.43915173411369324,-0.06590381264686584,0.5737178325653076,-0.13543634116649628,0.161827951669693,-0.2747884690761566,-0.21094101667404175,0.05187869444489479,0.40808627009391785,0.30174481868743896,-0.2857396602630615,0.07699154317378998,-0.018728680908679962,-0.3763705790042877,-0.1419943869113922,0.4131580591201782,0.4019707143306732,-0.12636572122573853,-0.766502320766449,-0.4605114459991455,-0.0010361261665821075,-0.6841938495635986,-0.419996440410614,-0.5265123248100281,-0.32148244976997375,0.8788054585456848,-0.442301481962204,-0.027684494853019714,0.0,-0.0,-0.0
0.016101162880659103,0.05521373078227043,-0.04464656859636307,0.08364687860012054,-0.0033561140298843384,-1.0035628080368042,-0.11195123940706253,-0.008475931361317635,-0.00955199170857668,0.1253517121076584,-0.058138832449913025,0.011793887242674828,-0.12651315331459045,-0.012980841100215912,0.014440177008509636,0.08580835163593292,0.013991139829158783,0.007022233679890633,0.016148895025253296,-0.00024207495152950287,0.001751340925693512,0.0033033890649676323,0.09433648735284805,0.10589291900396347,-0.006842061877250671,-0.21748438477516174,0.013909317553043365,-0.007714868523180485,0.0009766733273863792,-0.0877152532339096,-0.09354092925786972,0.016529152169823647,0.19262099266052246,0.009062584489583969,0.00530324038118124,-0.05205340310931206,0.05612930282950401,0.060940515249967575,0.018193287774920464,-0.0004031360149383545,-0.029582086950540543,0.049440622329711914,-0.0003742515982594341,-0.0756354108452797,0.05645320564508438,-0.059905972331762314,-0.06374843418598175,-0.025772854685783386,-0.06299802660942078,-0.037181075662374496,0.03459667041897774,0.010485745035111904,0.05272744968533516,-0.061198920011520386,-0.06574307382106781,0.009752750396728516,0.030975759029388428,0.05342674255371094,-0.022100914269685745,-0.015462267212569714,0.01516052521765232,-0.09826415032148361,0.016841042786836624,0.01186142023652792,-0.19011303782463074,0.3232618272304535,-0.08042813837528229,0.516977071762085,-0.07323519885540009,0.10061343759298325,-0.3999173641204834,-0.2066740095615387,0.06285330653190613,0.3795586824417114,0.30079343914985657,-0.24191966652870178,-0.0868210643529892,-0.19392797350883484,-0.3935296833515167,-0.2988886833190918,0.424965500831604,0.449524849653244,-0.244235098361969,-0.9147158265113831,0.23540866374969482,-0.09006796777248383,0.07826530188322067,-0.5690274238586426,-0.36569005250930786,-0.1563548892736435,0.5789479613304138,-0.1595354527235031,0.1712912768125534,0.0,-0.0,-0.0
-0.01975499652326107,-0.03942703455686569,-0.00828271359205246,0.025983240455389023,-0.01515001431107521,-0.9562423229217529,-0.11453482508659363,-0.004195669200271368,-0.0054459040984511375,0.13493652641773224,-0.0720074251294136,0.013187544420361519,-0.11364411562681198,-0.02274502068758011,0.0077472105622291565,0.0805736556649208,0.012088930234313011,0.016524439677596092,0.0038019083440303802,0.0021299533545970917,0.0005883676931262016,0.007366204634308815,0.09049300104379654,0.09148981422185898,0.023456403985619545,-0.2038763165473938,-0.008350452408194542,-0.014080068096518517,-0.001949569210410118,-0.09932415932416916,-0.09294547885656357,0.007977338507771492,0.1962336301803589,7.416121661663055e-05,0.0003800913691520691,-0.06045985221862793,-0.055496614426374435,-0.06519590318202972,-0.005850452464073896,-0.0025512934662401676,0.055594027042388916,-0.06409784406423569,-0.002957630204036832,-0.01933917962014675,-0.04032784327864647,-0.03611958399415016,0.05794034153223038,0.025803280994296074,0.01791425421833992,-0.03907778486609459,0.04140065982937813,0.059347964823246,-0.02404584363102913,0.040578197687864304,0.021287739276885986,-0.05670576170086861,0.009454083628952503,-0.07924080640077591,-0.005924505181610584,-0.038863878697156906,-0.01028327364474535,0.07960639148950577,0.061274658888578415,0.038981057703495026,-0.35991090536117554,0.3261354863643646,-0.04030902683734894,0.559419572353363,-0.10931329429149628,0.10490427166223526,-0.27156874537467957,-0.3307039141654968,0.08351129293441772,0.43372631072998047,0.4230765700340271,-0.33840104937553406,0.022851746529340744,0.24536386132240295,-0.39394161105155945,-0.29905882477760315,0.44557738304138184,0.30002185702323914,-0.1327090561389923,-0.6321800947189331,-0.35880348086357117,-0.06417973339557648,-0.511465311050415,-0.4705396592617035,-0.4187100827693939,-0.35520797967910767,0.9332077503204346,-0.35019007325172424,-0.04161251336336136,0.0,-0.0,-0.0
-0.07564756274223328,-0.026151569560170174,0.018970821052789688,0.026176493614912033,0.024455007165670395,-0.9589515328407288,-0.10963790118694305,0.006997590884566307,-0.003448573872447014,0.1465417593717575,-0.06173253804445267,4.0271319448947906e-05,-0.10967033356428146,-0.0005870675668120384,0.005241071805357933,0.07367338985204697,0.013749303296208382,0.0016411207616329193,0.009754205122590065,0.009024908766150475,0.013804607093334198,0.00834844820201397,0.10243368148803711,0.10644634068012238,0.012056609615683556,-0.2017659842967987,0.006407221779227257,0.012442898005247116,0.0006358502432703972,-0.09267886728048325,-0.07887294143438339,0.009388744831085205,0.19591137766838074,-0.0047638192772865295,-0.0016202609986066818,-0.05766791105270386,-0.043636418879032135,0.02491322159767151,0.0496472492814064,0.035408295691013336,0.026424897834658623,0.07876022160053253,0.004162943456321955,0.030535543337464333,0.05232122167944908,0.05455830320715904,-0.013776051811873913,0.005991196725517511,0.058930110186338425,0.07721944898366928,0.07741057127714157,-0.007277083583176136,-0.060609232634305954,-0.004132974427193403,0.035347189754247665,0.036753129214048386,0.0834253579378128,0.016132444143295288,-0.00132121448405087,0.060783494263887405,-0.0036141991149634123,0.04747169092297554,0.03558157756924629,-0.05289304256439209,-0.38289791345596313,0.32364389300346375,-0.05889138579368591,0.5049620866775513,-0.3636753559112549,-0.07554619014263153,-0.1938411295413971,-0.1469663679599762,0.04072280600667,0.4568325877189636,0.2802119255065918,-0.4893011450767517,-0.05528018996119499,-0.035373032093048096,-0.39019593596458435,-0.3245880901813507,0.4093351364135742,0.5112436413764954,-0.5019662380218506,-0.902804434299469,-0.04258444160223007,0.16751684248447418,-0.07277877628803253,-0.47582316398620605,-0.3718118965625763,-0.23472128808498383,0.7170404195785522,-0.19722767174243927,-0.03118850290775299,0.0,-0.0,-0.0
0.05723151937127113,0.08424411714076996,0.021984484046697617,0.08307786285877228,-0.016700785607099533,-1.0282435417175293,-0.11354977637529373,-0.00885131023824215,0.004128903150558472,0.12298323959112167,-0.06318292021751404,0.007073720917105675,-0.1225406676530838,-0.017177993431687355,0.0076262373477220535,0.08539004623889923,0.012415383011102676,-0.007395471911877394,0.004313729703426361,0.005628364160656929,0.017980946227908134,0.013159900903701782,0.08815857023000717,0.1100550964474678,0.013294810429215431,-0.20687235891819,-0.012134090065956116,-0.0035608895123004913,-0.003144684247672558,-0.07778020203113556,-0.08975642919540405,-0.006207676604390144,0.18863433599472046,0.0018101874738931656,0.017259877175092697,0.02567964792251587,-0.06700995564460754,-0.05578472837805748,-0.004681354854255915,0.08038735389709473,-0.004351896233856678,-0.03213755041360855,-0.07077021896839142,-0.05899965763092041,-0.02403339184820652,0.01903163269162178,-0.05283146724104881,-0.0815170481801033,0.03649554401636124,0.03570207580924034,0.05102191120386124,-0.014107465744018555,-0.0315982848405838,-0.07013239711523056,-0.03526541218161583,0.03103466145694256,-0.013999772258102894,0.060682643204927444,0.036876942962408066,-0.05804372951388359,0.03977597877383232,0.03569833189249039,-0.02263164520263672,0.07527469843626022,-0.30453765392303467,0.2828795611858368,-0.0693361759185791,0.38362157344818115,-0.42677247524261475,-0.0283348485827446,-0.32201719284057617,-0.29643484950065613,0.061793003231287,0.46521592140197754,0.10058572143316269,-0.42225220799446106,-0.1030796468257904,-0.15374422073364258,-0.49773529171943665,-0.5741384625434875,0.523076057434082,0.4678926169872284,-0.4379507303237915,-0.8288587927818298,-0.3720429241657257,-0.24411195516586304,-0.40371018648147583,-0.6169095039367676,-0.6425527334213257,-0.3661664128303528,0.7884193062782288,-0.25876757502555847,0.050842925906181335,0.0,-0.0,-0.0
0.018969040364027023,-0.0213521346449852,-0.029622437432408333,0.08240015804767609,-0.011277560144662857,-0.9860317707061768,-0.09906017780303955,-0.00038331374526023865,-0.005674099083989859,0.13336801528930664,-0.07116454094648361,-0.001456121914088726,-0.11794288456439972,-0.001115802675485611,0.0007280530408024788,0.0822344496846199,0.013595398515462875,-0.00974561832845211,0.005727147683501244,-0.020714957267045975,0.01810651831328869,0.00442378968000412,0.1036815270781517,0.0978647992014885,0.020237568765878677,-0.2071971744298935,-0.013000470586121082,-0.000554356724023819,-0.009305472485721111,-0.09855135530233383,-0.08314156532287598,-0.011288615874946117,0.20019207894802094,0.005214054137468338,-0.01604343019425869,0.04926871135830879,0.00513458251953125,0.07501931488513947,-0.03015766479074955,0.018730223178863525,0.03295174986124039,0.0007995188352651894,0.08379228413105011,-0.04486308619379997,-0.05623821169137955,0.005161005537956953,0.05633590370416641,-0.03709239512681961,0.03776827082037926,0.032487548887729645,-0.07401537895202637,0.0926629826426506,-0.044776421040296555,-0.05336737260222435,-0.06851959228515625,0.0033877671230584383,3.601908611017279e-05,-0.06768720597028732,-0.05699266120791435,0.05927177891135216,-0.03923787176609039,0.03001166693866253,-0.056261319667100906,-0.07194455713033676,-0.3019295334815979,0.5505868792533875,-0.08912454545497894,0.6755879521369934,-0.06686629354953766,0.05966787785291672,-0.03904900699853897,-0.16562366485595703,0.09180910885334015,0.4924326241016388,0.3458850383758545,-0.2646099627017975,0.11043745279312134,-0.05855943262577057,-0.6644797325134277,-0.5143530368804932,0.6234662532806396,0.43882399797439575,-0.3234253227710724,-0.9360204339027405,-0.2332371473312378,0.038001205772161484,-0.47845977544784546,-0.6873030066490173,-0.3987624943256378,-0.291119784116745,0.8790792226791382,-0.10652433335781097,-0.19714419543743134,0.0,-0.0,-0.0
0.014543142169713974,-0.054190803319215775,-0.009524542838335037,0.002355966717004776,0.04146575555205345,-0.9764105081558228,-0.10846482962369919,0.006308058276772499,-0.003530074842274189,0.15804748237133026,-0.07097532600164413,0.005382453091442585,-0.10927078127861023,-0.007266247645020485,0.0015895944088697433,0.07547882199287415,0.012117214500904083,0.01372934877872467,-0.0017249872907996178,-0.018741654232144356,0.0010943980887532234,-0.004515890963375568,0.09419513493776321,0.11057548969984055,-0.0005220640450716019,-0.2125425487756729,-0.00026567094027996063,-0.003523403313010931,0.000725260004401207,-0.10394860804080963,-0.10063143074512482,0.002123568207025528,0.1988201141357422,0.002802930772304535,0.004097148776054382,-0.047677259892225266,0.002517616841942072,-0.017919952049851418,0.05366215854883194,0.005047506187111139,0.08271606266498566,0.048211660236120224,0.03992626816034317,-0.07048352062702179,-0.07031126320362091,-0.0338812917470932,-0.019424980506300926,-0.039520781487226486,0.0006531059625558555,0.0028878271114081144,-0.011722469702363014,-0.046432461589574814,-0.054426878690719604,-0.07442443817853928,-0.042370494455099106,0.007147401571273804,0.0012011289363726974,0.06948059052228928,0.05045217275619507,-0.021020162850618362,-0.010103023611009121,-0.05355155095458031,0.08555258810520172,-0.04060367867350578,-0.2422226220369339,0.145260751247406,-0.04484178125858307,0.6728005409240723,0.27768611907958984,0.005188971757888794,-0.05098436027765274,-0.3688303232192993,0.04054144397377968,0.5496033430099487,0.7753841280937195,-0.2791994512081146,0.040889885276556015,0.36813998222351074,-0.5865901708602905,-0.053713832050561905,0.21187162399291992,0.4871882498264313,-0.3263551592826843,-0.8407607674598694,-0.10724454373121262,-0.041051317006349564,-0.01641898602247238,-0.3811950087547302,-0.5908676981925964,-0.048848699778318405,0.7359935641288757,0.058804914355278015,0.17015227675437927,0.0,-0.0,-0.0
-0.05610688775777817,0.01601862534880638,-0.00888824462890625,0.011767122894525528,0.009037993848323822,-0.9892257452011108,-0.10832253843545914,-0.004970307927578688,-0.0007813666015863419,0.13829192519187927,-0.07494225353002548,0.00887979008257389,-0.10714707523584366,-0.013364780694246292,-0.0006614737212657928,0.08171351253986359,-0.0008023064583539963,-0.008894135244190693,0.0044851358979940414,-0.01445278711616993,-0.00041576847434043884,0.009260071441531181,0.07300727814435959,0.10600176453590393,0.017495861276984215,-0.21404209733009338,-0.013843107968568802,0.008998263627290726,-0.0009207986295223236,-0.10302805155515671,-0.09104171395301819,0.010009044781327248,0.19923168420791626,0.0029140086844563484,0.006349774077534676,0.03198367357254028,-0.06295620650053024,0.006142538972198963,0.039420273154973984,-0.053478676825761795,0.0621391199529171,-0.0056251646019518375,-0.04236723855137825,-0.02546803653240204,0.02551116980612278,-0.0686212107539177,-0.07251782715320587,-0.07380460947751999,-0.036446649581193924,0.0029618621338158846,0.11116669327020645,0.00033538343268446624,0.012151258997619152,0.04219314083456993,-0.01952371560037136,-0.007539290469139814,0.08557828515768051,-0.02270069159567356,-0.0024701058864593506,-0.03825325891375542,-0.03627931326627731,-0.03855567052960396,-0.055911123752593994,0.023697316646575928,-0.6661118865013123,0.20940905809402466,-0.039757899940013885,0.34895819425582886,-0.3060285449028015,-0.20871856808662415,-0.014625497162342072,-0.19843143224716187,0.06083150580525398,0.6337714195251465,0.5718908309936523,-0.5110647082328796,-0.011618461459875107,0.4195258319377899,-0.3561035692691803,-0.025173012167215347,0.5797839164733887,0.45713672041893005,-0.16706065833568573,-0.7763165831565857,-0.20842045545578003,0.05195574089884758,-0.43545329570770264,-0.61649489402771,-0.37263354659080505,-0.28624048829078674,0.8212630152702332,-0.3070770800113678,-0.03013661876320839,0.0,-0.0,-0.0
-0.0633932501077652,-0.01880396157503128,0.05309009179472923,-0.0026550106704235077,-0.016820210963487625,-0.9862927794456482,-0.09187828749418259,0.014048987999558449,-0.01087992824614048,0.15197081863880157,-0.06902504712343216,-0.005384694319218397,-0.10135512799024582,-0.0035173045471310616,0.007263297215104103,0.07940066605806351,0.001810699701309204,-0.046874672174453735,-0.0012754807248711586,0.006976556032896042,0.005376560613512993,0.01250595785677433,0.08630799502134323,0.10472270846366882,0.010884804651141167,-0.20922915637493134,-0.007596419658511877,-0.010067269206047058,-0.004963034763932228,-0.0999726802110672,-0.10031168162822723,-0.0036146845668554306,0.20794983208179474,0.007534893229603767,-0.012066373601555824,0.07784783095121384,0.06774947792291641,0.000680387020111084,0.0836556926369667,0.0331653356552124,-0.06066713482141495,-0.044296689331531525,0.057119786739349365,-0.0442795492708683,0.06282328814268112,0.017045795917510986,-0.0067521631717681885,-0.019002169370651245,0.006149798631668091,-0.023844027891755104,-0.046334195882081985,0.017176568508148193,-0.00636364845559001,-0.046471066772937775,0.05165672302246094,-0.0013823629124090075,-0.07189780473709106,0.025315452367067337,-0.057478856295347214,-0.0426020585000515,-0.09518498927354813,-0.029783084988594055,-0.05938783288002014,-0.07228053361177444,-0.6038475036621094,0.2080567181110382,-0.046708643436431885,0.48112672567367554,-0.15402601659297943,-0.4396652281284332,-0.09447894245386124,-0.21170645952224731,0.06726877391338348,0.5316051840782166,0.5913751721382141,-0.6425175070762634,0.07099698483943939,0.4317170977592468,-0.295485258102417,-0.6030625700950623,0.7066120505332947,0.3869461417198181,-0.5820980072021484,-0.8137964010238647,-0.2476327121257782,-0.26948562264442444,-0.17822596430778503,-0.40421372652053833,-0.3827652633190155,-0.13138701021671295,0.8165366053581238,0.028776539489626884,-0.03904493898153305,0.0,-0.0,-0.0
0.07931017875671387,0.0018771030008792877,-0.005169406533241272,-0.008018150925636292,-0.038907747715711594,-1.036671757698059,-0.08842668682336807,0.0018496597185730934,-0.0034640226513147354,0.14098843932151794,-0.08064217865467072,-0.006411499809473753,-0.11533664911985397,-0.0004577990621328354,0.004286831244826317,0.08993877470493317,-0.013158589601516724,-0.026575161144137383,-0.0007298393175005913,0.01034560613334179,0.002315288409590721,0.01803753711283207,0.10582125186920166,0.10230337828397751,0.002319619059562683,-0.21230065822601318,0.0010581687092781067,0.007691819220781326,-0.013349555432796478,-0.11273417621850967,-0.0958666056394577,0.02099798060953617,0.19167545437812805,-8.806027472019196e-05,0.004899189807474613,0.05926653370261192,-0.06562104821205139,-0.02473214827477932,0.02807600609958172,-0.004337144084274769,0.07901393622159958,0.016147255897521973,-0.07225190848112106,-0.012736148200929165,0.010268998332321644,0.02109786868095398,-0.008861452341079712,0.03885464742779732,0.057702161371707916,-0.05406874418258667,0.06770288199186325,0.013594704680144787,0.07077673822641373,-0.0205165334045887,-0.017101561650633812,0.008871066384017467,-0.02576892450451851,-0.02252986468374729,-0.061221133917570114,0.06370687484741211,0.019745707511901855,-0.07879442721605301,0.08180739730596542,0.018527282401919365,-0.5507311820983887,0.08924563974142075,-0.06863908469676971,0.3678361177444458,-0.38022756576538086,0.05430995672941208,-0.2751314640045166,-0.22764727473258972,0.05836230888962746,0.48551124334335327,0.17814195156097412,-0.35180389881134033,0.016788847744464874,0.031633004546165466,-0.19484037160873413,-0.22298559546470642,0.38372087478637695,0.47091466188430786,-0.17223043739795685,-0.9144165515899658,-0.07712981849908829,0.24229362607002258,-0.303465336561203,-0.38368090987205505,-0.24585355818271637,-0.013692926615476608,0.6485472917556763,0.046696558594703674,0.18922357261180878,0.0,-0.0,-0.0
0.03641292080283165,0.02059265598654747,0.060706283897161484,0.06922867894172668,0.023474063724279404,-0.9842858910560608,-0.10051659494638443,0.0014720046892762184,0.0011924263089895248,0.12783588469028473,-0.07019529491662979,-0.002027129754424095,-0.11471235007047653,-0.0069263894110918045,0.005099056288599968,0.09182482212781906,-0.002507660537958145,-0.002882411703467369,0.00372927263379097,-0.0021400125697255135,0.009961193427443504,0.0008245380595326424,0.0986783355474472,0.09850318729877472,0.01085885800421238,-0.19569312036037445,-0.000597209669649601,0.005515138618648052,-0.012982424348592758,-0.10489676147699356,-0.10822087526321411,-0.004214132204651833,0.19304753839969635,0.013556167483329773,-0.008989919908344746,-0.02311115898191929,-0.014279097318649292,-0.01927524246275425,-0.05200747773051262,-0.05494765192270279,0.02689763344824314,0.039358485490083694,-0.00044765471830032766,0.024684429168701172,0.00120746495667845,-0.008242333307862282,0.12079184502363205,0.007138186600059271,0.005258619785308838,0.04520505666732788,-0.04091832414269447,-0.049090683460235596,-0.04338197037577629,0.04295159503817558,0.038283634930849075,0.06515475362539291,0.043334830552339554,0.01192488707602024,0.045972954481840134,0.012917816638946533,-0.11387398093938828,0.07681607455015182,0.03368222713470459,0.015729201957583427,-0.3230475187301636,0.4468518793582916,-0.10541865229606628,0.4821186661720276,-0.2003246396780014,0.1565333604812622,-0.48546695709228516,-0.08860832452774048,0.04054424539208412,0.3437132239341736,0.004862107336521149,-0.19581669569015503,-0.04719534143805504,-0.31842175126075745,-0.13772359490394592,-0.43361878395080566,0.3561469316482544,0.23738378286361694,-0.21804353594779968,-0.7157970070838928,-0.18877744674682617,-0.06399701535701752,-0.13732287287712097,-0.29759472608566284,-0.4746045172214508,-0.4048249423503876,0.8884723782539368,-0.2681499719619751,-0.05108354240655899,0.0,-0.0,-0.0
-0.008753672242164612,0.06892800331115723,-0.039262108504772186,0.02141445502638817,-0.011187434196472168,-0.9519057869911194,-0.09954194724559784,-0.006910212337970734,0.004466382786631584,0.13273529708385468,-0.06215769052505493,-0.008832697756588459,-0.10999296605587006,-0.009731944650411606,-0.004582136403769255,0.08285419642925262,0.0005114832893013954,-0.0014544930309057236,-0.0011640628799796104,-0.005380204878747463,0.004239223897457123,-0.0042317393235862255,0.09918463975191116,0.10796571522951126,0.009413594380021095,-0.2015834003686905,-0.014179832302033901,-0.012622259557247162,0.0014462731778621674,-0.09672091901302338,-0.1069038137793541,0.022441541776061058,0.1856146603822708,-0.009819626808166504,0.011789361014962196,-0.045192744582891464,0.05860620737075806,0.07125377655029297,-0.015240765176713467,0.024990100413560867,0.001746022724546492,0.024639993906021118,0.04420170933008194,-0.06052028760313988,-0.03444897383451462,0.049820639193058014,0.02823091857135296,-0.05047644302248955,0.05374499782919884,0.005146139767020941,0.0004536449851002544,0.024624288082122803,0.0532039999961853,0.035802628844976425,-0.007817787118256092,-0.03371100127696991,-0.08965310454368591,0.04386524111032486,0.05762329325079918,0.06420546025037766,0.09847543388605118,-0.01780754327774048,-0.068851038813591,0.05484655126929283,-0.10669897496700287,0.29837489128112793,-0.00606814119964838,0.6334262490272522,0.07342062890529633,0.08924084156751633,-0.29407650232315063,-0.38554447889328003,0.06105171516537666,0.357936829328537,0.3379305601119995,-0.383003830909729,0.031452130526304245,0.17705956101417542,-0.5152285099029541,-0.2935337424278259,0.6150253415107727,0.5946537256240845,-0.5374571681022644,-0.8859890103340149,-0.4020451009273529,-0.16623800992965698,-0.14674800634384155,-0.5263770818710327,-0.4054301977157593,0.08561655879020691,0.73274165391922,-0.2721822261810303,0.05722753703594208,0.0,-0.0,-0.0
-0.04450305551290512,-0.02391957864165306,0.002816721796989441,-0.006941653788089752,-0.04174083471298218,-1.0135116577148438,-0.09538213163614273,-0.00357683002948761,-0.012941967695951462,0.13813665509223938,-0.07000979781150818,-0.009058726951479912,-0.10888449847698212,-0.0015760790556669235,0.0052969129756093025,0.07627200335264206,0.008473875001072884,0.0046838875859975815,-0.0015013832598924637,-0.000628272071480751,0.02377180941402912,-0.007672091014683247,0.10483629256486893,0.09207388013601303,-0.014969144016504288,-0.20079094171524048,-0.004103315062820911,0.008714376017451286,-0.008210808038711548,-0.08627445995807648,-0.10213786363601685,-0.0014636926352977753,0.20748776197433472,0.004846084862947464,-0.011942250654101372,-0.04586179181933403,0.02264004945755005,-0.0410115122795105,0.06215740367770195,-0.0671149417757988,0.03608764335513115,0.01698976755142212,-0.040960606187582016,0.02255880832672119,-0.005547070410102606,0.03951233625411987,0.010439383797347546,0.04529419168829918,0.06601859629154205,-0.03209301084280014,0.010470420122146606,-0.010032892227172852,-0.07956068962812424,-0.06609328836202621,-0.06389527022838593,-0.0077270688489079475,0.10948742926120758,0.029730379581451416,0.038461197167634964,0.013211250305175781,-0.016684789210557938,0.006814450025558472,0.04379458352923393,-0.013844192028045654,-0.35848283767700195,0.360538125038147,-0.14394983649253845,0.44890111684799194,-0.19989128410816193,0.10556482523679733,-0.09192777425050735,-0.2948967516422272,0.05866139009594917,0.5180318355560303,0.22574424743652344,-0.3556315004825592,-0.014946095645427704,-0.02825506031513214,-0.3840285837650299,-0.13839276134967804,0.32964348793029785,0.26848769187927246,-0.3193401098251343,-0.820751965045929,-0.060029298067092896,0.158180370926857,-0.5062063336372375,-0.7884942293167114,-0.5864688754081726,-0.6622602939605713,0.9340307712554932,-0.09621141850948334,-0.197363018989563,0.0,-0.0,-0.0
0.030023936182260513,0.08873002231121063,0.051593560725450516,0.000621844083070755,0.02120230719447136,-1.0395408868789673,-0.10112735629081726,0.011063672602176666,-0.0039208997040987015,0.11733410507440567,-0.056717440485954285,-0.012537761591374874,-0.12500156462192535,-0.009709884412586689,-0.0012532947584986687,0.0740424320101738,0.004497447982430458,0.001520499587059021,-0.0005936957895755768,-0.0020737983286380768,0.009522795677185059,0.002864561975002289,0.09722907096147537,0.10451710224151611,-0.009521246887743473,-0.20337998867034912,-0.012800956144928932,-0.01422097347676754,0.0003024023026227951,-0.09668003767728806,-0.09028597921133041,0.00027763843536376953,0.19895419478416443,-0.004641932435333729,-0.009446270763874054,-0.05004766210913658,-0.06086599826812744,0.06059139966964722,-0.09116675704717636,-0.043972197920084,-0.0012249111896380782,-0.08705255389213562,-0.06454692035913467,0.05950739607214928,0.039945174008607864,0.02394883707165718,0.006730943918228149,-0.0813213661313057,-0.005892288871109486,0.03899127244949341,0.049919117242097855,0.009252053685486317,-0.01780386082828045,-0.03540024161338806,0.075022853910923,-0.056760676205158234,0.019763994961977005,0.05403731018304825,-0.09321951121091843,0.03509733825922012,-0.02733553759753704,-0.0036923408042639494,0.02739889733493328,0.02624387852847576,-0.3106788396835327,0.45260098576545715,-0.09679651260375977,0.3669893145561218,-0.16388888657093048,0.08043772727251053,-0.29336535930633545,-0.3615474998950958,0.06266601383686066,0.430547297000885,0.14404034614562988,-0.38078007102012634,-0.09343281388282776,-0.19265344738960266,-0.3932674825191498,-0.17562106251716614,0.523870050907135,0.6631755828857422,-0.07765417546033859,-0.8036226034164429,-0.07892756909132004,-0.15135318040847778,-0.21559438109397888,-0.7388887405395508,-0.4732721149921417,-0.2065250724554062,0.6866766214370728,-0.300668329000473,0.06392323970794678,0.0,-0.0,-0.0
-0.04837232828140259,0.028722252696752548,-0.04802796244621277,0.019048254936933517,-0.02473672479391098,-0.9491928815841675,-0.08843959122896194,0.00983114168047905,-0.005219756625592709,0.0985853299498558,-0.06373785436153412,-0.012909350916743279,-0.1146748885512352,-0.010591497644782066,-0.0030018636025488377,0.06834960728883743,-0.006555165164172649,-0.0018140729516744614,0.009759368374943733,0.005218403413891792,0.014041384682059288,0.004435828886926174,0.09808574616909027,0.10586167871952057,0.008108308538794518,-0.20882581174373627,0.00885273702442646,0.004073670133948326,0.0020829448476433754,-0.09661992639303207,-0.09025150537490845,0.0046152472496032715,0.20790840685367584,0.002102167345583439,0.008672604337334633,0.0455915704369545,0.03341745212674141,0.02426248788833618,-0.019544661045074463,0.0032680928707122803,-0.028629660606384277,0.03201521560549736,-0.0462801419198513,-0.028243884444236755,0.017163962125778198,0.01195500511676073,-0.010243010707199574,-0.0639600083231926,0.03626524284482002,0.04817626625299454,-0.06671718508005142,0.036115873605012894,0.024532604962587357,0.04893944412469864,0.03683274984359741,-0.01540143508464098,-0.02850043587386608,0.06047825887799263,0.04797464609146118,-0.08368753641843796,-0.039213042706251144,0.015857577323913574,-0.03484107553958893,0.06084499508142471,-0.1412932425737381,0.29080313444137573,-0.11083592474460602,0.5282742381095886,0.03711120784282684,0.12419790774583817,-0.11007878929376602,-0.371534526348114,0.10262879729270935,0.45857250690460205,0.3075767159461975,-0.3235301077365875,0.0925179123878479,0.11979768425226212,-0.6052268743515015,-0.3466028571128845,0.4486668109893799,0.4357403814792633,-0.2787414491176605,-0.89865642786026,0.006923414766788483,0.14222286641597748,-0.4285505414009094,-0.3648299276828766,-0.4647977650165558,-0.24569742381572723,0.8790363669395447,-0.1858508586883545,0.05097584426403046,0.0,-0.0,-0.0
-0.04380260035395622,-0.045357584953308105,0.03960752114653587,0.039836395531892776,0.042204733937978745,-1.0026044845581055,-0.08459030091762543,0.014530535787343979,-0.009517515078186989,0.11923680454492569,-0.06536149233579636,-0.01038892287760973,-0.12049487233161926,0.004522193223237991,0.002344926819205284,0.0754489079117775,-0.006890656892210245,-0.005277731455862522,-0.006026388145983219,0.009850502014160156,0.020183579996228218,-0.0032955147325992584,0.08403635025024414,0.11335521936416626,0.005522826686501503,-0.19919343292713165,-0.01252000592648983,0.008464643731713295,0.006422920152544975,-0.09554005414247513,-0.10534199327230453,0.013469638302922249,0.1962367445230484,0.0032609160989522934,-0.005227692425251007,-0.00035952331381849945,0.018559103831648827,0.002065640641376376,-0.04836934432387352,-0.04991791769862175,-0.0778447613120079,-0.025119533762335777,0.0454639196395874,0.05961945280432701,-0.06118205934762955,0.03428467735648155,-0.05284286290407181,-0.03136919438838959,0.05337417125701904,0.005352473352104425,0.03265483304858208,-0.05316544324159622,-0.026529822498559952,-0.029972365126013756,0.030228782445192337,-0.058867938816547394,-0.035806719213724136,-0.04040740057826042,-0.07542946189641953,-0.020438378676772118,0.052530933171510696,-0.0601855032145977,0.08579033613204956,-0.03699379786849022,-0.2141372263431549,0.33272260427474976,-0.09217777848243713,0.6225253939628601,0.522127628326416,0.2491893768310547,0.02346571534872055,-0.3308338224887848,0.06719158589839935,0.6379199028015137,0.6466110944747925,-0.10489988327026367,0.02420927956700325,-0.19319337606430054,-0.6204900741577148,-0.16813723742961884,0.25506675243377686,0.27540668845176697,-0.352970689535141,-0.8338313698768616,-0.2889888882637024,-0.0830942690372467,-0.43078160285949707,-0.5023285150527954,-0.30863383412361145,-0.2779041826725006,0.7635588645935059,-0.14287905395030975,-0.10166706144809723,0.0,-0.0,-0.0
0.05795302614569664,-0.0020156726241111755,0.0048982612788677216,0.030194994062185287,0.041114795953035355,-0.9696782827377319,-0.08348119258880615,0.004635509103536606,-0.013753492385149002,0.10998941212892532,-0.056025587022304535,0.001848498359322548,-0.1088801920413971,-0.0034846356138587,0.010848978534340858,0.08326984196901321,-0.016863472759723663,0.00959855131804943,0.011207535862922668,0.004165569320321083,0.015163088217377663,0.0036431513726711273,0.08643914759159088,0.09350541234016418,0.0145187359303236,-0.2046886384487152,-0.0013409340754151344,-0.008717884309589863,0.009238135069608688,-0.0988696962594986,-0.09776879101991653,0.001943383365869522,0.20910747349262238,0.004524074494838715,0.0018467335030436516,0.011683297343552113,0.02387239970266819,-0.07554784417152405,0.006796139758080244,0.010020315647125244,0.029284585267305374,0.009984987787902355,0.04344439506530762,0.05308196693658829,0.06113084778189659,0.01667044870555401,0.007558745332062244,0.008564257994294167,-0.08570937067270279,-0.005341344978660345,-0.0329715833067894,0.01697973720729351,-0.02429906837642193,0.0774524137377739,0.02698845975100994,-0.011882627382874489,0.06233585998415947,0.05917511135339737,-0.04974723979830742,0.010384529829025269,-0.05126582458615303,-0.06697846204042435,-0.054872192442417145,-0.04957001283764839,-0.05634597688913345,0.20865964889526367,-0.05908593535423279,0.5047938823699951,0.5956116914749146,0.3784976899623871,-0.09462513774633408,-0.3870273232460022,0.01966773346066475,0.6676522493362427,0.5946556925773621,0.12597092986106873,-0.01888153702020645,-0.17674881219863892,-0.6501685380935669,-0.2827257812023163,0.5849810242652893,0.44973331689834595,-0.28249019384384155,-0.8799529671669006,0.0014650896191596985,-0.03695608302950859,-0.21309059858322144,-0.36526212096214294,-0.34056761860847473,-0.45481419563293457,0.8396242260932922,-0.3677743971347809,0.10880887508392334,0.0,-0.0,-0.0
-0.03476298972964287,0.022766079753637314,0.005109772086143494,0.017086070030927658,0.036911558359861374,-0.9892981648445129,-0.07221680134534836,0.012576410546898842,-0.017738603055477142,0.09563010185956955,-0.06303375959396362,-0.004992792382836342,-0.10545305907726288,-0.0021438756957650185,-0.0065406449139118195,0.0903358981013298,-0.020600125193595886,-0.0029289843514561653,0.0008619315922260284,0.0066123344004154205,0.0021657459437847137,0.015618154779076576,0.08802051842212677,0.10635299235582352,0.006633909419178963,-0.2114820033311844,-0.003714844584465027,0.009152654558420181,-0.003417555708438158,-0.09461202472448349,-0.09523516148328781,0.0035493699833750725,0.2029440701007843,0.0002723224461078644,0.00907173939049244,0.04446038231253624,-0.030042696744203568,0.03291231393814087,-0.0306007768958807,-0.07581884413957596,-0.043519921600818634,0.013494187965989113,-0.03275221213698387,0.05003542825579643,0.06845060735940933,0.04334283992648125,0.055634092539548874,0.013706213794648647,0.05690585449337959,0.031165599822998047,-0.02039440907537937,0.01992095075547695,-0.05814937502145767,-0.0012058973079547286,0.06766388565301895,-0.05725089833140373,0.002449000021442771,0.03515883907675743,-0.029644032940268517,-0.04931376501917839,0.09006426483392715,-0.058511048555374146,-0.031272757798433304,-0.012968296185135841,-0.049863189458847046,0.2287491261959076,0.014467834495007992,0.5653380155563354,0.45321935415267944,0.2304299771785736,-0.18874332308769226,-0.4659115970134735,0.07859086990356445,0.4974520802497864,0.5287726521492004,-0.10187464952468872,0.040561895817518234,0.22536364197731018,-0.612197756767273,-0.3336111307144165,0.5219621658325195,0.5168802738189697,-0.49360552430152893,-0.8428917527198792,-0.26222479343414307,-0.01628267392516136,-0.5156329870223999,-0.3716479241847992,-0.4325098991394043,-0.18700739741325378,0.7725009322166443,-0.19253653287887573,0.08966654539108276,0.0,-0.0,-0.0
-0.007740151137113571,0.009995296597480774,0.002138793468475342,0.08230604231357574,0.001577422022819519,-0.976776123046875,-0.07411420345306396,0.007057296112179756,-0.0051901089027523994,0.1142749935388565,-0.06241677701473236,-0.020122013986110687,-0.1091950312256813,-0.00010748207569122314,0.003086366690695286,0.09189164638519287,-0.016902776435017586,-0.0010863738134503365,-0.013669958338141441,-0.00943627581000328,0.002771792933344841,0.023600751534104347,0.08351181447505951,0.11411486566066742,0.0104318056255579,-0.20102979242801666,0.008037228137254715,-0.007309596054255962,-0.0011984491720795631,-0.08131327480077744,-0.10017822682857513,-0.0014319941401481628,0.20366846024990082,-0.007294151466339827,0.005876477807760239,0.002799397800117731,-0.059261322021484375,-0.029452521353960037,0.08328524976968765,0.006804871838539839,0.041328560560941696,0.05008150264620781,0.010922873392701149,0.038202978670597076,0.026396645233035088,-0.05228764936327934,0.02451043203473091,0.025583578273653984,0.023629743605852127,0.01608370617032051,0.004019439220428467,-0.0692228153347969,0.031090712174773216,-0.06571708619594574,-0.031629662960767746,-0.05051298066973686,-0.05505608394742012,0.016204481944441795,0.01967494562268257,-0.00521043548360467,-0.06795339286327362,-0.07040620595216751,0.05504250526428223,0.029089152812957764,-0.046090930700302124,0.32472431659698486,-0.10062883794307709,0.5592318177223206,0.4742051362991333,0.31001797318458557,-0.28087469935417175,-0.27972611784935,0.009132836014032364,0.5543308258056641,0.47258812189102173,-0.1374291181564331,-0.04532798007130623,-0.3078986704349518,-0.44225889444351196,-0.3790864944458008,0.4361323118209839,0.5079324841499329,-0.27760615944862366,-0.8209735751152039,0.0003575459122657776,-0.08751491457223892,-0.2987688183784485,-0.43549391627311707,-0.33587968349456787,-0.44839558005332947,0.8210436701774597,-0.16641664505004883,0.03374426066875458,0.0,-0.0,-0.0
-0.03469940647482872,0.020014528185129166,0.03661489859223366,0.06340615451335907,0.039248328655958176,-0.989590048789978,-0.07650675624608994,0.010889431461691856,-0.015764914453029633,0.11187666654586792,-0.06763230264186859,-0.011937137693166733,-0.09583780169487,0.012444190680980682,-0.00654239347204566,0.09246767312288284,-0.023488055914640427,0.002243638038635254,0.0012910403311252594,-0.009066559374332428,-0.007854064926505089,0.011987771838903427,0.09024246037006378,0.10325423628091812,0.020542273297905922,-0.2048240453004837,0.012117763981223106,3.138743340969086e-05,-0.0004237815737724304,-0.08393833041191101,-0.09778986126184464,-0.0011297306045889854,0.19304883480072021,-0.00024307705461978912,0.0005784137174487114,-0.05435779690742493,0.0682721734046936,0.04144871234893799,-0.06008917838335037,0.028690338134765625,-0.0022525787353515625,0.016586018726229668,0.05750558525323868,0.05645446851849556,0.0011211037635803223,-0.027423763647675514,0.028787458315491676,0.043979763984680176,0.034256696701049805,-0.01811882294714451,-0.04044564813375473,0.09692513197660446,-0.07557898759841919,0.037782084196805954,-0.054661672562360764,-0.07818740606307983,0.07878782600164413,-0.03064105473458767,-0.04116533696651459,0.040388476103544235,0.03624389320611954,-0.015715569257736206,-0.07026098668575287,0.04126950725913048,-0.09827278554439545,0.35374346375465393,-0.01289366278797388,0.5325248837471008,0.5167325735092163,0.09271679073572159,-0.1813105344772339,-0.35301682353019714,0.024475600570440292,0.5692298412322998,0.6298099160194397,-0.2785145342350006,-0.029051516205072403,0.13885921239852905,-0.5178935527801514,-0.5162426233291626,0.6543606519699097,0.3408394753932953,-0.28618988394737244,-0.8321781158447266,-0.18633583188056946,0.06399939954280853,-0.2232203185558319,-0.6723078489303589,-0.47201335430145264,-0.05238993093371391,0.7763815522193909,-0.15277527272701263,-0.09739495068788528,0.0,-0.0,-0.0
-0.02384069189429283,-0.02286643534898758,-0.025044061243534088,0.016526680439710617,0.033831339329481125,-1.014978289604187,-0.06471244245767593,0.021747974678874016,-0.00606408528983593,0.1061680018901825,-0.07872176915407181,-0.023958005011081696,-0.09143704921007156,0.0019095409661531448,-0.00602739816531539,0.10373228043317795,-0.030532874166965485,-0.006885360460728407,0.005735863000154495,-0.011213121935725212,0.0033157598227262497,0.003990819677710533,0.07782906293869019,0.09752180427312851,0.009809285402297974,-0.21147558093070984,0.008252659812569618,-0.014717597514390945,-0.011900730431079865,-0.09651380032300949,-0.09011808782815933,0.0023035928606987,0.20715315639972687,-0.002454875037074089,-0.007595463655889034,-0.02420814149081707,0.011145723052322865,0.011123520322144032,0.007565129082649946,-0.01254194974899292,-0.06159086152911186,0.07898028939962387,-0.0008499324321746826,0.0680215135216713,-0.031870171427726746,0.03843144327402115,-0.029668578878045082,-0.056556928902864456,0.044862937182188034,0.0013300121063366532,-0.049385253340005875,-0.07781495153903961,0.04629841074347496,-0.09543269872665405,-0.03731231763958931,-0.022059066221117973,-0.01900603249669075,0.06720103323459625,-0.021731728687882423,-0.01919122412800789,-0.0100746750831604,0.07090317457914352,0.080230712890625,0.06793303787708282,0.05498112738132477,0.11260748654603958,-0.010626212693750858,0.5229296088218689,0.3499804735183716,0.13218790292739868,-0.2744680643081665,-0.502083957195282,0.0380169041454792,0.4798869490623474,0.5369799137115479,-0.2472640573978424,-0.031932808458805084,0.09169428050518036,-0.3778124153614044,-0.27794307470321655,0.2904115915298462,0.5051937103271484,-0.46518585085868835,-0.7434273362159729,-0.22741609811782837,-0.14066621661186218,-0.11803802102804184,-0.5736808776855469,-0.5696223378181458,-0.2880028784275055,0.8080225586891174,-0.05149967968463898,-0.09591827541589737,0.0,-0.0,-0.0
-0.00047942623496055603,-0.007312815636396408,-0.0035018213093280792,0.05814046785235405,-0.014446265995502472,-0.9665644764900208,-0.0554807186126709,0.022550908848643303,-0.00641113705933094,0.08583560585975647,-0.05580916255712509,-0.018345387652516365,-0.08952965587377548,-0.003937811590731144,-0.01445612870156765,0.09151531755924225,-0.03199680894613266,-0.009137075394392014,0.00010705739259719849,-0.010421158745884895,0.0020172996446490288,0.005213754251599312,0.08239160478115082,0.1041964516043663,0.026010239496827126,-0.19847072660923004,0.004062086343765259,0.005345428362488747,0.0011906037107110023,-0.10102599859237671,-0.09537806361913681,0.0008019562810659409,0.19788390398025513,-0.008038429543375969,-0.010181005112826824,-0.05217025429010391,0.07486293464899063,-0.0345507487654686,0.02231750451028347,0.04163604974746704,-0.06240495666861534,-0.05717496946454048,-0.07270494103431702,-0.005068987607955933,0.031897056847810745,0.05668395757675171,0.0639171376824379,0.05747959762811661,-0.028752867132425308,0.06353407353162766,-0.0021629929542541504,0.001998388906940818,-0.01717768982052803,0.06861449778079987,-0.004976916592568159,-0.015450358390808105,0.0254183541983366,0.005851644556969404,-0.017419500276446342,-0.08258723467588425,0.046936966478824615,-0.005606269929558039,0.00289994478225708,-0.005114072468131781,-0.16588662564754486,0.19830292463302612,-0.0625653937458992,0.36202913522720337,0.4039245843887329,0.0905671939253807,-0.07285202294588089,-0.34228837490081787,0.03323822841048241,0.6031895279884338,0.3512212634086609,-0.29385972023010254,0.028393011540174484,0.18413108587265015,-0.41527020931243896,-0.20181535184383392,0.7030776739120483,0.4883398115634918,-0.1545134037733078,-0.7392149567604065,-0.23454853892326355,0.13220404088497162,-0.2467285692691803,-0.5180755853652954,-0.4568074345588684,-0.23319460451602936,0.7529062628746033,-0.2358110547065735,-0.06883464753627777,0.0,-0.0,-0.0
-0.04719622805714607,-0.07176238298416138,-0.03350995481014252,-0.014742974191904068,-0.04245796054601669,-0.9620313048362732,-0.03760489076375961,0.02167307771742344,-0.022366918623447418,0.07772880047559738,-0.0630107969045639,-0.02163092792034149,-0.09104935079813004,0.010316237807273865,0.0020502544939517975,0.1122707650065422,-0.04564686119556427,0.0028461702167987823,-0.006166095845401287,0.007393017411231995,-0.006620025262236595,0.011394353583455086,0.09625597298145294,0.09870519489049911,0.006135834380984306,-0.20933470129966736,0.006842473521828651,-0.006537510082125664,-0.006949875503778458,-0.10426776111125946,-0.10341189801692963,-0.009980617091059685,0.1970946490764618,0.005195139907300472,0.0053824130445718765,0.03951007127761841,-0.028561100363731384,-0.06428848206996918,-0.06822618097066879,-0.05616244301199913,0.004492527339607477,0.06258757412433624,-0.03486567735671997,0.023171991109848022,0.07371827214956284,0.04034234210848808,0.012360609136521816,0.04937039688229561,0.04959456995129585,-0.051554273813962936,0.032715894281864166,-0.0008572936058044434,-0.020137101411819458,-0.09510617703199387,0.02170429937541485,-0.03411844000220299,-0.08163822442293167,0.04008829593658447,-0.012149113230407238,-0.022675199434161186,-0.05581073835492134,-0.031183144077658653,0.0659639835357666,-0.04583003744482994,0.07552479207515717,0.03416294604539871,-0.013271958567202091,0.4341568946838379,0.3133152723312378,0.05333005636930466,-0.034832172095775604,-0.37594690918922424,0.1344931721687317,0.6115219593048096,0.1880696415901184,-0.2689493000507355,-0.08523324131965637,0.34159210324287415,-0.6242221593856812,-0.42281752824783325,0.5773190855979919,0.44968482851982117,-0.5798622369766235,-0.8471956849098206,-0.2676699757575989,-0.1384524255990982,-0.2825544476509094,-0.48536446690559387,-0.3843516409397125,-0.3767577111721039,0.8006443977355957,-0.19309793412685394,0.119463711977005,0.0,-0.0,-0.0
0.06263852119445801,0.06023077294230461,-0.022530104964971542,0.06661128997802734,0.02053156867623329,-1.03744375705719,-0.04718936234712601,0.015910500660538673,-0.00981537438929081,0.08086232095956802,-0.06501513719558716,-0.015473670326173306,-0.10967514663934708,0.007615936920046806,0.006151629611849785,0.12700487673282623,-0.057535357773303986,-0.010020210407674313,-0.018220853060483932,0.009697847068309784,0.002377774566411972,0.002226540818810463,0.08963054418563843,0.0965752825140953,0.008640315383672714,-0.20386117696762085,-0.013582945801317692,0.003839392215013504,-0.015478652901947498,-0.09855430573225021,-0.08908426761627197,-0.008799456059932709,0.2051238864660263,-0.008865089155733585,-0.003968613687902689,-0.0488627664744854,-0.04323806241154671,0.0464964285492897,0.018832404166460037,0.0013065874809399247,0.05350685119628906,-0.012605393305420876,-0.00026016830815933645,0.07624167203903198,0.061563946306705475,0.020911013707518578,0.05786435678601265,-0.06762217730283737,-0.015772271901369095,0.06740211695432663,-0.08395509421825409,-0.03631322458386421,0.08364446461200714,-0.03109668754041195,-0.006224733777344227,0.05474152788519859,-0.03303305432200432,-0.039549119770526886,0.04806027561426163,-0.039697837084531784,0.06661348789930344,-0.03464872017502785,0.02773270569741726,0.005902481265366077,-0.22075842320919037,0.22445574402809143,-0.046168774366378784,0.3397165536880493,0.3588724732398987,0.24334117770195007,-0.47574496269226074,-0.26460760831832886,0.005562059581279755,0.47416236996650696,-0.1115770936012268,-0.11381202936172485,-0.011219780892133713,-0.28893592953681946,-0.015092581510543823,-0.37500131130218506,0.487027645111084,0.48525869846343994,-0.11203083395957947,-0.8383243083953857,-0.139556884765625,0.2000282257795334,-0.27226078510284424,-0.3786768913269043,-0.2882053554058075,-0.03397442027926445,0.7827414870262146,-0.21173110604286194,0.001820787787437439,0.0,-0.0,-0.0
-0.04092829301953316,-0.10048496723175049,0.07407239079475403,-0.028978267684578896,0.024740230292081833,-1.00685715675354,-0.042507000267505646,0.005980236455798149,-0.015836747363209724,0.07040134817361832,-0.07080932706594467,-0.019900042563676834,-0.0919443815946579,0.005350805819034576,-0.01668071746826172,0.10898115485906601,-0.04524344950914383,-0.01579940691590309,-0.003321271389722824,0.011045612394809723,0.011391416192054749,-0.007261971011757851,0.08723350614309311,0.10158167779445648,0.0023609399795532227,-0.20226342976093292,-0.007099478505551815,-0.003196440637111664,0.0042456891387701035,-0.11701054126024246,-0.11043766885995865,-0.019437730312347412,0.1882392168045044,-0.0002073179930448532,0.006850995123386383,0.013622581958770752,0.07269840687513351,-0.06780744343996048,0.03849376365542412,-0.05981364846229553,0.055063750594854355,-0.009783602319657803,-0.012733250856399536,0.007867693901062012,-0.0369420051574707,0.08423459529876709,-0.026862338185310364,0.0599701888859272,0.06847981363534927,-0.057055313140153885,-0.019800245761871338,0.044164933264255524,0.047136712819337845,-0.0020446479320526123,-0.03903837129473686,0.04417015239596367,-0.02828667126595974,0.08392800390720367,-0.012427473440766335,-0.03154042363166809,-0.09231163561344147,-0.05135325342416763,-0.00469706067815423,-0.01861490122973919,0.13310696184635162,0.28513696789741516,-0.10924522578716278,0.5204287171363831,0.5572423934936523,0.27492213249206543,0.08267464488744736,-0.345429390668869,0.03392131254076958,0.5133597254753113,0.41129812598228455,-0.050170447677373886,0.12129004299640656,-0.1139533743262291,-0.6653283834457397,-0.10376577079296112,0.4962341785430908,0.4574158787727356,-0.304588258266449,-0.7940796613693237,-0.1697847843170166,-0.12053132057189941,-0.07074261456727982,-0.6857399940490723,-0.5759643912315369,-0.3722222149372101,0.7865392565727234,-0.1657174974679947,0.07448235154151917,0.0,-0.0,-0.0
0.04937784746289253,0.04052526876330376,-0.031888313591480255,-0.009264577180147171,-0.016238313168287277,-0.9736040234565735,-0.04276995360851288,0.021443476900458336,-0.01647935062646866,0.06573925912380219,-0.058153606951236725,-0.004106747917830944,-0.08981608599424362,-0.001911340281367302,0.005596363916993141,0.1153833195567131,-0.05067078024148941,-0.013525834307074547,-0.0005833962932229042,0.0023343749344348907,-0.014860358089208603,-0.0017380574718117714,0.1038305014371872,0.09660125523805618,0.008364569395780563,-0.19761021435260773,0.00019983667880296707,0.004887585528194904,0.0014223139733076096,-0.11176282167434692,-0.10150328278541565,0.0018279161304235458,0.2080037146806717,-0.01043455209583044,0.0006347037851810455,-0.06772708147764206,0.01809789054095745,0.019097555428743362,0.04524015262722969,-0.02231416665017605,0.0009285688283853233,0.00010405779175926,0.02035006880760193,-0.014651608653366566,-0.005626183934509754,-0.056874074041843414,0.054330646991729736,0.044025372713804245,-0.03719785436987877,0.017536712810397148,0.09156912565231323,-0.05574141815304756,0.045365430414676666,-0.07298851013183594,-0.006031853146851063,-0.00790936965495348,0.08067630976438522,-0.013445365242660046,0.02880305051803589,0.050634562969207764,0.020409483462572098,-0.024845940992236137,-0.01436914224177599,-0.06922575831413269,0.0370265394449234,0.2625187337398529,-0.01055461261421442,0.4316336512565613,0.7384225130081177,0.2748008668422699,-0.29874640703201294,-0.3177386224269867,0.06261351704597473,0.5601789951324463,0.34853634238243103,-0.0001576654613018036,-0.10165448486804962,-0.3460478186607361,-0.3593198359012604,-0.15711389482021332,0.37313616275787354,0.20329633355140686,-0.22096316516399384,-0.8149610161781311,-0.14262761175632477,0.1035526692867279,-0.45732581615448,-0.37295588850975037,-0.2696603834629059,-0.08460260927677155,0.9218604564666748,-0.06512536108493805,-0.08509941399097443,0.0,-0.0,-0.0
-0.02788405865430832,-0.05686096101999283,-0.0003219395875930786,0.0384146012365818,0.015337374061346054,-1.0070264339447021,-0.019620714709162712,0.02265588752925396,-0.014563292264938354,0.07032053172588348,-0.052747681736946106,-0.009107967838644981,-0.09159740060567856,0.011273028329014778,-0.0022402266040444374,0.12316281348466873,-0.05615224689245224,-0.006778121460229158,-0.012248685583472252,0.003243108280003071,-0.0024049472995102406,0.0055214762687683105,0.10034848749637604,0.09948921203613281,0.00258699432015419,-0.19578582048416138,-0.004716315306723118,-0.016068819910287857,-0.01159844733774662,-0.10873044282197952,-0.10932542383670807,-0.0005010571330785751,0.20763303339481354,0.006837420165538788,-0.0031754495576024055,-0.03760785982012749,-0.05443810299038887,0.07037106901407242,-0.025302672758698463,-0.04169375076889992,0.06537389755249023,-0.053299542516469955,0.059198059141635895,0.04974081739783287,0.049862731248140335,-0.01765524223446846,-0.04252144321799278,0.07111483812332153,-0.010851598344743252,0.027261091396212578,0.042873453348875046,0.005942833609879017,0.05865271016955376,0.04305325821042061,-0.07484245300292969,-0.022960150614380836,-0.0222125593572855,0.022043729200959206,-0.05615738034248352,-0.029458671808242798,-0.0355994738638401,-0.05609416961669922,0.06991647928953171,0.012361884117126465,0.1600916087627411,0.08600027114152908,-0.03616970777511597,0.3878191113471985,0.5275664925575256,0.16419461369514465,-0.31455695629119873,-0.2232854664325714,0.07965132594108582,0.5005154013633728,0.06733190268278122,-0.10070635378360748,-0.08659055829048157,0.1372508853673935,-0.3083571195602417,-0.43117761611938477,0.5647029280662537,0.43158382177352905,-0.3070947229862213,-0.8302094340324402,-0.17072057723999023,-0.2634161114692688,-0.1955832540988922,-0.5423237681388855,-0.6003997325897217,-0.3255651891231537,0.7579226493835449,-0.03613470494747162,0.05994144082069397,0.0,-0.0,-0.0
0.03918057307600975,0.054391566663980484,-0.010327842086553574,0.06454715132713318,0.014867942780256271,-0.9699499607086182,-0.02603771723806858,0.0035911500453948975,-0.014010214246809483,0.0696331337094307,-0.05288122594356537,5.384907126426697e-05,-0.0941094309091568,0.0067300982773303986,0.00642784871160984,0.11772235482931137,-0.063474640250206,-0.005939286667853594,-0.011084412224590778,0.005318320356309414,-0.00235372269526124,-0.011597802862524986,0.09467737376689911,0.08783867955207825,-0.006746932864189148,-0.21134072542190552,-0.012799999676644802,-0.0011086929589509964,0.013501958921551704,-0.09505756944417953,-0.11259809881448746,0.0037950100377202034,0.19224625825881958,0.0007919911295175552,-0.00027510523796081543,-0.009371424093842506,-0.05208323150873184,0.0583796389400959,-0.031541336327791214,0.019557667896151543,0.07528240978717804,-0.011685001663863659,-0.02169397473335266,-0.03182908147573471,-0.004527711775153875,0.013236350379884243,0.07633429020643234,-0.024841679260134697,-0.06136775016784668,0.05330244451761246,-0.04225624352693558,0.04381423071026802,-0.02607603743672371,-0.057273682206869125,-0.007384985685348511,-0.02430856227874756,0.0766030102968216,-0.042534321546554565,0.035045064985752106,-0.02216660976409912,-0.04835733398795128,-0.06834601610898972,-0.09864895790815353,-0.02192719653248787,0.21312029659748077,0.041170574724674225,-0.02852082997560501,0.36369431018829346,0.4522770643234253,0.2969154715538025,-0.3577682375907898,-0.3416556715965271,0.0487498976290226,0.459192156791687,-0.03404545038938522,-0.024382334202528,-0.04556424543261528,-0.04381471872329712,-0.38069018721580505,-0.46686166524887085,0.3529713749885559,0.30348777770996094,-0.36320945620536804,-0.8292037844657898,-0.11578469723463058,0.128707155585289,-0.20400115847587585,-0.32839012145996094,-0.2824331223964691,-0.21419216692447662,0.7784842848777771,-0.3584229648113251,0.04863157123327255,0.0,-0.0,-0.0
-0.04365019500255585,-0.06537613272666931,-0.0014092512428760529,0.039007555693387985,0.0243937186896801,-0.9880357384681702,-0.016158634796738625,0.018421849235892296,-0.020002098754048347,0.06754650175571442,-0.06242743134498596,-0.009628345258533955,-0.07419408112764359,0.0067568495869636536,-0.006055736914277077,0.12247111648321152,-0.04372306913137436,-0.014607412740588188,-0.013758324086666107,-0.0019082436338067055,0.0011867247521877289,-0.01083824597299099,0.085955411195755,0.10259480774402618,-0.002398368902504444,-0.20849579572677612,0.012532420456409454,-0.013202889822423458,0.001877814531326294,-0.098970927298069,-0.09960176795721054,0.010390957817435265,0.20612454414367676,-0.0017565060406923294,0.012822480872273445,-0.06518470495939255,-0.03826890140771866,0.029957687482237816,-0.015707707032561302,-0.019113576039671898,-0.054490458220243454,0.05666995048522949,0.023662317544221878,-0.008221978321671486,0.032697536051273346,-0.06081918999552727,-0.0264482032507658,-0.029778439551591873,-0.046437639743089676,-0.048381175845861435,0.03249753639101982,-0.0417093001306057,0.09604852646589279,0.01253135222941637,0.07657962292432785,0.0809066891670227,0.03904087468981743,-0.05965569615364075,0.044317808002233505,-0.032561250030994415,0.02336711995303631,0.030600404366850853,0.027974499389529228,-0.05715447664260864,0.10137704014778137,0.3287779986858368,-0.08797511458396912,0.5141074657440186,0.611076295375824,0.22473794221878052,0.09702327102422714,-0.2688973844051361,0.04575355723500252,0.6127828359603882,0.5082438588142395,-0.10423082113265991,0.07586431503295898,-0.04852544516324997,-0.5500553846359253,-0.05111408606171608,0.37439805269241333,0.5629158020019531,-0.15237288177013397,-0.7411280274391174,0.03508364409208298,-0.16964200139045715,-0.24217572808265686,-0.5776247382164001,-0.33065247535705566,-0.22946877777576447,0.8639090061187744,0.0026763956993818283,0.1280861347913742,0.0,-0.0,-0.0
-0.00202086940407753,0.04499505087733269,-0.008241504430770874,0.026434864848852158,0.03580208495259285,-0.9873421788215637,-0.020683694630861282,0.00559464655816555,-0.011064444668591022,0.07578144967556,-0.06507563591003418,-0.022209975868463516,-0.07211897522211075,-0.005265543237328529,-0.005939850118011236,0.11251457035541534,-0.04407195746898651,-0.007906045764684677,-0.013474925421178341,0.0075188856571912766,0.016458841040730476,-0.003032125998288393,0.08102348446846008,0.09064372628927231,0.017804227769374847,-0.2053394913673401,-0.004912852309644222,-0.004318743012845516,0.012951787561178207,-0.10959519445896149,-0.09201936423778534,-0.003169055562466383,0.1872166246175766,0.006158048287034035,0.00793454609811306,-0.05164315924048424,-0.05903672054409981,-0.01331485528498888,0.05884040519595146,-0.01850849948823452,-0.040858473628759384,-0.0010409116512164474,-0.07106906920671463,-0.015406692400574684,-0.021515024825930595,-0.0019857168663293123,-0.022728104144334793,0.003673768136650324,-0.06304857134819031,0.053151439875364304,0.012798011302947998,0.04047662019729614,0.010033058933913708,-0.014330053701996803,-0.04397429898381233,-0.0941154882311821,-0.06488125026226044,0.014674193225800991,0.018559658899903297,0.05539225414395332,0.026532400399446487,-0.053382109850645065,0.03117605485022068,0.006338715553283691,-0.14243048429489136,0.1022159680724144,-0.02109881490468979,0.29414618015289307,0.4628019332885742,0.21755728125572205,-0.1512417197227478,-0.39465174078941345,0.047518450766801834,0.5701707601547241,0.29182353615760803,-0.1891348958015442,-0.005866929888725281,0.14922240376472473,-0.15739649534225464,-0.2374177724123001,0.5372098684310913,0.3020800054073334,-0.27771279215812683,-0.7743974328041077,-0.4401702880859375,-0.06873296201229095,-0.15748220682144165,-0.5725324153900146,-0.4396037757396698,-0.3299017548561096,0.7208365797996521,-0.17923977971076965,-0.05315765365958214,0.0,-0.0,-0.0
-0.02825547382235527,-0.0858365148305893,-0.02323463186621666,0.004416085779666901,-0.02064281888306141,-0.989999532699585,-0.013826576061546803,0.005613421089947224,-0.008150855079293251,0.07294661551713943,-0.07335447520017624,-0.004861496388912201,-0.06960298866033554,0.003774534910917282,-0.007029935717582703,0.11134639382362366,-0.04277997463941574,0.0010738112032413483,-0.002866193652153015,0.015919210389256477,0.014409221708774567,-0.0009794700890779495,0.08548174798488617,0.08928932249546051,0.002820044755935669,-0.19953276216983795,-0.0006996933370828629,-0.011298738420009613,0.013795146718621254,-0.10948044061660767,-0.10712781548500061,0.009731218218803406,0.2002565860748291,-0.008118385449051857,0.00398984644562006,0.0516270287334919,0.058211006224155426,0.06395256519317627,0.02056952193379402,-0.07912831753492355,-0.008721149526536465,0.02576575241982937,0.06204637512564659,0.025364531204104424,0.008190179243683815,0.04183344915509224,0.07634172588586807,0.03823511675000191,0.03840242698788643,0.040853630751371384,-0.004836356732994318,-0.04163316637277603,0.025735175237059593,-0.06111311912536621,-0.03276995196938515,0.0027076066471636295,-0.011928754858672619,0.01914660446345806,-0.02558232843875885,-0.030505672097206116,0.04469205066561699,0.03522602468729019,-0.06023728474974632,-0.03073611669242382,0.0711594671010971,0.443407267332077,-0.07342688739299774,0.39539259672164917,0.3884314298629761,0.10460428148508072,0.1791520118713379,-0.26792433857917786,0.06160170957446098,0.6580610871315002,0.42092418670654297,-0.2694169282913208,-0.03676110506057739,-0.05660388618707657,-0.6451339721679688,-0.3192019760608673,0.44495564699172974,0.5315431952476501,-0.3092624247074127,-0.8543371558189392,0.018659405410289764,0.10349029302597046,-0.39369720220565796,-0.5458751320838928,-0.654185950756073,-0.30585500597953796,0.8811464309692383,-0.3255615532398224,-0.11746098846197128,0.0,-0.0,-0.0
0.049786824733018875,0.14197690784931183,-0.040222615003585815,0.014237549155950546,-0.012092024087905884,-1.0401508808135986,-0.015625759959220886,-0.0012540314346551895,-0.008550629951059818,0.08391531556844711,-0.06250438094139099,-0.00825455691665411,-0.07264143973588943,-0.003859221935272217,-0.009284069761633873,0.11713307350873947,-0.04545947164297104,0.004260136745870113,-0.009399712085723877,0.009704980999231339,0.0007317587733268738,0.004812669008970261,0.0912352129817009,0.09002875536680222,0.007444566115736961,-0.2066851258277893,0.004160908982157707,-2.293568104505539e-05,0.011950792744755745,-0.09086122363805771,-0.10836523771286011,-0.002959662117063999,0.20287907123565674,0.014015892520546913,-0.01247456856071949,-0.07111399620771408,0.047621726989746094,0.05567896366119385,0.013605094514787197,-0.03074434958398342,0.10088635981082916,-0.0008851289749145508,-0.0161622054874897,0.02885350026190281,0.043636586517095566,0.06239276006817818,0.03654979541897774,-0.04322129115462303,-0.0303666889667511,-0.08329576253890991,-0.06312640011310577,0.006129711866378784,0.02333099953830242,-0.05548500642180443,-0.04541604593396187,-0.07479675114154816,-0.01574893668293953,-0.05772867798805237,-0.036937352269887924,0.03811221197247505,0.02364872768521309,0.06568849086761475,0.00017399787611793727,-0.005595356225967407,-0.027066007256507874,0.32911011576652527,-0.09114383161067963,0.41941380500793457,0.46365392208099365,0.4099908173084259,-0.2205442190170288,-0.36909183859825134,0.04092016443610191,0.5621232986450195,0.3647771179676056,-8.883699774742126e-05,-0.050679080188274384,-0.3465685546398163,-0.36082616448402405,-0.25752773880958557,0.5772923231124878,0.4371162950992584,-0.19058752059936523,-0.8064669966697693,-0.13046479225158691,0.13936567306518555,-0.4402296841144562,-0.38532111048698425,-0.32430359721183777,-0.4029989242553711,0.7803714275360107,-0.027896659448742867,-0.008561357855796814,0.0,-0.0,-0.0
-0.005419250577688217,-0.0826537162065506,0.0314936600625515,-0.020461950451135635,0.046215999871492386,-0.9922131299972534,-0.014628443866968155,0.015111571177840233,-0.001704513095319271,0.08516980707645416,-0.07729323208332062,-0.005651684943586588,-0.07429617643356323,0.007921282202005386,-0.004091160837560892,0.11992626637220383,-0.04414048790931702,-0.009809939190745354,-0.008644750341773033,-0.008360675536096096,0.022089125588536263,0.00216827355325222,0.07933416962623596,0.09427503496408463,0.022224081680178642,-0.19668292999267578,-0.0024582133628427982,-0.0038120457902550697,0.005272984504699707,-0.08766213804483414,-0.10804293304681778,0.0065056197345256805,0.20708896219730377,0.006656099110841751,0.0002035023644566536,0.04449930414557457,-0.023031694814562798,-0.03881820663809776,-0.023087048903107643,-0.061313118785619736,-0.05252460390329361,-0.0016233802307397127,0.05759512260556221,0.0506037138402462,-0.07460511475801468,-0.01761881820857525,0.015318209305405617,-0.03727544844150543,0.026158977299928665,0.00966349896043539,-0.030686739832162857,0.007895583286881447,-0.04860261455178261,-0.009951693005859852,0.038149215281009674,0.06995882838964462,-0.03614574298262596,0.005027967970818281,-0.0037037611473351717,0.06408192962408066,0.040497925132513046,-0.009744549170136452,0.030701255425810814,-0.03822660073637962,-0.0585419237613678,0.3969078063964844,-0.09207671880722046,0.38465416431427,0.21162442862987518,0.3342275619506836,-0.06992629915475845,-0.26180797815322876,0.01166628673672676,0.45607173442840576,-0.09158529341220856,-0.04387292638421059,0.04333258047699928,-0.12207748740911484,-0.14006999135017395,-0.024411935359239578,0.457038938999176,0.5201705098152161,-0.1366298794746399,-0.7179450988769531,-0.05437120050191879,-0.05002514645457268,-0.12640130519866943,-0.575108528137207,-0.49402669072151184,-0.17131459712982178,0.7538063526153564,-0.30210378766059875,0.06716263294219971,0.0,-0.0,-0.0
0.004443280398845673,0.16333788633346558,-0.06619184464216232,0.0144522525370121,0.04176568612456322,-0.9701013565063477,-0.021610558032989502,0.015090188011527061,-0.00973768811672926,0.07500186562538147,-0.07490786910057068,-0.02081591635942459,-0.08318062126636505,-0.002824641764163971,0.00411362387239933,0.10270952433347702,-0.05293160676956177,-0.01187014952301979,-0.0031021935865283012,-0.006436660420149565,0.017602289095520973,0.013587059453129768,0.09090518206357956,0.09649407118558884,0.023203806951642036,-0.19927926361560822,-0.005232047289609909,-0.0006926264613866806,0.0009664278477430344,-0.10413999855518341,-0.10498553514480591,-0.015192251652479172,0.19906112551689148,-0.00424731383100152,-0.008457817137241364,-0.10298458486795425,-0.027649566531181335,-0.045344628393650055,-0.0515117309987545,0.04994375631213188,0.023969728499650955,-0.0799885019659996,0.048158980906009674,0.036057185381650925,-0.06552022695541382,0.008134382776916027,0.058154571801424026,0.00898329634219408,-0.008465701714158058,0.051785971969366074,0.004146188497543335,0.016597241163253784,0.013414275832474232,-0.04573875293135643,0.02641969919204712,-0.1000085100531578,-0.0323798842728138,0.061725031584501266,-0.0005736529710702598,-0.03105849027633667,-0.090376116335392,-0.03651440516114235,0.06180443987250328,-0.04617631062865257,-0.1158512681722641,0.24504917860031128,-0.05002951622009277,0.3419555425643921,0.2323259562253952,0.31378233432769775,-0.21302318572998047,-0.5882019400596619,0.08495232462882996,0.4408056437969208,0.10022404044866562,-0.14870305359363556,0.053750839084386826,0.05844384431838989,-0.3347133696079254,-0.2934403717517853,0.5832366347312927,0.5718695521354675,-0.4200133979320526,-0.9143763780593872,-0.41103070974349976,0.13370651006698608,-0.4253358542919159,-0.654518187046051,-0.5152097940444946,-0.4113592207431793,0.7270362973213196,-0.31676653027534485,0.01836451143026352,0.0,-0.0,-0.0
0.010062824934720993,-0.13764341175556183,-0.014187507331371307,0.03322799876332283,-0.03910619392991066,-0.9535428881645203,-0.022801747545599937,0.019970042631030083,-0.010586991906166077,0.07813781499862671,-0.07475157827138901,-0.013005823828279972,-0.05820953845977783,-0.002233581617474556,0.0012318594381213188,0.09006789326667786,-0.03973878175020218,-0.010612402111291885,-0.011449635960161686,-0.013983290642499924,0.031861983239650726,0.004354543052613735,0.09362763166427612,0.09505176544189453,0.0053861550986766815,-0.20603279769420624,0.005774402990937233,0.01408030092716217,-0.009277645498514175,-0.11367091536521912,-0.11539333313703537,0.00976995937526226,0.1869121640920639,-0.01518986001610756,0.01711471937596798,0.0328502431511879,-0.007477510254830122,-0.001320099807344377,0.029018033295869827,-0.0455162450671196,0.012048465199768543,0.12424593418836594,-0.036877214908599854,-0.009531152434647083,-0.03545895591378212,-0.009690207429230213,-0.046967435628175735,-0.020880138501524925,0.025441765785217285,0.011666953563690186,-0.019448578357696533,-0.06656835228204727,-0.06198296695947647,-0.02010120265185833,-0.01349113043397665,0.06529965251684189,-0.012850701808929443,0.03873930126428604,-0.0633784756064415,0.03422074392437935,0.010772466659545898,-0.019474679604172707,-0.07018755376338959,0.04180021211504936,0.24531440436840057,0.2516171336174011,-0.03174075484275818,0.5098913908004761,0.49086689949035645,0.15688827633857727,0.41903194785118103,-0.39041250944137573,0.1029481589794159,0.7660582065582275,0.5957322120666504,-0.1749761998653412,-0.03518709912896156,0.14358863234519958,-0.8547439575195312,-0.3874431550502777,0.439444899559021,0.36673274636268616,-0.4463050067424774,-0.9238341450691223,0.02982321009039879,0.020948905497789383,-0.3424780070781708,-0.505255937576294,-0.4166480004787445,-0.155448779463768,0.8257505297660828,-0.2411249577999115,0.16396191716194153,0.0,-0.0,-0.0
0.011464070528745651,0.16315406560897827,0.05782439932227135,0.0534735731780529,0.048039477318525314,-0.9773399829864502,-0.019463181495666504,0.006650697439908981,-0.014886836521327496,0.08311343193054199,-0.08840668946504593,-0.019485775381326675,-0.07914581894874573,-0.005778628401458263,-0.0048099420964717865,0.10779307782649994,-0.0389796644449234,-0.00768737168982625,-0.006307792849838734,-0.00023625139147043228,0.021042244508862495,0.02662801183760166,0.09518478810787201,0.10406868904829025,0.020155804231762886,-0.20633146166801453,0.0015368815511465073,-0.0018469588831067085,0.006915368139743805,-0.10332190245389938,-0.11679013073444366,0.0006559835746884346,0.2042573094367981,0.0013929558917880058,-0.0025945277884602547,-0.04558860510587692,0.0338604710996151,-0.05464134365320206,0.029110336676239967,0.025756478309631348,0.010432458482682705,-0.1018495112657547,-0.04618753492832184,0.03848396614193916,0.021194517612457275,-0.005855077411979437,0.025527989491820335,0.007129460573196411,0.0007300376892089844,-0.07836855947971344,-0.026311546564102173,-0.031977783888578415,0.0623905174434185,0.04614652320742607,0.03917673975229263,0.015137463808059692,0.0038338960148394108,0.006482958793640137,-0.042556412518024445,-0.01555439829826355,0.040461041033267975,0.08398526906967163,-0.011438108049333096,-0.0026892663445323706,-0.13781684637069702,0.33717477321624756,-0.09586729109287262,0.4696195125579834,0.8557552099227905,0.0463806614279747,-0.006399311125278473,-0.3220542371273041,0.02374347671866417,0.7375742793083191,0.8262364268302917,-0.17796173691749573,0.006415773183107376,0.1773737668991089,-0.47362372279167175,-0.3006780743598938,0.6948918104171753,0.580641508102417,-0.22166237235069275,-0.798647940158844,-0.44430026412010193,-0.07535827159881592,-0.19360578060150146,-0.23087282478809357,-0.35289430618286133,-0.27671998739242554,0.8962675333023071,0.14698129892349243,-0.23532144725322723,0.0,-0.0,-0.0
-0.022833481431007385,-0.17939461767673492,-0.02515343949198723,0.050119128078222275,0.045601654797792435,-1.021297574043274,-0.010365726426243782,0.016260448843240738,-0.01463904045522213,0.0926876962184906,-0.07897772639989853,-0.013640567660331726,-0.05523853749036789,0.011001614853739738,0.009157346561551094,0.10273575037717819,-0.05438832938671112,0.006631175056099892,0.00157863087952137,0.00264901015907526,0.023267237469553947,0.016840822994709015,0.10668359696865082,0.09471812099218369,0.030821358785033226,-0.21017338335514069,0.0025728363543748856,-0.006005749572068453,-0.009566478431224823,-0.10492732375860214,-0.10068327933549881,0.001081014983355999,0.20149698853492737,0.008239628747105598,-0.0005698790773749352,-0.002469998551532626,0.05819353088736534,0.028715623542666435,0.038747549057006836,0.014889657497406006,0.0289247278124094,0.10263641923666,-0.019894421100616455,-0.0011791348224505782,0.005446630995720625,0.060531746596097946,-0.05721130594611168,0.06016787514090538,-0.014760851860046387,0.03119640424847603,-0.06870263814926147,-0.029252171516418457,-0.04670659452676773,-0.027410615235567093,0.07271641492843628,-0.012430387549102306,0.0002583026944193989,-0.05467578396201134,-0.03636479005217552,0.019438017159700394,0.019664674997329712,-0.06985863298177719,0.04870784282684326,0.025404607877135277,0.21491028368473053,0.30969974398612976,0.03293167054653168,0.6159795522689819,0.7559525966644287,0.10917245596647263,0.18234610557556152,-0.26067253947257996,0.04347437992691994,0.6747052669525146,0.903469979763031,-0.22533103823661804,0.014406103640794754,0.008618582040071487,-0.6134017705917358,-0.514310896396637,0.40165066719055176,0.2721060514450073,-0.47734522819519043,-0.7912167906761169,-0.28059372305870056,-0.045962993055582047,-0.27405574917793274,-0.3526167869567871,-0.2228720337152481,-0.2525835335254669,0.688110888004303,-0.1844330132007599,0.0910608172416687,0.0,-0.0,-0.0
-0.020145388320088387,0.13316388428211212,0.04855981096625328,-0.03305879607796669,-0.04649356007575989,-1.0027345418930054,-0.026601668447256088,0.011916687712073326,-0.01103452779352665,0.09211627393960953,-0.07639715820550919,-0.017219282686710358,-0.06242680549621582,-0.00444997102022171,-0.0060856519266963005,0.09334946423768997,-0.05256953835487366,-0.007660739589482546,-0.007481537759304047,0.003727653995156288,-0.0037335464730858803,0.014355191960930824,0.08663250505924225,0.10173066705465317,0.025233132764697075,-0.20665311813354492,0.0033092740923166275,0.0003028884530067444,0.01632816158235073,-0.0943722352385521,-0.09807814657688141,-0.000288219191133976,0.20227321982383728,-0.008335880935192108,-0.012882843613624573,-0.031713102012872696,0.05707726627588272,-0.05288130044937134,0.01728137768805027,-0.05504205450415611,0.0445890910923481,-0.059773098677396774,0.007905823178589344,0.008855640888214111,0.04668797180056572,0.0044529917649924755,0.0393526554107666,-0.02964446321129799,0.03994523361325264,-0.10504378378391266,0.07864870876073837,0.049649085849523544,0.044965971261262894,0.02334430254995823,0.08458208292722702,-0.046025682240724564,-0.0007194161298684776,0.059910573065280914,0.041460346430540085,0.05297558382153511,0.04059267044067383,-0.039047908037900925,-0.08141175657510757,-0.02776220254600048,0.11304572224617004,0.14905983209609985,-0.00691597256809473,0.45698219537734985,0.6591283082962036,0.1114841178059578,0.00902140885591507,-0.34652212262153625,0.054151955991983414,0.6881362199783325,0.7851490378379822,-0.13852399587631226,-0.09112639725208282,0.10529907792806625,-0.6057980060577393,-0.28029313683509827,0.47832828760147095,0.6222761869430542,-0.38781172037124634,-0.7275245189666748,-0.18906143307685852,0.07959040999412537,-0.055134691298007965,-0.42332029342651367,-0.500674843788147,-0.2485235184431076,0.7927607893943787,-0.3548528254032135,-0.06697297841310501,0.0,-0.0,-0.0
0.026460882276296616,-0.05946103855967522,0.029596146196126938,-0.004876337945461273,0.024304699152708054,-0.9789329171180725,-0.017136268317699432,0.0061000678688287735,-0.0016994290053844452,0.0904141291975975,-0.08590804040431976,-0.013620635494589806,-0.06519081443548203,0.003006359562277794,0.005749398842453957,0.12075095623731613,-0.05644863843917847,-0.002692930866032839,-0.00463847117498517,-0.013257335871458054,0.006658438593149185,0.014438757672905922,0.10405081510543823,0.11075439304113388,0.003128291107714176,-0.19432850182056427,-0.005318024195730686,0.0036000609397888184,-0.002788382116705179,-0.09590957313776016,-0.10891781002283096,-0.001707548275589943,0.19161470234394073,0.005148640833795071,-0.008763923309743404,-0.031229687854647636,-0.07844024896621704,-0.07587563991546631,0.013420295901596546,-0.04458999261260033,-0.06900740414857864,0.014384353533387184,-0.07066050916910172,-0.03215169534087181,0.032085396349430084,0.01767103187739849,0.022042471915483475,0.018024802207946777,-0.06260082870721817,-0.0037545859813690186,-0.08237329870462418,0.0793086513876915,0.027856791391968727,-0.030302895233035088,0.010271537117660046,-0.046312205493450165,-0.04915499687194824,-0.06589435040950775,0.019982552155852318,0.012113613076508045,0.050140321254730225,0.0432121641933918,-0.027188066393136978,0.017507702112197876,-0.037272848188877106,0.20849594473838806,-0.03934094309806824,0.4013885259628296,0.43437671661376953,0.15524843335151672,-0.2244088351726532,-0.25144198536872864,0.02343251183629036,0.5371053218841553,0.24499046802520752,-0.16344678401947021,-0.008282266557216644,-0.13072329759597778,-0.12226096540689468,-0.5498336553573608,0.516643762588501,0.25549250841140747,-0.44206491112709045,-0.8642618060112,-0.2622315585613251,-0.059618089348077774,-0.5677605867385864,-0.7090632915496826,-0.5654991269111633,-0.38345590233802795,0.8120449781417847,-0.03453992307186127,0.0922594666481018,0.0,-0.0,-0.0
-0.052177295088768005,0.007234107702970505,-0.015636615455150604,-0.03330443799495697,-0.031204568222165108,-1.0237828493118286,-0.006986045278608799,0.0016936007887125015,-0.005291015841066837,0.09676815569400787,-0.07682563364505768,0.002173112705349922,-0.0654940977692604,0.005949556827545166,-0.010772934183478355,0.10643116384744644,-0.05721575766801834,0.0029361648485064507,0.017656521871685982,-0.007749115116894245,0.022881528362631798,0.005374571308493614,0.07897169142961502,0.1066344752907753,-0.002049804665148258,-0.21446828544139862,0.005078233778476715,0.008371703326702118,0.016498049721121788,-0.09791883081197739,-0.09518810361623764,-0.004909629933536053,0.1904306411743164,0.010897612199187279,-0.0017610769718885422,-0.06795982271432877,-0.02847592905163765,0.07522998005151749,-0.011799800209701061,0.06869599968194962,-0.039862342178821564,0.055390503257513046,0.011817604303359985,0.0009751379839144647,-0.024022793397307396,0.07213826477527618,-0.03635673597455025,0.006904327776283026,0.01387246884405613,-0.01230005081743002,-0.009046602062880993,-0.09066838026046753,0.04633178934454918,-0.03392818197607994,-0.013775753788650036,0.04267231374979019,-0.05904470756649971,0.04842789098620415,-0.017215926200151443,0.023127680644392967,-0.05286210775375366,0.016724323853850365,0.05507297441363335,0.009149200282990932,0.04663573205471039,0.3048699200153351,-0.02525433897972107,0.42046141624450684,0.1114741712808609,0.014552220702171326,-0.07063613086938858,-0.4226484000682831,0.0866786539554596,0.4096969962120056,0.3761966824531555,-0.466276615858078,0.06888978183269501,0.31127819418907166,-0.3487735688686371,-0.14496131241321564,0.2047407031059265,0.4164349138736725,-0.16273276507854462,-0.9151336550712585,0.029476113617420197,-0.04974738880991936,-0.11337272077798843,-0.5172357559204102,-0.3661245107650757,-0.25049009919166565,0.7621342539787292,-0.09062830358743668,0.05750530958175659,0.0,-0.0,-0.0
0.03466683253645897,0.07270410656929016,-0.03257939964532852,0.04437262937426567,-0.013060376048088074,-1.0165729522705078,-0.011704221367835999,0.013041883707046509,-0.012519585900008678,0.08007567375898361,-0.07286899536848068,-0.007414833176881075,-0.05544721335172653,0.002575911581516266,-0.006940091028809547,0.10483499616384506,-0.0574299693107605,-0.0020257513970136642,0.00935613363981247,0.010926024988293648,0.012205364182591438,0.004954848438501358,0.088925302028656,0.09879368543624878,-0.004387738183140755,-0.19999779760837555,-0.01240749191492796,0.005669949576258659,-0.014836236834526062,-0.09627331048250198,-0.08243584632873535,0.014070974662899971,0.19271844625473022,-0.0008184602484107018,0.0008831396698951721,-0.008907151408493519,-0.08276954293251038,-0.017100108787417412,-0.0893847793340683,-0.0006498754373751581,0.03381709009408951,-0.03450865298509598,-0.041575685143470764,-0.0114570502191782,-0.003465247107669711,-0.06439536064863205,0.07026232779026031,-0.08812567591667175,0.05443320423364639,-0.019573485478758812,-0.046165402978658676,0.023560291156172752,-0.037859316915273666,0.03925734758377075,-0.023823028430342674,-0.10362980514764786,-0.049979329109191895,-0.05918773636221886,-0.017679978162050247,-0.0037593066226691008,0.09033217281103134,0.04124373197555542,0.038965728133916855,-0.02518777921795845,0.03989796340465546,0.2591574192047119,-0.0744083821773529,0.2842938303947449,0.03912077844142914,0.17426297068595886,-0.03615734726190567,-0.2904725968837738,0.08316932618618011,0.6190129518508911,0.169089674949646,-0.26736021041870117,-0.08159531652927399,-0.00013292580842971802,-0.43619972467422485,-0.2300412505865097,0.7888393998146057,0.322762131690979,-0.2741989195346832,-0.7117519974708557,-0.29290834069252014,0.020289774984121323,-0.54628586769104,-0.5803683996200562,-0.4508696496486664,-0.2049352079629898,0.8979437947273254,-0.40915629267692566,-0.07984090596437454,0.0,-0.0,-0.0
-0.0456075482070446,-0.07952255755662918,0.06998006999492645,0.014657262712717056,-0.03017522767186165,-0.9924542307853699,-0.017095547169446945,0.01192854531109333,-0.009858447127044201,0.09217897802591324,-0.08586310595273972,0.0032226042822003365,-0.05302037298679352,-0.006892860401421785,0.003984925337135792,0.09892349690198898,-0.062023818492889404,0.0048650577664375305,0.0060161203145980835,0.0009069088846445084,6.23287633061409e-05,0.0071522388607263565,0.10719500482082367,0.10244645178318024,0.004633176140487194,-0.196424201130867,-0.004326591268181801,-0.005745865870267153,0.004831572994589806,-0.10824504494667053,-0.10848116874694824,-0.0025449078530073166,0.20421209931373596,-0.006338110193610191,0.006824219599366188,0.05892082676291466,-0.053093183785676956,-0.014712524600327015,0.017789406701922417,0.05025987699627876,0.005966842174530029,-0.032812006771564484,0.035649895668029785,-0.03802584484219551,-0.0912269577383995,0.06316810101270676,0.0045022605918347836,0.05629929527640343,-0.016421115025877953,0.07818450778722763,-0.023343492299318314,0.03577312454581261,-0.018746811896562576,0.012151462025940418,0.043946053832769394,0.010319292545318604,-0.007859015837311745,0.10166559368371964,0.017007475718855858,-0.0005538284895010293,-0.04050531983375549,-0.06533458083868027,0.0598018653690815,-0.01116217952221632,0.002999022603034973,0.40034228563308716,-0.0738133043050766,0.5163803100585938,0.3307536244392395,0.2856684625148773,0.08509906381368637,-0.29749682545661926,0.0361609123647213,0.5268296003341675,0.3710154592990875,-0.04410872980952263,0.12960763275623322,-0.2622394263744354,-0.34861689805984497,-0.11817437410354614,0.4687855839729309,0.6126716136932373,-0.2166270613670349,-0.8787363171577454,0.09572447091341019,-0.0690210610628128,-0.07041134685277939,-0.5006973743438721,-0.5154891610145569,-0.4992375075817108,0.7999804615974426,-0.29974326491355896,0.026029072701931,0.0,-0.0,-0.0
0.018210548907518387,-0.036765001714229584,-0.08700104057788849,0.057608287781476974,-0.021959561854600906,-1.03731369972229,-0.010678491555154324,0.004482649266719818,-0.011342663317918777,0.08257176727056503,-0.08614909648895264,0.008442176505923271,-0.058675266802310944,-0.0017031123861670494,-0.0005507208406925201,0.10863585770130157,-0.05600472539663315,0.0044350167736411095,0.003877418115735054,0.003489706665277481,0.011858915910124779,-0.0003955317661166191,0.09904596209526062,0.09822924435138702,-0.004314607009291649,-0.2202431708574295,0.014906704425811768,0.004845399409532547,-0.00857208576053381,-0.09401509910821915,-0.10319600254297256,-0.007843999192118645,0.21397621929645538,-0.009558422490954399,0.0017403215169906616,0.025431549176573753,0.033145416527986526,-0.020919758826494217,0.05176116153597832,0.020614851266145706,0.08101140707731247,0.06522654742002487,0.011029267683625221,0.012248623184859753,0.012335330247879028,-0.03266076371073723,0.007508569862693548,0.032488275319337845,0.04973353073000908,0.07102930545806885,0.010534322820603848,-8.828043792163953e-05,-0.024171818047761917,0.06188413128256798,-0.012303555384278297,-0.021250922232866287,0.061387479305267334,-7.87973403930664e-05,-0.04816587269306183,-0.04555758461356163,-0.03958684951066971,0.05457420274615288,0.012420201674103737,0.020542044192552567,0.127897247672081,0.17731642723083496,0.0023507988080382347,0.4539164900779724,0.38779741525650024,0.1840883195400238,0.021374739706516266,-0.35027313232421875,0.10104942321777344,0.6323839426040649,0.3094545006752014,-0.16994500160217285,-0.05050020292401314,0.18377697467803955,-0.5359999537467957,-0.28743976354599,0.29177922010421753,0.29449450969696045,-0.28971999883651733,-0.9246366024017334,-0.09024668484926224,0.05273699387907982,-0.6509088277816772,-0.5025745034217834,-0.3643774688243866,-0.3306984305381775,0.8570826649665833,-0.3416639268398285,-0.058040909469127655,0.0,-0.0,-0.0
0.000552646815776825,0.019973542541265488,0.023523788899183273,0.02644519880414009,0.023298200219869614,-0.972417414188385,-0.015876874327659607,-0.004309451673179865,-0.016638970002532005,0.10576535761356354,-0.09999911487102509,-0.006163430400192738,-0.0660213977098465,-0.017338301986455917,-0.0012718858197331429,0.11076076328754425,-0.050320081412792206,0.00995633564889431,0.00450657494366169,0.007104117423295975,0.008179442957043648,0.0017020348459482193,0.09319710731506348,0.10732969641685486,0.003069154918193817,-0.19774408638477325,0.000945456326007843,-0.013518859632313251,-0.022827420383691788,-0.0993601381778717,-0.10436044633388519,-0.005710183642804623,0.20039616525173187,-0.009027417749166489,-0.008944523520767689,-0.03324297443032265,0.030887305736541748,-0.06169065460562706,0.09341069310903549,0.05127308517694473,-0.023439889773726463,0.03789558634161949,0.021605854853987694,-0.009187317453324795,-0.022757811471819878,-0.05556860193610191,-0.009758896194398403,-0.060788728296756744,-0.06595543026924133,-0.039525698870420456,0.04275444895029068,0.04600013419985771,0.04823797941207886,0.08275389671325684,-0.0374266691505909,0.03410273790359497,0.007159495260566473,-0.015720659866929054,0.08304331451654434,0.07461724430322647,-0.0016320407157763839,-0.005829739850014448,0.057793259620666504,0.06005355343222618,0.07622556388378143,0.4259061813354492,-0.046643152832984924,0.567590594291687,0.6073203086853027,0.19444072246551514,0.09634175151586533,-0.19356729090213776,0.03714379295706749,0.6958140134811401,0.7384374737739563,-0.00953580066561699,-0.0819922462105751,-0.252758651971817,-0.5633862018585205,-0.41096431016921997,0.5079424381256104,0.42527157068252563,-0.3464598059654236,-0.7215766310691833,-0.3585280179977417,-0.17951670289039612,-0.07774339616298676,-0.3225063979625702,-0.33955010771751404,-0.07104046642780304,0.6624983549118042,-0.03870953619480133,0.032173603773117065,0.0,-0.0,-0.0
0.007586318999528885,-0.115423783659935,0.03950297459959984,-0.02841072529554367,-0.045804303139448166,-0.9539614319801331,-0.009843848645687103,0.005655696615576744,-0.008342611603438854,0.110826276242733,-0.0977887511253357,0.0035878606140613556,-0.03866776078939438,-0.010164647363126278,0.007545022293925285,0.09521889686584473,-0.0641283392906189,0.008909108117222786,-0.0002503814175724983,0.014626910910010338,-0.008106080815196037,0.006749097257852554,0.09324987232685089,0.09036882221698761,0.016571586951613426,-0.20325492322444916,-0.02028108946979046,-0.011411969549953938,-0.01587294414639473,-0.095561183989048,-0.09344413131475449,-0.0035564228892326355,0.19731859862804413,-0.014009948819875717,-0.007693765219300985,-0.01674020290374756,0.03379496559500694,0.06191226467490196,-0.048518106341362,-0.04309526085853577,0.05170172452926636,0.00451208371669054,0.050753820687532425,0.049644507467746735,-0.09382525831460953,0.02993100881576538,0.061158131808042526,0.029204262420535088,-0.020712941884994507,0.00014792084402870387,0.027852296829223633,-0.08500519394874573,-0.09605789184570312,0.002652448369190097,-0.050489913672208786,-0.024473417550325394,0.0323229543864727,0.04967942461371422,0.021727293729782104,-0.05450296401977539,0.024732369929552078,0.014310336671769619,-0.014293021522462368,-0.04243762791156769,-0.02013993263244629,0.3230286240577698,0.019473224878311157,0.49603188037872314,0.6209063529968262,0.08019959181547165,0.1502121090888977,-0.29041823744773865,0.04231678321957588,0.5857106447219849,0.8233514428138733,-0.21217915415763855,0.024305660277605057,0.09743279963731766,-0.3894130289554596,-0.4017688035964966,0.4142419695854187,0.3235056698322296,-0.3696063458919525,-0.7663477063179016,-0.3776834011077881,0.04961226508021355,-0.0424632653594017,-0.6843186020851135,-0.6098280549049377,-0.18825453519821167,0.7139976024627686,-0.1360200047492981,-0.06852737814188004,0.0,-0.0,-0.0
0.006655339151620865,0.04919303581118584,0.0011693798005580902,0.04934832826256752,0.04236810281872749,-1.03684401512146,-0.0043508936651051044,0.008520901203155518,0.0015640631318092346,0.09307941794395447,-0.10438769310712814,-0.006136109121143818,-0.04400480538606644,-0.015480177477002144,0.006441978737711906,0.10849881172180176,-0.05782944709062576,0.013677684590220451,0.010550875216722488,-0.010983976535499096,0.004388472996652126,0.009536480531096458,0.08397848159074783,0.09315560758113861,0.002348942682147026,-0.1922546923160553,-0.008002012968063354,0.004607571288943291,-0.013484002090990543,-0.1036335900425911,-0.09369335323572159,-0.004102731589227915,0.1821792721748352,0.00878075323998928,-0.003464203793555498,0.025097787380218506,-0.07257280498743057,0.03867065906524658,-0.026358896866440773,-0.014401006512343884,0.010040432214736938,-0.07398433983325958,-0.012760954909026623,0.038508880883455276,0.040477871894836426,-0.054915547370910645,0.03932734951376915,-0.019685113802552223,0.046205222606658936,-0.06792309135198593,0.029906678944826126,-0.020988358184695244,0.048221636563539505,-0.11212964355945587,0.07911955565214157,0.00023725033679511398,0.048459600657224655,0.009635723195970058,-0.0610053725540638,-0.029532356187701225,0.012657279148697853,-0.05964154750108719,0.0646517425775528,0.004781961441040039,0.1092681884765625,0.1904459297657013,-0.05272483825683594,0.4335815906524658,0.35667043924331665,0.17346268892288208,-0.15988802909851074,-0.09701742231845856,-0.005475271493196487,0.5417865514755249,0.34791362285614014,-0.09240812063217163,-0.0451677106320858,-0.11770381778478622,-0.27558571100234985,-0.3362188935279846,0.7748526334762573,0.7331493496894836,-0.4033906161785126,-0.7528446316719055,-0.009727753698825836,0.16130273044109344,-0.23847025632858276,-0.6228591203689575,-0.40832680463790894,-0.259816974401474,0.7678711414337158,-0.046671196818351746,0.019010789692401886,0.0,-0.0,-0.0
-0.04838869720697403,0.019995953887701035,-0.009672652930021286,-0.02966488152742386,-0.021148841828107834,-0.9613943099975586,-0.012679878622293472,0.005997722968459129,-0.0020237918943166733,0.10228932648897171,-0.11181965470314026,0.007393401116132736,-0.0336536169052124,-0.0055661448277533054,-0.003829993773251772,0.10239572823047638,-0.0485227033495903,0.013591501861810684,0.017910564318299294,0.0011838050559163094,-0.0012795636430382729,-0.005025217309594154,0.10521470755338669,0.10908699035644531,0.0027760788798332214,-0.2074282020330429,-0.00191560760140419,-0.009973595850169659,0.008910464122891426,-0.09588306397199631,-0.09516854584217072,0.0059284549206495285,0.19795331358909607,-0.01708282344043255,0.00862194411456585,-0.018943404778838158,-0.0207833182066679,0.042187582701444626,0.007319021504372358,0.04914055019617081,0.056161750108003616,0.07762571424245834,0.030019773170351982,0.008359873667359352,-0.027151281014084816,-0.04791807755827904,0.05987442657351494,0.036739517003297806,-0.04694747179746628,0.031733572483062744,0.02530975453555584,0.05587872490286827,0.01980600319802761,0.026587868109345436,0.03798830509185791,-0.01996251940727234,-0.0425722599029541,0.030192410573363304,0.038045432418584824,0.012881577014923096,-0.0032043696846812963,-0.008733618073165417,0.028502298519015312,-0.01766527257859707,0.1409585177898407,0.20048102736473083,-0.016156882047653198,0.6199095845222473,0.5008240938186646,-0.02098546177148819,-0.032144851982593536,-0.11899468302726746,0.0005138926208019257,0.4820203185081482,0.641093373298645,-0.3605503737926483,0.09518830478191376,0.1589542031288147,-0.3469962179660797,-0.3847845494747162,0.5989871025085449,0.3939691185951233,-0.1797119379043579,-0.918134868144989,-0.014995120465755463,-0.19318005442619324,-0.18595045804977417,-0.3254319727420807,-0.30969396233558655,-0.16710726916790009,0.9877989888191223,-0.28181084990501404,0.11234089732170105,0.0,-0.0,-0.0
0.02912941202521324,-0.057192202657461166,-0.0788700059056282,-0.008860006928443909,0.03254329040646553,-0.9872352480888367,0.0002639777958393097,0.0036299359053373337,-0.0020824559032917023,0.10652555525302887,-0.10597613453865051,-0.005822611041367054,-0.02940630167722702,-0.006354161538183689,-0.0018112938851118088,0.09117536246776581,-0.052937425673007965,-0.011064382269978523,0.01040806993842125,-0.003543074242770672,0.014105888083577156,-0.016747936606407166,0.09940837323665619,0.09738975018262863,-0.000155765563249588,-0.20536884665489197,-0.0007871575653553009,0.01239950954914093,-0.001552162691950798,-0.10440342873334885,-0.09157488495111465,0.014783758670091629,0.20478501915931702,-0.011547135189175606,0.0029505807906389236,-0.010086143389344215,0.05854680761694908,-0.05303376913070679,0.03430953249335289,-0.011822330765426159,0.03937695175409317,0.05869043990969658,0.0767245888710022,-0.053488340228796005,-0.0761505588889122,0.06215180084109306,0.05308321863412857,-0.0312179084867239,0.05371927097439766,-0.037572573870420456,0.026799941435456276,-0.06218859553337097,0.04340077564120293,-0.06084544584155083,-0.052109699696302414,-0.06112593412399292,0.09158270806074142,-0.0839591845870018,0.06228528171777725,0.038523174822330475,-0.06250131130218506,0.0070202830247581005,-0.004385757725685835,-0.06730079650878906,0.07296767830848694,0.13565871119499207,0.011558338068425655,0.5501930117607117,0.46343302726745605,-0.07688117027282715,0.011465631425380707,-0.27125850319862366,0.05535358563065529,0.5509210824966431,0.5456987023353577,-0.4631214737892151,-0.05549628660082817,0.14868387579917908,-0.3643350899219513,-0.1872793287038803,0.25294119119644165,0.2964438199996948,-0.36632218956947327,-0.7677155137062073,-0.05009105056524277,0.07896241545677185,-0.5570307374000549,-0.6506021618843079,-0.5271689295768738,-0.37606802582740784,0.7907624244689941,-0.23225714266300201,-0.07986115664243698,0.0,-0.0,-0.0
0.04331129416823387,0.05257744714617729,0.014245625585317612,0.04303700104355812,0.04601965472102165,-1.037463903427124,-0.005634763278067112,0.009820414707064629,-3.4864991903305054e-05,0.1124032512307167,-0.11107589304447174,0.008374536409974098,-0.04032620042562485,-0.0013486463576555252,-0.00230608182027936,0.0823955163359642,-0.06042269617319107,-0.0021903030574321747,0.012855660170316696,-0.009724271483719349,0.0012041423469781876,0.0038770642131567,0.1008249968290329,0.11221542954444885,0.008037162944674492,-0.2045697420835495,0.009959505870938301,-0.02133212983608246,-0.0056960065849125385,-0.10426401346921921,-0.09250795096158981,-0.004976678639650345,0.19373469054698944,0.011845473200082779,0.0007036179304122925,-0.06062576174736023,-0.06322169303894043,-0.005982226226478815,-0.020170724019408226,-0.043643299490213394,0.012674284167587757,0.04765892028808594,0.01599566452205181,0.003685128642246127,0.029086995869874954,0.046163059771060944,-0.02839631401002407,-0.03982614725828171,-0.0444733090698719,-0.012493032030761242,0.007966208271682262,-0.0525558777153492,0.058751631528139114,-0.009751093573868275,0.01806739531457424,-0.03998999297618866,-0.1239083781838417,0.01306386012583971,-0.05717407539486885,-0.07557879388332367,0.0216018445789814,-0.0206048134714365,0.0513443723320961,0.06984108686447144,-0.14688608050346375,0.287862628698349,-0.0743904560804367,0.4076787233352661,0.23956923186779022,-0.03770599514245987,0.16589733958244324,-0.22165831923484802,0.0447838269174099,0.5691086053848267,0.49446791410446167,-0.3734855651855469,-0.007470086216926575,0.010290797799825668,-0.30580565333366394,-0.09662513434886932,0.6264093518257141,0.41876739263534546,-0.16749785840511322,-0.7527871131896973,-0.033823683857917786,-0.2876001298427582,0.015919752418994904,-0.6334842443466187,-0.5831340551376343,-0.18472658097743988,0.777604877948761,0.09350228309631348,-0.0451151467859745,0.0,-0.0,-0.0
-0.051243290305137634,-0.106808140873909,0.009271156042814255,0.03928859904408455,0.02848747745156288,-1.0204205513000488,2.8207898139953613e-05,0.009686775505542755,0.002446664497256279,0.10073641687631607,-0.09713389724493027,0.003047841601073742,-0.033082835376262665,-0.0025473288260400295,-0.001735328696668148,0.07554776221513748,-0.04961342364549637,-0.010619547218084335,0.0008616019040346146,0.00848444178700447,0.007355291396379471,0.0046254657208919525,0.11169636994600296,0.09607045352458954,0.014693723991513252,-0.19065552949905396,0.002024170011281967,0.007127569988369942,0.004833354614675045,-0.09070592373609543,-0.09896220266819,0.0066927894949913025,0.20883670449256897,-0.012903578579425812,-0.013603687286376953,-0.005199623294174671,-0.030280238017439842,-0.020533287897706032,0.05043767765164375,-0.06970410794019699,0.005608791019767523,0.016732944175601006,-0.017230713739991188,-0.038303300738334656,-0.03762151673436165,-0.05481087043881416,0.04464714601635933,0.045084238052368164,0.10090088844299316,-0.023253703489899635,0.025783885270357132,0.0439448244869709,-0.04795323684811592,-0.02335827425122261,-0.0751916915178299,-0.019079089164733887,0.11829324066638947,0.059201981872320175,0.0011940359836444259,0.022494329139590263,0.039539482444524765,-0.02174059860408306,0.008496630005538464,-0.07986456900835037,0.036219820380210876,0.2328704297542572,-0.006196946837007999,0.5481653213500977,0.45282554626464844,-0.02258329838514328,0.30159956216812134,-0.3155357837677002,0.06269781291484833,0.6144967079162598,0.7306284308433533,-0.40693503618240356,0.061038341373205185,0.47782227396965027,-0.4399726390838623,-0.32748177647590637,0.47984278202056885,0.31801682710647583,-0.3278234004974365,-0.8034165501594543,-0.26001060009002686,0.31236398220062256,-0.3042169213294983,-0.2675316333770752,-0.3176451027393341,-0.18976248800754547,0.9307424426078796,-0.36402153968811035,-0.08881539106369019,0.0,-0.0,-0.0
0.002498522400856018,0.05809491500258446,-0.04085787758231163,-0.01109088584780693,-0.02652275189757347,-1.0352108478546143,-0.0018217293545603752,0.006506858393549919,-0.009337281808257103,0.11235582083463669,-0.0917387455701828,-0.0004150122404098511,-0.04868675768375397,5.7153403759002686e-05,0.000913228839635849,0.09976796060800552,-0.06257815659046173,0.009860238060355186,-0.0031869644299149513,0.006377842277288437,0.014807246625423431,0.0026393793523311615,0.10077568143606186,0.11588522046804428,0.00697714276611805,-0.19714711606502533,0.011640528216958046,0.0072119999676942825,-0.002733791247010231,-0.08622134476900101,-0.09733522683382034,-0.009312732145190239,0.20126216113567352,-0.0015374990180134773,0.0008148252964019775,-0.005459046456962824,-0.08014674484729767,-0.0629817545413971,-0.026839489117264748,0.07224420458078384,-0.06880175322294235,0.010473156347870827,0.0035920084919780493,0.003936558961868286,-0.009251559153199196,0.012082166038453579,0.11356349289417267,-0.018505340442061424,0.03491269424557686,-0.0050545334815979,-0.05066300556063652,0.01779673807322979,0.08653392642736435,-0.013076799921691418,-0.016654623672366142,0.031472813338041306,-0.00015649796114303172,-0.03798447176814079,-0.05451054498553276,0.03285013511776924,-0.021390533074736595,-0.02951630763709545,0.04760799556970596,0.0489141009747982,-0.0397370308637619,0.42800262570381165,-0.06347735226154327,0.42079728841781616,0.5068865418434143,0.08143202215433121,-0.0015164241194725037,-0.12692169845104218,0.02434645965695381,0.6699961423873901,0.7999077439308167,-0.24764296412467957,-0.13250771164894104,-0.47684022784233093,-0.3381602466106415,-0.3450888991355896,0.2749030888080597,0.5055515766143799,-0.29412710666656494,-0.9286099076271057,-0.0794672742486,-0.15080170333385468,-0.4279366135597229,-0.5652545690536499,-0.4219930171966553,-0.47487637400627136,0.6837256550788879,-0.14549662172794342,0.22957973182201385,0.0,-0.0,-0.0
0.0208221934735775,-0.024573486298322678,-0.011152420192956924,0.04780791327357292,-0.031753700226545334,-1.0324503183364868,-0.0019958149641752243,0.0039361994713544846,0.0010202396661043167,0.09095132350921631,-0.09698165953159332,-0.0049789841286838055,-0.031323179602622986,-0.007806502282619476,0.0028526317328214645,0.09559290111064911,-0.047783590853214264,0.0018912088125944138,0.00539297703653574,0.002734921872615814,0.00958777591586113,0.015004931017756462,0.10360443592071533,0.09503662586212158,0.01598493568599224,-0.2015678435564041,-0.007796422578394413,0.0007532909512519836,0.01217961311340332,-0.09477103501558304,-0.10329689830541611,-0.0022264388389885426,0.19415803253650665,-0.010735312476754189,-0.008700952865183353,-0.018658800050616264,-0.006203091237694025,-0.06217047572135925,-0.0796162411570549,-0.041864413768053055,0.02158759906888008,0.08653780072927475,0.05425400659441948,-0.06881215423345566,-0.008152502588927746,0.05227438360452652,0.001460170722566545,0.03659535571932793,-0.06795790046453476,0.01855749450623989,0.01803249679505825,0.0642198696732521,-0.11387886106967926,-0.008258151821792126,-0.038588445633649826,-0.013052910566329956,-0.07484882324934006,0.06291685253381729,-0.03466207906603813,0.0563943050801754,-0.020649535581469536,-0.013293839059770107,0.037223052233457565,-0.039532747119665146,0.008265167474746704,0.33771929144859314,-0.02266514301300049,0.47633129358291626,0.312191367149353,0.3269813060760498,0.23631742596626282,-0.32295316457748413,0.04744270071387291,0.5836808681488037,0.501456618309021,-0.1153360903263092,0.03377145901322365,-0.12991076707839966,-0.4013180434703827,-0.08655793964862823,0.33318036794662476,0.11695501208305359,-0.2518090605735779,-0.8677122592926025,-0.28590765595436096,-0.22274088859558105,-0.1153566911816597,-0.46412399411201477,-0.5008283853530884,-0.14848388731479645,0.7998670935630798,-0.16358353197574615,-0.15165206789970398,0.0,-0.0,-0.0
0.008353393524885178,-0.06280151009559631,-0.07921792566776276,-0.05108502134680748,0.03211090341210365,-1.0167484283447266,-0.006864961236715317,-0.004169926978647709,-0.007184652611613274,0.10617263615131378,-0.09295419603586197,0.007818646728992462,-0.04825718700885773,-0.007104289717972279,0.008278660476207733,0.09835532307624817,-0.045954667031764984,0.007156606763601303,-0.0036738235503435135,0.0010349266231060028,0.02857411466538906,0.012931697070598602,0.08845511078834534,0.11384135484695435,0.020434947684407234,-0.22029082477092743,-0.007978452369570732,0.0011671371757984161,-0.010278748348355293,-0.09227956086397171,-0.1081753671169281,0.0010775923728942871,0.20038534700870514,-0.001172741875052452,-0.003951989114284515,0.030853474512696266,0.04599583148956299,0.08346932381391525,-0.029729748144745827,-0.07818755507469177,0.02789304219186306,0.0025974928867071867,0.011528355069458485,0.06389299780130386,0.0760888084769249,0.03173654153943062,0.04557802900671959,0.02961287461221218,0.013757282868027687,-0.03650578483939171,0.03336894512176514,-0.04462803900241852,0.006194972898811102,-0.05580712482333183,0.06577441841363907,-0.03763880208134651,-0.03789684548974037,-0.11796832084655762,-0.0009648442501202226,-0.04393307864665985,0.028034543618559837,-0.007970201782882214,0.023295123130083084,0.07585535198450089,0.03046531230211258,0.2655649781227112,0.01807466149330139,0.5342344641685486,0.4502233862876892,0.1476050317287445,0.10762887448072433,-0.3235781490802765,0.08467921614646912,0.6114972829818726,0.5123587250709534,-0.17099490761756897,-0.025225721299648285,0.21753710508346558,-0.42463961243629456,-0.5042952299118042,0.4224816560745239,0.67138671875,-0.3438257873058319,-0.8897722959518433,-0.18288204073905945,0.13335566222667694,-0.5971382260322571,-0.4387986361980438,-0.5525081157684326,-0.22808562219142914,0.8563455939292908,-0.25523677468299866,0.09068164229393005,0.0,-0.0,-0.0
0.011871762573719025,0.1986132711172104,0.06242002174258232,-0.016475167125463486,0.0017794743180274963,-1.0222265720367432,-0.03378602862358093,-0.0048537347465753555,-0.0011005904525518417,0.10878635942935944,-0.10939399898052216,0.0028800740838050842,-0.056865327060222626,-0.008393941447138786,-0.004972794093191624,0.09880673885345459,-0.04505704343318939,0.005141308531165123,0.0064567215740680695,-0.015813736245036125,0.015304777771234512,0.013419749215245247,0.08453499525785446,0.08647119253873825,0.0064283814281225204,-0.20603245496749878,-0.001334499567747116,0.008397171273827553,-0.0012146374210715294,-0.08829924464225769,-0.09958888590335846,0.006506199017167091,0.19469495117664337,-0.008255675435066223,0.00014331191778182983,-0.09380688518285751,0.028245044872164726,-0.05232761427760124,0.082105852663517,-0.06303384155035019,0.04848123714327812,-0.017623795196413994,0.006694054696708918,-0.020638221874833107,0.024764908477663994,-0.04671628028154373,0.04002587869763374,-0.037815965712070465,-0.07842444628477097,-0.04209369048476219,0.052056409418582916,0.07731085270643234,0.024977385997772217,0.06136278063058853,0.0336538664996624,-0.027041828259825706,-0.03007563389837742,0.08825712651014328,0.019043928012251854,0.05850529670715332,-0.05346616730093956,0.028992390260100365,0.05121861770749092,0.0451400987803936,-0.008659154176712036,0.3567650020122528,-0.10548458993434906,0.5316357016563416,0.25123775005340576,0.15387079119682312,-0.11854320019483566,-0.25487399101257324,-0.0017121247947216034,0.45149388909339905,0.5538874864578247,-0.28712043166160583,0.004586521536111832,-0.10721836239099503,-0.3376416265964508,-0.4288652539253235,0.6736064553260803,0.3671996593475342,-0.35462644696235657,-0.6626716256141663,-0.05154711753129959,0.04784397408366203,0.16526007652282715,-0.5365487337112427,-0.2776654064655304,-0.17648960649967194,0.8029893040657043,-0.04008740186691284,-0.04039609059691429,0.0,-0.0,-0.0
-0.0321512445807457,-0.11329109966754913,-0.06362222880125046,0.04422616586089134,-0.041652239859104156,-0.9613264799118042,-0.01856210082769394,0.015203559771180153,-0.003749779425561428,0.1193084791302681,-0.10603794455528259,0.00701260007917881,-0.04192589968442917,0.007734281942248344,-0.006401282735168934,0.08587799966335297,-0.052765704691410065,-0.014712881296873093,0.005167808383703232,-0.004217914305627346,0.018353207036852837,0.0046769846230745316,0.082044318318367,0.09836382418870926,0.016091138124465942,-0.20272375643253326,0.0010550599545240402,-0.010286660864949226,0.007786037400364876,-0.09717871993780136,-0.10305587202310562,0.009883342310786247,0.19748035073280334,-0.01605367660522461,-0.0029554986394941807,0.01561596430838108,0.049579717218875885,0.08273626863956451,0.03795531019568443,0.03891053423285484,-0.046304162591695786,-0.031651683151721954,0.0060707987286150455,-0.0463109090924263,0.01823177933692932,-0.025983834639191628,-0.07306041568517685,-0.029601573944091797,-0.0035362541675567627,-0.00579336890950799,-0.06313679367303848,-0.08600323647260666,-0.06607888638973236,0.03438006713986397,-0.01961500756442547,-0.06808695197105408,0.04732102155685425,-0.02601274847984314,-0.07933031767606735,-0.01859900914132595,0.03502083942294121,0.03420906141400337,0.03667426109313965,0.022512197494506836,0.11706240475177765,0.3801381289958954,-0.0020542899146676064,0.612863302230835,0.5245964527130127,-0.13513311743736267,0.07839972525835037,-0.5277131199836731,0.09261637926101685,0.5257113575935364,0.7688936591148376,-0.5643405914306641,0.02974744513630867,0.5780849456787109,-0.5140995979309082,-0.5097405910491943,0.4675477147102356,0.47428545355796814,-0.44687119126319885,-0.8228883147239685,-0.2298610508441925,-0.07352927327156067,-0.5464147329330444,-0.706479012966156,-0.682703971862793,-0.25197556614875793,0.7997732162475586,-0.3394787013530731,-0.09860724955797195,0.0,-0.0,-0.0
0.03862797096371651,0.15004028379917145,-0.003668837249279022,0.05303109809756279,-0.04258410632610321,-1.0302993059158325,-0.02272924780845642,-0.0024183467030525208,-0.00744305644184351,0.1034557893872261,-0.08709327131509781,-0.004593575373291969,-0.06031815707683563,-0.011373858898878098,0.0017723077908158302,0.07458444684743881,-0.04347345978021622,0.006278654560446739,-0.003976660314947367,-5.971267819404602e-05,0.009692573919892311,-0.005438267719000578,0.07983202487230301,0.09920261055231094,0.010626547038555145,-0.20766453444957733,0.014231139793992043,-0.0011610407382249832,-0.00797592755407095,-0.09933630377054214,-0.10821370780467987,0.0005011456087231636,0.20231235027313232,0.010214069858193398,-0.007537963800132275,-0.04034316912293434,0.04340855032205582,0.041024018079042435,-0.07878803461790085,0.021072840318083763,-0.06280390173196793,0.035331156104803085,-0.01009147148579359,-0.054954271763563156,-0.06434658169746399,0.03123333491384983,-0.060596950352191925,-0.04215049371123314,-0.03492376580834389,-0.03576425462961197,0.01615823619067669,-0.032984133809804916,-0.018970048055052757,-0.03568060323596001,-0.01670186035335064,-0.008221477270126343,-0.04968894645571709,-0.011877620592713356,0.06802165508270264,-0.009623432531952858,-0.04236661270260811,-0.060806192457675934,0.013554239645600319,-0.03809351846575737,-0.0585852712392807,0.1921965777873993,-0.11188994348049164,0.44144654273986816,0.5971860289573669,0.16770237684249878,0.14837926626205444,-0.4550885260105133,0.06790542602539062,0.679863452911377,0.7436997294425964,-0.12475238740444183,0.015238065272569656,0.19737094640731812,-0.5486744046211243,-0.17536309361457825,0.7222022414207458,0.6011863946914673,-0.3580705523490906,-0.7887240648269653,-0.11155609041452408,0.0792456865310669,-0.2177034318447113,-0.37288519740104675,-0.31634488701820374,-0.36524417996406555,0.730428159236908,-0.10449996590614319,-0.04882929474115372,0.0,-0.0,-0.0
-0.046638499945402145,-0.1521257609128952,-0.030336275696754456,-0.007645539939403534,-0.011657118797302246,-0.9776392579078674,-0.006237536668777466,0.004743481054902077,0.006762923672795296,0.103127121925354,-0.0934639573097229,0.004037374630570412,-0.04849058389663696,-0.014848224818706512,0.01284007914364338,0.0834432914853096,-0.04275975376367569,0.008109036833047867,-0.003044658340513706,0.01985657401382923,0.023587720468640327,-0.0008148439228534698,0.10868663340806961,0.09172984212636948,0.015413334593176842,-0.20037634670734406,-0.0007177423685789108,0.004259934648871422,-0.003285015467554331,-0.10976027697324753,-0.09598402678966522,-0.004772573709487915,0.19764555990695953,0.0006761886179447174,-0.001390174962580204,0.024169636890292168,-0.03562655672430992,-0.018963729962706566,0.010171878151595592,0.048830676823854446,-0.03633330389857292,0.0446881540119648,0.07252921909093857,0.026089167222380638,0.04300570487976074,-0.008268261328339577,0.030994391068816185,-0.0032768130768090487,-0.009741109795868397,-0.010849165730178356,-0.010698693804442883,0.09974677860736847,-0.04341486468911171,-0.020339882001280785,-0.019157767295837402,-0.06801185011863708,0.08153130859136581,0.01725848950445652,-0.06526049226522446,0.07288463413715363,-0.009024041704833508,0.025010323151946068,-0.07718416303396225,0.0796535387635231,0.0597701370716095,0.33459311723709106,-0.03622199594974518,0.5998486280441284,0.6533820629119873,0.1710430383682251,0.3850625157356262,-0.18337659537792206,0.0395282618701458,0.7926114797592163,0.9177936911582947,-0.02645101770758629,0.02539004758000374,0.0690445750951767,-0.5293281078338623,-0.241615429520607,0.6667351722717285,0.49210959672927856,-0.24145469069480896,-0.8052966594696045,-0.3884824514389038,0.06655187904834747,-0.05249803513288498,-0.5943462252616882,-0.3919963836669922,-0.0870707780122757,0.8267799615859985,-0.21359945833683014,0.08653126657009125,0.0,-0.0,-0.0
0.042464617639780045,0.03833824023604393,0.045862700790166855,0.032226044684648514,0.03592599555850029,-1.0170093774795532,-0.021761106327176094,0.002364399842917919,-0.00467265909537673,0.09442328661680222,-0.08964430540800095,0.008019015192985535,-0.04225422441959381,-0.0019316058605909348,-0.0029344321228563786,0.09455717355012894,-0.049504220485687256,0.013135004788637161,-0.00444400031119585,0.012185817584395409,0.0099713746458292,0.011157697066664696,0.10418348759412766,0.11238045990467072,0.00999772734940052,-0.2092917263507843,0.0034743789583444595,-0.015984881669282913,-0.0015735123306512833,-0.08742441982030869,-0.1025632843375206,-0.003144192975014448,0.2015397697687149,0.01288156770169735,-0.0005238903686404228,-0.08082997798919678,-0.011091715656220913,0.0024462402798235416,-0.026055574417114258,0.005665093660354614,-0.025808561593294144,0.013103509321808815,-0.020660728216171265,0.007209319155663252,0.06474413722753525,0.06051906570792198,0.02971804141998291,-0.02197318710386753,0.04312954097986221,-0.05656090006232262,-0.046238090842962265,-0.05676231533288956,-0.030453825369477272,0.017212778329849243,0.02917717769742012,-0.013461458496749401,-0.09137344360351562,-0.03661853075027466,0.022281719371676445,0.032649505883455276,0.029805410653352737,-0.07111348956823349,0.07338223606348038,0.029427601024508476,-0.01086638867855072,0.34432855248451233,-0.05255337059497833,0.4777803421020508,0.4399455785751343,0.29685699939727783,0.0472235307097435,-0.1941307783126831,-0.010258231312036514,0.5440618395805359,0.7415555715560913,-0.015192922204732895,0.013020548969507217,-0.39848530292510986,-0.45950087904930115,-0.19211789965629578,0.14739271998405457,0.44719189405441284,-0.2660251259803772,-0.8176715970039368,-0.04523259773850441,-0.1469116061925888,-0.3071798086166382,-0.28950947523117065,-0.4917844831943512,-0.2585292458534241,0.7380040884017944,0.03200341761112213,-0.11038637161254883,0.0,-0.0,-0.0
-0.044947560876607895,-0.1276770681142807,-0.024325013160705566,0.04221983626484871,-0.0071460530161857605,-1.0039860010147095,-0.016962677240371704,0.011543311178684235,0.007113674655556679,0.1011524423956871,-0.096314437687397,0.005530005320906639,-0.051573626697063446,-0.004505586810410023,0.01112336479127407,0.09506029635667801,-0.05212021619081497,0.015284774824976921,0.0051523735746741295,0.017388176172971725,0.01747014932334423,0.012986386194825172,0.08367548882961273,0.11163068562746048,0.006369981914758682,-0.19615337252616882,0.005471738986670971,0.00767044723033905,0.023780396208167076,-0.10398058593273163,-0.11186391115188599,0.01255735568702221,0.20500098168849945,-0.00013725273311138153,-0.011671097949147224,0.060312964022159576,0.07727821171283722,-0.057064514607191086,0.016477173194289207,0.0571596622467041,0.049467671662569046,0.040990471839904785,-0.003679341170936823,-0.05344383046030998,-0.062096934765577316,0.01320299506187439,-0.023679519072175026,0.08606499433517456,-0.035467617213726044,-0.054963964968919754,-0.03978488966822624,-0.07632560282945633,-0.04520173370838165,-0.07281874865293503,-0.06264448910951614,-0.05836987495422363,-0.024574220180511475,0.11003537476062775,-0.0008747637621127069,-0.004285115282982588,-0.02266140654683113,-0.024658745154738426,0.0041373493149876595,-0.08084623515605927,0.0995590090751648,0.2999131977558136,-0.038385145366191864,0.5394887924194336,0.34450268745422363,0.3385612964630127,0.08599241822957993,-0.15296512842178345,0.027865495532751083,0.5301865339279175,0.4346069097518921,-0.03528463467955589,0.04119471088051796,-0.17246955633163452,-0.3986227214336395,-0.19557294249534607,0.5308932065963745,0.46400347352027893,-0.27775201201438904,-0.7539796829223633,-0.21622636914253235,0.2679719030857086,-0.13897040486335754,-0.6570067405700684,-0.4946305453777313,-0.2966153919696808,0.8371556997299194,-0.4405539929866791,-0.06758931279182434,0.0,-0.0,-0.0
-0.03339230269193649,0.07380186021327972,-0.003275986760854721,0.05260602757334709,-0.01182614266872406,-0.9580904841423035,-0.023150533437728882,0.011985570192337036,-0.004662044811993837,0.10740311443805695,-0.08638773113489151,0.006185727193951607,-0.05336129665374756,-0.006248939782381058,0.008403243497014046,0.11042997986078262,-0.05402398854494095,0.012972941622138023,-0.006579650100320578,-0.006758225150406361,-0.0028997971676290035,0.008589113131165504,0.10951711982488632,0.12074550241231918,0.008464645594358444,-0.20102959871292114,-0.012343614362180233,0.009246747940778732,0.0076978448778390884,-0.09205086529254913,-0.09015092253684998,0.01797843538224697,0.19893088936805725,-0.016520360484719276,0.0028433334082365036,0.0037566423416137695,0.05876631662249565,0.07480211555957794,-0.05011404678225517,-0.06632893532514572,-0.07962233573198318,-0.1124454066157341,-0.03769773244857788,-0.04944206401705742,0.12204556912183762,-0.006213778164237738,0.007752829696983099,-0.0012986183864995837,-0.0066242339089512825,0.008511388674378395,0.009016674943268299,0.06440629810094833,0.02125493995845318,-0.005359619855880737,-0.04976142570376396,0.03295212984085083,-0.061498191207647324,-0.0942334458231926,0.06620430946350098,0.08234178274869919,-0.02421734295785427,-0.012176520191133022,0.03685719892382622,-0.01952153444290161,-0.03929898887872696,0.17382147908210754,0.020805448293685913,0.4526979923248291,0.45465123653411865,0.24778592586517334,-0.1456981599330902,-0.28720423579216003,0.08284974098205566,0.5846778154373169,0.4112619161605835,0.031459990888834,-0.07246506214141846,-0.09252765029668808,-0.3772803843021393,-0.2379635125398636,0.7052912712097168,0.4231480360031128,-0.1565585434436798,-0.8349774479866028,-0.05293755233287811,-0.05692930892109871,-0.7968523502349854,-0.5081765055656433,-0.2837788760662079,-0.33574429154396057,0.756571888923645,-0.3490217626094818,0.1723429262638092,0.0,-0.0,-0.0
-0.051653262227773666,-0.03819999471306801,0.03319753333926201,0.0360582135617733,0.022754546254873276,-1.034681797027588,-0.009080903604626656,-0.0036558047868311405,-0.0024458328261971474,0.10420016944408417,-0.09544625878334045,0.0006959140300750732,-0.05874714255332947,0.0010978179052472115,0.0075078923255205154,0.10534755885601044,-0.05848080664873123,0.017069555819034576,-0.0005866019055247307,-0.004386810585856438,0.009588481858372688,0.007321510463953018,0.10790825635194778,0.09473565220832825,0.018551401793956757,-0.20160821080207825,-0.005205722525715828,-0.004153003916144371,0.004137949086725712,-0.10570400208234787,-0.10363267362117767,-0.004676932469010353,0.20244333148002625,0.0022568413987755775,-0.010608941316604614,0.046161141246557236,0.026553655043244362,-0.06632927060127258,0.010224634781479836,-0.05165057256817818,0.00985187292098999,0.03015117719769478,0.008397424593567848,0.01380647998303175,0.002911299467086792,0.02963775396347046,0.033551134169101715,-0.03756135329604149,0.07599794119596481,0.006998515222221613,-0.04730558395385742,0.030991530045866966,-0.09757393598556519,-0.011834937147796154,-0.030854901298880577,-0.004947018809616566,0.020715290680527687,0.08098900318145752,-0.045848749577999115,0.031050264835357666,-0.036068230867385864,-0.06890463083982468,0.049362897872924805,0.03442266210913658,0.1441887468099594,0.09425533562898636,-0.08385422825813293,0.5228797793388367,0.43475401401519775,0.18244150280952454,-0.11080159991979599,-0.3932250440120697,0.06686617434024811,0.440702348947525,0.4962669014930725,-0.1968129575252533,0.07277992367744446,0.16858452558517456,-0.29053086042404175,-0.37696072459220886,0.1846967488527298,0.2580875754356384,-0.33148691058158875,-0.8786044120788574,-0.14417272806167603,-0.07433798909187317,-0.07115722447633743,-0.6849116086959839,-0.6706228852272034,-0.27672913670539856,0.802642285823822,-0.05738358199596405,-0.047497671097517014,0.0,-0.0,-0.0
-0.01432795450091362,0.08105054497718811,0.008637193590402603,0.009695746004581451,-0.00974607840180397,-0.9624429941177368,-0.02610194683074951,0.0025821812450885773,-0.0031691407784819603,0.10218627005815506,-0.0794941633939743,-0.002035834826529026,-0.061700813472270966,0.003077552653849125,-0.003222375176846981,0.10705149918794632,-0.03926883637905121,0.011240391060709953,0.006138741970062256,0.0026965541765093803,0.020224956795573235,0.0077940933406353,0.07815023511648178,0.1074630618095398,0.0023726150393486023,-0.21687020361423492,-0.0011318614706397057,0.003328334540128708,0.008862506598234177,-0.10930176824331284,-0.11638832837343216,0.009380059316754341,0.1985252946615219,-0.003321492113173008,0.0017031291499733925,0.05809913948178291,-0.052914638072252274,-0.06455488502979279,0.005630177445709705,0.06239360570907593,-0.06029638648033142,0.052346110343933105,-0.05907745286822319,-0.05976882204413414,-0.021358449012041092,0.05063509941101074,0.012298720888793468,0.03732987865805626,-0.05334550142288208,-0.01651168428361416,0.06707525253295898,-0.015240490436553955,-0.01442380528897047,-0.07466315478086472,-0.06703006476163864,0.05413111671805382,0.04549507051706314,-0.04279357194900513,0.029798125848174095,0.03221918269991875,0.08548581600189209,-0.0643361285328865,0.04321310669183731,0.0726320892572403,0.06376427412033081,0.5062915682792664,-0.022486820816993713,0.5004838705062866,0.564182698726654,0.21702802181243896,-0.03230991214513779,-0.37733760476112366,0.020277682691812515,0.5750164985656738,0.5927045941352844,-0.19079159200191498,0.016565904021263123,-0.14485079050064087,-0.44646766781806946,-0.34867537021636963,0.37032783031463623,0.5951918363571167,-0.33617526292800903,-0.8648441433906555,-0.21853169798851013,0.0716155469417572,-0.44908109307289124,-0.3353593647480011,-0.4394168555736542,-0.17966268956661224,0.8120404481887817,-0.31496238708496094,0.0635175108909607,0.0,-0.0,-0.0
0.020407844334840775,0.02403111383318901,0.009742852300405502,0.04204501584172249,0.0015202835202217102,-0.9925467371940613,-0.02822941727936268,-0.00497103575617075,-0.003296148031949997,0.09742297977209091,-0.07552032172679901,-0.008212031796574593,-0.060326047241687775,-0.0032789213582873344,0.012146377936005592,0.10309736430644989,-0.03777742385864258,0.0030112173408269882,0.012301275506615639,-0.007939361035823822,0.00852646678686142,-0.0031589088030159473,0.08731672912836075,0.11672281473875046,0.017649628221988678,-0.18533502519130707,-0.011281507089734077,0.00249302014708519,0.006385475397109985,-0.09988384693861008,-0.11037754267454147,-0.00798715092241764,0.1909070760011673,-0.006442368030548096,-0.0003838399425148964,0.036291029304265976,0.03382248803973198,0.028214825317263603,0.023202402517199516,0.04328218847513199,-0.015331173315644264,-0.0802500769495964,-0.04430500417947769,-0.013310945592820644,-0.059858787804841995,0.030296623706817627,0.005051791667938232,0.07996149361133575,0.043922532349824905,0.05236334726214409,-0.07997000217437744,0.07822176069021225,0.020677560940384865,-0.03821509703993797,0.046975769102573395,-0.061857666820287704,-0.0007267952314577997,-0.03035731613636017,-0.05009946972131729,0.048543691635131836,-0.00524134049192071,-0.06505453586578369,-0.025570405647158623,-0.06282451748847961,0.018832772970199585,0.3370310068130493,-0.005764634348452091,0.4928581714630127,0.2776753306388855,0.18797487020492554,-0.09899295121431351,-0.39411693811416626,0.10797974467277527,0.5668280124664307,0.2861120104789734,-0.3007190227508545,-0.037133198231458664,0.15462054312229156,-0.3452059328556061,-0.42527392506599426,0.6175355315208435,0.4226965308189392,-0.21727780997753143,-0.6182637214660645,-0.19293072819709778,-0.17323070764541626,-0.27431797981262207,-0.4547579288482666,-0.39023563265800476,-0.4465082585811615,0.8115659356117249,-0.27004626393318176,-0.09537631273269653,0.0,-0.0,-0.0
0.024303365498781204,-0.025299707427620888,-0.006302136927843094,0.0517362616956234,-0.04822535440325737,-1.0074424743652344,-0.025205425918102264,0.011351263150572777,-0.0056664906442165375,0.11412223428487778,-0.0779430940747261,-0.003962453920394182,-0.07206401228904724,0.003335985355079174,0.008609237149357796,0.09863930940628052,-0.03559334576129913,0.007781503722071648,0.0022568609565496445,0.006338126957416534,0.00912296213209629,0.0024951761588454247,0.10030463337898254,0.11174779385328293,0.010108286514878273,-0.20279158651828766,0.018772117793560028,0.0061991214752197266,-0.008455115370452404,-0.09019771218299866,-0.10283264517784119,-0.0136021189391613,0.19899195432662964,-0.005429462064057589,0.0009612161666154861,-0.058141112327575684,-0.048637907952070236,0.04182937368750572,-0.0017014503246173263,0.006038254592567682,-0.0001040875940816477,0.06691960245370865,0.055332113057374954,0.02869713306427002,-0.06653358042240143,0.03566817194223404,0.0377684123814106,-0.0848773717880249,-0.0697297677397728,-0.0024687170516699553,0.01658039726316929,-0.06257825344800949,-0.01701333560049534,-0.042390432208776474,-0.04291946813464165,0.01982170343399048,-0.015393775887787342,0.045514822006225586,-0.06395572423934937,0.00016292334476020187,-0.00998610258102417,-0.02873978577554226,0.035527970641851425,0.0813058540225029,0.18900646269321442,0.5049546360969543,-0.05656038224697113,0.5800461173057556,0.27432459592819214,0.15396985411643982,-0.013782836496829987,-0.3396316170692444,0.06324790418148041,0.5752458572387695,0.44242745637893677,-0.2529897093772888,-0.054836343973875046,-0.04038969427347183,-0.5561813116073608,-0.041411835700273514,0.3140079975128174,0.24410861730575562,-0.29917415976524353,-1.020271897315979,0.137302428483963,-0.03308062627911568,-0.26257461309432983,-0.4038691818714142,-0.3250996470451355,-0.17893393337726593,0.8363174796104431,-0.05960945785045624,0.0944242775440216,0.0,-0.0,-0.0
-0.026355251669883728,-0.031301286071538925,-0.034980375319719315,0.059739191085100174,0.01620333269238472,-1.0071543455123901,-0.028036130592226982,0.00726211816072464,-0.0010388754308223724,0.10751595348119736,-0.08648640662431717,0.002874232828617096,-0.05972275137901306,-0.012551022693514824,0.0032314471900463104,0.1094948872923851,-0.05240558087825775,0.002170240506529808,-0.012002183124423027,-0.010264982469379902,0.0036769937723875046,0.006892263889312744,0.10367225110530853,0.09653183072805405,0.0064372774213552475,-0.21144694089889526,0.0022731414064764977,0.0038816770538687706,-0.01502261683344841,-0.08360593765974045,-0.08624766021966934,-0.0048140352591872215,0.19505618512630463,-0.015423743054270744,-0.01621754840016365,0.01778564415872097,0.011989736929535866,0.028145765885710716,-0.08859305828809738,-0.03266557678580284,-0.04542776569724083,0.04713217169046402,0.048025455325841904,-0.021533280611038208,-0.03275204077363014,0.06428096443414688,-0.025206422433257103,0.06690535694360733,-0.075263611972332,-0.07315608114004135,-0.01759876124560833,-0.04941779375076294,0.03733621910214424,-0.03412545472383499,0.07719923555850983,-0.09462310373783112,0.05115414783358574,-0.05082946643233299,-0.012177812866866589,-0.03161891922354698,0.035248398780822754,-0.06049486622214317,0.06414244323968887,0.029599130153656006,-0.09969117492437363,0.2766185998916626,-0.06490577757358551,0.3857693672180176,0.22912032902240753,0.26658809185028076,-0.03794608265161514,-0.29662689566612244,0.010352764278650284,0.5884336233139038,0.23356324434280396,-0.12005962431430817,0.03666665032505989,0.07401213049888611,-0.3495086431503296,-0.30997881293296814,0.6014328598976135,0.41916796565055847,-0.27413979172706604,-0.772926926612854,-0.4570325016975403,-0.06936447322368622,-0.2902260720729828,-0.4418960511684418,-0.40513375401496887,-0.11956198513507843,0.8542513251304626,-0.14344525337219238,-0.17673403024673462,0.0,-0.0,-0.0
-0.011354811489582062,-0.03672367334365845,0.03957619145512581,0.030115652829408646,0.047625262290239334,-0.9957655072212219,-0.021251743659377098,0.00019732117652893066,-0.007741337176412344,0.10581326484680176,-0.07949025183916092,-0.012735581025481224,-0.0615844801068306,0.003738515079021454,-0.007606477942317724,0.09684615582227707,-0.039330027997493744,0.007043156772851944,-0.0013481881469488144,0.007688317447900772,0.010905181989073753,-0.0011778678745031357,0.08640675246715546,0.09259895980358124,0.024368589743971825,-0.1910773515701294,0.008247213438153267,-0.031234972178936005,-0.016901781782507896,-0.08950871229171753,-0.09144227206707001,-0.01315285824239254,0.21334871649742126,-0.007287289015948772,-0.014666938222944736,-0.056501805782318115,0.07130912691354752,-0.03955730423331261,0.047808852046728134,0.05733633041381836,-0.031819071620702744,0.05182245001196861,0.038004424422979355,-0.03133339807391167,0.0072265625931322575,-0.05727919563651085,-0.012945211492478848,-0.04194643720984459,0.029207348823547363,0.06586877256631851,-0.04381141811609268,-0.06282354146242142,0.04482424259185791,0.08503150939941406,0.035320233553647995,0.05093524605035782,-0.0012873292434960604,0.03815659508109093,0.05645341798663139,-0.0535382516682148,-0.03817249462008476,-0.041883450001478195,-0.056830015033483505,0.04761446639895439,-0.11005185544490814,0.06954432278871536,-0.010969431139528751,0.48151910305023193,0.19940997660160065,0.0038544461131095886,-0.09676939994096756,-0.2910914123058319,0.06189631298184395,0.47197669744491577,0.4093437194824219,-0.3334709405899048,-0.003788936883211136,0.3457198143005371,-0.16862009465694427,-0.2606809735298157,0.483059823513031,0.47556358575820923,-0.2195049226284027,-0.7161490321159363,0.024839170277118683,-0.20660334825515747,0.005902744829654694,-0.543269157409668,-0.4851261377334595,-0.19855068624019623,0.8315004706382751,-0.04501459002494812,0.03834209591150284,0.0,-0.0,-0.0
-0.00814061239361763,0.01479363813996315,-0.026333823800086975,-0.018354617059230804,0.015918973833322525,-0.9553304314613342,-0.02245747111737728,0.001794431358575821,-0.010536865331232548,0.10571859031915665,-0.07691963762044907,-0.005274244584143162,-0.07122066617012024,-0.007027061656117439,-0.006835493724793196,0.10756447166204453,-0.04588911682367325,0.002164585515856743,-0.010263153351843357,0.008070066571235657,0.003097059205174446,0.02097308076918125,0.09393930435180664,0.07367639988660812,0.008099442347884178,-0.20359115302562714,0.00013534538447856903,-0.005918322596698999,-0.01280827634036541,-0.10618795454502106,-0.08173804730176926,0.009404225274920464,0.19028301537036896,0.008038388565182686,0.007064320147037506,0.025282680988311768,0.07032940536737442,0.015604781918227673,-0.04863248020410538,0.0664682611823082,-0.03894888609647751,0.01880352571606636,-0.04625587910413742,-0.04650617390871048,0.031868305057287216,-0.03698629140853882,-0.06005430221557617,-0.0537518635392189,0.049346353858709335,0.06212778016924858,0.08752197027206421,-0.06530854105949402,-0.026183707639575005,-0.009311079978942871,-0.09124751389026642,-0.0745495930314064,0.03907686471939087,-0.03383414074778557,0.03792417049407959,0.06057126447558403,0.09554492682218552,0.0328829400241375,-0.04449356719851494,0.06578289717435837,-0.042155712842941284,0.3822210431098938,-0.04428368806838989,0.4145767092704773,0.1834951490163803,0.27946263551712036,0.09462279826402664,-0.32796213030815125,0.06203987076878548,0.5971934199333191,0.32519984245300293,-0.06838533282279968,-0.02539004758000374,-0.22831279039382935,-0.5300973653793335,-0.32797107100486755,0.6408942937850952,0.45434993505477905,-0.5734150409698486,-0.9555675983428955,-0.5284128785133362,0.28141576051712036,-0.1944139301776886,-0.6696567535400391,-0.46223118901252747,-0.1281646192073822,0.6529436707496643,0.04861859232187271,0.0387825146317482,0.0,-0.0,-0.0
-0.012674782425165176,-0.043979063630104065,0.08174321055412292,-0.012425139546394348,0.014741476625204086,-1.0343557596206665,-0.028425849974155426,0.006269654259085655,-0.008742574602365494,0.1012183278799057,-0.07675161212682724,0.0021790117025375366,-0.05658171325922012,-0.008571479469537735,0.006982574239373207,0.10345086455345154,-0.04014328122138977,0.010252011939883232,0.00928572379052639,-0.0026610097847878933,0.016745032742619514,0.004713185131549835,0.09555388987064362,0.09267603605985641,0.019039345905184746,-0.20814566314220428,-0.015261560678482056,0.002534041181206703,0.012611916288733482,-0.09848421812057495,-0.10458120703697205,-0.012888571247458458,0.20433218777179718,0.020557193085551262,-0.013524772599339485,-0.07438655942678452,-0.010656774044036865,0.003159892512485385,0.03971818834543228,0.02254348434507847,0.0005375504842959344,-0.03859604150056839,0.0651102289557457,-0.060832679271698,0.05241136625409126,-0.02911205403506756,0.06207665428519249,0.010259890928864479,-0.06473362445831299,0.021860396489501,-0.12701603770256042,0.010935771279036999,0.008927798829972744,0.04958871752023697,-0.006873107049614191,-0.060917407274246216,0.04793309047818184,0.020229382440447807,-0.05850934982299805,0.007258868310600519,-0.046278975903987885,-0.05031156539916992,-0.05252755805850029,0.005055367946624756,0.010089010000228882,0.3896467387676239,-0.09124995768070221,0.4799844026565552,0.17588384449481964,0.38534072041511536,-0.18011876940727234,-0.3195830285549164,0.06804445385932922,0.41160330176353455,0.048662059009075165,0.10776188969612122,0.014858085662126541,-0.23441508412361145,-0.2878068685531616,-0.6784204840660095,0.6794078946113586,0.6999289989471436,-0.3170585334300995,-0.7073506712913513,-0.2627933919429779,-0.025201324373483658,-0.0820874348282814,-0.607239842414856,-0.7239032983779907,-0.41334056854248047,0.7792789340019226,-0.15203188359737396,-0.23538808524608612,0.0,-0.0,-0.0
-0.008625801652669907,0.09465517103672028,-0.01781836897134781,-0.03653671219944954,0.04074004665017128,-0.9865766763687134,-0.0246504507958889,-0.001450854353606701,0.0023511797189712524,0.10486375540494919,-0.08798766136169434,-0.010902851819992065,-0.061058253049850464,-0.00022464431822299957,0.0026389239355921745,0.1067274883389473,-0.038101889193058014,0.00212676078081131,0.009191974997520447,-0.013647503219544888,0.009479718282818794,0.014211872592568398,0.08914227783679962,0.10751243680715561,-0.004233920946717262,-0.20431289076805115,-0.0026950682513415813,-0.009396817535161972,0.020570317283272743,-0.09902039170265198,-0.09418868273496628,0.016141045838594437,0.19035503268241882,-0.006800317205488682,-0.0015521775931119919,0.027134288102388382,-0.006574898958206177,-0.027583925053477287,0.0434146411716938,0.07042975723743439,-0.029141047969460487,0.0629051923751831,0.029960382729768753,-0.027149507775902748,0.018967920914292336,0.06016174703836441,0.054085709154605865,-0.03836345300078392,0.03608047962188721,-0.09623872488737106,-0.028043651953339577,0.014410215429961681,0.018585169687867165,-0.1258472502231598,0.027998149394989014,0.056102242320775986,0.04764091968536377,0.04229378700256348,-0.0028325379826128483,0.01751093380153179,0.0397658608853817,-0.03322530910372734,0.042446017265319824,-0.020560575649142265,0.04972873628139496,0.15863960981369019,-0.029592469334602356,0.4040437340736389,-0.052879199385643005,0.21282121539115906,-0.09179351478815079,-0.43412259221076965,0.11491766571998596,0.41676023602485657,-0.011994309723377228,-0.2783864438533783,0.024350982159376144,0.3048690855503082,-0.48925742506980896,0.00844288244843483,0.46425217390060425,0.4869070053100586,-0.4413750171661377,-0.791791558265686,0.07847910374403,-0.13544729351997375,-0.4857434034347534,-0.526991605758667,-0.3889683783054352,-0.18722906708717346,0.7927863597869873,-0.336746484041214,0.10963208973407745,0.0,-0.0,-0.0
-0.05158465728163719,0.043150644749403,-0.047904662787914276,0.061125900596380234,-0.029970472678542137,-1.0244190692901611,-0.03461027890443802,0.0034177005290985107,-0.010619625449180603,0.10440828651189804,-0.08433318883180618,-0.0024253143928945065,-0.07528417557477951,0.0042954664677381516,-0.0015828097239136696,0.0978962853550911,-0.04492160677909851,-0.004269546829164028,-0.002911409828811884,-0.010273877531290054,0.020014606416225433,0.0020979298278689384,0.10560242086648941,0.10343489795923233,0.007864229381084442,-0.19784560799598694,-0.0018612351268529892,0.0022187940776348114,0.0032707564532756805,-0.1018863394856453,-0.10826234519481659,0.001744292676448822,0.20110705494880676,0.006320042535662651,0.0037704454734921455,0.04342014715075493,0.018887002021074295,-0.053604450076818466,0.0467778705060482,-0.02891106903553009,0.053142666816711426,-0.07903547585010529,0.011987763457000256,0.05718451738357544,-0.012778705917298794,-0.05827666446566582,0.020453406497836113,-0.02339501492679119,0.04315595701336861,0.04181938245892525,0.0336652509868145,0.07857080549001694,-0.030988479033112526,0.05696406587958336,-0.048727329820394516,-0.04116307944059372,-0.03476050868630409,0.003398651024326682,0.024152977392077446,-0.028510475531220436,-0.05787767097353935,-0.020085370168089867,0.05052504688501358,0.012389457784593105,-0.397219181060791,0.34326544404029846,-0.07683240622282028,0.3481038808822632,-0.45913243293762207,0.09227287024259567,-0.1477823257446289,-0.3315405547618866,0.06444528698921204,0.4369955062866211,0.11828500777482986,-0.4997473359107971,0.06815172731876373,0.056430839002132416,-0.03478171303868294,-0.20668518543243408,0.47565144300460815,0.3322224020957947,-0.005974389612674713,-0.8193314671516418,-0.15298622846603394,0.055479686707258224,-0.6626130938529968,-0.5198833346366882,-0.42262259125709534,-0.5504097938537598,0.9681106209754944,-0.23874901235103607,0.07542887330055237,0.0,-0.0,-0.0
0.00869520753622055,-0.0095493383705616,-0.008553478866815567,-0.024827126413583755,-0.019209664314985275,-1.0010325908660889,-0.03720395267009735,0.007610350847244263,-0.012031545862555504,0.10454291105270386,-0.08987399935722351,-0.01417722087353468,-0.07366420328617096,-0.001947116106748581,0.003982768394052982,0.09061300754547119,-0.04048321396112442,-0.003516285214573145,-0.003914295695722103,0.012344909831881523,0.02618151344358921,0.008643139153718948,0.08754158765077591,0.10626733303070068,0.012921616435050964,-0.20893554389476776,0.0008678687736392021,-0.0032241628505289555,0.0029237987473607063,-0.1169297993183136,-0.11624420434236526,0.0001666378229856491,0.20152610540390015,-0.007370240055024624,-0.0055596050806343555,0.005713462829589844,-0.05583266168832779,0.007130253594368696,0.0016195059288293123,-0.028016388416290283,-0.010577559471130371,0.07013121992349625,0.03992805629968643,-0.049730729311704636,0.0064383745193481445,-0.02461777999997139,0.050797510892152786,-0.042037393897771835,-0.019790971651673317,0.05683957412838936,0.06008833646774292,-0.07076513022184372,0.05804560333490372,0.02193177305161953,-0.02590874396264553,-0.04985179379582405,0.05420823022723198,-0.027186280116438866,-0.051058005541563034,-0.06516259163618088,0.017077350988984108,0.04691418632864952,0.0026984214782714844,0.023060554638504982,-0.08765482902526855,0.3861093819141388,-0.05577161908149719,0.44963371753692627,0.24941913783550262,0.15912112593650818,0.16967344284057617,-0.561440646648407,0.07442113757133484,0.6234115958213806,0.6679978966712952,-0.30673372745513916,-0.021155945956707,0.12309231609106064,-0.6009873151779175,-0.48898783326148987,0.2038915455341339,0.39599454402923584,-0.4756319224834442,-0.8786839842796326,-0.1870066523551941,0.023547731339931488,-0.2747028172016144,-0.5296213030815125,-0.4221879541873932,-0.1810123771429062,0.7157147526741028,-0.3705839216709137,-0.02776094153523445,0.0,-0.0,-0.0
0.0076267048716545105,0.058958422392606735,-0.02092796005308628,-0.02508542314171791,0.02996082976460457,-1.0106828212738037,-0.040038999170064926,0.011593114584684372,-0.011533678509294987,0.10744748264551163,-0.07832777500152588,-0.009340871125459671,-0.07916259765625,0.002311493270099163,0.00800098292529583,0.0946575477719307,-0.030185801908373833,-0.003266129642724991,0.006809094920754433,0.003825698047876358,0.012218618765473366,-0.006432163063436747,0.10280297696590424,0.11262929439544678,0.011637544259428978,-0.20040105283260345,-0.0028658099472522736,-0.0003627389669418335,-0.009036514908075333,-0.09979242831468582,-0.10432533919811249,-0.0068534682504832745,0.19382229447364807,-0.00888608768582344,-0.008699910715222359,0.05730048567056656,0.07277172803878784,0.03276849910616875,-0.01902785897254944,-0.019830161705613136,0.056503474712371826,-0.041479598730802536,-0.019023334607481956,-0.013165086507797241,-0.06251193583011627,-0.032985981553792953,-0.04962778091430664,-0.05221286416053772,-0.0692174881696701,0.025194918736815453,-0.01340626459568739,0.03880729898810387,0.011603200808167458,-0.04460733383893967,0.001078450703062117,0.05023401975631714,-0.006377696990966797,-0.049853160977363586,0.06404254585504532,0.0318005196750164,-0.07872703671455383,0.029352892190217972,0.01519737858325243,0.02643148973584175,-0.06915953010320663,0.42862361669540405,-0.11027370393276215,0.5328600406646729,0.5693195462226868,0.2787523567676544,0.10149035602807999,-0.33764415979385376,0.06274764239788055,0.6787114143371582,0.6807900667190552,-0.13801799714565277,0.02244151011109352,-0.07866024225950241,-0.5734819173812866,-0.49344897270202637,0.6391644477844238,0.3130703270435333,-0.40817737579345703,-0.753518283367157,-0.20173397660255432,-0.12835070490837097,-0.24952512979507446,-0.1904323697090149,-0.19472156465053558,-0.26842668652534485,0.8108998537063599,-0.03777678310871124,0.0884425938129425,0.0,-0.0,-0.0
-0.05028366670012474,0.010699864476919174,0.01674259826540947,-0.010310549288988113,0.04461964592337608,-1.041262149810791,-0.03204461559653282,0.0027501191943883896,0.002451462671160698,0.09624814987182617,-0.07868082076311111,-0.012462558224797249,-0.06908517330884933,-0.011788912117481232,-0.009544013999402523,0.09689521044492722,-0.03624466806650162,0.007565969601273537,0.002144929952919483,0.007069859653711319,0.002329840324819088,0.0015922393649816513,0.10467034578323364,0.0902535691857338,0.01568606309592724,-0.21176552772521973,-0.007708868943154812,-0.0056067341938614845,-0.002266987692564726,-0.10711731761693954,-0.09581715613603592,0.0024149958044290543,0.1919211596250534,0.007134201005101204,-0.014581780880689621,-0.018715430051088333,-0.051118403673172,0.053252924233675,-0.05189229175448418,0.0536280982196331,-0.04220807924866676,-0.004313057754188776,-0.07697368413209915,0.013756686821579933,-0.0008252680418081582,-0.0016576588386669755,-0.04122539237141609,-0.011661350727081299,-0.02834952436387539,0.023755747824907303,-0.06248064711689949,-0.0016476035816594958,-0.02631199359893799,0.066658154129982,0.003998213913291693,-0.07902760058641434,0.007541924715042114,-0.009839815087616444,0.04209942743182182,0.019291294738650322,0.009075713343918324,-0.07233389467000961,0.04736323282122612,-0.0038822770584374666,-0.09126995503902435,0.20502331852912903,-0.028433963656425476,0.5364084243774414,0.57962965965271,0.17116883397102356,0.05868542939424515,-0.49869629740715027,0.07266196608543396,0.6315677165985107,0.8219496607780457,-0.1374845653772354,0.07339192926883698,0.20089274644851685,-0.3960152566432953,-0.14915584027767181,0.27247804403305054,0.3538658618927002,-0.2777872085571289,-0.8650906682014465,-0.317431777715683,-0.03306062892079353,-0.028345875442028046,-0.5856360197067261,-0.43756726384162903,-0.010444920510053635,0.7654139399528503,0.050399452447891235,-0.05740286037325859,0.0,-0.0,-0.0
0.028941389173269272,-0.05453134700655937,0.03088754042983055,0.02328464761376381,-0.014297720044851303,-1.0425230264663696,-0.03025960363447666,-0.0024113859981298447,-0.006912522949278355,0.10690898448228836,-0.08028990775346756,-0.011524400673806667,-0.07089664041996002,-0.010655072517693043,-0.007204938214272261,0.08397823572158813,-0.022276557981967926,-0.002610444091260433,-0.0009223585948348045,0.006558258086442947,0.009705044329166412,-0.005737273953855038,0.08857384324073792,0.10388043522834778,-0.011625846847891808,-0.2083582729101181,0.012159230187535286,-0.006240555550903082,-0.006229103077203035,-0.11055093258619308,-0.09744273871183395,0.0024345554411411285,0.19867169857025146,-0.005133694037795067,0.01182647980749607,0.08748956024646759,0.020177233964204788,-0.010570937767624855,0.01859276369214058,0.035916518419981,0.06114717945456505,-0.03803784400224686,-0.03783750161528587,-0.0436897799372673,-0.020882094278931618,-0.05526304244995117,0.035413503646850586,0.02248639427125454,-0.0019489467376843095,0.007185900118201971,0.04991457611322403,0.03937575966119766,-0.009359425865113735,-0.02790350653231144,0.06409545242786407,0.05432501062750816,0.04485999420285225,0.048842787742614746,0.04777345806360245,-0.049896132200956345,0.05694254860281944,-0.026029109954833984,-0.00434830179437995,-0.049133215099573135,0.014132842421531677,0.2574625015258789,-0.02118360996246338,0.47947603464126587,0.2942514419555664,0.10341282933950424,0.11749901622533798,-0.0927603542804718,0.008183788508176804,0.620742917060852,0.5714146494865417,-0.18630141019821167,0.008572589606046677,-0.18519416451454163,-0.48706376552581787,-0.1252789944410324,0.42651093006134033,0.6161770224571228,-0.39596861600875854,-0.7951399087905884,-0.0009377971291542053,0.02793024852871895,-0.19181665778160095,-0.5352871417999268,-0.43028753995895386,-0.3156224489212036,0.851057231426239,-0.35390689969062805,0.15108773112297058,0.0,-0.0,-0.0
0.005588952451944351,0.03823990002274513,0.03007945790886879,0.045935261994600296,0.0050252340734004974,-1.0325148105621338,-0.03471819683909416,0.0010013319551944733,-0.015629075467586517,0.11994651705026627,-0.07907821983098984,0.0023678727447986603,-0.07867365330457687,0.0008533773943781853,0.002078656107187271,0.09355241060256958,-0.03255585581064224,0.0027364306151866913,0.0021398402750492096,0.008975161239504814,0.0033506639301776886,0.014272375032305717,0.07649877667427063,0.1035802811384201,0.0053433142602443695,-0.21144816279411316,-0.012703265994787216,0.00331821758300066,-0.0028054816648364067,-0.10837605595588684,-0.09327884763479233,-0.0007792394608259201,0.20802031457424164,0.008825503289699554,-0.004015036858618259,-0.08424874395132065,0.0012759388191625476,-0.058133672922849655,0.07482609897851944,-0.06507124751806259,-0.06587840616703033,-0.044781967997550964,0.005253344774246216,-0.016168052330613136,0.008807063102722168,-0.07990177720785141,0.060030747205019,-0.024961650371551514,-0.06445425003767014,-0.0024269402492791414,0.003913212101906538,-0.03261859714984894,-0.00967149157077074,0.1003868356347084,0.021634811535477638,-0.09633498638868332,0.04998753219842911,-0.027339240536093712,-0.008252793923020363,-0.04460407420992851,-0.02440655790269375,0.013618898577988148,0.08142216503620148,-0.06822864711284637,-0.14760684967041016,0.34699609875679016,-0.03344111889600754,0.5296081900596619,0.25237417221069336,0.15540656447410583,-0.14538830518722534,-0.20227324962615967,0.06962840259075165,0.5442875027656555,0.5779057145118713,-0.189316987991333,-0.02983546257019043,-0.05805812031030655,-0.38203245401382446,-0.2932296395301819,0.5104537606239319,0.32917454838752747,-0.13479113578796387,-0.8266211152076721,-0.33551275730133057,-0.021098319441080093,-0.46310490369796753,-0.5007524490356445,-0.3462142050266266,-0.37139901518821716,0.7922846078872681,-0.17668269574642181,-0.03182826563715935,0.0,-0.0,-0.0
0.016617324203252792,-0.003114897757768631,0.050002049654722214,0.029246855527162552,-0.012567315250635147,-1.04079270362854,-0.03475070744752884,0.0033340919762849808,-0.008393639698624611,0.1002667024731636,-0.07876032590866089,-0.0037538730539381504,-0.06577938050031662,0.003199530765414238,0.01010923646390438,0.09360872209072113,-0.042211227118968964,-0.002869656775146723,0.011713717132806778,0.01351933740079403,0.010762887075543404,0.0041646938771009445,0.07939225435256958,0.10076494514942169,-0.008897669613361359,-0.20682117342948914,0.007738417014479637,-0.003864043392241001,0.0005225008353590965,-0.09409482032060623,-0.07823244482278824,0.009025368839502335,0.18274250626564026,-0.015519603155553341,0.003139011561870575,0.01885109581053257,0.05501127243041992,-0.034976910799741745,0.03764529153704643,0.04547182470560074,-0.06077644228935242,0.03207802772521973,-0.014234989881515503,-0.074757419526577,0.06197366863489151,-0.025924820452928543,0.035848893225193024,-0.05477888137102127,-0.05673202499747276,0.061577487736940384,-0.031582530587911606,0.0022728980984538794,-0.045919019728899,0.013244754634797573,0.05143919214606285,0.12010969966650009,0.01134649571031332,-0.06408054381608963,0.03014845959842205,0.03209897503256798,-0.03772176802158356,0.03316102176904678,0.013668573461472988,0.016755808144807816,-0.014110147953033447,0.33343392610549927,-0.041906505823135376,0.4095180630683899,0.18873904645442963,0.31193339824676514,-0.07441634684801102,-0.4405669867992401,0.06574991345405579,0.528495192527771,0.37618258595466614,-0.14291585981845856,-0.03573319688439369,0.0897665023803711,-0.4107092022895813,-0.429941862821579,0.6791595220565796,0.5393609404563904,-0.4700504541397095,-0.807686984539032,0.007782779633998871,-0.16196072101593018,-0.11753366142511368,-0.4466075599193573,-0.4578389823436737,-0.1264330893754959,0.681044340133667,-0.39405199885368347,0.11990788578987122,0.0,-0.0,-0.0
-0.005299858748912811,0.04717893525958061,-0.06525608897209167,-0.028917931020259857,-0.01543794572353363,-1.0191667079925537,-0.04011790454387665,0.007009720429778099,0.0022841086611151695,0.09958940744400024,-0.08939984440803528,-0.014514106325805187,-0.06775584816932678,-0.008940168656408787,-0.0013299612328410149,0.09306056052446365,-0.02876453287899494,0.011159820482134819,0.00777784176170826,0.004665888845920563,-0.00012419093400239944,-0.007607548497617245,0.09193737059831619,0.09452422708272934,0.022024648264050484,-0.21166230738162994,-0.022542545571923256,-0.013766050338745117,0.01600494794547558,-0.08852455765008926,-0.08491905778646469,-0.0006469981744885445,0.19006983935832977,-0.0024764849804341793,0.008781207725405693,0.06503096967935562,0.07232045382261276,-0.027175618335604668,-0.04859470948576927,0.010079622268676758,-0.06688976287841797,-0.025337381288409233,-0.03802754729986191,0.003476607846096158,-0.01155670266598463,0.04995155334472656,-0.049677666276693344,-0.024049032479524612,0.00829575676470995,0.057728469371795654,0.012716853991150856,-0.013423514552414417,0.021191705018281937,0.06202197074890137,0.0314021110534668,-0.034717947244644165,-0.05184447765350342,-0.034794241189956665,-0.02581278793513775,-0.07782496511936188,0.015433765016496181,0.07164595276117325,-0.03713425621390343,-0.04991515725851059,0.014728322625160217,0.35499778389930725,-0.0547795295715332,0.5461830496788025,0.35879385471343994,0.32191064953804016,-0.08340420573949814,-0.4118500053882599,0.10654337704181671,0.4936850965023041,0.4567692279815674,-0.05470449849963188,0.09908543527126312,-0.037039615213871,-0.47156620025634766,-0.27755823731422424,0.6852527260780334,0.5821590423583984,-0.18774820864200592,-0.8534045815467834,-0.5313096046447754,0.040361594408750534,-0.21325820684432983,-0.5847728252410889,-0.640647828578949,-0.2505308985710144,0.8709231615066528,-0.0032771099358797073,-0.09510883688926697,0.0,-0.0,-0.0
0.040833208709955215,-0.04939667508006096,0.014596547931432724,0.04372817650437355,-0.0211651474237442,-1.0371551513671875,-0.02893715351819992,0.0008245976641774178,0.0005503073334693909,0.10270535945892334,-0.0762290433049202,-0.0027254470624029636,-0.061541393399238586,-0.010405024513602257,0.009318923577666283,0.10486622154712677,-0.03294544667005539,0.006949855014681816,0.00489133782684803,0.0018329191952943802,0.01126519963145256,0.0011926637962460518,0.10525611788034439,0.0951806828379631,-0.009923514910042286,-0.21434904634952545,-0.011091748252511024,0.005925610661506653,0.010922474786639214,-0.08167695999145508,-0.09160616248846054,0.006593499332666397,0.19758519530296326,0.01676476188004017,0.010049320757389069,0.03946453332901001,-0.051210056990385056,-0.047354474663734436,0.026735438033938408,0.05319971963763237,-0.014061033725738525,-0.02323768101632595,0.01262627262622118,-0.07218793034553528,0.04880700260400772,0.02744969166815281,0.036032963544130325,-0.08612532913684845,-0.044761475175619125,-0.03172909840941429,0.0730278417468071,0.06842142343521118,0.04050867632031441,-0.10302368551492691,-0.05385580658912659,0.03801441192626953,0.1075858399271965,-0.08052831143140793,0.06295348703861237,0.021453971043229103,-0.02399911917746067,0.02199980616569519,0.0062590064480900764,-0.048350490629673004,0.014289289712905884,0.26029571890830994,-0.05383886396884918,0.538865327835083,0.38165283203125,0.3927169740200043,-0.003843076527118683,-0.38623347878456116,0.06087762489914894,0.5265589952468872,0.13613751530647278,0.046479057520627975,0.010714549571275711,-0.005810372531414032,-0.4135843813419342,-0.3138994872570038,0.5063968300819397,0.46990513801574707,-0.5344220399856567,-0.8536679148674011,-0.06488589197397232,0.16859376430511475,-0.3471300005912781,-0.49733731150627136,-0.38132429122924805,-0.26528558135032654,0.8371245265007019,-0.07888956367969513,-0.017623860388994217,0.0,-0.0,-0.0
0.004203323274850845,0.08456657826900482,-0.04071223735809326,0.025394733995199203,-0.02213170751929283,-1.0361360311508179,-0.031110664829611778,0.006212305277585983,0.001964452676475048,0.1193043515086174,-0.07727176696062088,-0.0031704995781183243,-0.06137043982744217,-0.005628062412142754,-0.006414063274860382,0.10338997095823288,-0.033105604350566864,-0.0025874581187963486,0.021543653681874275,0.0036721061915159225,0.013675464317202568,-0.002500186674296856,0.10343769937753677,0.09887196868658066,0.021841509267687798,-0.21082811057567596,-0.0019179526716470718,-0.02249290607869625,0.01984809897840023,-0.0928913950920105,-0.08927934616804123,-0.0009765420109033585,0.1920052021741867,0.0073943231254816055,-0.0022960565984249115,-0.02848067320883274,0.016331596300005913,-0.00989910401403904,0.007139027118682861,0.05832510069012642,-0.00913550890982151,-0.0720951184630394,0.03524590656161308,0.033489715307950974,-0.06512345373630524,0.035964157432317734,-0.06819836050271988,0.0911230593919754,-0.0025700926780700684,-0.04664098843932152,0.021280944347381592,-0.00963294506072998,0.004855632781982422,0.048970937728881836,-0.025042926892638206,-0.0312788300216198,0.011419516988098621,0.07296639680862427,-0.09372476488351822,0.043083786964416504,0.03838921710848808,-0.06393419206142426,-0.06450474262237549,0.04207504913210869,-0.15971589088439941,0.32421407103538513,-0.0429353266954422,0.49134427309036255,0.04101185500621796,0.18481501936912537,-0.14183077216148376,-0.22229665517807007,0.042446766048669815,0.4116009473800659,0.18669846653938293,-0.20887765288352966,0.12591740489006042,0.046238310635089874,-0.28999975323677063,-0.3900526762008667,0.33869117498397827,0.40673133730888367,-0.026673227548599243,-0.7378026843070984,-0.13036593794822693,-0.30298998951911926,-0.29172709584236145,-0.7302343249320984,-0.47598743438720703,-0.2667335867881775,0.819441020488739,-0.2482832819223404,0.00800236314535141,0.0,-0.0,-0.0
0.06848984956741333,-0.009085308760404587,-0.05306032672524452,0.0016817860305309296,0.029884379357099533,-1.0194395780563354,-0.035186558961868286,-0.0005928976461291313,-0.01200619712471962,0.11084672063589096,-0.08700117468833923,-0.010205315425992012,-0.0697469413280487,-0.007511627860367298,0.004180648364126682,0.10629065334796906,-0.04433513432741165,0.0041960980743169785,0.005275956355035305,0.011692864820361137,0.013122884556651115,-0.004637019243091345,0.09243300557136536,0.1021161675453186,-0.0054662832990288734,-0.19183512032032013,-0.005652245599776506,0.017831986770033836,-0.009095878340303898,-0.10143228620290756,-0.09867297112941742,0.011676978319883347,0.1976245790719986,0.0007401537150144577,-0.008972929790616035,0.058177459985017776,-0.009114081040024757,0.035813797265291214,-0.00029897093190811574,0.019408077001571655,0.05898284912109375,0.037097394466400146,-0.03234713524580002,-0.034076835960149765,0.09051118046045303,0.05697460100054741,-0.03768911585211754,-0.08016978949308395,-0.019081879407167435,-0.027389606460928917,-0.017675548791885376,0.052408695220947266,0.01046210527420044,0.0071128010749816895,-0.014322280883789062,0.06406306475400925,0.11816109716892242,0.0100392522290349,0.03741755709052086,-0.03165322169661522,0.06990519911050797,-0.02233957126736641,0.04230339452624321,-0.014985955320298672,0.06044955551624298,0.21603542566299438,-0.008611426688730717,0.4180859327316284,-0.17143820226192474,0.30376341938972473,-0.24536141753196716,-0.27226367592811584,0.09695109724998474,0.465800404548645,-0.290544331073761,-0.05118335410952568,-0.16209900379180908,-0.021900109946727753,-0.3215911388397217,-0.2925516963005066,0.4233846664428711,0.3820931911468506,-0.48144564032554626,-0.7698801755905151,-0.1399497389793396,0.22488519549369812,-0.6792752146720886,-0.47065454721450806,-0.5932419300079346,-0.43853259086608887,0.8766718506813049,-0.3217082619667053,-0.0896027460694313,0.0,-0.0,-0.0
-0.04401133954524994,0.05372012034058571,0.018919389694929123,0.015984948724508286,0.02821388468146324,-1.0064570903778076,-0.03723617643117905,-0.0029538674280047417,-0.0005171019583940506,0.10922347009181976,-0.07693260908126831,-0.009134585037827492,-0.06984446197748184,-0.007840285077691078,0.006104104220867157,0.10636366158723831,-0.028416521847248077,0.003975324332714081,-0.0027750246226787567,0.01504828967154026,0.011137958616018295,-0.004011020064353943,0.10271016508340836,0.10422702133655548,0.0036848904564976692,-0.20134350657463074,-0.012030764482915401,-0.007075858302414417,-0.0002566864714026451,-0.10058069974184036,-0.11042055487632751,-0.003558879718184471,0.20623916387557983,-0.008231209591031075,0.006757747381925583,-0.0424576997756958,-0.03341378644108772,0.0369650237262249,0.05922776460647583,0.007650846149772406,-0.04838985577225685,0.034817516803741455,0.0376252643764019,-0.07335175573825836,-0.09878625720739365,0.016583919525146484,-0.04183737561106682,-0.0466708205640316,-0.04048767313361168,-0.06317334622144699,-0.0687560960650444,0.012210357002913952,-0.055599212646484375,0.043477918952703476,0.015538394451141357,-0.05424076318740845,-0.006354940123856068,-0.023192638531327248,0.014783847145736217,-0.03567373752593994,-0.06954444199800491,0.056889068335294724,0.019180024042725563,-0.028504788875579834,-0.3135829567909241,0.36792752146720886,-0.140196293592453,0.4623678922653198,-0.11582233011722565,0.22445917129516602,-0.1361890435218811,-0.2201317548751831,0.051411982625722885,0.33592087030410767,-0.0128517746925354,-0.1388002336025238,0.13832014799118042,-0.19927510619163513,-0.1917467713356018,-0.22162051498889923,0.4736928939819336,0.39983081817626953,-0.18793371319770813,-0.8362399935722351,-0.28700780868530273,-0.3788685202598572,-0.35352954268455505,-0.4908042848110199,-0.31180161237716675,-0.4590139091014862,0.870766282081604,-0.3029634952545166,0.17958498001098633,0.0,-0.0,-0.0
0.0024842768907546997,-0.04789087921380997,-0.0037446729838848114,-0.035110726952552795,-0.02018573321402073,-1.0252496004104614,-0.037160828709602356,0.011804848909378052,-0.0012664217501878738,0.10489489883184433,-0.08517297357320786,-0.005614527966827154,-0.06821636110544205,-0.012665124610066414,0.004011168144643307,0.08859552443027496,-0.029022706672549248,0.00014846865087747574,0.0037365471944212914,0.008178405463695526,0.022151364013552666,-0.0022630179300904274,0.08808580040931702,0.11816348880529404,-0.002597156446427107,-0.20594827830791473,-0.013989200815558434,-0.00032413750886917114,-0.023007087409496307,-0.11211995035409927,-0.09721074998378754,-0.007543353363871574,0.1944582760334015,-0.008008122444152832,-0.0018471181392669678,-0.05219520255923271,0.009819865226745605,0.058130454272031784,-0.0512082576751709,0.006344020366668701,-0.0010624409187585115,0.024083411321043968,0.06681110709905624,-0.05866441875696182,-0.08102669566869736,-0.06016310676932335,0.06368338316679001,-0.022203708067536354,-0.0723019689321518,0.03198350593447685,0.06807597726583481,0.03610220178961754,0.05785484239459038,0.03032895363867283,-0.04917648062109947,0.01931396685540676,0.07964090257883072,-0.06888189166784286,-0.06803829967975616,0.05378707870841026,-0.026085538789629936,-0.014406085014343262,0.04983186721801758,0.045768287032842636,-0.3302351236343384,0.32749414443969727,-0.10780216753482819,0.3052709102630615,-0.17006652057170868,0.2685698866844177,0.019708923995494843,-0.28256386518478394,0.07441090047359467,0.48255282640457153,-0.0995679646730423,-0.1729043573141098,0.03449670597910881,-0.11342360824346542,-0.1426134556531906,-0.012850005179643631,0.3175570070743561,0.5038991570472717,-0.23645460605621338,-0.910274088382721,0.03276911377906799,0.11152869462966919,-0.17781668901443481,-0.5541378259658813,-0.3138252794742584,-0.10762332379817963,0.6871737241744995,0.04632054269313812,-0.04158449545502663,0.0,-0.0,-0.0
0.03920986130833626,0.04107039049267769,0.023906420916318893,0.012637849897146225,0.04787594452500343,-0.9854864478111267,-0.047605790197849274,0.011674012988805771,-0.007463121321052313,0.0930565819144249,-0.08046171814203262,0.0014381641522049904,-0.0853632315993309,-0.011422601528465748,-0.006362570449709892,0.08585552871227264,-0.036681924015283585,-0.0017890091985464096,0.008163366466760635,-0.0084006916731596,0.02200198359787464,0.01685134880244732,0.10176808387041092,0.08409766107797623,0.00479094497859478,-0.19884981215000153,0.004369359463453293,-0.015294011682271957,-0.0031773261725902557,-0.10188889503479004,-0.10782872885465622,-0.0255573857575655,0.2009279727935791,0.00812959112226963,-0.0016533462330698967,-0.06857677549123764,0.00650025624781847,-0.0015352427726611495,0.05214948579668999,-0.028395602479577065,-0.05828047916293144,0.03800009563565254,0.06400024890899658,-0.00390625,-0.06302177160978317,-0.03384972736239433,0.006774974055588245,0.0725373849272728,0.03038966655731201,0.017717206850647926,0.017523718997836113,0.04257664829492569,-0.10823941230773926,-0.043323952704668045,0.08198851346969604,-0.027226461097598076,0.006044566631317139,0.08681922405958176,0.08524852991104126,0.027252495288848877,-0.06054859235882759,-0.05016537383198738,0.03128042444586754,0.05214565992355347,-0.02881781756877899,0.17314910888671875,-0.07356733083724976,0.46377068758010864,-0.011206015944480896,0.18962860107421875,-0.13493329286575317,-0.30208656191825867,0.12789566814899445,0.45219185948371887,0.11095098406076431,-0.253166526556015,-0.0316372811794281,0.13171961903572083,-0.3828433156013489,-0.34230148792266846,0.5027841925621033,0.14291024208068848,-0.3515567481517792,-0.7392977476119995,-0.1406107246875763,-0.23917731642723083,0.03535874933004379,-0.3609423339366913,-0.5569571852684021,-0.17462481558322906,0.8996651768684387,-0.028917567804455757,-0.12726035714149475,0.0,-0.0,-0.0
0.037263814359903336,0.01495358720421791,-0.040433451533317566,0.04277697578072548,0.020469125360250473,-1.0336503982543945,-0.041581787168979645,0.003651941195130348,-0.00565094780176878,0.09974510967731476,-0.07573936879634857,-0.002199038863182068,-0.08954161405563354,-0.004358307458460331,-0.009422002360224724,0.09866571426391602,-0.031132051721215248,0.003152729943394661,-0.008155102841556072,-0.013086976483464241,0.007349004969000816,0.003878599964082241,0.07962948083877563,0.10380546748638153,0.003918359987437725,-0.2035212367773056,0.005541948601603508,0.005844423547387123,-0.013475439511239529,-0.10964681208133698,-0.10029569268226624,0.004767746664583683,0.20804859697818756,-0.016876187175512314,-0.00028537027537822723,0.05748281627893448,-0.019302457571029663,-0.04452667385339737,0.0064716637134552,-0.04449766129255295,-0.05754232406616211,0.05319991335272789,0.05256413295865059,-0.011205488815903664,-0.07310543954372406,0.07193920761346817,-0.016843779012560844,-0.04832232743501663,0.05447981506586075,0.046892739832401276,-0.05030219629406929,-0.03807450458407402,0.004855835344642401,-0.01615937426686287,-0.03761511668562889,-0.06091959401965141,0.09092404693365097,-0.054409682750701904,-0.051210761070251465,-0.017656177282333374,0.08237314224243164,-0.05844308063387871,0.022376645356416702,-0.07277871668338776,0.15587118268013,0.3209936320781708,-0.026357240974903107,0.5307427644729614,0.4602466821670532,0.12251434475183487,-0.05096059292554855,-0.26137468218803406,0.07695460319519043,0.5889179110527039,0.6490252614021301,-0.23506540060043335,-0.12808245420455933,0.0400005504488945,-0.6958682537078857,-0.5257082581520081,0.4655306935310364,0.6913243532180786,-0.32323697209358215,-0.9263454675674438,-0.23485884070396423,0.27628472447395325,-0.39251720905303955,-0.67343670129776,-0.5289456844329834,-0.058681901544332504,0.792203962802887,-0.25874197483062744,-0.07715153694152832,0.0,-0.0,-0.0
-0.04138454794883728,-0.028075460344552994,0.08774809539318085,-0.02547331154346466,0.043966781347990036,-1.0001270771026611,-0.04228798300027847,0.008192252367734909,-0.020174458622932434,0.10200248658657074,-0.06978791207075119,-0.006478846538811922,-0.07771550118923187,-0.012683844193816185,0.0014796089380979538,0.09653078019618988,-0.025146568194031715,0.010132292285561562,0.00634646974503994,-0.0009093880653381348,-0.00044981762766838074,0.010170485824346542,0.09103789180517197,0.10422252863645554,0.024238338693976402,-0.21227499842643738,0.001342184841632843,-0.006050216034054756,0.0012098010629415512,-0.0960957482457161,-0.10951551049947739,-9.095016866922379e-05,0.2042083889245987,0.012325076386332512,-0.0038490863516926765,0.06043578311800957,-0.06783594936132431,0.018300045281648636,0.06283598393201828,0.010596132837235928,0.006194502115249634,-0.04575684294104576,-0.013979906216263771,0.03622794151306152,0.03262341022491455,-0.019761258736252785,-0.04583873972296715,-0.025555649772286415,-0.02384626306593418,-0.0300882700830698,-0.0056137326173484325,0.03195227310061455,0.038606058806180954,-0.022398561239242554,0.025741076096892357,0.06630555540323257,-0.01135343313217163,0.04029975086450577,0.07247558981180191,-0.03375382721424103,0.019362134858965874,0.03893845155835152,0.043590713292360306,0.015206611715257168,-0.13349096477031708,0.3197503685951233,-0.07707459479570389,0.5606598258018494,0.5881513953208923,0.156276136636734,0.15399280190467834,-0.3120826184749603,0.012444529682397842,0.7089550495147705,0.77949059009552,-0.07567894458770752,0.030495140701532364,0.1217055693268776,-0.5074443817138672,-0.2118493914604187,0.6436291933059692,0.4150400161743164,-0.22856442630290985,-0.8257019519805908,-0.16622161865234375,-0.28237053751945496,0.0634455755352974,-0.2631746828556061,-0.3798495829105377,-0.38737839460372925,0.7946024537086487,0.08172795176506042,0.11433058977127075,0.0,-0.0,-0.0
0.019932840019464493,0.005295466631650925,-0.08016371726989746,0.009811259806156158,0.0013374052941799164,-1.0460712909698486,-0.03771498054265976,0.00719042681157589,-0.012817831709980965,0.11351943761110306,-0.07379477471113205,-0.006574152037501335,-0.06855934858322144,-0.011400515213608742,-0.006275555118918419,0.10586655884981155,-0.0273449644446373,0.007429255172610283,0.006613114848732948,-0.016322888433933258,0.004261254332959652,0.014996914193034172,0.09080690145492554,0.10001739114522934,0.018527356907725334,-0.20198170840740204,-0.003266002982854843,-0.013319735415279865,0.014727037400007248,-0.10712438821792603,-0.09912464767694473,-0.003339239861816168,0.19788619875907898,-0.0050709424540400505,-0.008698811754584312,-0.04944116622209549,-0.028960028663277626,0.040886472910642624,0.028334414586424828,0.025222409516572952,0.07139066606760025,0.049718212336301804,-0.023832952603697777,-0.02795499563217163,-0.02038152888417244,-0.003232932183891535,-0.027434421703219414,-0.035941701382398605,-0.028835846111178398,0.07568158954381943,0.07626884430646896,0.0674600750207901,0.010719514451920986,-0.07094424962997437,0.06923895329236984,0.01079405564814806,-0.015030729584395885,0.014422786422073841,-0.04329837113618851,0.006344986148178577,0.03223448991775513,0.039014410227537155,0.041413258761167526,0.021660536527633667,-0.30197519063949585,0.16224047541618347,0.01248894538730383,0.36805593967437744,0.053143128752708435,0.06515341252088547,-0.14257177710533142,-0.1882796287536621,-0.001103665679693222,0.5492792129516602,0.5249548554420471,-0.35193976759910583,0.06791886687278748,0.06272697448730469,-0.21011027693748474,-0.33751100301742554,0.34090185165405273,0.3690184950828552,-0.35798555612564087,-0.8034965395927429,-0.33184486627578735,0.06627631187438965,-0.4462309777736664,-0.6358792781829834,-0.2169140726327896,-0.26235195994377136,0.7358638644218445,-0.3461076617240906,0.04448769986629486,0.0,-0.0,-0.0
-0.025678211823105812,-0.01233058050274849,0.02555743232369423,0.002963520586490631,0.011666126549243927,-0.9623356461524963,-0.03951733559370041,0.006612448021769524,0.002592691220343113,0.11808296293020248,-0.08678869903087616,-0.008253690786659718,-0.0841309130191803,-0.00873846560716629,-0.01022576354444027,0.09192894399166107,-0.04207994043827057,-0.01173684187233448,0.0026932163164019585,-0.008213494904339314,0.02259446494281292,0.012476826086640358,0.0790078267455101,0.0903342068195343,0.017310841009020805,-0.20566315948963165,-0.0071457745507359505,0.010174734517931938,-0.0025824857875704765,-0.10865185409784317,-0.10390492528676987,-0.007249114569276571,0.20087729394435883,-0.007998616434633732,0.01057887077331543,-0.009278059005737305,-0.05984317138791084,0.06298452615737915,-0.06120584160089493,-0.022996151819825172,0.06908576935529709,0.008958131074905396,-0.008722645230591297,-0.051119305193424225,0.061104536056518555,0.06776957958936691,-0.05131448432803154,-0.036626558750867844,0.0971265360713005,-0.042305026203393936,0.006120509002357721,-0.0357966385781765,-0.004986930172890425,0.006160277407616377,0.014035522937774658,0.057021498680114746,0.08948548883199692,-0.06741779297590256,0.0055580735206604,-0.06416238099336624,-0.030589057132601738,-0.022365177050232887,-0.0067612589336931705,-0.008177793584764004,-0.3162821829319,0.2540940046310425,-0.06394335627555847,0.32734739780426025,-0.318716824054718,-0.15630677342414856,0.12074565142393112,-0.2541143298149109,0.10123208165168762,0.6621799468994141,0.3156876564025879,-0.5420317053794861,-0.08585040271282196,0.41120901703834534,-0.4310953915119171,-0.4867565333843231,0.3892786502838135,0.41642582416534424,-0.387380987405777,-0.9161165356636047,-0.20671334862709045,0.0984259694814682,-0.4642215967178345,-0.41629916429519653,-0.5525814890861511,-0.31290629506111145,0.7910118103027344,-0.22640284895896912,0.016473308205604553,0.0,-0.0,-0.0
-0.011131547391414642,0.10659043490886688,-0.04619557783007622,0.021105792373418808,-0.022112494334578514,-1.0112864971160889,-0.03732772916555405,0.008212605491280556,-0.013771412894129753,0.12007445842027664,-0.08110110461711884,0.0009633749723434448,-0.07352890074253082,0.00739692710340023,0.005306866019964218,0.09620414674282074,-0.036095328629016876,-0.012049381621181965,-0.004042003303766251,-0.005512289237231016,0.010181000456213951,0.005286950618028641,0.09845124930143356,0.10520710051059723,0.012913541868329048,-0.20407439768314362,-0.013323970139026642,-0.00017134472727775574,-0.005016854498535395,-0.08434020727872849,-0.0913623794913292,0.00580587238073349,0.19149969518184662,-0.0025432021357119083,-0.004342710133641958,-0.00770678510889411,-0.022924412041902542,-0.0011398971546441317,0.014437580481171608,0.0513591431081295,0.05805997923016548,0.03035714663565159,-0.006239563226699829,0.011371749453246593,-0.07819923013448715,-0.011652911081910133,0.01661093346774578,0.055154502391815186,-0.023323029279708862,-0.05372266843914986,-0.05810718610882759,0.053622569888830185,-0.030290549620985985,0.044992055743932724,0.02662431076169014,-0.02786855772137642,0.02817392349243164,0.08816643804311752,-0.0020070315804332495,0.0614505410194397,-0.03320620208978653,-0.04711483418941498,-0.043769750744104385,0.027193261310458183,-0.2613980770111084,0.3180147409439087,-0.1516282707452774,0.4424198269844055,0.04085324704647064,-0.022770889103412628,0.028533004224300385,-0.14184340834617615,0.051000166684389114,0.5772254467010498,0.5594850778579712,-0.385178804397583,0.08474215865135193,-0.14892417192459106,-0.3833845257759094,-0.3668680191040039,0.6995900273323059,0.4653104841709137,-0.4385981559753418,-0.7872125506401062,-0.30394402146339417,-0.1884021759033203,-0.031259432435035706,-0.37198007106781006,-0.1853950172662735,-0.10411995649337769,0.8294764757156372,0.09471243619918823,-0.06294482201337814,0.0,-0.0,-0.0
0.05562010034918785,-0.06738248467445374,0.020495634526014328,0.06294640898704529,-0.016954928636550903,-0.9551227688789368,-0.038900814950466156,0.005770673975348473,0.00019569508731365204,0.11181095987558365,-0.08133278042078018,-0.011774813756346703,-0.07019329071044922,-0.0023511159233748913,0.001025209203362465,0.08872279524803162,-0.03944244980812073,-0.008526662364602089,-0.008610580116510391,-0.004293479025363922,0.03032183088362217,0.0015189433470368385,0.08897631615400314,0.10321935266256332,-0.006172533147037029,-0.20756424963474274,-0.0011723442003130913,-0.007456474006175995,-0.008962146006524563,-0.08734438568353653,-0.09810976684093475,0.008008930832147598,0.19419817626476288,0.0029611457139253616,0.00080826785415411,-0.01157804112881422,0.06420619785785675,0.05693091079592705,-0.025725482031702995,-0.028085220605134964,0.0021081031300127506,-0.02999674715101719,0.06942781060934067,0.016330910846590996,-0.032268937677145004,0.019057011231780052,0.07476788014173508,0.03279903158545494,-0.05339207127690315,-0.043066829442977905,0.058409418910741806,0.062009263783693314,-0.04530131444334984,-0.03427043929696083,-0.02646470069885254,0.029399920254945755,-0.0050265430472791195,-0.08192729204893112,-0.020314985886216164,-0.04553800821304321,-0.009430146776139736,0.029195284470915794,-0.02182377688586712,0.06256312131881714,-0.24495764076709747,0.26539337635040283,0.0038927188143134117,0.33166247606277466,-0.051003530621528625,0.04149653762578964,0.057901106774806976,-0.4066374599933624,0.06912501156330109,0.618930459022522,0.5188106894493103,-0.3576522469520569,-0.0939294844865799,0.20332857966423035,-0.3014785051345825,-0.131184920668602,0.30720818042755127,0.4091344475746155,-0.3690636456012726,-0.788999617099762,-0.006352879106998444,-0.09734655916690826,-0.46643489599227905,-0.7586000561714172,-0.6760005950927734,-0.307192862033844,0.8026531338691711,-0.209147647023201,-0.09528298676013947,0.0,-0.0,-0.0
-0.03288555145263672,0.07166917622089386,0.007884200662374496,0.041067879647016525,0.04400679096579552,-0.9507101774215698,-0.05443821847438812,0.013261765241622925,-0.011975271627306938,0.10453206300735474,-0.0828276202082634,-0.017308544367551804,-0.07133594900369644,-0.003620822448283434,0.0054074060171842575,0.08577945083379745,-0.03285562992095947,0.0074171386659145355,0.008741581812500954,-0.001987667754292488,0.02447616122663021,-0.005595521070063114,0.08022777736186981,0.08741816133260727,0.0025940127670764923,-0.20273730158805847,-0.016317332163453102,0.007376767694950104,0.01307988353073597,-0.08868259936571121,-0.08897235244512558,-0.007434941828250885,0.1927000880241394,0.018065746873617172,-0.009705845266580582,-0.018115580081939697,0.062894307076931,-0.056132715195417404,-0.06114619970321655,0.062371205538511276,0.03001951053738594,-0.04350680112838745,-0.025797853246331215,0.02943519316613674,-0.07128139585256577,0.0595281720161438,0.07125818729400635,0.04769745096564293,-0.00135126116219908,-0.03252111002802849,-0.039049312472343445,-0.08826415985822678,0.008448350243270397,0.051513638347387314,0.07450186461210251,-0.07150047272443771,-0.021068930625915527,0.02229940891265869,0.0344720259308815,0.014490360394120216,-0.006235563661903143,0.028998149558901787,-0.03991186246275902,0.012822139076888561,0.016608968377113342,0.21298807859420776,-0.08622991293668747,0.5176623463630676,0.3537025451660156,0.07988915592432022,-0.03454338759183884,-0.3162514567375183,0.06281071901321411,0.5426207780838013,0.7733435034751892,-0.319088876247406,0.03024861589074135,0.2649061977863312,-0.5542580485343933,-0.44610396027565,0.49218958616256714,0.438882052898407,-0.2207253873348236,-0.7066211104393005,-0.2714155316352844,0.14312508702278137,0.010604389011859894,-0.46024900674819946,-0.3912562429904938,-0.19976817071437836,0.8134742379188538,-0.04800057411193848,-0.10582657903432846,0.0,-0.0,-0.0
-0.039140649139881134,-0.08423124253749847,-0.003993470221757889,0.0055992491543293,0.020086754113435745,-1.0141981840133667,-0.04277260601520538,0.0066970344632864,-0.01001642644405365,0.10877536982297897,-0.07742556184530258,0.00021786242723464966,-0.0769643485546112,-0.006798479240387678,-0.0006019501015543938,0.08169963955879211,-0.02398517169058323,-0.00037004705518484116,0.003982736729085445,0.02123655565083027,0.016208136454224586,0.010792495682835579,0.08560290187597275,0.10054769366979599,0.0004878360778093338,-0.19234435260295868,0.023589102551341057,-0.0066841524094343185,0.008196095004677773,-0.10673221200704575,-0.1007767766714096,0.021071014925837517,0.1956486701965332,0.0014171265065670013,0.0003361431881785393,-0.04330044239759445,-0.043598853051662445,-0.039977140724658966,0.09153953939676285,0.009603417478501797,0.011955994181334972,0.009562307968735695,-0.069325290620327,0.0006413221708498895,0.0683683380484581,-0.010529345832765102,0.04354372248053551,0.042825233191251755,-0.02855517901480198,0.04214024543762207,-0.018721962347626686,-0.03554858639836311,0.05575777217745781,-0.002210950944572687,-0.05373867228627205,0.0813608169555664,0.02987818792462349,0.038085997104644775,-0.008590996265411377,-0.02712394669651985,-0.0012943506008014083,0.020771397277712822,-0.0031485736835747957,0.04113120958209038,0.1331200897693634,0.12072854489088058,0.04576857388019562,0.6664496064186096,0.6277538537979126,-0.04613117128610611,0.16618263721466064,-0.31103721261024475,0.03879152610898018,0.6842907071113586,0.7609393000602722,-0.306501179933548,-0.03915509209036827,0.14871352910995483,-0.7430745363235474,-0.12967146933078766,0.7769923806190491,0.6063136458396912,-0.45256125926971436,-0.7913368344306946,0.09143096953630447,-0.052297841757535934,-0.42034024000167847,-0.720537543296814,-0.5462929606437683,-0.20501498878002167,0.7926635146141052,-0.41891971230506897,0.017112992703914642,0.0,-0.0,-0.0
0.009025126695632935,0.03467744216322899,-0.021026145666837692,0.05126729980111122,-0.014025252312421799,-1.015535593032837,-0.038894060999155045,-0.001567949540913105,-0.00775621784850955,0.10509754717350006,-0.07510373741388321,0.0019216667860746384,-0.08132120221853256,-0.004666684661060572,-0.004311577416956425,0.0838027372956276,-0.03552037477493286,-0.00401141494512558,-0.006028361618518829,0.019024768844246864,0.0008958466351032257,0.023279445245862007,0.09734934568405151,0.09451649338006973,0.008876409381628036,-0.19351783394813538,-0.010632755234837532,0.0006195921450853348,0.005252539180219173,-0.09158850461244583,-0.09712245315313339,0.020148316398262978,0.2007931023836136,-0.008264333941042423,-0.0010138479992747307,-0.05338486656546593,0.03190464898943901,-0.04203382879495621,-0.03483469411730766,0.07082291692495346,0.07030123472213745,-0.07760760188102722,-0.0569370873272419,0.01811453141272068,0.04999208450317383,-0.017476141452789307,0.06564857810735703,-0.0701766088604927,0.03812655434012413,-0.03408002853393555,0.07022171467542648,0.09013170003890991,0.017238736152648926,-0.019680297002196312,-0.00547901401296258,-0.01773240603506565,-0.003626549383625388,-0.016996974125504494,-0.010650414042174816,0.014679891057312489,-0.006432581227272749,-0.05207828804850578,-0.03001539222896099,-0.019333725795149803,-0.07292374223470688,0.3790944218635559,-0.044703952968120575,0.48033738136291504,0.39434707164764404,0.12032730132341385,-0.041698940098285675,-0.15108010172843933,0.04281261935830116,0.6337690353393555,0.5753269791603088,-0.21259112656116486,-0.10446063429117203,-0.36994972825050354,-0.5963811874389648,-0.31446775794029236,0.5917492508888245,0.31984925270080566,-0.2662534713745117,-0.8643559217453003,-0.41885364055633545,-0.021100204437971115,-0.4806257486343384,-0.41951629519462585,-0.3082695007324219,-0.4455837905406952,0.8103798031806946,-0.29589909315109253,-0.028850127011537552,0.0,-0.0,-0.0
0.005253911018371582,-0.12418422102928162,0.001823965460062027,0.01721164956688881,-0.029846997931599617,-1.0371181964874268,-0.02951721101999283,0.017830194905400276,-0.013569096103310585,0.11192317306995392,-0.0818987637758255,0.00017588306218385696,-0.07286658883094788,0.0032203830778598785,-0.0043391697108745575,0.09225308150053024,-0.04765591025352478,0.005417006090283394,-0.008867545984685421,0.02498127706348896,0.005795804783701897,0.005651313811540604,0.10635396093130112,0.0861530676484108,0.006232721731066704,-0.19992133975028992,-0.003361846785992384,-0.0050493041053414345,0.012548757717013359,-0.09474266320466995,-0.10358864814043045,-0.008861933834850788,0.1961546391248703,0.01304582692682743,-0.01438189297914505,0.009546673856675625,-0.0013324260944500566,-0.02730935625731945,0.001735907862894237,0.02752678468823433,0.03044125996530056,-0.03397864103317261,0.07080035656690598,-0.039194609969854355,0.06122276932001114,-0.0015053749084472656,0.003901416203007102,0.04466155916452408,0.005715799517929554,-0.03222261741757393,0.018019992858171463,-0.006949758622795343,0.05885893106460571,-0.020977867767214775,0.05486992746591568,-0.023185057565569878,-0.03952372074127197,0.04911022260785103,-0.050889190286397934,-0.05279300734400749,-0.0417887307703495,-0.05461586266756058,-0.05872470140457153,-0.053789664059877396,-0.06077572703361511,0.40690329670906067,-0.05987440049648285,0.5024923086166382,0.3719725012779236,0.2522880733013153,0.06738536804914474,-0.28320804238319397,0.03912412002682686,0.5654271841049194,0.45647376775741577,-0.03847731277346611,0.02857213094830513,-0.3162020444869995,-0.45287248492240906,-0.5459054112434387,0.3067745566368103,0.3771936297416687,-0.35070887207984924,-0.8941435813903809,-0.14454838633537292,-0.046234626322984695,-0.2902112901210785,-0.5528346300125122,-0.48144155740737915,-0.3969859778881073,0.7625889182090759,-0.08661222457885742,-0.018222801387310028,0.0,-0.0,-0.0
0.09040828049182892,0.07803083956241608,0.04740706458687782,-0.033232592046260834,0.022641275078058243,-1.0285314321517944,-0.03782664239406586,0.016924390569329262,-0.012042521499097347,0.10296275466680527,-0.07860221713781357,0.015277916565537453,-0.08610992133617401,0.0067635346204042435,0.010936746373772621,0.10074830055236816,-0.04986761510372162,-0.003509415313601494,4.897452890872955e-05,0.013526035472750664,0.0023223822936415672,-0.004902366083115339,0.10288277268409729,0.09604258090257645,0.009487271308898926,-0.21392866969108582,-0.00314471498131752,0.01463671587407589,-0.001442047767341137,-0.09232216328382492,-0.09335453063249588,0.0031489422544837,0.18946696817874908,0.011261897161602974,0.010704940184950829,0.04175502061843872,0.059040214866399765,-0.042702022939920425,0.006223523523658514,0.05983710289001465,0.059946443885564804,-0.017852235585451126,-0.06602328270673752,0.06760028749704361,-0.02181318961083889,-0.07082236558198929,0.01768662966787815,-0.02878081612288952,-0.08668520301580429,-0.04960745573043823,0.0318744070827961,-0.06207350641489029,0.0831531509757042,-0.024546151980757713,0.05521517992019653,0.03810686990618706,-0.022548699751496315,-0.09091748297214508,0.015475071035325527,0.032774459570646286,-0.022443903610110283,-0.05626205727458,0.06296274811029434,0.008295523934066296,0.006979629397392273,0.06109333783388138,-0.01818111538887024,0.4389873147010803,0.47988367080688477,0.4181719720363617,-0.24549999833106995,-0.1741771250963211,0.04229705408215523,0.4898488521575928,0.01173245906829834,0.26921528577804565,-0.06083269044756889,-0.3028671145439148,-0.35368791222572327,-0.32996025681495667,0.3956291675567627,0.3671901226043701,-0.27249661087989807,-0.9054532647132874,-0.10408081114292145,0.11015379428863525,-0.5498650670051575,-0.39721670746803284,-0.29907718300819397,-0.2080426663160324,0.8105799555778503,-0.20413123071193695,0.21274416148662567,0.0,-0.0,-0.0
-0.04756313934922218,0.0361250676214695,-0.015666309744119644,0.0013626627624034882,-0.027941633015871048,-0.9640100002288818,-0.03464262932538986,0.0185282900929451,0.005612106993794441,0.082529716193676,-0.06985849887132645,-0.0018519368022680283,-0.0700080469250679,0.006497105583548546,0.004801706410944462,0.11225253343582153,-0.04992423206567764,0.006325133144855499,0.0013276496902108192,-0.0022131153382360935,-0.0002625025808811188,-0.010030359029769897,0.1096070185303688,0.08881422132253647,0.007222665473818779,-0.20303362607955933,-0.016859829425811768,-0.001421772874891758,-0.003246606793254614,-0.11160149425268173,-0.10081940144300461,0.011970974504947662,0.2058439999818802,-0.0020609721541404724,0.0016255993396043777,0.013144123367965221,0.05977029725909233,0.012610978446900845,-0.06185530498623848,0.041784849017858505,0.02879706583917141,-0.052003659307956696,0.026303613558411598,-0.0012059509754180908,-0.018511956557631493,-0.020209742709994316,0.0059822979383170605,0.01766502857208252,-0.07018064707517624,0.06539133936166763,-0.041304558515548706,0.04873472452163696,-0.05782395601272583,-0.07316969335079193,0.03968322277069092,-0.02426443062722683,-0.057837482541799545,0.06786786764860153,-0.021975291892886162,0.0076497020199894905,-0.052919741719961166,-0.03570050746202469,0.013139987364411354,0.019767707213759422,0.08710519969463348,0.13646000623703003,-0.0025190571323037148,0.5187669396400452,0.34290623664855957,0.29805174469947815,-0.2913529872894287,-0.331685870885849,0.06903885304927826,0.38009577989578247,0.18881016969680786,0.13750450313091278,0.07927253842353821,0.036735907196998596,-0.2557329833507538,-0.2358686327934265,0.6223797798156738,0.39743572473526,-0.3549439013004303,-0.7448999881744385,-0.2908867597579956,-0.2031833380460739,-0.02337946742773056,-0.6114241480827332,-0.5440482497215271,-0.18678565323352814,0.9073644280433655,-0.32787424325942993,-0.1586328148841858,0.0,-0.0,-0.0
-0.011040277779102325,-0.06506597250699997,-0.025182044133543968,0.04549040272831917,-0.008157528936862946,-1.013046145439148,-0.01981434039771557,0.01185513474047184,-0.01068776473402977,0.08861056715250015,-0.06872901320457458,-0.0036797812208533287,-0.06854504346847534,0.0017128558829426765,-0.007242173422127962,0.109726183116436,-0.03785404562950134,-0.009444022551178932,-0.010402855463325977,-0.0011761430650949478,0.009642820805311203,-0.005346561782062054,0.08696110546588898,0.11006198078393936,-0.005143698304891586,-0.2081257700920105,-0.00017703138291835785,-0.012044750154018402,-0.003725663758814335,-0.10806399583816528,-0.0973430946469307,0.00609741173684597,0.20785866677761078,-0.0076210591942071915,0.0003943284973502159,-0.050658952444791794,0.06555362790822983,0.0757719874382019,0.05984511598944664,0.029957903549075127,-0.03437162935733795,0.08079683780670166,0.05812348052859306,-0.017964845523238182,0.05926119163632393,-0.042108453810214996,0.02815777063369751,-0.043861743062734604,0.07760274410247803,0.030100643634796143,0.05133066326379776,0.020786995068192482,0.082048200070858,-0.06259363889694214,-0.01781352236866951,-0.05718350410461426,0.022469157353043556,-0.0016697467071935534,0.039438486099243164,-0.005251467227935791,-0.06433530896902084,0.0060134767554700375,0.00843929685652256,0.043495919555425644,0.14695607125759125,0.041457466781139374,-0.02584782987833023,0.47388535737991333,0.44686198234558105,0.21926262974739075,-0.05791900306940079,-0.5426830053329468,0.09706185758113861,0.54709792137146,0.13961097598075867,-0.0637298971414566,0.040492359548807144,0.302043080329895,-0.5074495673179626,-0.05533554032444954,0.26809340715408325,0.5951425433158875,-0.19903738796710968,-0.8152889609336853,0.026093516498804092,0.08976887166500092,-0.475310742855072,-0.4010656177997589,-0.43749913573265076,-0.3470441997051239,0.7353704571723938,-0.29920628666877747,-0.03733391687273979,0.0,-0.0,-0.0
-0.0035970285534858704,0.08220164477825165,0.04617879167199135,0.03998918458819389,0.032163094729185104,-1.0440256595611572,-0.032338857650756836,0.00946011207997799,-0.014788179658353329,0.07242397964000702,-0.06826728582382202,0.00011849962174892426,-0.08427991718053818,0.0017527146264910698,0.003793110139667988,0.11595060676336288,-0.057969994843006134,-0.0011407909914851189,-0.008098043501377106,-0.010871181264519691,-0.0028293654322624207,-0.0029850350692868233,0.08974859118461609,0.10074805468320847,0.0011778753250837326,-0.20342464745044708,-0.004598958417773247,-0.004088597372174263,-0.0005071572959423065,-0.11070219427347183,-0.1138233169913292,-0.014163671992719173,0.19298604130744934,0.0007261866703629494,-0.0032228082418441772,-0.006941443774849176,-0.06103825569152832,-0.021385246887803078,-0.03715464845299721,0.05779869481921196,-0.016086114570498466,-0.031069684773683548,0.013731777667999268,-0.0498911589384079,-0.0036988079082220793,-0.018936915323138237,0.04897470399737358,-0.016651904210448265,-0.07623942196369171,-0.04699201509356499,0.03950550779700279,-0.06845131516456604,-0.018703056499361992,0.10464172810316086,0.03472885116934776,0.034057438373565674,0.0781785175204277,0.006651705596596003,-0.03195500373840332,0.0038098932709544897,-0.04327451065182686,0.07562350481748581,0.054379355162382126,-0.01407898124307394,0.0054566264152526855,0.30484136939048767,-0.10364602506160736,0.38459593057632446,0.4308263063430786,0.2774633467197418,-0.22315362095832825,-0.17698724567890167,0.007892262190580368,0.5528324842453003,0.03938119858503342,-0.024539675563573837,-0.05940348282456398,-0.3139054775238037,-0.33486613631248474,-0.34790468215942383,0.44455522298812866,0.13831430673599243,-0.14961975812911987,-0.7738174796104431,-0.0730474516749382,-0.03825492411851883,-0.12512561678886414,-0.5591586828231812,-0.5338202118873596,-0.21169082820415497,0.821891188621521,0.029098285362124443,-0.061249274760484695,0.0,-0.0,-0.0
-0.01438993588089943,-0.1607162058353424,-0.023452796041965485,-0.019930245354771614,-0.01882384903728962,-1.0010343790054321,-0.007619548588991165,-0.002680290024727583,-0.01840747892856598,0.07699668407440186,-0.08537464588880539,-0.006748201325535774,-0.07511796057224274,0.00018859095871448517,-0.0014119409024715424,0.10418523102998734,-0.0509360134601593,-0.006112100090831518,-0.00392998056486249,0.006064221262931824,-0.004746187012642622,-0.013001495972275734,0.09522431343793869,0.08670047670602798,0.0004906319081783295,-0.19555796682834625,-0.007904252037405968,-0.0050304364413022995,-0.005282320082187653,-0.09888143092393875,-0.11058169603347778,0.0017889393493533134,0.19970117509365082,-0.02301095426082611,-0.00038395635783672333,-0.028840845450758934,0.025099098682403564,-0.003686916781589389,0.06482286751270294,-0.0025054514408111572,0.01135245617479086,0.043199945241212845,0.017874985933303833,-0.01141580380499363,-0.07985794544219971,-0.06572585552930832,0.07108958065509796,-0.034952230751514435,0.008025598712265491,0.0626470074057579,0.06138719245791435,-0.03410843387246132,0.04861670732498169,0.034908510744571686,0.06541822105646133,-0.06374295055866241,-0.07533138245344162,0.011699939146637917,0.04081690311431885,0.037459373474121094,0.00267052068375051,-0.025793692097067833,-0.03962196782231331,-0.04933490231633186,-0.013171523809432983,0.03049091249704361,0.016211211681365967,0.45328032970428467,0.3462456464767456,0.12025000900030136,-0.06154341250658035,-0.4578418433666229,0.10506077110767365,0.44812628626823425,0.18386805057525635,-0.2649664580821991,0.11036713421344757,0.5032168030738831,-0.2848253548145294,-0.4286273717880249,0.756716251373291,0.5550612211227417,-0.5178309679031372,-0.8643648028373718,-0.34640663862228394,-0.15010756254196167,-0.21669650077819824,-0.37428343296051025,-0.3305114805698395,0.01534341648221016,0.8310479521751404,-0.19389955699443817,0.0789559930562973,0.0,-0.0,-0.0
-0.013509470969438553,0.06759056448936462,-0.02465134859085083,-0.027622640132904053,-0.01867019012570381,-1.0085718631744385,-0.020829016342759132,0.007837669923901558,-0.013904133811593056,0.08083917945623398,-0.07829814404249191,-0.008618626743555069,-0.06779496371746063,-0.011273019947111607,-0.0034292410127818584,0.11868975311517715,-0.04549422860145569,0.006381969898939133,-0.0033921580761671066,0.003281264565885067,0.011170556768774986,-0.0062331510707736015,0.09957050532102585,0.07866417616605759,-0.010378488339483738,-0.21531139314174652,0.006811508908867836,-0.004656397737562656,-0.021306583657860756,-0.11559197306632996,-0.1132228821516037,-0.0019356152042746544,0.2027721107006073,0.013457657769322395,-0.002171190455555916,0.04519550874829292,0.03262889385223389,0.013484001159667969,0.021962016820907593,-0.05485643073916435,0.030763840302824974,-0.05398298427462578,-0.0583796463906765,-0.0744214653968811,0.05260752514004707,0.021275555714964867,0.07498400658369064,-0.07813144475221634,-0.07914723455905914,-0.07228177785873413,0.005199331324547529,0.06848400086164474,-0.06827647984027863,-0.03303946554660797,-0.06391270458698273,0.026230061426758766,0.08079524338245392,0.05409853532910347,-0.0013013422721996903,0.0354497916996479,0.011941361241042614,-0.04692744091153145,0.06621723622083664,0.07577728480100632,-0.07605008035898209,0.4967408776283264,-0.1305091381072998,0.2704605460166931,0.33972644805908203,0.18282559514045715,-0.007931090891361237,-0.3073737323284149,0.04538850858807564,0.6058958172798157,0.27891775965690613,-0.219098299741745,-0.05288533866405487,-0.2888023555278778,-0.3967662751674652,-0.2554950714111328,0.568999171257019,0.5057715773582458,-0.30179086327552795,-0.9456902146339417,-0.05387668311595917,0.1954735666513443,-0.26728689670562744,-0.7223420143127441,-0.4922415018081665,-0.3603593409061432,0.7672953009605408,0.12984724342823029,0.0418032705783844,0.0,-0.0,-0.0
0.01586492732167244,0.0871829241514206,0.02997427061200142,0.014595132321119308,-0.0223098061978817,-0.954246461391449,-0.019188690930604935,-0.0016443971544504166,-0.007301567122340202,0.09233994036912918,-0.07382356375455856,-0.003147916868329048,-0.07849463820457458,-0.0060568274930119514,-0.006248034071177244,0.10939095169305801,-0.04769890755414963,0.007924022153019905,-0.00850159116089344,-0.0017403056845068932,-0.004875291138887405,-0.011652730405330658,0.08860612660646439,0.105796217918396,0.018651766702532768,-0.21033219993114471,-0.021020349115133286,-0.006398734636604786,0.0030619073659181595,-0.10321121662855148,-0.11110188066959381,-0.0033669467084109783,0.205339252948761,-0.008294165134429932,-0.0008735954761505127,-0.06341671198606491,-0.05789707228541374,-0.0148611543700099,0.022953594103455544,0.03378608450293541,0.04944335296750069,0.008124190382659435,-0.02960890531539917,-0.05331675335764885,0.039909351617097855,0.06261637061834335,-0.0257184486836195,0.032216574996709824,0.07924854010343552,-0.02024911157786846,0.05321715027093887,0.026746166869997978,0.04532156139612198,0.0939062163233757,0.03324030712246895,-0.009074282832443714,-0.03554607555270195,-0.05598844215273857,0.05999419838190079,0.04757579788565636,-0.04119708389043808,0.06517975777387619,-0.06669702380895615,0.04851844534277916,-0.310219943523407,0.21571844816207886,-0.08416445553302765,0.3811793923377991,0.13221429288387299,0.12622615694999695,-0.050170160830020905,-0.41476646065711975,0.10997772216796875,0.4433135986328125,0.24273252487182617,-0.3719251751899719,0.1456938534975052,0.25458940863609314,-0.11007683724164963,-0.14445635676383972,0.3674336075782776,0.6395686268806458,-0.07780051231384277,-0.6814144849777222,-0.295637845993042,-0.07167278230190277,-0.22396185994148254,-0.39796409010887146,-0.41588082909584045,-0.19039799273014069,0.8140853047370911,-0.3565559387207031,-0.13370004296302795,0.0,-0.0,-0.0
-0.013705898076295853,-0.05517886206507683,0.0055988021194934845,0.003540951758623123,-0.01915845461189747,-0.9609231948852539,-0.019032452255487442,0.0018274541944265366,-0.009908061474561691,0.08543770760297775,-0.08586148917675018,-0.017658762633800507,-0.058649078011512756,-0.007150263525545597,6.9398432970047e-05,0.10890034586191177,-0.045054368674755096,0.0044005876407027245,0.005630064755678177,0.0026359977200627327,0.013582104817032814,-0.010179968550801277,0.08833110332489014,0.09427325427532196,0.004418615251779556,-0.2042190581560135,-0.006268307566642761,-0.0004397807642817497,-0.012149948626756668,-0.11628570407629013,-0.11409503221511841,0.002565814182162285,0.19750310480594635,0.00698578916490078,-0.014798849821090698,-0.028874045237898827,-0.03875912353396416,-0.05120697617530823,0.03723036125302315,0.05760735273361206,-0.008407264947891235,-0.036351002752780914,-0.006322372239083052,-0.032267387956380844,0.057214487344026566,-0.06808041781187057,0.07185693830251694,0.05491502210497856,-0.08893542736768723,0.08891270309686661,-0.028135955333709717,-0.03252924233675003,0.02066108025610447,0.005617636721581221,-0.03990462049841881,0.020693505182862282,0.053933169692754745,-0.01226718444377184,-0.0034474313724786043,0.03441056236624718,0.001073384308256209,-0.0612897090613842,0.07792987674474716,-0.02100244164466858,0.017974622547626495,0.4951539635658264,-0.10172414779663086,0.34781593084335327,-0.0015933364629745483,0.21213477849960327,-0.07275525480508804,-0.17153266072273254,0.048036206513643265,0.5018423795700073,-0.1072765365242958,-0.19534946978092194,-0.0588214211165905,-0.3282133936882019,-0.2205033004283905,-0.3087187707424164,0.4165698289871216,0.23503199219703674,-0.5169182419776917,-0.8355970978736877,-0.06547912210226059,0.08447523415088654,-0.10330792516469955,-0.6286356449127197,-0.4654957056045532,-0.15676113963127136,0.7078477740287781,0.12620361149311066,-0.05521552264690399,0.0,-0.0,-0.0
0.023035023361444473,0.12438078224658966,-0.003803752362728119,0.026032637804746628,-0.04418153315782547,-0.9553709626197815,-0.012492287904024124,0.007331080734729767,-0.009543530642986298,0.08424306660890579,-0.07656583935022354,-0.01768144965171814,-0.05881970375776291,-0.0020743226632475853,-0.005192451644688845,0.10147755593061447,-0.05244474112987518,-0.00520354276522994,-0.003981542307883501,0.0028841840103268623,0.010577885434031487,0.01873001642525196,0.08360274136066437,0.09875641763210297,-0.010050681419670582,-0.20456649363040924,0.004106149077415466,-0.005186574533581734,0.012814605608582497,-0.1017279103398323,-0.10965704917907715,0.0024791229516267776,0.19939671456813812,-0.008992904797196388,-0.006764987017959356,0.03923666477203369,0.0396513007581234,0.05872516706585884,0.012005127035081387,0.05720212683081627,-0.0653567910194397,0.004399609751999378,-0.026845132932066917,0.010689354501664639,0.041848327964544296,-0.041909318417310715,-0.05548245832324028,0.019045520573854446,0.051664818078279495,-0.018173908814787865,0.10425281524658203,0.08808828890323639,-0.06339319795370102,-0.06901069730520248,0.05442625284194946,-0.020297175273299217,-0.01790924184024334,-0.030421391129493713,0.0453123115003109,-0.060570456087589264,0.025254620239138603,0.0647486224770546,0.03152141720056534,0.1026180163025856,0.12367497384548187,0.30390557646751404,0.0014137914404273033,0.4809139370918274,0.07965637743473053,0.14662137627601624,0.002446405589580536,-0.4671657979488373,0.13767658174037933,0.42641234397888184,0.2091681957244873,-0.355758398771286,-0.020753581076860428,0.24577173590660095,-0.5925177335739136,-0.13153578341007233,0.6281608939170837,0.5097357034683228,-0.30880534648895264,-0.7093437910079956,-0.1145605817437172,-0.17877346277236938,-0.29586243629455566,-0.3967001736164093,-0.3751029670238495,-0.3159193694591522,0.7373877167701721,-0.4982130825519562,0.2068793624639511,0.0,-0.0,-0.0
0.055883314460515976,-0.10311763733625412,0.006219558417797089,0.02619050070643425,0.041878510266542435,-1.0148075819015503,-0.022030415013432503,0.02060091681778431,0.0013261986896395683,0.09978452324867249,-0.07972048968076706,-0.0058261314406991005,-0.07207826524972916,0.002133273519575596,0.002071429044008255,0.09282992780208588,-0.0365988090634346,0.0039650434628129005,0.00962989404797554,-0.0029228609055280685,0.014752188697457314,0.0049717724323272705,0.08907626569271088,0.10749491304159164,0.011745303869247437,-0.2009255439043045,-0.003985795192420483,0.005109014920890331,0.013983076438307762,-0.10294077545404434,-0.09389736503362656,-0.004686697851866484,0.18891273438930511,-6.023328751325607e-05,-0.01090656965970993,-0.012436211109161377,-0.033406730741262436,0.0016957760090008378,0.09280379116535187,0.06284306198358536,-0.006057715509086847,0.010897904634475708,0.06549865007400513,-0.053381334990262985,0.01573619805276394,-0.02928488329052925,0.02525649033486843,0.04908531904220581,-0.07087042182683945,0.09766949713230133,0.011634922586381435,0.05967385694384575,-0.04232072830200195,0.11302640289068222,-0.0006055712583474815,0.04396979883313179,0.05306650325655937,0.0538427010178566,-0.045021723955869675,0.06945296376943588,-0.025031372904777527,-0.07085063308477402,-0.007180219981819391,-0.06295790523290634,0.0050047412514686584,0.3513437807559967,-0.10151791572570801,0.4890899658203125,0.3330155611038208,0.3852231204509735,-0.11852122098207474,-0.14777734875679016,0.008014187216758728,0.6132403016090393,0.43814682960510254,0.07156774401664734,-0.03594783693552017,-0.2938791513442993,-0.255650132894516,-0.6732903718948364,0.3930807113647461,0.45126014947891235,-0.13056007027626038,-0.8149338364601135,-0.22971320152282715,0.16368520259857178,-0.30592581629753113,-0.42651352286338806,-0.2527674436569214,-0.29709187150001526,0.7412440180778503,-0.08802618086338043,0.008232168853282928,0.0,-0.0,-0.0
0.019851047545671463,0.1432299017906189,-0.06940412521362305,-0.026630563661456108,-0.001192670315504074,-0.950877845287323,-0.02672705054283142,0.002634180709719658,-0.0029953476041555405,0.08871806412935257,-0.0762094184756279,-0.012436550110578537,-0.06467007100582123,0.007486164569854736,-0.001241382211446762,0.10740982741117477,-0.04338189214468002,0.009292665868997574,0.0036389948800206184,-0.003935568500310183,0.014138761907815933,-0.0015782257542014122,0.10442153364419937,0.11033806949853897,0.016579123213887215,-0.2061336636543274,-0.003975715953856707,0.010110579431056976,0.005360446870326996,-0.08213266730308533,-0.10655748099088669,0.013188783079385757,0.20522812008857727,-0.005739056505262852,0.013379143550992012,0.039421260356903076,-0.07690528780221939,0.08060640096664429,-0.08345265686511993,-0.03754546120762825,0.025338387116789818,-0.06233207508921623,-0.04941000044345856,-0.004295343067497015,-0.044248614460229874,-0.046379320323467255,0.035003211349248886,0.012572908774018288,-0.05433613806962967,0.016814840957522392,0.0420650951564312,0.06681837141513824,0.04556497558951378,-0.07414425909519196,-0.06492379307746887,-0.02693689800798893,0.008534389548003674,0.007668751757591963,-0.035052817314863205,-0.032523877918720245,0.020444482564926147,0.09577212482690811,-0.010614722967147827,0.09971606731414795,0.1122647374868393,0.04980804771184921,-0.0009178528562188148,0.42447179555892944,0.214344784617424,0.2050502598285675,-0.03836715966463089,-0.369657427072525,0.14569389820098877,0.5548660159111023,0.4086915850639343,-0.09005241096019745,-0.055317047983407974,0.30346569418907166,-0.7052567005157471,-0.41613736748695374,0.491536021232605,0.40437906980514526,-0.5824218988418579,-0.8901365995407104,-0.3124435842037201,-0.12463001906871796,-0.5835570096969604,-0.5005085468292236,-0.6654409766197205,-0.33207443356513977,0.9324437379837036,-0.2844589054584503,0.16005699336528778,0.0,-0.0,-0.0
-0.03661895543336868,-0.019176192581653595,0.049043428152799606,-0.022391347214579582,-0.011359110474586487,-0.9886946678161621,-0.025192398577928543,0.0010288385674357414,-0.0072082835249602795,0.09357203543186188,-0.09015043824911118,-0.017455264925956726,-0.07627453655004501,0.002271530218422413,0.003084949217736721,0.102359838783741,-0.045906245708465576,0.007295513525605202,-0.006986087188124657,-0.006971132010221481,0.027452772483229637,0.007468344643712044,0.09518224745988846,0.1118752509355545,0.016121922060847282,-0.20153973996639252,0.0027693668380379677,0.0025249719619750977,-0.00804072618484497,-0.08729206025600433,-0.09632585942745209,-0.008227418176829815,0.20036433637142181,-0.0024815509095788,-0.014966124668717384,0.02358897402882576,0.035022951662540436,-0.0795213058590889,0.03534580394625664,0.025867437943816185,-0.04257046803832054,0.03648854419589043,-0.04275450110435486,-0.0778949037194252,0.008084488101303577,-0.036797452718019485,-0.05113647133111954,-0.021719694137573242,0.05552706867456436,-0.011626208201050758,0.008958488702774048,-0.02198980562388897,-0.051986612379550934,-0.04421864077448845,0.01940903067588806,-0.027801742777228355,0.00803918857127428,0.0069938781671226025,0.0423542745411396,-0.004663527011871338,-0.10035846382379532,0.023572338744997978,-0.05419415235519409,-0.12063486874103546,0.02743186056613922,0.38331139087677,-0.08192940056324005,0.5899695158004761,0.5296745300292969,0.09671159833669662,0.008854709565639496,-0.39230838418006897,0.04602024331688881,0.5696622133255005,0.6338015198707581,-0.3314700722694397,0.04204697534441948,0.12299441546201706,-0.36354678869247437,-0.29915404319763184,0.18439753353595734,0.1970248520374298,-0.2540477514266968,-0.7706678509712219,-0.04366100952029228,-0.19085443019866943,-0.30768370628356934,-0.44837695360183716,-0.20471413433551788,-0.3677380383014679,0.7136513590812683,-0.10654178261756897,-0.1787484586238861,0.0,-0.0,-0.0
-0.004133235663175583,0.1369478702545166,-0.044473230838775635,0.014333207160234451,0.03238174691796303,-0.9660544991493225,-0.03734110668301582,0.011635605245828629,0.005803082138299942,0.10543376952409744,-0.08756786584854126,-0.01596982404589653,-0.06794921308755875,0.0033079832792282104,0.006600884720683098,0.09903910011053085,-0.05212734639644623,0.0014972463250160217,0.0105989258736372,0.0015136171132326126,0.012138454243540764,-0.004650631919503212,0.09199816733598709,0.08884143084287643,0.020588481798768044,-0.20673944056034088,-0.007696995511651039,-0.010895846411585808,-0.012155207805335522,-0.08973316103219986,-0.09529102593660355,0.009821569547057152,0.189161017537117,-0.00031941384077072144,0.01273307390511036,-0.07508768886327744,0.007293701171875,0.01074257493019104,-0.040916990488767624,-0.06478531658649445,0.07460083812475204,-0.04913777858018875,-0.06404177099466324,-0.025527531281113625,0.032232727855443954,0.05092998966574669,0.0524088516831398,0.018326831981539726,0.019064396619796753,-0.0854266807436943,0.019307225942611694,0.026679039001464844,-0.09044771641492844,0.05261249467730522,-0.021151864901185036,-0.016703372821211815,0.016874438151717186,-0.019558966159820557,0.026226401329040527,0.00289059872739017,0.12451000511646271,0.062435079365968704,0.0394168384373188,-0.00564497709274292,0.017268463969230652,0.4165957272052765,-0.027243979275226593,0.48532503843307495,0.7072064280509949,0.17843320965766907,-0.006244741380214691,-0.4545373022556305,0.08450110256671906,0.6323534250259399,0.8262013792991638,-0.12895984947681427,0.011614426970481873,-0.036277465522289276,-0.5182114839553833,-0.3871205449104309,0.5599863529205322,0.4664607048034668,-0.2996697723865509,-0.8999052047729492,-0.25628504157066345,-0.004778224974870682,-0.13296768069267273,-0.6024994850158691,-0.4296858608722687,0.056401509791612625,0.6946908235549927,0.09021498262882233,0.27355247735977173,0.0,-0.0,-0.0
-0.031856968998909,-0.025195788592100143,-0.016469433903694153,0.02885136380791664,-0.001384831964969635,-1.0160342454910278,-0.020482182502746582,0.008278785273432732,-0.00665829423815012,0.09123203903436661,-0.09765391051769257,-0.0127531373873353,-0.05522439628839493,-0.01064381655305624,-0.0020430516451597214,0.08974281698465347,-0.05090855807065964,0.0012235324829816818,0.014884885400533676,0.005071815103292465,0.025808552280068398,0.0049744341522455215,0.08053456246852875,0.09879755228757858,0.01676117070019245,-0.2052754908800125,-0.004178490489721298,-0.004250380676239729,-0.008291029371321201,-0.10541325807571411,-0.09212315827608109,-0.006007285322993994,0.20269553363323212,0.014876596629619598,0.011209670454263687,-0.05904337763786316,-0.07435315102338791,-0.006116938777267933,0.07378494739532471,-0.01587088219821453,0.057050373405218124,0.05890541151165962,0.018432319164276123,0.06567976623773575,0.002710580825805664,0.009970152750611305,0.0067999958992004395,0.03688192367553711,-0.03838929161429405,0.05689985677599907,-0.055137038230895996,-0.02681659162044525,-0.010283338837325573,-0.016385817900300026,-0.05214126035571098,0.020801693201065063,0.05068569257855415,-0.03243625909090042,0.04069482162594795,0.07648590952157974,-0.07383307069540024,0.07840242236852646,-0.03609007969498634,-0.009373456239700317,0.17728520929813385,0.2429949939250946,-0.027202114462852478,0.5801838636398315,0.6442545652389526,0.09923415631055832,-0.0031390711665153503,-0.3668801188468933,0.04665971174836159,0.5263557434082031,0.7621411085128784,-0.26587429642677307,0.020160716027021408,0.05644984543323517,-0.43325552344322205,-0.24626733362674713,0.5238327383995056,0.6823353171348572,-0.45544034242630005,-0.7069333791732788,-0.12638062238693237,0.12173941731452942,-0.16351419687271118,-0.6754062175750732,-0.5151301622390747,-0.4943637549877167,0.8212804794311523,-0.3932807743549347,-0.12548527121543884,0.0,-0.0,-0.0
-0.0309915728867054,0.02926042303442955,-0.007788997143507004,0.05666568502783775,0.030282575637102127,-1.0183311700820923,-0.027805479243397713,0.005068616941571236,0.003054339438676834,0.10470657050609589,-0.09752443432807922,-0.001061759889125824,-0.0477563813328743,-0.004904869943857193,0.003848024643957615,0.07789396494626999,-0.04012467712163925,0.0039736609905958176,0.012878624722361565,0.01758371852338314,0.006656358018517494,0.013701226562261581,0.08454658091068268,0.10492754727602005,0.009080765768885612,-0.20454148948192596,-0.0021795621141791344,-0.00020360387861728668,0.003875337541103363,-0.09900490194559097,-0.10179846733808517,0.01515539176762104,0.18466044962406158,-0.0023627192713320255,-0.00018520373851060867,-0.06685524433851242,0.06194625049829483,-0.06492336094379425,-0.0352582223713398,-0.050278641283512115,-0.028514524921774864,-0.018996447324752808,0.05395874008536339,0.01702498272061348,-0.08674333989620209,-0.006024539470672607,-0.03744500130414963,-0.02052750065922737,-0.015022993087768555,-0.041643328964710236,0.04851046949625015,0.02866845205426216,-0.05477578565478325,0.03838683292269707,-0.0038503885734826326,0.007279056590050459,-0.020021779462695122,-0.044961944222450256,0.016626298427581787,0.01150668878108263,0.1086583286523819,-0.05039332062005997,-0.06169379875063896,-0.023045826703310013,0.3620448112487793,0.40032321214675903,-0.01964738965034485,0.7195876836776733,1.1093180179595947,-0.10852301865816116,0.1731683909893036,-0.35089609026908875,0.06337146461009979,0.6443734765052795,0.9365028738975525,-0.35736674070358276,-0.0630037933588028,0.026726536452770233,-0.857725977897644,-0.255001962184906,0.7028834819793701,0.49007096886634827,-0.35094138979911804,-0.7619187831878662,-0.12319862842559814,-0.060901593416929245,-0.09523049741983414,-0.6238530874252319,-0.6691881418228149,-0.0028541944921016693,0.7343780398368835,-0.21003612875938416,-0.12029582262039185,0.0,-0.0,-0.0
-0.001617182046175003,-0.13086070120334625,0.028904717415571213,0.010856449604034424,0.048519063740968704,-0.9684857726097107,-0.029042178764939308,0.0049473438411951065,-0.006870809942483902,0.09915513545274734,-0.10307350754737854,0.002418496645987034,-0.05504826456308365,-0.0020983675494790077,-0.0027207257226109505,0.08014009147882462,-0.04216616600751877,0.0017852820456027985,0.003926075994968414,0.016665516421198845,0.018003927543759346,-0.0018889866769313812,0.08077925443649292,0.10766183584928513,0.006230458617210388,-0.200093075633049,0.0035713957622647285,0.0054281409829854965,0.008413039147853851,-0.11138680577278137,-0.10079668462276459,0.009106358513236046,0.19798272848129272,0.0004483340308070183,-0.009547214023768902,0.08215571939945221,-0.010215717367827892,0.03839217498898506,0.07824786752462387,-0.036172088235616684,-0.03680737316608429,-0.04047966003417969,-0.0033846439328044653,0.050539612770080566,0.0927487164735794,-0.08719703555107117,-0.008648127317428589,0.051966097205877304,0.03581177070736885,-0.03058447502553463,0.01995645835995674,-0.03650250285863876,0.0724453330039978,-0.02745010331273079,0.021707331761717796,0.004388594534248114,-0.06652514636516571,0.07071607559919357,-0.06905342638492584,0.031068921089172363,-0.06930819898843765,-0.04248148202896118,-0.04061468318104744,-0.011032665148377419,0.19401757419109344,0.3282773494720459,0.02646450698375702,0.6670361757278442,0.8942543268203735,0.1338304579257965,0.06575009971857071,-0.3790290653705597,0.025695916265249252,0.6613152623176575,0.9150394797325134,-0.09980113804340363,-0.054804105311632156,-0.11660411208868027,-0.4933489263057709,-0.5672997236251831,0.5592219829559326,0.48556578159332275,-0.40320292115211487,-0.7966734170913696,-0.3191423714160919,0.01149946078658104,-0.24984893202781677,-0.5401905179023743,-0.4794325828552246,-0.49683550000190735,0.9182398319244385,-0.12566135823726654,0.007043279707431793,0.0,-0.0,-0.0
0.019667644053697586,0.103838250041008,0.026131223887205124,0.010958302766084671,0.04288478568196297,-0.9959676265716553,-0.024720698595046997,0.017691846936941147,-0.01326301321387291,0.11012205481529236,-0.10676947981119156,-0.006633259821683168,-0.06808561831712723,-0.007309192791581154,-0.009844866581261158,0.0992966964840889,-0.04727665334939957,0.011003727093338966,0.0021561868488788605,0.007351849228143692,-0.0006905430927872658,0.011513466015458107,0.101458840072155,0.09113077074289322,0.011059699580073357,-0.20052391290664673,-0.011383749544620514,0.01208808459341526,0.0035127634182572365,-0.0982779860496521,-0.11509116739034653,0.011554833501577377,0.19182777404785156,0.011891866102814674,0.011846339330077171,0.004086667206138372,0.07772421836853027,-0.05084723234176636,0.05140339210629463,-0.00784524716436863,-0.022607458755373955,-0.012089801020920277,-0.041546355932950974,0.03940526396036148,-0.06015327572822571,-0.06953415274620056,-0.08793309330940247,0.003307592822238803,-0.06369131058454514,-0.002964961575344205,-0.06278932094573975,-0.026025015860795975,0.04610651731491089,-0.046338099986314774,-0.05655417591333389,-0.018334776163101196,-0.05420711636543274,0.003175729652866721,0.02055717073380947,0.022146327421069145,0.047624241560697556,-0.014375800266861916,-0.016715263947844505,0.022200822830200195,0.11074021458625793,0.4557866156101227,-0.08624579757452011,0.5946484208106995,0.8779613971710205,0.3375914394855499,-0.14770343899726868,-0.3047579824924469,0.04612240567803383,0.5672439336776733,1.131008267402649,-0.08774268627166748,-0.06030020862817764,-0.33207061886787415,-0.5070377588272095,-0.3134129047393799,0.5161301493644714,0.22727349400520325,-0.2746279537677765,-0.872082531452179,-0.14748504757881165,0.03472749516367912,-0.48596882820129395,-0.2323978692293167,-0.33627814054489136,-0.12590353190898895,0.7719109654426575,-0.06892307102680206,0.15944629907608032,0.0,-0.0,-0.0
-0.06150207296013832,-0.1731286346912384,-0.03791274130344391,0.030901353806257248,0.034869011491537094,-0.9747926592826843,-0.007032998837530613,0.010374624282121658,-0.0050071729347109795,0.11018369346857071,-0.09696906059980392,-0.011261416599154472,-0.0554615780711174,0.006079364567995071,-0.0047819362953305244,0.09132162481546402,-0.04675036668777466,-0.004420184995979071,-0.007300563156604767,-0.010875796899199486,0.0076218340545892715,-0.006842999253422022,0.1005149707198143,0.10427793115377426,0.009541092440485954,-0.20338448882102966,-0.004450605250895023,0.002720072865486145,0.001900477334856987,-0.09163322299718857,-0.11253110319375992,0.022257940843701363,0.1983180046081543,0.0014264434576034546,-0.0037502413615584373,-0.014567923732101917,-0.02775147370994091,0.0675588995218277,0.034284807741642,-0.07293644547462463,-0.07090487331151962,-0.0264018215239048,-0.06227460131049156,-0.013029539957642555,0.06751596182584763,-0.014604926109313965,-0.07721015065908432,-0.06541942805051804,0.05950272083282471,0.05311083793640137,-0.012591416016221046,-0.02961808443069458,-0.002541226102039218,0.0663270503282547,0.04959768056869507,0.08114979416131973,-0.0330091156065464,-0.01834435574710369,0.009297817945480347,0.07783637195825577,-0.08461853116750717,0.022502297535538673,-0.03466034308075905,0.039689768105745316,0.15941332280635834,0.27340832352638245,0.0015938123688101768,0.6017361283302307,0.8691942691802979,0.2314082384109497,0.17519494891166687,-0.471706360578537,0.04464372619986534,0.7213656902313232,1.2145092487335205,-0.048374246805906296,0.0041044168174266815,0.1774829924106598,-0.5001659393310547,-0.19837643206119537,0.3346995711326599,0.4573337137699127,-0.238085076212883,-0.775048553943634,-0.03456728160381317,-0.11099210381507874,-0.23987963795661926,-0.5365782380104065,-0.43109241127967834,-0.3434723913669586,0.8085364699363708,-0.3559549152851105,-0.16774870455265045,0.0,-0.0,-0.0
0.04151127114892006,0.0487406961619854,0.06721676886081696,-0.0071012116968631744,-0.029252713546156883,-1.0234906673431396,0.001818324439227581,0.007624940946698189,-0.01433572731912136,0.09237567335367203,-0.09642524272203445,-0.00541576137766242,-0.050534456968307495,-0.009287569671869278,-0.007019775919616222,0.08364340662956238,-0.051777005195617676,0.007862642407417297,0.0018574949353933334,0.0009176721796393394,-0.009076442569494247,-0.014984354376792908,0.10141786932945251,0.10018513351678848,0.0034783808514475822,-0.20321506261825562,-0.0048760827630758286,0.00732576847076416,0.019685568287968636,-0.09571769088506699,-0.10225681960582733,0.010187743231654167,0.19230441749095917,0.01134445145726204,-0.009082833305001259,0.008877855725586414,0.024873554706573486,-0.0016453982098028064,-0.09279012680053711,0.0019324421882629395,-0.003060305258259177,-0.0319705605506897,-0.02467983402311802,0.04133422300219536,-0.05259968712925911,0.06548263877630234,-0.02108171582221985,-0.03368367627263069,-0.06541212648153305,-0.0076721906661987305,0.029479647055268288,0.049911439418792725,-0.001186889479868114,-0.06453786045312881,-0.020123302936553955,-0.06161639839410782,-0.014923417940735817,0.07951358705759048,-0.04803165793418884,-0.022339999675750732,0.05187205225229263,0.026812100782990456,0.0693465992808342,0.013929391279816628,-0.07537581026554108,0.31107425689697266,-0.11233815550804138,0.35624855756759644,0.8874497413635254,0.1531510353088379,0.18128922581672668,-0.42593440413475037,0.031112615019083023,0.6691925525665283,0.9600924849510193,-0.2535760700702667,0.029846329241991043,0.012732364237308502,-0.498433381319046,-0.35132384300231934,0.46216195821762085,0.4462236166000366,-0.44541046023368835,-0.8900923728942871,-0.4337705671787262,0.037009257823228836,-0.11457175761461258,-0.5605130791664124,-0.46636122465133667,-0.20291322469711304,0.7169297337532043,-0.04907679557800293,0.007974453270435333,0.0,-0.0,-0.0
-0.014824248850345612,-0.1457671970129013,-0.034357327967882156,0.03538605943322182,0.0452386699616909,-1.0416194200515747,0.011755010113120079,0.009563904255628586,-0.012981952168047428,0.08128511160612106,-0.09666246175765991,-0.008593245409429073,-0.03103906847536564,-0.0033784862607717514,0.009915441274642944,0.09284107387065887,-0.052890799939632416,-0.0024539195001125336,-0.0019733235239982605,-0.012232234701514244,0.02188183180987835,-0.00041721388697624207,0.09346091002225876,0.09932917356491089,0.0014177653938531876,-0.19331486523151398,-0.006403043866157532,-0.011200337670743465,0.007817152887582779,-0.0900077223777771,-0.09486429393291473,0.0016395170241594315,0.20202085375785828,-0.002641274593770504,0.0004173591732978821,0.055578816682100296,0.06892392784357071,0.022855257615447044,0.039753902703523636,-0.018548792228102684,0.0313323512673378,0.07276582717895508,0.06513907760381699,-0.022465599700808525,0.02522289752960205,-0.05756288394331932,0.026550376787781715,0.01583823561668396,0.07759608328342438,-0.016067994758486748,0.06029395014047623,-0.018818486481904984,0.004542672540992498,-0.03180060535669327,0.005828225519508123,0.022018957883119583,0.008434123359620571,-0.10103855282068253,0.004221457522362471,-0.010564452968537807,0.014841384254395962,0.06274991482496262,0.0010318637359887362,-0.04465346783399582,0.0960310697555542,0.30621665716171265,-0.010964558459818363,0.4637604355812073,0.4741312861442566,0.178590327501297,0.2516597807407379,-0.297956258058548,0.04758777841925621,0.6940194368362427,0.6938228011131287,-0.15481555461883545,0.05813698098063469,0.14150398969650269,-0.41005703806877136,-0.08168262243270874,0.24840639531612396,0.37520062923431396,-0.12899371981620789,-0.7654163241386414,0.03779444843530655,-0.09484902024269104,-0.6686912178993225,-0.4119092524051666,-0.3466685712337494,-0.45329323410987854,0.8769625425338745,-0.54154372215271,0.011554114520549774,0.0,-0.0,-0.0
0.003192346543073654,0.08955301344394684,0.0744754821062088,0.0005676299333572388,0.023465339094400406,-0.9698964953422546,-0.0010124314576387405,0.002987443469464779,-0.006245321128517389,0.09451348334550858,-0.08614397794008255,-0.00011352542787790298,-0.04821820557117462,-0.0071550398133695126,0.00035216566175222397,0.10296287387609482,-0.04583117365837097,0.005572911351919174,-0.0003705862909555435,-0.009186219424009323,-0.0016340631991624832,-0.017487799748778343,0.08834324032068253,0.1083715558052063,0.015076639130711555,-0.2151312232017517,-0.014644935727119446,0.010904252529144287,0.008651027455925941,-0.10898745059967041,-0.1063925251364708,-0.0006381804123520851,0.20170563459396362,-0.016779236495494843,0.004882742650806904,-0.004972547292709351,0.07245834916830063,-0.06505914777517319,0.056737352162599564,0.0002490401384420693,-0.026043245568871498,0.007872927002608776,0.018752289935946465,0.0016218781238421798,0.023032665252685547,0.0723729059100151,0.031143201515078545,0.016636598855257034,0.034827399998903275,-0.03495456650853157,-0.03596116229891777,0.028895271942019463,0.017011404037475586,0.005398291628807783,-0.06299417465925217,-0.03935090824961662,0.08715303242206573,-0.0010166586143895984,-0.004046350717544556,0.016962314024567604,-0.06763210147619247,0.02939477004110813,-0.01660303585231304,0.03164663538336754,0.03308457136154175,0.1709650456905365,-0.02921539545059204,0.5342947244644165,0.735993504524231,0.009473830461502075,-0.022383131086826324,-0.269957035779953,0.026961613446474075,0.6365817785263062,0.9249594807624817,-0.24787962436676025,-0.020140573382377625,0.07401517033576965,-0.4136853516101837,-0.45744937658309937,0.615077793598175,0.47125381231307983,-0.2730320692062378,-0.8901282548904419,-0.2007618546485901,0.15086454153060913,-0.06232164055109024,-0.5550543069839478,-0.4952848255634308,-0.19862446188926697,0.751434862613678,-0.0667012482881546,0.030776292085647583,0.0,-0.0,-0.0
0.03549835458397865,-0.0532255657017231,-0.04554808884859085,0.035628195852041245,0.03505726531147957,-0.9841349124908447,0.003897405229508877,0.003966783173382282,-0.004659033380448818,0.08311904221773148,-0.10076627135276794,-0.008856290951371193,-0.041778258979320526,0.0010421890765428543,0.0012961868196725845,0.09388083219528198,-0.05426020920276642,0.002179238945245743,-0.014036990702152252,0.002448577433824539,-0.004099319688975811,-0.003085578791797161,0.08896385133266449,0.09016593545675278,-0.004447436425834894,-0.188676118850708,0.001942511647939682,-0.01940080150961876,-0.007828561589121819,-0.10856271535158157,-0.106646329164505,-0.0040024626068770885,0.20463231205940247,0.007582230493426323,-0.009041852317750454,-0.022259283810853958,0.05927467346191406,-0.05751709267497063,0.020536644384264946,0.01279916800558567,-0.02074599824845791,0.05823792144656181,0.0014943659771233797,0.07257779687643051,-0.012913948856294155,0.04655176401138306,0.06742069870233536,-0.029619256034493446,0.016944510862231255,-0.005641269963234663,0.04058430343866348,-0.05738193541765213,0.03212118148803711,0.020437872037291527,0.08083432912826538,0.07291412353515625,-0.00509456405416131,-0.09894304722547531,0.07587529718875885,-0.013330454006791115,0.05895515903830528,0.03187824413180351,0.004369968082755804,0.03942228481173515,0.06351229548454285,0.2503073513507843,-0.010323450900614262,0.4165072441101074,0.260634183883667,0.11925040930509567,0.04176398366689682,-0.24053004384040833,0.02109089121222496,0.564889132976532,0.41654497385025024,-0.23666588962078094,0.027943287044763565,0.04010108858346939,-0.251992791891098,-0.0608212985098362,0.36900877952575684,0.2917426824569702,-0.3374048173427582,-0.6918916702270508,0.06022534519433975,-0.2985787093639374,-0.21782320737838745,-0.412432461977005,-0.3863229751586914,-0.09152321517467499,0.7716190814971924,0.11621303856372833,-0.11413873732089996,0.0,-0.0,-0.0
-0.007846709340810776,-0.05283118411898613,0.07933297753334045,0.002156529575586319,-0.026220696046948433,-1.0212998390197754,0.010519841685891151,0.003942416049540043,-0.0014060717076063156,0.08860316127538681,-0.0967712551355362,0.00978844054043293,-0.026765910908579826,-0.017001710832118988,-0.004811782389879227,0.10246502608060837,-0.05852540582418442,0.00754525326192379,-0.013005889020860195,-0.002772703766822815,0.001014656387269497,-0.00013958849012851715,0.09455402940511703,0.08197803050279617,0.001717948354780674,-0.19736187160015106,-0.0047941491939127445,0.0016167405992746353,0.005644669756293297,-0.09587744623422623,-0.10002247989177704,-0.0003566872328519821,0.1817363053560257,-0.013456271030008793,-0.012889361940324306,-0.022603411227464676,0.052558090537786484,-0.05563712120056152,0.039021410048007965,0.007666760589927435,0.007391917984932661,0.06588955968618393,0.031569983810186386,-0.016170669347047806,-0.0785914734005928,-0.018098074942827225,0.0691697746515274,-0.030668336898088455,0.03566770628094673,-0.03063986264169216,0.05357729271054268,-0.024775749072432518,-0.005087852478027344,0.060367751866579056,0.01361838635057211,-0.09313416481018066,-0.02584224008023739,0.08795548975467682,-0.045266635715961456,0.023482520133256912,0.03322100639343262,0.042193520814180374,-0.05033912882208824,0.022071272134780884,-0.0022526904940605164,0.35731539130210876,-0.05101889371871948,0.4303954243659973,0.2718939781188965,0.23507872223854065,0.12717992067337036,-0.28221842646598816,-0.002807244658470154,0.5568313002586365,0.378739595413208,-0.21131539344787598,-0.00015746057033538818,-0.09322937577962875,-0.3199598789215088,-0.43038418889045715,0.7158975005149841,0.5901428461074829,-0.3022318482398987,-0.8466953039169312,-0.44053345918655396,0.18994276225566864,0.0598970428109169,-0.5783088803291321,-0.4751145541667938,-0.2287503331899643,0.694981038570404,-0.218333899974823,0.03521724045276642,0.0,-0.0,-0.0
0.043775368481874466,-0.0882820188999176,-0.006064899265766144,0.028052140027284622,0.0489300899207592,-1.0145983695983887,0.01733691431581974,0.0027321185916662216,0.004559782333672047,0.0961868017911911,-0.09815096855163574,-0.0027085724286735058,-0.04489944875240326,-0.013023333624005318,-0.004036882892251015,0.10388059914112091,-0.0489034578204155,0.018940938636660576,-0.005389966070652008,-0.008533652871847153,0.02121216431260109,0.003713635727763176,0.08884556591510773,0.09922125935554504,0.0107406135648489,-0.20071367919445038,0.0026609376072883606,-0.0012316536158323288,-0.0005337456241250038,-0.09714146703481674,-0.10745245963335037,-0.00925569236278534,0.2044275552034378,0.018069149926304817,-0.009127493016421795,0.0399714820086956,-0.035630013793706894,0.05478547886013985,0.020253468304872513,0.00910227932035923,-0.060841143131256104,0.022140348330140114,-0.05953996255993843,0.03930694982409477,-0.011806237511336803,0.064508818089962,0.028078628703951836,-0.024547243490815163,0.04244900867342949,-0.0019328177440911531,-0.06038031727075577,0.05316726118326187,0.07485099881887436,-0.09790594130754471,0.00487518310546875,0.034223999828100204,0.04378919675946236,0.00806309562176466,0.052000679075717926,-0.07514625042676926,0.050654541701078415,0.056999385356903076,-0.021620620042085648,-0.05672534927725792,-0.0887133777141571,0.3715592324733734,-0.07442605495452881,0.31472158432006836,0.07272358238697052,0.19546329975128174,-0.00986606627702713,-0.26361748576164246,0.037790123373270035,0.5154823064804077,0.030968740582466125,-0.24003951251506805,0.021833743900060654,-0.021682389080524445,-0.14309290051460266,-0.34909433126449585,0.5961712598800659,0.5553220510482788,-0.3430805802345276,-0.8956289887428284,-0.07709664851427078,0.02228027954697609,-0.549224853515625,-0.5843920707702637,-0.5409770011901855,-0.3346366584300995,0.9172995090484619,0.016323087736964226,0.0002460777759552002,0.0,-0.0,-0.0
-0.06491442024707794,0.14629743993282318,0.057635705918073654,-0.03499593213200569,-0.04140469431877136,-1.0203049182891846,-0.004827439785003662,0.0043749623000621796,-0.004902789369225502,0.10123506933450699,-0.08206277340650558,-0.010044384747743607,-0.034825649112463,-0.004938299767673016,-0.003538005519658327,0.09454672038555145,-0.059030354022979736,0.016012294217944145,-0.0012407880276441574,0.0018934784457087517,0.017656240612268448,-0.010543660260736942,0.10486630350351334,0.10084465146064758,0.0018596639856696129,-0.2170882672071457,-0.007546914275735617,0.00332536268979311,-0.0026714173145592213,-0.11094595491886139,-0.09385563433170319,0.009492272511124611,0.1866743415594101,0.00014025438576936722,0.006740914657711983,0.04299631342291832,0.02781522274017334,-0.026396242901682854,0.04552840068936348,-0.005412209313362837,-0.02837015502154827,-0.014480317011475563,0.0012778103118762374,0.04841834306716919,-0.054044485092163086,-0.023747211322188377,0.02420663833618164,0.06811188906431198,-0.013959157280623913,0.032149650156497955,0.047801077365875244,0.07782261818647385,0.06966525316238403,-0.016459882259368896,-0.03083021007478237,0.009629535488784313,0.026451611891388893,0.007552784867584705,0.021200496703386307,0.0583399198949337,-0.022078830748796463,-0.02347858063876629,-0.006345290224999189,0.04490046575665474,-0.061211057007312775,0.40450069308280945,-0.10466071963310242,0.4229205846786499,0.0654197484254837,0.17879897356033325,0.11809290200471878,-0.1368216574192047,0.012720722705125809,0.5254334211349487,0.46314144134521484,-0.32560622692108154,0.0561382882297039,-0.12373127788305283,-0.4034317135810852,-0.16809572279453278,0.32997405529022217,0.2849239110946655,-0.17934341728687286,-0.8357802629470825,-0.16103613376617432,-0.08367826044559479,-0.27292925119400024,-0.5724644660949707,-0.19186270236968994,-0.24668414890766144,0.7471663355827332,-0.20383889973163605,0.25080686807632446,0.0,-0.0,-0.0
-0.013325627893209457,-0.05277165025472641,0.024109143763780594,-0.007514752447605133,-0.010188952088356018,-1.027066946029663,0.002720547839999199,0.0007069334387779236,-0.0022860150784254074,0.10491998493671417,-0.08756476640701294,-0.00028103403747081757,-0.04627751559019089,-0.0074357218109071255,-0.003420060034841299,0.10742297768592834,-0.05583401769399643,0.010575063526630402,0.010134179145097733,-0.007716440595686436,0.007363924756646156,-0.00931006483733654,0.09435705095529556,0.09086690843105316,0.004081366583704948,-0.20291109383106232,-0.01055777445435524,-0.009847227483987808,0.0025046374648809433,-0.10434892028570175,-0.10184946656227112,-0.004036092199385166,0.19322244822978973,0.0026499442756175995,-0.005557003431022167,-0.06556714326143265,-0.05244757607579231,-0.049336615949869156,-0.029544085264205933,0.039996374398469925,0.04077867418527603,0.05730777978897095,-0.0015349090099334717,0.04719937965273857,0.03996283933520317,-0.049913860857486725,0.03677946329116821,0.06661143153905869,-0.004687267821282148,-0.0022954107262194157,0.06949163973331451,-0.03494957089424133,-0.014538831077516079,-0.015601414255797863,-0.030172502622008324,-0.029300009831786156,0.01398040633648634,-0.0314006470143795,-0.008078026585280895,-0.0569094680249691,-0.029763301834464073,0.07898885011672974,0.036582984030246735,0.012314903549849987,0.1816108673810959,0.3531055152416229,-0.024217844009399414,0.4962698221206665,0.22551946341991425,0.2657175064086914,-0.05570090562105179,-0.4674053490161896,0.0872800201177597,0.559118390083313,0.513441264629364,-0.2326177954673767,-0.10997128486633301,-0.012051679193973541,-0.3288598358631134,-0.2525668740272522,0.16946060955524445,0.2095080018043518,-0.2584478557109833,-0.6911202669143677,-0.051238976418972015,-0.14404526352882385,-0.31396305561065674,-0.4928327798843384,-0.6542534828186035,-0.3223511874675751,0.8658312559127808,-0.24262993037700653,-0.18469509482383728,0.0,-0.0,-0.0
-0.02041751705110073,0.03936389461159706,-0.06481064856052399,0.010259062051773071,-0.0281887948513031,-0.9623021483421326,-0.0053885928355157375,0.0023291856050491333,-0.0010768845677375793,0.08867854624986649,-0.0934070497751236,-0.009882831014692783,-0.04463517665863037,-0.001207847148180008,0.003500610589981079,0.09675981104373932,-0.0510699599981308,0.002497062087059021,0.0013500992208719254,-0.011269154027104378,0.014300333335995674,0.00751158781349659,0.08173633366823196,0.10721190273761749,-0.0006060535088181496,-0.19903215765953064,0.011094151064753532,0.005081742070615292,-0.01245113741606474,-0.09964202344417572,-0.10317311435937881,0.002838362008333206,0.20164009928703308,-0.016147999092936516,-0.0035089394077658653,0.031083548441529274,0.015137046575546265,-1.0263919648423325e-05,0.016491329297423363,-0.010064727626740932,-0.03407019376754761,0.02721409872174263,0.008316302672028542,-0.045701924711465836,0.002668625209480524,-0.06555310636758804,-0.048691652715206146,0.060811735689640045,-0.026459479704499245,-0.07272674888372421,0.036826372146606445,0.03185750171542168,0.03809119388461113,0.06407957524061203,0.00583299994468689,0.05492396280169487,-0.05796824023127556,-0.017678821459412575,0.057134270668029785,0.04055377468466759,-0.023289013653993607,-0.05918433889746666,-0.0236181803047657,-0.06115386635065079,0.09599858522415161,0.4123290479183197,-0.007349045015871525,0.384734570980072,0.038391366600990295,0.13879844546318054,-0.14912515878677368,-0.31732112169265747,0.04069643095135689,0.4701710641384125,0.2918105721473694,-0.36382123827934265,-0.037805553525686264,0.08374972641468048,-0.2903478145599365,-0.409791499376297,0.6979126334190369,0.6022560596466064,-0.36296650767326355,-0.7837597727775574,-0.07373317331075668,0.07293777167797089,-0.19811519980430603,-0.41887739300727844,-0.27936550974845886,-0.09142002463340759,0.7559447884559631,-0.2623657286167145,0.05050493776798248,0.0,-0.0,-0.0
0.0229373537003994,0.0578075535595417,0.01191416010260582,-0.022084763273596764,-0.007376890629529953,-1.0102449655532837,-0.020460806787014008,0.013833204284310341,-0.006223160773515701,0.10027778893709183,-0.0906388908624649,0.004374674521386623,-0.05416201055049896,7.770955562591553e-06,0.009507620707154274,0.10462963581085205,-0.047756120562553406,0.010365316644310951,0.002062322571873665,-0.015657911077141762,0.01744658686220646,-0.004488520789891481,0.09713298827409744,0.08704385906457901,0.011269746348261833,-0.20881016552448273,-0.01579233817756176,-0.001886480487883091,-0.007112955208867788,-0.09762968868017197,-0.09182459861040115,0.0024939384311437607,0.18843798339366913,0.005128270015120506,0.008697563782334328,-0.038191057741642,0.0686984658241272,-0.05179740861058235,-0.02604515664279461,-0.05673319101333618,0.07494477182626724,0.05104466900229454,-0.06195678934454918,0.04740571975708008,0.06298869103193283,-0.008049714379012585,-0.006506794597953558,-0.017502224072813988,0.07915357500314713,-0.0459730289876461,-0.015687376260757446,-0.03091435693204403,-0.09655208885669708,0.017206460237503052,0.023089712485671043,0.020445937290787697,0.03910697624087334,-0.0019755305256694555,0.011119467206299305,-0.06571883708238602,-0.08989997208118439,-0.02373855747282505,-0.014295029453933239,-0.024906659498810768,-0.057049885392189026,0.25439324975013733,-0.04351377487182617,0.44388675689697266,0.36251896619796753,0.07542269676923752,-0.1355225145816803,-0.4632517993450165,0.10005810856819153,0.47708359360694885,0.5222492814064026,-0.34879976511001587,-0.03921964764595032,0.24339932203292847,-0.15853309631347656,-0.4774218797683716,0.5136640071868896,0.2767554819583893,-0.37121936678886414,-0.8431412577629089,-0.4465363323688507,0.016410712152719498,-0.16474348306655884,-0.5956051349639893,-0.4823315441608429,-0.1674203723669052,0.7332289218902588,0.09526754915714264,0.10678090155124664,0.0,-0.0,-0.0
0.0213087759912014,0.11674235761165619,-0.042997200042009354,0.049710724502801895,-0.03882952779531479,-0.992121696472168,-0.020099729299545288,-0.004006608854979277,0.007507270202040672,0.09313082695007324,-0.07232252508401871,-0.001470698043704033,-0.06862311065196991,-0.0023568118922412395,0.006143143400549889,0.0932268425822258,-0.039904817938804626,0.013143284246325493,0.006882963702082634,-0.007436400279402733,0.009968245401978493,0.01038571447134018,0.10202347487211227,0.09771350026130676,0.0025910772383213043,-0.2029150128364563,-0.014854568988084793,-0.011649800464510918,-0.008154327049851418,-0.10528546571731567,-0.08405985683202744,0.02095397375524044,0.19285762310028076,0.007670048624277115,-0.004887831397354603,-8.268356759799644e-05,0.05826903507113457,-0.027684345841407776,0.059735964983701706,0.07456003874540329,0.04772850498557091,-0.053153861314058304,0.032660771161317825,0.016057968139648438,0.01344763021916151,-0.0037346899043768644,0.00355718145146966,0.06861263513565063,0.04919039085507393,0.04131662845611572,0.03859032317996025,-0.04725467786192894,0.07515554875135422,-0.08881521224975586,-0.034249093383550644,0.04253087192773819,-0.08385482430458069,0.039556097239255905,0.047840870916843414,0.014306015335023403,-0.039947181940078735,0.017684180289506912,-0.06312721967697144,-0.07391953468322754,-0.00026683509349823,0.35507965087890625,-0.05806780606508255,0.4378199577331543,0.3140384554862976,0.1522602140903473,-0.06426123529672623,-0.3682117760181427,0.024902064353227615,0.5239254832267761,0.41022318601608276,-0.22047419846057892,0.06304150819778442,0.09400137513875961,-0.33708062767982483,-0.27245426177978516,0.6285381317138672,0.7566784620285034,-0.41011860966682434,-0.7882125973701477,-0.21752625703811646,0.008689604699611664,-0.08594725281000137,-0.4963449239730835,-0.4003765881061554,-0.0034179948270320892,0.8339965343475342,-0.0744762271642685,-0.07541047781705856,0.0,-0.0,-0.0
-0.02821234241127968,-0.05314932018518448,0.025088462978601456,-0.010951243340969086,-0.013071935623884201,-1.0225435495376587,-0.03323137387633324,0.01068764366209507,-0.01085822656750679,0.08918307721614838,-0.0697750374674797,-0.01299738883972168,-0.06875241547822952,0.0011744555085897446,-0.003994024358689785,0.09211529791355133,-0.04143116623163223,0.0063684843480587006,0.012998951599001884,-0.0033708270639181137,0.019016679376363754,-0.005618114024400711,0.09850097447633743,0.09322578459978104,0.011941669508814812,-0.20803643763065338,-0.016622919589281082,0.02112351916730404,-0.0036045131273567677,-0.10355889052152634,-0.0917467400431633,0.023859607055783272,0.1915624737739563,0.016589349135756493,0.009002530947327614,-0.06259789317846298,0.06178409978747368,0.060668300837278366,0.004940074868500233,0.045205533504486084,-0.04347379133105278,-0.05942057445645332,-0.054755426943302155,-0.03880202770233154,-0.042808130383491516,0.027422010898590088,-0.007335376925766468,0.07712328433990479,-0.03477604314684868,-0.046302679926157,0.030950332060456276,-0.004983949940651655,-0.07788676023483276,0.0941842794418335,-0.0017894924385473132,0.03809213638305664,0.07043328136205673,-0.020447706803679466,0.03831186518073082,0.047126200050115585,-0.04962277039885521,-0.045221518725156784,0.04097355529665947,0.08884861320257187,0.24782444536685944,0.3989386260509491,-0.004732728935778141,0.5631215572357178,0.33554506301879883,0.1558089554309845,0.06461524218320847,-0.2988746464252472,0.08485344052314758,0.6299838423728943,0.5948913097381592,-0.12163537740707397,-0.08193425834178925,0.03176243230700493,-0.6494433879852295,-0.4870211184024811,0.4701794385910034,0.2689571678638458,-0.24463433027267456,-0.8001119494438171,-0.11653045564889908,0.19366291165351868,-0.3937550485134125,-0.5729466676712036,-0.5357400178909302,-0.3630006015300751,0.7810235023498535,-0.21823129057884216,0.16469426453113556,0.0,-0.0,-0.0
0.015591178089380264,0.07171474397182465,0.04569278284907341,0.022168736904859543,0.04178221896290779,-1.0265573263168335,-0.030164426192641258,-0.0018948037177324295,-0.007388926576822996,0.08938923478126526,-0.07036614418029785,-0.002962792292237282,-0.07920076698064804,0.002979487180709839,0.011707751080393791,0.09091193228960037,-0.03428219258785248,0.00880063883960247,0.006396738812327385,-0.0025612469762563705,0.013692095875740051,0.00021312572062015533,0.09624063968658447,0.11081688851118088,0.0005016317591071129,-0.18508361279964447,-0.007853846997022629,-0.010638784617185593,0.008775869384407997,-0.10448151081800461,-0.09983260184526443,0.011689076200127602,0.21084469556808472,-0.0006725257262587547,-0.008344125933945179,-0.0023262263275682926,0.02550528012216091,0.056093014776706696,-0.08061248064041138,-0.0054821134544909,0.06461580097675323,-0.06818298250436783,-0.008400159887969494,0.014271372929215431,0.000802201044280082,0.02369876019656658,-0.05753861740231514,0.011647963896393776,0.04191873222589493,-0.0599735751748085,0.04404337331652641,0.03708866983652115,-0.01043316163122654,-0.012317026033997536,0.023659134283661842,-0.0012033343082293868,-0.08080362528562546,0.07757221907377243,-0.08539873361587524,0.03955803066492081,0.012588346377015114,-0.049738653004169464,-0.08378733694553375,-0.10343334823846817,0.14825734496116638,-0.023050181567668915,-0.035298772156238556,0.38993847370147705,0.25403398275375366,0.10570984333753586,-0.17248210310935974,-0.30409109592437744,0.11327962577342987,0.5205790996551514,0.2879799008369446,-0.1622273176908493,-0.08384506404399872,0.16695871949195862,-0.491886168718338,-0.25974100828170776,0.6763338446617126,0.577075719833374,-0.5288456678390503,-0.7181181907653809,-0.1847042739391327,-0.21569868922233582,-0.19243237376213074,-0.7398210167884827,-0.6067005395889282,-0.3975490629673004,0.8882696032524109,-0.45742592215538025,-0.28810036182403564,0.0,-0.0,-0.0
0.02833959087729454,-0.05495685338973999,-0.016108300536870956,0.050506021827459335,-0.041947316378355026,-1.0464876890182495,-0.02202238328754902,-0.002781112212687731,0.0016376888379454613,0.08616563677787781,-0.07472658902406693,0.007452474907040596,-0.07437597960233688,-0.017774732783436775,-0.0007644100114703178,0.09523899853229523,-0.02934194728732109,0.01430242694914341,-0.01075256709009409,0.00738028809428215,0.028114063665270805,0.007421603426337242,0.10736007988452911,0.1057259812951088,0.003721808083355427,-0.20324838161468506,0.004005898721516132,0.020565353333950043,0.002483461983501911,-0.10857504606246948,-0.09730294346809387,-0.004522945731878281,0.20478178560733795,-0.0038359970785677433,-0.00045821070671081543,-0.05455824360251427,0.008604824542999268,-0.009919089265167713,-0.05136510357260704,0.01481850165873766,-0.08319053053855896,0.012122434563934803,0.042985331267118454,-0.03214569017291069,-0.05321726202964783,-0.009086817502975464,0.07787477970123291,0.048797786235809326,0.08630730211734772,-0.00379086728207767,0.04623434692621231,-0.06111595779657364,0.043330658227205276,0.05520448833703995,0.014240932650864124,-0.07520295679569244,0.1155664324760437,-0.060907430946826935,0.018023056909441948,-0.029465312138199806,0.013875109143555164,-0.06649205833673477,0.07150620222091675,0.005448400974273682,0.10186062753200531,0.3051762282848358,-0.04304172098636627,0.5040130615234375,0.3391050100326538,0.18499663472175598,-0.17145627737045288,-0.3096301257610321,0.06438744068145752,0.5085251331329346,0.3813502788543701,-0.14958752691745758,0.03837231174111366,-0.08868195861577988,-0.42877113819122314,-0.40925511717796326,0.43304407596588135,0.347640722990036,-0.26569610834121704,-1.0232431888580322,-0.14545947313308716,0.2806638777256012,-0.5892082452774048,-0.3204739987850189,-0.32544758915901184,-0.3717058002948761,0.7985939383506775,-0.10755202174186707,0.2212986797094345,0.0,-0.0,-0.0
0.03254522755742073,0.04131486639380455,0.05103882774710655,0.04419424757361412,0.023800205439329147,-1.019485592842102,-0.031194735318422318,0.004744206555187702,-0.007989564910531044,0.1002282202243805,-0.06973820179700851,0.008426424115896225,-0.08708678930997849,-0.016855567693710327,0.008641012012958527,0.0988483652472496,-0.029392367228865623,-0.0009827958419919014,0.0002598557621240616,-0.0060804057866334915,0.01959068328142166,-0.00657113129273057,0.10828901082277298,0.10523513704538345,0.00666511245071888,-0.21559417247772217,0.006801610812544823,-0.00846821814775467,0.0006839167326688766,-0.09448450058698654,-0.10145985335111618,-0.012640857137739658,0.20461808145046234,-0.008244240656495094,-0.00870851706713438,-0.04918461665511131,0.04503324255347252,-0.002770596882328391,0.07453341782093048,-0.051131099462509155,-0.02370702102780342,0.028901541605591774,-0.014623659662902355,-0.04258822277188301,0.021398169919848442,0.04673280939459801,-0.02495679259300232,-0.06242718920111656,0.0028859139420092106,-0.026560822501778603,-0.011151504702866077,-0.004795104265213013,-0.0027613758575171232,-0.0691971629858017,0.02794811688363552,0.02833259105682373,-0.09127997606992722,0.008210176602005959,0.031198764219880104,0.004197156522423029,-0.061787426471710205,0.07092302292585373,-0.052384357899427414,0.03412971645593643,0.2336699515581131,0.41795432567596436,-0.06992337107658386,0.5898967981338501,0.4216384291648865,0.313956081867218,-0.13307934999465942,-0.09993107616901398,0.03875650838017464,0.5305968523025513,0.2984810471534729,0.08818842470645905,-0.09103251993656158,-0.4177917540073395,-0.5928711891174316,-0.42244452238082886,0.5289627909660339,0.22537896037101746,-0.4237675070762634,-0.8025045990943909,-0.11072997003793716,-0.4698258936405182,-0.05934133380651474,-0.49297699332237244,-0.45511072874069214,-0.26285403966903687,0.8332436680793762,-0.19181932508945465,-0.042459044605493546,0.0,-0.0,-0.0
-0.02564169652760029,-0.01444762572646141,-0.006420649588108063,0.010163847357034683,0.0009863115847110748,-1.0116684436798096,-0.044292815029621124,-0.006478120572865009,0.007741957902908325,0.09528666734695435,-0.07225383818149567,-0.010049749165773392,-0.08711527287960052,-0.008735581301152706,0.008113520219922066,0.10126641392707825,-0.025074588134884834,0.016640551388263702,-0.0023301448673009872,0.0010108286514878273,0.00779188796877861,0.005756843835115433,0.12243174761533737,0.09912838786840439,0.01821020431816578,-0.20527593791484833,-0.019302530214190483,0.00499620009213686,0.008309727534651756,-0.10963493585586548,-0.10475137084722519,0.0017302436754107475,0.18907180428504944,0.000555272214114666,0.0003138892352581024,0.011309689842164516,0.07195385545492172,-0.03288682550191879,-0.05220092460513115,-0.05956744775176048,0.0446891188621521,-0.017140347510576248,0.012637346982955933,0.049886345863342285,-0.0628248006105423,-0.04535570740699768,-0.05413583666086197,0.005660134833306074,0.007399845402687788,-0.06376047432422638,0.034474730491638184,-0.019008075818419456,-0.0024958073627203703,0.03359783813357353,0.038091350346803665,-0.02297130785882473,0.0770799070596695,-0.0281955786049366,-0.06809143722057343,-0.06154090166091919,0.05040447786450386,-0.0372181236743927,-0.006928694434463978,-0.015065646730363369,-0.04770343005657196,0.2236092984676361,-0.044604405760765076,0.5105995535850525,0.4783780574798584,0.22244694828987122,-0.04079986363649368,-0.21887806057929993,0.03893384709954262,0.5271908640861511,0.4577684998512268,-0.05018265172839165,0.07535691559314728,0.12346407771110535,-0.43826624751091003,-0.2537952661514282,0.4139677882194519,0.4819497764110565,-0.1739272177219391,-0.8140943646430969,-0.3993377685546875,0.23048028349876404,-0.23972493410110474,-0.5676039457321167,-0.42919376492500305,0.012982506304979324,0.7189869284629822,0.1650586575269699,-0.010006371885538101,0.0,-0.0,-0.0
-0.05503854155540466,0.018217604607343674,-0.03880885988473892,-0.03209094703197479,0.04157088324427605,-0.9828039407730103,-0.0469532385468483,0.0006441483274102211,-3.949552774429321e-05,0.09850215166807175,-0.07285677641630173,-0.0025559207424521446,-0.07408466190099716,0.0002862587571144104,0.0020240098237991333,0.09017720073461533,-0.03797195851802826,-0.003788813017308712,0.005041446536779404,-0.003795844502747059,0.017415208742022514,0.004884449765086174,0.09136499464511871,0.09823036193847656,0.004688558168709278,-0.2043411135673523,0.003619115799665451,-0.002226395532488823,0.014484712854027748,-0.10543613135814667,-0.09808116406202316,0.016636142507195473,0.19100254774093628,0.009003261104226112,0.005374221131205559,-0.06269004195928574,0.026209283620119095,0.04049934074282646,-0.044532012194395065,0.044637586921453476,-0.08016679435968399,-0.0015330553287640214,-0.026885900646448135,-0.048469267785549164,-0.03812212869524956,-0.0441543385386467,-0.03017258457839489,-0.00734939007088542,-0.06892240047454834,-0.030780380591750145,-0.06856755912303925,-0.09559550136327744,0.07138589769601822,0.011755562387406826,0.05350051075220108,-0.046698570251464844,-0.03137956187129021,-0.0270985197275877,0.0616450309753418,0.028261316940188408,0.05579223856329918,0.08015811443328857,-0.06265875697135925,0.02666308917105198,-0.04009620100259781,0.383981317281723,-0.02655218541622162,0.5270243287086487,0.3292771577835083,0.267867773771286,-0.27236685156822205,-0.3447459936141968,0.02992962673306465,0.4516073763370514,0.3730822205543518,-0.07049357891082764,-0.00945834070444107,-0.13656330108642578,-0.26691752672195435,-0.37724968791007996,0.31423860788345337,0.38376593589782715,-0.46420082449913025,-0.7767664194107056,-0.10365212708711624,-0.19972121715545654,-0.22578921914100647,-0.2280019372701645,-0.2166367471218109,-0.2760152518749237,0.8522189855575562,-0.11343568563461304,0.06941960752010345,0.0,-0.0,-0.0
-0.03343629091978073,-0.1011686623096466,0.05785369500517845,0.04979177936911583,0.032531190663576126,-1.0304272174835205,-0.038226399570703506,0.009500168263912201,0.0020724907517433167,0.10863351076841354,-0.07576379179954529,-0.001330515369772911,-0.06779681891202927,-0.010154252871870995,0.009205164387822151,0.0807793140411377,-0.025308258831501007,0.013745205476880074,-0.007352776359766722,0.004013943485915661,0.0069601871073246,-0.0014266874641180038,0.09227771311998367,0.10605508834123611,-0.009224854409694672,-0.20523309707641602,0.000346161425113678,0.0009258408099412918,0.017274007201194763,-0.10564481467008591,-0.09475784748792648,-0.00041167065501213074,0.19547893106937408,0.02199789695441723,-0.0025327904149889946,0.059504032135009766,0.06803818792104721,0.04766515642404556,-0.03861226141452789,0.07206261157989502,-0.020887626335024834,0.0205168966203928,-0.06596394628286362,-0.06476394832134247,-0.0026117325760424137,0.007361942436546087,0.0015446305042132735,0.007868385873734951,0.07815472036600113,-0.008473658934235573,0.010124546475708485,-0.052620094269514084,-0.042154159396886826,-0.0507526695728302,0.04483938217163086,0.018352830782532692,0.030476033687591553,-0.0631680116057396,0.037906255573034286,0.008033305406570435,-0.10763514041900635,-0.05158589035272598,-0.03589295968413353,-0.06509789824485779,-0.11449477076530457,0.1719694435596466,-0.06206969916820526,0.45155179500579834,0.16841007769107819,0.1719195544719696,0.048743538558483124,-0.4762153923511505,0.11768454313278198,0.5504347085952759,0.4532938003540039,-0.29664868116378784,0.02356189861893654,0.282976359128952,-0.4529953896999359,-0.08346564322710037,0.6426051259040833,0.4289354085922241,-0.30275195837020874,-0.7823578119277954,-0.1507013738155365,0.011020861566066742,-0.3628941774368286,-0.688239336013794,-0.49783793091773987,-0.4319601356983185,0.7962325215339661,-0.23143483698368073,-0.12857812643051147,0.0,-0.0,-0.0
0.021164078265428543,0.03732777014374733,0.0099070705473423,-0.0029051564633846283,-0.04071006178855896,-1.0137572288513184,-0.04025603085756302,0.004209727048873901,0.001986732706427574,0.11275582015514374,-0.07336396723985672,-0.0002466123551130295,-0.09390877187252045,-0.012480443343520164,0.01667170040309429,0.10681670159101486,-0.025431543588638306,0.012664183974266052,-8.719414472579956e-05,0.0013914480805397034,0.016232004389166832,-0.0023635486140847206,0.09805325418710709,0.09912650287151337,0.008861690759658813,-0.21012094616889954,-0.01581115648150444,-0.0005082478746771812,0.009168170392513275,-0.09687233716249466,-0.08661749213933945,0.030083363875746727,0.2022857964038849,-0.002165808342397213,-0.0019407160580158234,-0.030545180663466454,-0.011195999570190907,0.07331439107656479,-0.05092663690447807,0.002062338637188077,-0.06174040958285332,-0.09659134596586227,0.07202070951461792,-0.05205453187227249,0.03396550565958023,-0.025109579786658287,-0.052718888968229294,-0.012405479326844215,0.01023169793188572,-0.010742450132966042,-0.028666531667113304,0.006524974014610052,0.04704200103878975,-0.022538894787430763,0.03326277807354927,0.05097208172082901,0.011025810614228249,-0.08228611946105957,0.03140265867114067,0.02124892547726631,0.03892242908477783,-0.032632749527692795,-0.08344593644142151,0.013161075301468372,-0.14020930230617523,0.33803486824035645,-0.08049280941486359,0.47713083028793335,0.1545170098543167,0.2163565754890442,-0.19937008619308472,-0.09664824604988098,0.02799142524600029,0.5573971271514893,0.37009602785110474,-0.09622746706008911,0.007315456867218018,-0.33158940076828003,-0.30562564730644226,-0.259653240442276,0.6636050343513489,0.4691791534423828,-0.15740521252155304,-0.8956079483032227,-0.22122207283973694,-0.0021612904965877533,-0.15073919296264648,-0.5068814754486084,-0.3916497230529785,0.048511747270822525,0.8712905049324036,-0.11117537319660187,0.06216375529766083,0.0,-0.0,-0.0
0.014087419956922531,-0.015411090105772018,0.016870584338903427,0.038901831954717636,-0.032728224992752075,-1.0308477878570557,-0.05053927004337311,0.012857962399721146,0.010760527104139328,0.11780666559934616,-0.08340264111757278,-0.0017487751320004463,-0.0754474624991417,-0.005531502887606621,0.006081614643335342,0.09110614657402039,-0.020762573927640915,-0.0035415184684097767,-0.0035351961851119995,0.0018288400024175644,0.006526751443743706,0.004765002056956291,0.09482064843177795,0.09059162437915802,0.0028242822736501694,-0.1986549198627472,-0.005840071476995945,-0.019335148856043816,0.030413692817091942,-0.09750227630138397,-0.08537755906581879,-0.0006972188130021095,0.2108028680086136,0.024008626118302345,-0.012133685871958733,0.002404290484264493,0.002713668392971158,0.002610469004139304,-0.06455017626285553,-0.03227613493800163,-0.06634615361690521,-0.048115238547325134,0.046669211238622665,0.008824354968965054,-0.04576919972896576,0.0053472816944122314,0.05388129875063896,-0.024431312456727028,-0.006863910239189863,-0.021189404651522636,-0.03273491933941841,-0.0658210963010788,-0.007654750254005194,0.03494734689593315,-0.019005900248885155,0.029409337788820267,-0.012149536982178688,0.03019658289849758,0.011584949679672718,0.04018528386950493,-0.14556780457496643,0.061075057834386826,0.03771169111132622,-0.07555736601352692,0.06164191663265228,0.1561608910560608,-0.07352723181247711,0.5265644788742065,0.16380707919597626,0.3907700181007385,-0.17534103989601135,-0.22939953207969666,0.07257002592086792,0.3817845582962036,0.13850560784339905,0.12156374752521515,0.07667596638202667,-0.08476421982049942,-0.45319655537605286,-0.10903583467006683,0.39315158128738403,0.37114113569259644,-0.3016955554485321,-0.7649627923965454,-0.15268650650978088,-0.07891839742660522,-0.2865942716598511,-0.6430777311325073,-0.5360305905342102,-0.6132901906967163,0.7695975303649902,-0.05712537467479706,-0.039083633571863174,0.0,-0.0,-0.0
-0.006270002573728561,-0.00558321550488472,-0.03537755459547043,-0.03402392193675041,0.026505660265684128,-1.0348471403121948,-0.055653467774391174,0.007027825340628624,0.009526629000902176,0.10766716301441193,-0.08205749839544296,-0.011216535232961178,-0.0859239399433136,-0.004989633336663246,0.007010923698544502,0.10424289107322693,-0.030344026163220406,-0.000767488032579422,-0.013677163049578667,-0.000867895781993866,0.011700378730893135,0.018975848332047462,0.0909532904624939,0.08634163439273834,-0.0060888417065143585,-0.20194865763187408,-0.007246842607855797,0.011990753933787346,0.012411551550030708,-0.097956582903862,-0.1065976470708847,0.023233024403452873,0.20382148027420044,-0.0074091944843530655,0.001984028145670891,0.05728578567504883,0.025368643924593925,-0.035842493176460266,0.05681563541293144,0.01374286413192749,-0.04264352098107338,0.018659139052033424,-0.048954077064991,0.06517989933490753,-0.01371314562857151,0.051887739449739456,-0.04985498636960983,0.004692566581070423,-0.023397386074066162,-0.05651736259460449,-0.028266383334994316,0.03857509046792984,-0.015511274337768555,-0.05484635755419731,0.019098330289125443,-0.05192646011710167,-0.027488574385643005,-0.07344360649585724,0.06412988156080246,0.028062868863344193,0.01186528243124485,-0.06452112644910812,-0.020399153232574463,-0.023415518924593925,-0.028454571962356567,0.10479141026735306,-0.027162179350852966,0.49222421646118164,0.3026805520057678,0.3684920072555542,-0.28253939747810364,-0.2620227038860321,0.02159128710627556,0.41403573751449585,-0.056463971734046936,0.023054782301187515,0.02595565840601921,0.03270401805639267,-0.33069339394569397,-0.31100738048553467,0.6660864949226379,0.5591456294059753,-0.37270089983940125,-0.9374625086784363,-0.31224820017814636,0.22692176699638367,-0.5738388299942017,-0.5719465017318726,-0.5678660273551941,0.011666137725114822,0.7092754244804382,-0.4292905628681183,0.12317238748073578,0.0,-0.0,-0.0
-0.045903656631708145,0.11631090939044952,0.05207348242402077,0.010288674384355545,-0.03285585343837738,-1.0436160564422607,-0.057816699147224426,0.012989731505513191,-0.001876750960946083,0.10020829737186432,-0.07786779850721359,0.003340897150337696,-0.08929472416639328,-0.00520054716616869,0.006793489679694176,0.09243448078632355,-0.02509780414402485,0.011935774236917496,0.005056907422840595,-0.01849614828824997,0.019264308735728264,-0.008417868055403233,0.09371557831764221,0.0971871167421341,0.015281178057193756,-0.20507481694221497,-0.006504527758806944,0.0005606543272733688,-0.001085667870938778,-0.11366866528987885,-0.11225716024637222,0.011516327038407326,0.20228984951972961,0.023960890248417854,-0.005059883929789066,-0.06254955381155014,0.0010123252868652344,-0.04467527195811272,-0.010284102521836758,0.059165824204683304,-0.009326941333711147,0.05278419330716133,-0.05939530208706856,0.024779601022601128,-0.07537911832332611,-0.033728279173374176,0.049326229840517044,0.005345541518181562,0.05246129259467125,0.04681525379419327,0.018145322799682617,-0.05662548542022705,-0.01898079551756382,-0.034682802855968475,-0.0644766092300415,0.052733540534973145,-0.04716804251074791,0.06317438185214996,-0.03077053837478161,-0.06675203889608383,-0.08718975633382797,0.015048354864120483,0.0028672635089606047,-0.0764867439866066,-0.17985591292381287,0.2589817941188812,-0.08864685893058777,0.44153326749801636,0.13646583259105682,0.19008579850196838,-0.2767220437526703,-0.34845468401908875,0.04525676742196083,0.36585959792137146,0.0968388244509697,-0.16098201274871826,0.03661387786269188,-0.07821812480688095,-0.24388420581817627,-0.3106299638748169,0.4548047184944153,0.6029020547866821,-0.10470447689294815,-0.8691384196281433,-0.005480505526065826,-0.02732018008828163,-0.18807759881019592,-0.7376330494880676,-0.44152185320854187,-0.45204097032546997,0.7827517986297607,-0.0017757732421159744,0.01660981774330139,0.0,-0.0,-0.0
0.049954142421483994,-0.08180388808250427,-0.014304574579000473,-0.0036986209452152252,0.04309677705168724,-1.020281195640564,-0.055523671209812164,0.00024284888058900833,-0.0005902368575334549,0.10575859993696213,-0.07055635750293732,-0.007982447743415833,-0.09454470872879028,-0.0006376542150974274,0.0053017400205135345,0.09787167608737946,-0.03216659277677536,0.013963181525468826,0.0004242975264787674,-0.009620442055165768,0.013912631198763847,0.004990969784557819,0.08841432631015778,0.11661779135465622,0.017778513953089714,-0.22070878744125366,-0.00041676126420497894,-0.00423426041379571,-0.001638529822230339,-0.12779460847377777,-0.09127410501241684,0.011456683278083801,0.20672990381717682,-0.015505468472838402,0.014779755845665932,0.011760986410081387,-0.04064708575606346,0.018495535477995872,-0.06353453546762466,-0.035131607204675674,-0.061244089156389236,-0.051451124250888824,-0.02913925051689148,0.06865226477384567,0.06375328451395035,-0.05868568643927574,0.008668757043778896,0.035862136632204056,-0.029047032818198204,0.006197822280228138,0.0270670298486948,0.07919400185346603,0.017926204949617386,-0.029101300984621048,0.042167700827121735,-0.0025876702275127172,-0.06018201261758804,0.0032710195519030094,0.07051052153110504,0.011851144023239613,0.009764909744262695,0.0794985443353653,-0.022974926978349686,0.05982518196105957,0.0916898250579834,0.24769148230552673,-0.006310314871370792,0.5108357667922974,0.39986807107925415,0.10603737086057663,0.05436193197965622,-0.38443219661712646,0.08949485421180725,0.6592154502868652,0.40412580966949463,-0.28251516819000244,-0.019680049270391464,0.2672339379787445,-0.6674801111221313,-0.2840104103088379,0.6284454464912415,0.48826757073402405,-0.4821842610836029,-0.8342239856719971,-0.29119622707366943,0.02093430981040001,-0.3557310700416565,-0.35873550176620483,-0.21852029860019684,-0.15584434568881989,0.8256733417510986,-0.4402789771556854,0.2035251408815384,0.0,-0.0,-0.0
-0.02081027254462242,0.07725994288921356,-0.03628082200884819,0.01227586343884468,-0.023414678871631622,-1.0122826099395752,-0.046927452087402344,-0.0035711396485567093,-0.005802784580737352,0.10875006765127182,-0.06700864434242249,0.0007242625579237938,-0.09487754851579666,0.0008370392024517059,0.0033507412299513817,0.07711469382047653,-0.02561797946691513,-0.0020047323778271675,-0.008115945383906364,-0.006583323236554861,0.0008692573755979538,0.013911103829741478,0.0868719220161438,0.10196414589881897,0.018922705203294754,-0.19875839352607727,-0.011401526629924774,0.012607855722308159,-0.008573481813073158,-0.10768228769302368,-0.10600882023572922,-0.00013719312846660614,0.18369168043136597,0.006550779566168785,-0.00852919090539217,0.03475414589047432,-0.047536175698041916,-0.005697763059288263,0.02880105935037136,0.0495695136487484,-0.034852758049964905,0.03375650569796562,-0.02586612105369568,0.036731280386447906,-0.07289934903383255,0.03401782736182213,0.0032269537914544344,-0.003609991166740656,-0.03360626846551895,-0.05873855948448181,0.05399894714355469,0.06691988557577133,-0.0038074851036071777,0.0026178956031799316,-0.06019557639956474,-0.03245438262820244,0.06181221082806587,0.008579134941101074,0.015767699107527733,-0.08257696777582169,-0.10304033011198044,-0.011104595847427845,0.01486710924655199,0.034322500228881836,0.0024539828300476074,0.39233142137527466,-0.05525366961956024,0.5746141076087952,0.39650487899780273,0.08734593540430069,-0.2252478301525116,-0.43077850341796875,0.04063558951020241,0.41100674867630005,0.7615975141525269,-0.384077250957489,0.04503587260842323,0.0727483481168747,-0.4719761908054352,-0.37894779443740845,0.3523789644241333,0.266372412443161,-0.34682703018188477,-0.7976418733596802,-0.2021562159061432,0.14805296063423157,-0.32428115606307983,-0.43035656213760376,-0.46716514229774475,-0.32079315185546875,0.6958885788917542,0.06472815573215485,-0.1629883199930191,0.0,-0.0,-0.0
0.0012666545808315277,-0.11471536755561829,-0.014410506933927536,0.030790869146585464,0.02019267901778221,-1.0473614931106567,-0.04594583064317703,0.012634407728910446,-0.009934892877936363,0.10287158191204071,-0.07427217811346054,-0.006403280887752771,-0.08219854533672333,-0.011315523646771908,-0.003238497767597437,0.0915677472949028,-0.016418039798736572,0.016767580062150955,-0.0004975581541657448,0.005155318416655064,0.024860860779881477,-8.980650454759598e-05,0.0915769562125206,0.09608576446771622,0.01861136592924595,-0.21462209522724152,0.00039619673043489456,-0.004751323256641626,-0.019794899970293045,-0.11980319023132324,-0.10272690653800964,-0.003987754695117474,0.20653322339057922,-0.0003425953909754753,-0.005738336592912674,-0.04358069971203804,-0.05502539873123169,0.0550236813724041,0.0643555298447609,0.008954519405961037,-0.06112489849328995,0.06635872274637222,-0.03697305545210838,-0.0299984160810709,0.018215423449873924,-0.022024035453796387,0.0027173757553100586,0.010329443030059338,0.06408079713582993,-0.020798033103346825,-0.001595526933670044,-0.03120555356144905,0.013658100739121437,-0.08508259803056717,-0.04356009513139725,-0.026911897584795952,-0.0014323592185974121,-0.029936229810118675,-0.04975820705294609,0.07566914707422256,-0.017827128991484642,0.09136141836643219,0.04466775804758072,0.05388461425900459,-0.1790061593055725,0.36524268984794617,-0.06228990852832794,0.40337634086608887,0.2410651594400406,0.14150086045265198,-0.06758979707956314,-0.36626043915748596,0.0232563279569149,0.5886468291282654,0.48213982582092285,-0.3126593828201294,-0.029206927865743637,0.14643926918506622,-0.26480841636657715,-0.5108569264411926,0.40144872665405273,0.35633814334869385,-0.4473993480205536,-0.8366896510124207,-0.127640500664711,-0.23908928036689758,-0.026531822979450226,-0.4062459170818329,-0.23824197053909302,0.05112280324101448,0.8957125544548035,-0.05454321205615997,0.08983379602432251,0.0,-0.0,-0.0
0.041506875306367874,0.13341784477233887,0.08780407905578613,0.003623019903898239,-0.015338283032178879,-1.0367650985717773,-0.050118423998355865,0.008036112412810326,-0.01051962561905384,0.08868362009525299,-0.059548452496528625,-0.011098070070147514,-0.08654123544692993,-0.0029765875078737736,0.005607052706182003,0.0856316089630127,-0.015615926124155521,-0.0016227122396230698,-0.0026703309267759323,-0.00026570819318294525,0.01069817878305912,9.934231638908386e-05,0.09399231523275375,0.09873786568641663,0.02121676690876484,-0.20883862674236298,0.006517205387353897,-0.005357975140213966,0.008654635399580002,-0.10197615623474121,-0.10826360434293747,0.012476662173867226,0.18848906457424164,0.012197082862257957,0.0036652926355600357,0.057781338691711426,-0.02795993722975254,0.021492499858140945,0.030961204320192337,0.0882982537150383,-0.005179560277611017,0.010220236144959927,-0.018672538921236992,-0.0073476554825901985,0.014139050617814064,-0.010806000791490078,0.05186460167169571,-0.018502652645111084,-0.03049047291278839,-0.0338391475379467,0.03616305813193321,-0.06574984639883041,0.044779278337955475,0.06251891702413559,0.005801189225167036,-0.0011461317772045732,0.051879096776247025,0.10244657844305038,0.011490166187286377,0.06735552847385406,0.030378151684999466,0.029316294938325882,0.0010876655578613281,-0.0045971036888659,-0.18456821143627167,0.37163931131362915,-0.12945766746997833,0.3666028380393982,0.19741295278072357,0.19310283660888672,-0.08664041012525558,-0.09899699687957764,0.021358344703912735,0.5544446110725403,0.3573532700538635,-0.22328877449035645,-0.03957632556557655,-0.28851571679115295,-0.43749454617500305,-0.20717990398406982,0.5278392434120178,0.5115191340446472,-0.18906110525131226,-0.7501677870750427,-0.08632098883390427,0.07556641101837158,0.04635602980852127,-0.34855225682258606,-0.4918510615825653,-0.1468614786863327,0.6809929013252258,-0.04862915724515915,-0.04067092016339302,0.0,-0.0,-0.0
0.0415775440633297,-0.03805559501051903,-0.039405085146427155,-0.028145860880613327,-0.03762371093034744,-0.9825962781906128,-0.04994721710681915,0.0110673438757658,-0.013385899364948273,0.10044596344232559,-0.0552842915058136,-0.011673161759972572,-0.10034539550542831,-0.012188471853733063,0.007412729784846306,0.10546525567770004,-0.017618272453546524,0.0008713118731975555,0.011236917227506638,-0.005252084694802761,0.009883752092719078,-0.004735598340630531,0.10023242235183716,0.08914242684841156,0.01057635061442852,-0.20613639056682587,-0.008807121776044369,0.0008621877059340477,-0.005823496263474226,-0.08675101399421692,-0.10489822179079056,0.01927623711526394,0.2085070163011551,-0.00870040524750948,-0.013516517356038094,0.007283568382263184,0.016821974888443947,-0.035668838769197464,-0.04344260320067406,-0.02990044467151165,-0.024755138903856277,0.037556421011686325,-0.019491607323288918,0.039232779294252396,0.04573187977075577,-0.0428716242313385,0.021662509068846703,0.029808079823851585,-0.059869494289159775,0.0725608617067337,0.03392282873392105,0.0025023461785167456,-0.025730863213539124,-0.029275694862008095,0.02035589888691902,-0.03507041186094284,0.024341804906725883,-7.121563248801976e-05,0.05346020683646202,-0.05764833092689514,0.042174603790044785,0.0573258176445961,0.04509899765253067,-0.028008148074150085,-0.12984029948711395,0.1631304919719696,-0.01097086165100336,0.4549742341041565,-0.02306486666202545,0.21830248832702637,-0.27024558186531067,-0.31743988394737244,0.07442137598991394,0.4394233822822571,0.1437147557735443,-0.250814825296402,0.06339426338672638,0.20995891094207764,-0.280936062335968,-0.376315176486969,0.6488679647445679,0.4073472023010254,-0.5062757730484009,-0.7829629778862,-0.3357236087322235,-0.09538045525550842,-0.6783560514450073,-0.6570920944213867,-0.4686177670955658,-0.42066189646720886,0.9406028389930725,-0.4409126937389374,-0.035852186381816864,0.0,-0.0,-0.0
-0.01473613828420639,0.05620507523417473,-0.07891774922609329,-0.004066746681928635,-0.00340995192527771,-0.9631640315055847,-0.0758189707994461,-0.0025829290971159935,0.005405128933489323,0.10629907995462418,-0.05535478889942169,-0.007175092585384846,-0.1148209497332573,-0.004964995663613081,0.003119952976703644,0.10436730831861496,-0.012819604948163033,-0.0024719415232539177,-0.0011757789179682732,-0.007290909066796303,0.0070177484303712845,0.008404465392231941,0.10445176064968109,0.10105966776609421,-0.0021835220977663994,-0.207986980676651,0.008810879662632942,-0.01743512973189354,-0.007016416173428297,-0.09285103529691696,-0.08670073747634888,-0.011026192456483841,0.18091583251953125,0.003508595749735832,0.006493719294667244,-0.007400739472359419,0.02980111911892891,0.028196191415190697,-0.03834930807352066,-0.009602081961929798,0.04055318981409073,-0.052932627499103546,-0.057555120438337326,-0.01678689755499363,0.06175580248236656,0.06350312381982803,0.00574222207069397,-0.005429333541542292,-0.010922175832092762,-0.04950292780995369,0.05949011072516441,-0.02490757219493389,0.10071666538715363,0.045652758330106735,0.06141168996691704,-0.009862422943115234,0.009546947665512562,0.015738947317004204,-0.06811162084341049,-0.044934213161468506,-0.012638366781175137,0.041125427931547165,-0.05451840162277222,0.012180459685623646,-0.12243236601352692,0.22936442494392395,-0.01801908016204834,0.42077362537384033,-0.20493067800998688,0.17081505060195923,-0.36865702271461487,-0.3552365303039551,0.1006389856338501,0.4014788866043091,-0.007229961454868317,-0.24534130096435547,-0.04024047031998634,0.16413459181785583,-0.3675810396671295,-0.341592937707901,0.48459601402282715,0.6808458566665649,-0.32180124521255493,-0.8253078460693359,-0.047373004257678986,-0.09069642424583435,-0.3056178390979767,-0.6873000860214233,-0.384825736284256,-0.49375709891319275,0.5982974767684937,-0.28289514780044556,0.1781439334154129,0.0,-0.0,-0.0
-0.052696242928504944,0.0232468880712986,-0.029159793630242348,0.02577618882060051,-0.017995797097682953,-1.0123615264892578,-0.08699024468660355,0.00813109427690506,-0.009650500491261482,0.10363182425498962,-0.0612996444106102,-0.002514246851205826,-0.10998893529176712,0.00012797489762306213,-0.009115716442465782,0.10190653055906296,-0.015015113167464733,0.012389030307531357,0.0060984063893556595,0.00522038247436285,0.013236446306109428,0.0010490231215953827,0.09049490094184875,0.0945204347372055,-0.007846957072615623,-0.1907772421836853,-0.006252942606806755,0.005564738065004349,-0.0049460469745099545,-0.10996739566326141,-0.0764629915356636,-0.01604367233812809,0.20395061373710632,-0.0009940527379512787,0.009295227006077766,0.005222064442932606,0.05818634107708931,0.008215886540710926,-0.05449717864394188,0.024514829739928246,-0.021065855398774147,-0.054326560348272324,0.06118350103497505,0.01616305112838745,-0.08508449047803879,0.010893714614212513,0.03274135664105415,-0.06230733543634415,-0.004056698177009821,-0.013273405842483044,0.02023000828921795,0.017602330073714256,-0.06931279599666595,0.04242372512817383,0.046134114265441895,-0.05444112420082092,0.005119299981743097,-0.06526342034339905,-0.028275197371840477,-0.02120191417634487,-0.055355217307806015,0.007692515850067139,-0.05798250436782837,-0.046942148357629776,-0.30214908719062805,0.23706978559494019,-0.10516442358493805,0.439481258392334,-0.28087282180786133,0.08052026480436325,-0.35250091552734375,-0.39314982295036316,0.11036074161529541,0.30459144711494446,-0.0826711431145668,-0.4204045236110687,0.02924826368689537,0.11304447799921036,-0.19798463582992554,-0.4988246560096741,0.4713694453239441,0.2231433093547821,-0.360659658908844,-0.7906675934791565,-0.34463366866111755,0.13558979332447052,-0.2583335340023041,-0.3725197911262512,-0.3412279188632965,-0.04274214431643486,0.9412396550178528,0.0171115230768919,-0.04033605754375458,0.0,-0.0,-0.0
0.040973786264657974,0.07274600863456726,0.06015293672680855,-0.007149249315261841,-0.015064593404531479,-0.952297568321228,-0.08908934146165848,-0.004375348798930645,-0.017190558835864067,0.10535349696874619,-0.05898740887641907,-0.0022651655599474907,-0.10854700952768326,-0.01281350664794445,0.005743933841586113,0.07880166172981262,-0.005883331410586834,-0.0004921909421682358,0.012846332043409348,0.011919528245925903,0.025040054693818092,-0.009068908169865608,0.10167502611875534,0.10015583783388138,-0.0005145445466041565,-0.21596625447273254,-0.007876690477132797,0.0034041916951537132,-0.011742405593395233,-0.09863340854644775,-0.09355828166007996,0.006834801286458969,0.20361152291297913,0.0021202964708209038,0.010031213983893394,0.06443236023187637,-0.06976957619190216,0.031171882525086403,-0.020527243614196777,0.01088977511972189,-0.013071740046143532,0.027873922139406204,-0.00526086101308465,-0.017222285270690918,-0.024613594636321068,-0.030865950509905815,-0.03092094697058201,0.03203604370355606,-0.014936774969100952,-0.03470926359295845,-0.02478398196399212,-0.045339252799749374,0.02557559125125408,-0.04229811578989029,0.0001971125602722168,0.028945505619049072,-0.0008658766746520996,-0.01290428638458252,0.022314751520752907,-0.04386923089623451,-0.00019974708266090602,-0.04860569164156914,-0.017994165420532227,0.05786708742380142,-0.2175043523311615,0.16670018434524536,-0.09375059604644775,0.44237780570983887,0.11130206286907196,0.21851840615272522,-0.17048010230064392,-0.4573833644390106,0.08544114232063293,0.43803417682647705,-0.07091590017080307,-0.16349636018276215,0.03392380103468895,-0.003132753074169159,-0.38605996966362,-0.3180619180202484,0.5138099789619446,0.6359778642654419,-0.33458244800567627,-0.9977191090583801,-0.14943361282348633,-0.026871170848608017,-0.06520075350999832,-0.43131503462791443,-0.5711779594421387,-0.02706463262438774,0.72116619348526,0.09379492700099945,-0.08445491641759872,0.0,-0.0,-0.0
-0.02478574961423874,0.10304386913776398,-0.010685455054044724,0.08464933931827545,0.035640615969896317,-1.017474889755249,-0.08086127787828445,0.0003211256116628647,-0.003952473402023315,0.10753719508647919,-0.05400601774454117,-0.0037934277206659317,-0.12533384561538696,-0.008762456476688385,-0.00012714695185422897,0.09425891190767288,-0.014886241406202316,0.006484458222985268,0.017718171700835228,0.017762962728738785,0.004977371543645859,-0.00909244641661644,0.10353744029998779,0.09989538043737411,0.0023785047233104706,-0.20951421558856964,-0.0035663582384586334,-0.004739840514957905,-0.0010538510978221893,-0.08541622757911682,-0.09940098226070404,0.016698820516467094,0.199867844581604,0.016699882224202156,-0.002768908627331257,-0.04764905199408531,-0.0007993578910827637,-0.021019548177719116,0.09680535644292831,0.03703637048602104,-0.03844739869236946,0.06293024867773056,-0.06788720190525055,0.02556328848004341,-0.032879915088415146,0.035012293606996536,-0.059463102370500565,0.08137208223342896,0.06709754467010498,-0.04655235633254051,-0.05251219496130943,0.020292460918426514,-0.01953657902777195,0.005852502770721912,-0.01265630777925253,-0.05976007506251335,0.034929025918245316,0.08410260826349258,0.023654168471693993,0.07458914816379547,0.058905791491270065,-0.06428038328886032,-0.046353068202733994,-0.06357727944850922,-0.029294773936271667,0.48036685585975647,-0.060021549463272095,0.6555718779563904,0.34195125102996826,0.24936148524284363,-0.3293987512588501,-0.18487557768821716,0.059089016169309616,0.4230906367301941,0.3111882209777832,-0.11191953718662262,-0.004664931446313858,-0.23238137364387512,-0.43268853425979614,-0.061278391629457474,0.43432390689849854,0.35402733087539673,-0.11836041510105133,-0.6767030358314514,-0.10220909863710403,-0.11160413920879364,-0.1710721254348755,-0.44649043679237366,-0.2482205480337143,-0.2925422191619873,0.7984231114387512,-0.05168820917606354,-0.08086021989583969,0.0,-0.0,-0.0
-0.0016714781522750854,-0.030403759330511093,-0.03481929749250412,0.07322947680950165,0.008448939770460129,-0.9532630443572998,-0.08390892297029495,-0.0019076913595199585,-0.0077378954738378525,0.10011298209428787,-0.05429219454526901,-0.0017925174906849861,-0.10872688889503479,-0.0015844441950321198,-0.0003592260181903839,0.094507597386837,-0.015928465873003006,0.009681178256869316,0.0151398666203022,-0.002621418796479702,0.020635420456528664,0.0026305094361305237,0.10525266081094742,0.12463074177503586,0.0010592974722385406,-0.19453400373458862,0.004555809311568737,-0.007117799483239651,0.0014579547569155693,-0.09993282705545425,-0.09095422923564911,0.012960491701960564,0.19632212817668915,0.009594054892659187,0.010486667975783348,-0.03372756764292717,-0.033804383128881454,-0.06809394806623459,-0.053989917039871216,-0.02622419036924839,0.015956927090883255,0.0801008865237236,0.058884549885988235,-0.044148039072752,0.08279385417699814,-0.04087147116661072,0.014257914386689663,-0.001954835606738925,-0.0720769390463829,0.051843371242284775,-0.007863151840865612,0.0382271409034729,-0.014270163141191006,0.04748940467834473,-0.06058182939887047,0.0320318341255188,-0.004426813218742609,-0.017431331798434258,0.008350217714905739,0.0766265019774437,-0.010035241022706032,0.06314754486083984,-0.028775746002793312,0.038978852331638336,0.041512712836265564,0.49031782150268555,-0.031486764550209045,0.5113464593887329,0.3398958444595337,0.37566033005714417,-0.2601812779903412,-0.1719418168067932,0.032521653920412064,0.5234623551368713,0.3460577726364136,0.09633943438529968,-0.19444727897644043,-0.5856679081916809,-0.4800184667110443,-0.07327030599117279,0.32864975929260254,0.48380449414253235,-0.18487296998500824,-0.755435049533844,0.050339482724666595,-0.007178004831075668,-0.4764161705970764,-0.6832804679870605,-0.5558426380157471,-0.5384312868118286,0.8001933097839355,-0.45582014322280884,0.15743865072727203,0.0,-0.0,-0.0
-0.016392424702644348,0.01817978546023369,0.0039626359939575195,0.03820748254656792,0.019728105515241623,-0.9851564168930054,-0.09021951258182526,0.0003401096910238266,0.0037396755069494247,0.12250461429357529,-0.06509040296077728,-0.012447926215827465,-0.10404589772224426,-0.009676657617092133,0.0002604164183139801,0.08637014776468277,-0.014685195870697498,0.005394842475652695,0.018549488857388496,0.010631222277879715,0.02159121073782444,-0.0004956331104040146,0.08703916519880295,0.10303743928670883,0.011197110638022423,-0.20527639985084534,-0.01734417863190174,-0.004540433641523123,0.008802453055977821,-0.08714821934700012,-0.09471796452999115,-0.0041176630184054375,0.2012496292591095,-0.006703049875795841,0.008042072877287865,0.05747585371136665,0.055886030197143555,0.03618806600570679,0.004257512278854847,0.00981257576495409,-0.08152105659246445,0.08562159538269043,0.05623931810259819,0.0009538948652334511,-0.06573126465082169,0.0636335015296936,0.05743584781885147,0.005284607410430908,0.07384417206048965,-0.02052651159465313,0.024690872058272362,0.04219998046755791,0.02309134043753147,0.11389777809381485,-0.06601271778345108,0.033535923808813095,-0.0637817308306694,0.05700094625353813,0.04030170664191246,-0.05271496996283531,-0.005247169639915228,-0.054296981543302536,-0.01039471011608839,-0.059579815715551376,-0.0009789913892745972,0.2656150162220001,0.019485339522361755,0.7075717449188232,0.5913233757019043,0.12873324751853943,-0.1354837715625763,-0.6825409531593323,0.11607050895690918,0.46165403723716736,0.7296180725097656,-0.23818233609199524,0.09485837817192078,0.3841880261898041,-0.6861788034439087,-0.3773368000984192,0.38557326793670654,0.2663561701774597,-0.3717707693576813,-0.8193969130516052,-0.39745914936065674,-0.08920925855636597,-0.3232208490371704,-0.4290582239627838,-0.6211711764335632,-0.25113436579704285,0.8209050297737122,-0.2764483392238617,-0.1324736773967743,0.0,-0.0,-0.0
0.005403395742177963,-0.05312907695770264,-3.442540764808655e-05,0.051184769719839096,-0.02571842633187771,-1.0132893323898315,-0.08802773058414459,0.00414834450930357,0.004503059200942516,0.1288481056690216,-0.06970471888780594,-0.0016457289457321167,-0.10716494172811508,0.007003657519817352,0.008873851969838142,0.08288515359163284,-0.005477791652083397,0.009572198614478111,0.01207893155515194,-0.005886739119887352,0.02333982102572918,0.014811450615525246,0.0891229659318924,0.09908357262611389,0.003107740543782711,-0.19523361325263977,-0.004966188222169876,0.015890395268797874,0.001304594799876213,-0.09292267262935638,-0.10193002223968506,0.006419660523533821,0.19725985825061798,0.002086607739329338,-0.0019835643470287323,0.0013043821090832353,-0.06844723969697952,-0.026707863435149193,-0.05179576948285103,0.02836991660296917,0.055314697325229645,0.028081297874450684,-0.004360187333077192,0.02095353603363037,0.03449739143252373,0.04459376260638237,0.03654615953564644,0.03169727325439453,-0.02545662596821785,0.032507169991731644,-0.014523208141326904,-0.0364440456032753,-0.018198376521468163,0.015159052796661854,-0.06282870471477509,0.04255266115069389,-0.007694375701248646,0.004277575295418501,0.003839820623397827,-0.04155396297574043,0.08064724504947662,0.0719216838479042,0.08515246212482452,-0.043091680854558945,-0.07860828191041946,0.39068612456321716,-0.06956447660923004,0.5900188684463501,0.5413044691085815,0.2793387472629547,-0.2633587419986725,-0.2083190381526947,0.020989898592233658,0.6026830673217773,0.6205500960350037,-0.09763674437999725,-0.10833792388439178,-0.3698803186416626,-0.48834019899368286,-0.39923354983329773,0.43432581424713135,0.3351365923881531,-0.4803994596004486,-0.8733392953872681,-0.19538983702659607,0.15309061110019684,-0.46688055992126465,-0.6107974052429199,-0.3730826675891876,-0.2871690094470978,0.8645032048225403,-0.08380220830440521,0.017738133668899536,0.0,-0.0,-0.0
-0.04078812897205353,0.07941754162311554,-0.04951457679271698,0.009118299931287766,-0.0394376702606678,-1.0146108865737915,-0.08769223093986511,0.0033104727044701576,0.0020325351506471634,0.11782098561525345,-0.08173595368862152,-0.0036514149978756905,-0.10974235832691193,0.0009756516665220261,0.0039526186883449554,0.07959744334220886,-0.00703261885792017,-0.0057152374647557735,-0.00672928849235177,-0.008559014648199081,0.018680676817893982,0.021127931773662567,0.09109292924404144,0.10802663117647171,0.005111177451908588,-0.19717949628829956,-0.008512938395142555,-0.0018510781228542328,-0.01203486230224371,-0.09881190955638885,-0.0973731204867363,0.009113255888223648,0.202066108584404,-0.001345224678516388,0.001955406740307808,0.06786666065454483,0.023818213492631912,0.017918020486831665,0.04821953922510147,-0.037535857409238815,-0.009881573729217052,-0.012946629896759987,-0.016161246225237846,0.07505812495946884,-0.021243512630462646,0.030794262886047363,0.06061316654086113,0.043490637093782425,0.06957059353590012,0.0019004404311999679,0.03523291274905205,-0.025575904175639153,-0.05187587812542915,-0.04993436858057976,-0.008118259720504284,-0.028515135869383812,0.019324272871017456,0.04426649957895279,-0.013738572597503662,-0.026452496647834778,-0.060216791927814484,0.033320069313049316,0.02871626615524292,-0.017373735085129738,0.01323758065700531,0.19021478295326233,0.02380882203578949,0.6241334080696106,0.39808690547943115,0.0699000433087349,-0.19880574941635132,-0.4657082259654999,0.07199276983737946,0.478689968585968,0.5772656202316284,-0.2699292302131653,0.05680401995778084,0.32984963059425354,-0.7284555435180664,-0.369271457195282,0.6696404814720154,0.5798247456550598,-0.3759181499481201,-0.8461158871650696,-0.2283967137336731,-0.23473674058914185,-0.391473650932312,-0.5360468626022339,-0.3339436948299408,-0.40119272470474243,0.7406761646270752,-0.4836585223674774,0.1312607377767563,0.0,-0.0,-0.0
-0.004410456866025925,0.003813568502664566,0.12443514168262482,-0.0004950053989887238,-0.037478674203157425,-0.9725023508071899,-0.0894392728805542,0.014551838859915733,-0.0033698147162795067,0.12109030038118362,-0.06833630800247192,-0.0045814611949026585,-0.11780023574829102,-2.51084566116333e-05,0.008814424276351929,0.0948600098490715,-0.014016150496900082,0.006435168907046318,0.0034139659255743027,-0.006963985040783882,0.0021812962368130684,0.015734858810901642,0.09740722924470901,0.09280914813280106,0.01881340891122818,-0.19833992421627045,0.012503881007432938,-0.0030394336208701134,-0.011255726218223572,-0.09657412767410278,-0.094534732401371,-0.00015741586685180664,0.1914471536874771,-0.012520913034677505,0.00434544961899519,-0.013680648989975452,0.001451945281587541,-0.005161810200661421,-0.07398196309804916,0.07088955491781235,0.005021834280341864,-0.02357211709022522,0.015394652262330055,0.051934029906988144,0.04165327548980713,-0.04851129651069641,0.05225169658660889,0.0367228165268898,-0.07405664771795273,-0.050409890711307526,0.02623002603650093,0.014634132385253906,0.018170703202486038,0.09835316985845566,0.053964972496032715,0.08135852962732315,0.06440337747335434,-0.01528922375291586,-0.055262286216020584,0.05714383348822594,-0.021444076672196388,-0.05324266478419304,-0.049031104892492294,-0.04553090035915375,-0.015679456293582916,0.3608884811401367,-0.0876474678516388,0.6211294531822205,0.7601261138916016,0.08906183391809464,-0.24931922554969788,-0.39769262075424194,0.0030073262751102448,0.6120427250862122,0.7244029641151428,-0.256407231092453,-0.07599310576915741,-0.023024730384349823,-0.5688896179199219,-0.5424315929412842,0.5848587155342102,0.45947718620300293,-0.29383111000061035,-0.8638030290603638,-0.039217181503772736,0.07319986820220947,-0.1956653892993927,-0.49843719601631165,-0.3885335624217987,-0.15038710832595825,0.7753504514694214,-0.1505080908536911,0.04609400033950806,0.0,-0.0,-0.0
-0.005841363221406937,-0.051340725272893906,-0.04797028377652168,0.02448790892958641,-0.03906797617673874,-1.0392974615097046,-0.07436152547597885,0.014047358185052872,0.00196016114205122,0.11370427161455154,-0.05680038034915924,-0.005134877748787403,-0.10850217193365097,0.007251305505633354,0.003473120741546154,0.09978163987398148,-0.010404717177152634,0.007329769432544708,-0.010769221000373363,-0.0023995949886739254,0.0003933180123567581,0.005858303979039192,0.0849328264594078,0.09368078410625458,0.0179715845733881,-0.2004958540201187,-0.006102633196860552,-0.002725704573094845,-0.009701436385512352,-0.10595586150884628,-0.09328793734312057,0.0025457292795181274,0.20906613767147064,-0.002803702373057604,0.0019222572445869446,0.07189660519361496,0.06060124561190605,0.08086325228214264,-0.05505654960870743,-0.01027383841574192,0.015677470713853836,0.03431587293744087,0.04659606143832207,0.011558211408555508,-0.018963981419801712,0.018251711502671242,-0.018587840721011162,0.0759493038058281,0.04569767788052559,0.048842478543519974,-0.014921343885362148,-0.028521791100502014,0.01001962460577488,-0.05046934634447098,-0.07334642857313156,-0.006959963124245405,-0.00834627728909254,0.005904638674110174,0.05973396450281143,0.05182155594229698,0.025392020121216774,-0.014329093508422375,-0.01901325024664402,-0.04077634587883949,0.10562145709991455,0.01235932856798172,0.03772643208503723,0.5482813715934753,0.362459659576416,0.06030382961034775,-0.4870787262916565,-0.45734015107154846,0.09872236847877502,0.3799874186515808,0.46994733810424805,-0.29948148131370544,0.03320835903286934,0.33040887117385864,-0.4065219759941101,-0.4673730134963989,0.49698156118392944,0.44642794132232666,-0.6482168436050415,-0.872492253780365,-0.5343064069747925,-0.12723729014396667,-0.2073732316493988,-0.46249404549598694,-0.4842425584793091,-0.18235984444618225,0.8461679816246033,0.03360550105571747,-0.037092700600624084,0.0,-0.0,-0.0
-0.01298680528998375,0.058905016630887985,0.035094719380140305,0.006682161241769791,-0.02923155575990677,-0.9896592497825623,-0.07485037297010422,0.00802539847791195,0.005919892340898514,0.10287419706583023,-0.05310980975627899,-0.012818550691008568,-0.1313025951385498,-0.011600041761994362,0.011292630806565285,0.11222494393587112,-0.015670347958803177,0.002129247412085533,-0.013292980380356312,-0.01179712824523449,-0.004224016331136227,0.002351372502744198,0.08987612277269363,0.09835159033536911,0.0061338432133197784,-0.21660158038139343,0.0006950479000806808,-0.004041495732963085,-0.011285042390227318,-0.1039150208234787,-0.11114761978387833,-0.008253329433500767,0.20437569916248322,0.012938670814037323,-0.0008487990126013756,0.03206359222531319,0.03162774071097374,-0.04322001338005066,-0.011691278778016567,-0.03255913034081459,-0.01340498961508274,0.00984414853155613,-0.07576368749141693,0.008020973764359951,-0.039194922894239426,0.054309215396642685,0.06736958026885986,-0.02784465067088604,0.034823596477508545,0.032053686678409576,-0.07337211817502975,0.020098770037293434,0.051567744463682175,-0.06514962762594223,0.002623647451400757,0.06461798399686813,0.04278513416647911,-0.01357039250433445,-0.0462966151535511,-0.01095192413777113,-0.008987820707261562,-0.07392709702253342,-0.009682834148406982,-0.02288656309247017,-0.00783982127904892,0.11642888933420181,-0.07065770030021667,0.4739100933074951,0.34711551666259766,0.19395896792411804,-0.5614521503448486,-0.28446075320243835,0.01823693886399269,0.439532607793808,0.06246257573366165,-0.0018985159695148468,-0.09366026520729065,-0.13866457343101501,-0.3208986818790436,-0.3122183084487915,0.6193656325340271,0.5135127305984497,-0.2962396442890167,-0.8321783542633057,-0.13059228658676147,0.03547518327832222,-0.15644440054893494,-0.6898419857025146,-0.6300157904624939,-0.28920260071754456,0.738315761089325,-0.06921221315860748,-0.059702448546886444,0.0,-0.0,-0.0
-0.02040892280638218,-0.013042394071817398,0.010645274072885513,0.019802425056695938,0.019295569509267807,-0.9825317859649658,-0.07329688221216202,-0.0017492268234491348,0.007552329450845718,0.09637251496315002,-0.049312084913253784,-0.004377933219075203,-0.1273418515920639,-0.004560517612844706,0.0027481885626912117,0.09582473337650299,-0.021487973630428314,-0.0034759556874632835,-0.007392131723463535,-0.013537157326936722,-0.004740729928016663,-0.002294364385306835,0.0874948501586914,0.09225453436374664,0.012962089851498604,-0.20683124661445618,-0.01231975108385086,-0.009367004036903381,-0.0024369140155613422,-0.10492829233407974,-0.11305274814367294,-0.01353196520358324,0.19113489985466003,-0.008106251247227192,0.004471069201827049,-0.00897681713104248,0.03252817317843437,0.0650174617767334,0.0479784719645977,0.007876205258071423,0.0657326951622963,0.07224518060684204,0.01595780812203884,0.07177432626485825,0.03052227571606636,-0.04044349119067192,0.04102882370352745,0.03726757690310478,0.05812397226691246,0.0015945493942126632,0.023161863908171654,-0.06229371577501297,-0.03102741204202175,0.04448148235678673,0.021727293729782104,-0.09728123992681503,-0.022480303421616554,-0.016190219670534134,-0.008555489592254162,-0.04644843563437462,-0.0352945514023304,-0.027835143730044365,-0.061857979744672775,-0.07610765844583511,-0.1229354739189148,0.3019806146621704,-0.03812049329280853,0.5009188055992126,0.22399847209453583,0.17043593525886536,-0.3376159071922302,-0.28308653831481934,0.04968782886862755,0.44091349840164185,0.05348605662584305,-0.14238926768302917,0.06579609215259552,-0.004227496683597565,-0.3227827548980713,-0.12692753970623016,0.43091946840286255,0.34682583808898926,-0.2025458812713623,-0.77106112241745,-0.3132866621017456,-0.14880451560020447,-0.05270737409591675,-0.33314964175224304,-0.2835046052932739,-0.08911098539829254,0.8349440693855286,-0.12162274122238159,0.05885918438434601,0.0,-0.0,-0.0
0.006653565913438797,0.018066372722387314,0.026868578046560287,0.06049887463450432,-0.021999124437570572,-1.0329055786132812,-0.07361633330583572,-0.00512511283159256,-0.00043843407183885574,0.09602850675582886,-0.05627521872520447,0.003514721058309078,-0.11769053339958191,-0.015463843010365963,0.009226826950907707,0.09165799617767334,-0.01559571735560894,0.011955516412854195,-0.024023395031690598,-0.0026631345972418785,0.003907662816345692,-0.0041875774040818214,0.1077304407954216,0.09477879852056503,-0.012843032367527485,-0.20615263283252716,-0.00145669374614954,-0.0036748480051755905,-0.0060399379581213,-0.11186390370130539,-0.09992511570453644,0.0073587410151958466,0.20139408111572266,0.003337424248456955,0.00558159314095974,0.042121924459934235,-0.0664786696434021,-0.05872955545783043,0.023386163637042046,-0.04945586994290352,0.0393923781812191,-0.0383157879114151,0.0041900635696947575,-0.03389197215437889,0.0123858992010355,0.06928440183401108,0.01585220731794834,-0.05473984405398369,-0.02688191644847393,0.024023307487368584,0.07636251300573349,0.03717074543237686,0.0757107362151146,0.008954661898314953,0.03999058157205582,0.045671071857213974,-0.021894587203860283,0.05778731033205986,0.03382239490747452,0.055964063853025436,0.03120218589901924,-0.0053851366974413395,0.05998038128018379,-0.0024031102657318115,-0.06169086694717407,0.2954748570919037,-0.09374299645423889,0.44038957357406616,0.24347098171710968,0.13323485851287842,-0.454229474067688,-0.33836856484413147,0.03578316047787666,0.38015684485435486,0.2491944134235382,-0.2595515847206116,-0.029305998235940933,-0.018691979348659515,-0.3161303400993347,-0.3580533266067505,0.7119911313056946,0.6299925446510315,-0.4797690212726593,-0.8170020580291748,-0.03386201709508896,0.1654144525527954,-0.13902601599693298,-0.5163689255714417,-0.2638572156429291,-0.01851985976099968,0.8324629664421082,0.12105894088745117,0.10468785464763641,0.0,-0.0,-0.0
-0.04698088392615318,-0.03272486478090286,0.04180922731757164,0.06548517942428589,0.01630648598074913,-0.9954193234443665,-0.07378329336643219,-0.005645330995321274,-0.001857861876487732,0.10283882170915604,-0.06758071482181549,-0.004513991996645927,-0.11657413095235825,-0.006029290612787008,0.014333067461848259,0.0882200226187706,-0.002375733107328415,0.0028653526678681374,-0.003946936689317226,-0.007186592556536198,0.01836549863219261,-0.022538894787430763,0.0921749472618103,0.09227561950683594,0.0018215551972389221,-0.21257080137729645,-0.01459802221506834,0.006488284096121788,0.0005064439028501511,-0.1042233482003212,-0.11145729571580887,0.003726668655872345,0.19351904094219208,0.006729044020175934,-0.0038322019390761852,0.04217419773340225,0.04529764875769615,0.015527809038758278,0.015444636344909668,-0.012565082870423794,0.0751720666885376,0.01784597709774971,0.029567992314696312,-0.039235327392816544,0.04475827142596245,0.07699801027774811,0.04420929029583931,0.10483672469854355,0.05439196899533272,-0.02594299428164959,-0.07275497168302536,-0.07509075850248337,0.030995845794677734,0.08749117702245712,-0.07136788964271545,0.004270297475159168,0.07015768438577652,0.08516991138458252,0.021251751109957695,-0.02445584535598755,0.06460362672805786,-0.0016227603191509843,-0.003189599607139826,0.018577193841338158,-0.1596614271402359,0.4341568052768707,-0.0828305035829544,0.5329403877258301,0.2864087224006653,0.06917402893304825,-0.1006777361035347,-0.31981441378593445,0.05038705840706825,0.49327632784843445,0.46724003553390503,-0.32556191086769104,0.07591934502124786,0.055738091468811035,-0.5344194173812866,-0.4693185091018677,0.26030486822128296,0.2991274893283844,-0.2103174328804016,-0.8886533975601196,-0.2717924416065216,0.003877531737089157,-0.4719168543815613,-0.5030443072319031,-0.5531379580497742,-0.4008803069591522,0.8306904435157776,-0.3383018970489502,0.0170840322971344,0.0,-0.0,-0.0
-0.008361052721738815,0.10730165243148804,-0.06335070729255676,0.037518929690122604,-0.005635686218738556,-0.9606903195381165,-0.07900126278400421,-0.001237291842699051,-0.00567702017724514,0.11896970123052597,-0.06313059478998184,-0.002489169593900442,-0.10653503984212875,-0.006980443838983774,0.009648432955145836,0.08879072964191437,-0.013481047004461288,0.01435764692723751,-0.015103773213922977,-0.00536090973764658,0.00872640311717987,-0.008836888708174229,0.10727222263813019,0.11206672340631485,-0.010280309244990349,-0.20526841282844543,-0.004555399063974619,-0.00173928402364254,-0.0010574683547019958,-0.10845684260129929,-0.09066484123468399,0.013512775301933289,0.20963691174983978,-0.0018999874591827393,0.002118481323122978,0.048290301114320755,-0.023793144151568413,0.00371396541595459,-0.022932667285203934,-0.05267347767949104,0.048953473567962646,0.02997727505862713,-0.062577985227108,0.08640221506357193,-0.06315111368894577,0.030834650620818138,0.020504433661699295,-0.05671898275613785,-0.05681316927075386,-0.05585706979036331,0.11517967283725739,0.005295801442116499,0.07173394411802292,-0.059156518429517746,-0.025577539578080177,-0.04197515919804573,-0.05073673650622368,0.0630049854516983,-0.06034497544169426,0.04398472234606743,0.03992871195077896,-0.00803154706954956,-0.05784924700856209,-0.006015289109200239,-0.06544740498065948,0.310303658246994,-0.03402616083621979,0.5719379782676697,0.3592102527618408,0.0904543325304985,-0.22278892993927002,-0.34351059794425964,0.05362587049603462,0.5148571729660034,0.6272171139717102,-0.3196011185646057,-0.01609194278717041,-0.06261354684829712,-0.5837327241897583,0.10334408283233643,0.6107500791549683,0.47269096970558167,-0.37792256474494934,-0.6628820896148682,0.03346044570207596,-0.18244197964668274,-0.4898204207420349,-0.5621635913848877,-0.30177581310272217,-0.4188675582408905,0.8530269265174866,-0.41170403361320496,0.027356542646884918,0.0,-0.0,-0.0
-0.06204814836382866,-0.1581173986196518,0.09111686050891876,0.07553796470165253,0.010033272206783295,-0.9559141397476196,-0.0698833167552948,0.0027884505689144135,-0.001345052383840084,0.12406588345766068,-0.06837041676044464,-0.011313429102301598,-0.09739438444375992,-0.00786783266812563,0.013098634779453278,0.08750734478235245,-0.010359879583120346,-0.0007457099854946136,-0.010847559198737144,-0.0017660045996308327,0.019967451691627502,-0.010825645178556442,0.10719847679138184,0.08741215616464615,-0.002653469331562519,-0.2011386603116989,-0.0069357771426439285,-0.006368408910930157,-0.0018443074077367783,-0.08596057444810867,-0.09924478083848953,0.0014826757833361626,0.19610518217086792,0.0009443797171115875,-0.004291861783713102,0.00516699580475688,0.07008209079504013,-0.03603342920541763,0.0005213976255618036,0.004691457841545343,0.05023745447397232,0.058582425117492676,0.016773486509919167,0.020997827872633934,-0.044265132397413254,-0.016879349946975708,-0.00234619970433414,0.04967981576919556,-0.02274659276008606,0.08869075775146484,-0.01181766390800476,0.06717914342880249,-0.02634880505502224,0.05959454923868179,-0.007632357068359852,0.035308074206113815,-0.05599026009440422,0.001196879195049405,0.08447285741567612,-0.06956028938293457,0.02553687058389187,-0.07746630162000656,-0.000469571357825771,0.055650629103183746,-0.34433484077453613,0.3803403675556183,-0.09543322026729584,0.511673092842102,0.4501539468765259,-0.03940737992525101,-0.06697086244821548,-0.40260180830955505,-0.00271611288189888,0.6047545671463013,0.6431118249893188,-0.43054190278053284,0.04591389372944832,0.2699067294597626,-0.28217536211013794,-0.4360920190811157,0.30987945199012756,0.232079416513443,-0.15274778008460999,-0.8061354160308838,-0.09142347425222397,-0.00039842352271080017,-0.38376757502555847,-0.2915983498096466,-0.5201846361160278,-0.301262766122818,0.7729101777076721,-0.06970386207103729,0.0014381110668182373,0.0,-0.0,-0.0
-0.0035642385482788086,0.04917582497000694,-0.0326339416205883,0.044315461069345474,-0.04070071503520012,-0.9993560910224915,-0.08117812871932983,0.008416727185249329,0.0075223613530397415,0.1083507388830185,-0.06227756291627884,-0.007334376219660044,-0.1101326048374176,0.0034840209409594536,0.00025704409927129745,0.08449042588472366,-0.012440282851457596,0.011463286355137825,0.0005511678755283356,0.00216013565659523,0.012439073994755745,-0.007776963524520397,0.08804620057344437,0.10400543361902237,-0.00520120607689023,-0.19880616664886475,-0.0007939180359244347,-0.0018968451768159866,-0.005569919943809509,-0.0942702665925026,-0.09400817006826401,-0.009838338941335678,0.20227690041065216,-0.00602280767634511,-0.0018644044175744057,0.02847137488424778,-0.03469924256205559,-0.04464111477136612,-0.06946154683828354,-0.007122152950614691,0.06948216259479523,0.01855495572090149,0.06883759796619415,0.01493307389318943,0.04739723354578018,0.03776754066348076,0.06337735801935196,-0.031088238582015038,0.035967063158750534,-0.07149980217218399,0.06820683926343918,-0.012662149034440517,0.10065974295139313,0.050936710089445114,0.022656811401247978,-0.003026080084964633,-0.02061513625085354,-0.05943787842988968,0.04965418577194214,0.06738560646772385,0.032187771052122116,-0.016133582219481468,0.05752347782254219,-0.05461367592215538,-0.024017557501792908,0.35834378004074097,0.008708908222615719,0.5787773132324219,0.4180763363838196,-0.013092800974845886,-0.053382836282253265,-0.37341031432151794,0.044869501143693924,0.6123486757278442,0.8186562061309814,-0.35982179641723633,-0.024323314428329468,0.02053634077310562,-0.7552050352096558,-0.19223196804523468,0.22567187249660492,0.5618035793304443,-0.3312282860279083,-0.8300380110740662,-0.2241852879524231,0.14001211524009705,-0.27546966075897217,-0.6945213675498962,-0.4107957184314728,-0.3125672936439514,0.7597334980964661,-0.24807175993919373,-0.03270368650555611,0.0,-0.0,-0.0
0.024493593722581863,-0.008031290024518967,-0.008070189505815506,-0.013470619916915894,-0.017412569373846054,-0.9572075605392456,-0.07470420002937317,-0.00025721173733472824,0.00470389612019062,0.12078306823968887,-0.06096400320529938,0.006141869351267815,-0.10258777439594269,0.0038217082619667053,0.0033864853903651237,0.08788178861141205,-0.002208673395216465,0.0044739702716469765,-0.009444963186979294,0.01825723610818386,0.00849839486181736,-0.009450647979974747,0.08964613825082779,0.09972886741161346,0.006894763559103012,-0.2020300030708313,-0.013617590069770813,-0.0037518078461289406,0.00862610898911953,-0.10357580333948135,-0.09932781010866165,-0.010281052440404892,0.20126163959503174,-0.009383549913764,-0.006973485462367535,0.04013017565011978,-0.0588398352265358,-0.006765341851860285,-0.07808180153369904,-0.07204063981771469,-0.032837506383657455,-0.05876531824469566,0.020771628245711327,0.005851096007972956,-0.044076260179281235,-0.0434262752532959,0.010934722609817982,0.028451478108763695,0.028217507526278496,-0.009514224715530872,-0.010947651229798794,0.07667628675699234,-0.027217552065849304,0.08129393309354782,0.023422909900546074,0.04323077201843262,-0.027884466573596,-0.04370051249861717,0.057297445833683014,-0.07452668994665146,-0.0032461881637573242,-0.04129672050476074,-0.014901364222168922,0.07282911986112595,-0.14539769291877747,0.1719478964805603,-0.026300936937332153,0.5539092421531677,0.43647056818008423,0.07522209733724594,-0.255482017993927,-0.359653502702713,0.03165360912680626,0.49579283595085144,0.6905412077903748,-0.19159932434558868,0.035530466586351395,-0.035576775670051575,-0.3418320119380951,-0.28658080101013184,0.5819974541664124,0.246896892786026,-0.32188278436660767,-0.8572364449501038,-0.24452903866767883,-0.10100853443145752,-0.15261992812156677,-0.653159499168396,-0.5989872217178345,-0.21562330424785614,0.7955219149589539,-0.15845344960689545,0.02418680489063263,0.0,-0.0,-0.0
-0.016911040991544724,0.024293001741170883,-0.0017263591289520264,0.03244728222489357,0.033448923379182816,-1.0354913473129272,-0.08180419355630875,-0.005341798532754183,0.0031623132526874542,0.10704276710748672,-0.06969562917947769,0.006932554766535759,-0.11176035553216934,-0.0009820740669965744,0.000516112893819809,0.08650756627321243,-0.0055964235216379166,0.013978498056530952,-0.004652920179069042,0.00326551403850317,0.010095544159412384,0.01136963814496994,0.08077219128608704,0.09659174084663391,-0.0035432479344308376,-0.218960702419281,-0.002229982055723667,0.006340159103274345,-0.008465353399515152,-0.106385737657547,-0.09295571595430374,-0.007892540656030178,0.20094633102416992,0.007150886580348015,0.0036018788814544678,0.07283134758472443,0.017885947600007057,0.02703273296356201,-0.0018927574856206775,-0.011556691490113735,-0.033622946590185165,0.02437312714755535,-0.043408434838056564,0.0015269160503521562,0.09696149826049805,-0.06274410337209702,0.05177115276455879,-0.045113518834114075,0.04887215048074722,-0.0609247088432312,0.045189954340457916,-0.04200815409421921,-0.01911821961402893,-0.006824040319770575,-0.012690055184066296,0.03250302001833916,0.057370949536561966,0.018894338980317116,-0.015839451923966408,-0.01034997683018446,0.06976919621229172,0.04942444711923599,0.027129018679261208,-0.012567865662276745,-0.16647100448608398,0.44466647505760193,-0.09380951523780823,0.4997008442878723,0.28594571352005005,0.4834519326686859,-0.3502553105354309,-0.3268621265888214,0.019216325134038925,0.43398556113243103,0.06320751458406448,0.08104771375656128,-0.025606058537960052,-0.44761762022972107,-0.24618618190288544,-0.17400674521923065,0.26512396335601807,0.4092107117176056,-0.3956835865974426,-0.9432883262634277,-0.24231424927711487,0.0778455138206482,-0.17164528369903564,-0.4595933258533478,-0.3227270543575287,-0.17343275249004364,0.6982563734054565,0.08065637946128845,0.005908221006393433,0.0,-0.0,-0.0
-0.046150319278240204,0.07091718912124634,0.03659738972783089,0.007907357066869736,-0.0009530670940876007,-0.9510650634765625,-0.09386266022920609,-7.663015276193619e-05,-0.010924603790044785,0.1260320097208023,-0.059818074107170105,0.006923837587237358,-0.1060183122754097,-0.014730781316757202,-0.0057224067859351635,0.09955665469169617,-0.016378993168473244,-0.004858470056205988,-0.006954173091799021,-0.00832001306116581,0.006103456020355225,0.003220940940082073,0.08152003586292267,0.09331531077623367,0.00438630860298872,-0.20429055392742157,-0.013384226709604263,-0.003372272476553917,0.005755553022027016,-0.09632957726716995,-0.10609225928783417,0.00282103568315506,0.18559812009334564,-0.0008007194846868515,0.0005200160667300224,0.008557933382689953,0.04524815082550049,-0.03917717561125755,0.01793420873582363,0.07294539362192154,-0.09003060311079025,0.028552735224366188,0.02356063202023506,-0.018947256729006767,0.049659159034490585,-0.02863628976047039,0.0674678310751915,0.05295879766345024,0.01738652028143406,0.0034039379097521305,-0.008331882767379284,-0.031706493347883224,-0.05108649656176567,0.035255324095487595,-0.0364171527326107,0.015284359455108643,-0.07866989076137543,0.018816446885466576,0.037391114979982376,0.017097169533371925,-0.04953455924987793,0.04114614799618721,0.035546984523534775,0.040636301040649414,-0.17966625094413757,0.3856574296951294,-0.10243672132492065,0.5743168592453003,0.34478461742401123,0.3650987446308136,-0.5144745707511902,-0.43709370493888855,0.05930181220173836,0.26899033784866333,0.1456456184387207,-0.13101159036159515,0.07463730871677399,-0.11970149725675583,-0.2304305136203766,-0.5219507813453674,0.7569183707237244,0.5654247999191284,-0.26705214381217957,-0.6993342638015747,-0.3463878035545349,-0.180959552526474,-0.24931612610816956,-0.4020013213157654,-0.44860923290252686,-0.17512677609920502,0.7524321675300598,-0.19534529745578766,0.08209770917892456,0.0,-0.0,-0.0
-0.04694492369890213,-0.006497908383607864,-0.02238979935646057,0.07763825356960297,0.00838823989033699,-0.9878678321838379,-0.08458065986633301,0.00027272384613752365,-0.012298749759793282,0.12341567128896713,-0.06036379188299179,-0.009828518144786358,-0.10862810164690018,0.0025458000600337982,-0.006445873528718948,0.09305812418460846,-0.018084149807691574,-0.0067952401004731655,0.006841182708740234,-0.018027007579803467,0.007889123633503914,0.0018893685191869736,0.09289386868476868,0.09044946730136871,-0.014427712187170982,-0.20382170379161835,-0.007226696237921715,-0.007805301807820797,-0.01109805703163147,-0.10311856120824814,-0.09210287034511566,0.006801525130867958,0.18555396795272827,0.011242890730500221,-0.003078825306147337,0.04263203218579292,-0.030342161655426025,0.051809217780828476,0.024288440123200417,0.059230972081422806,0.022914493456482887,-0.05830765888094902,0.020107729360461235,-0.045437268912792206,0.007606232073158026,0.04867525026202202,-0.02228681556880474,0.052408695220947266,0.04212155565619469,0.09219413995742798,-0.006282389163970947,-0.0373697429895401,0.05528682470321655,0.05184687301516533,-0.06723769009113312,-0.01029889564961195,0.08731532096862793,-0.09952094405889511,0.039764344692230225,0.08595849573612213,-0.012473863549530506,-0.02240399830043316,-0.056624509394168854,-0.009168780408799648,-0.13940073549747467,0.24960485100746155,-0.028423666954040527,0.4822841286659241,0.06112690269947052,0.2219925820827484,-0.37234774231910706,-0.4599091708660126,0.0846642255783081,0.35379886627197266,-0.011299140751361847,-0.2744837999343872,-0.0416475310921669,0.1655196249485016,-0.34423336386680603,-0.3295612931251526,0.6164697408676147,0.6205360293388367,-0.38578683137893677,-0.8257870674133301,-0.1418079435825348,0.15835906565189362,-0.34411096572875977,-0.6848277449607849,-0.5159909129142761,-0.18985116481781006,0.7968767881393433,-0.22715355455875397,-0.05595330893993378,0.0,-0.0,-0.0
-0.0029410943388938904,0.06957362592220306,0.09244050085544586,0.05395441874861717,-0.037365950644016266,-1.0043572187423706,-0.08373165875673294,0.015331322327256203,-0.012488667853176594,0.09978307783603668,-0.05921439826488495,-0.003898271359503269,-0.10517534613609314,-0.0021691173315048218,-0.0016784509643912315,0.07500652223825455,0.00018384307622909546,-0.005426215939223766,0.011504746973514557,-0.01181673351675272,0.024612797424197197,-0.0032775169238448143,0.08492539077997208,0.10286852717399597,-0.007250452414155006,-0.19166620075702667,-0.004747538827359676,-0.012889008969068527,0.01081487350165844,-0.09948378801345825,-0.11021231859922409,0.004486303776502609,0.19483907520771027,0.014682870358228683,0.012441679835319519,-0.012344330549240112,-0.008721858263015747,0.020180387422442436,-0.006032609846442938,0.009211993776261806,-0.02169088087975979,0.015865284949541092,-0.06962938606739044,0.026331961154937744,-0.0723394900560379,0.0851757675409317,-0.056727319955825806,-0.03705475106835365,0.03778264671564102,-0.07105930894613266,0.009563636966049671,-0.014641761779785156,0.06224962696433067,0.04702429845929146,0.044606246054172516,0.034214556217193604,-0.021810555830597878,0.08698799461126328,0.031026853248476982,-0.08661741018295288,-0.02312418259680271,0.08782420307397842,0.042509306222200394,0.0033975006081163883,0.04535330832004547,0.2676585018634796,-0.06659972667694092,0.54554283618927,0.24421067535877228,-0.009976990520954132,-0.17023631930351257,-0.42551112174987793,0.1008734256029129,0.4585747718811035,0.31087619066238403,-0.3247988820075989,-0.0705694779753685,0.17470785975456238,-0.6494109630584717,-0.36580732464790344,0.5461233854293823,0.429843932390213,-0.31129229068756104,-0.7575345635414124,-0.1165020540356636,-0.1186974048614502,0.05402906984090805,-0.6248139142990112,-0.6258045434951782,-0.24732737243175507,0.8715001940727234,-0.10968250036239624,0.029829442501068115,0.0,-0.0,-0.0
-0.01995653659105301,-0.0951748639345169,-0.09283328801393509,0.02891845628619194,0.017585191875696182,-0.9974754452705383,-0.07446625083684921,-0.0034961323253810406,-0.006598751991987228,0.10482048243284225,-0.06287078559398651,-0.006968256086111069,-0.11481795459985733,-0.0012494223192334175,0.007397633045911789,0.08998595178127289,-0.00916016474366188,-0.0011031990870833397,0.0032762596383690834,-0.008518044836819172,0.02706894837319851,0.0028801588341593742,0.10599768906831741,0.09209812432527542,0.007484486326575279,-0.21808379888534546,-0.024085871875286102,0.013602076098322868,-0.002014520578086376,-0.11449588090181351,-0.0914289653301239,0.010258283466100693,0.19704008102416992,-0.0007861070334911346,0.002391379326581955,0.02438301406800747,0.05320935323834419,0.08368261903524399,0.041646089404821396,0.05650661140680313,0.05984807014465332,-0.07359017431735992,0.010828292928636074,0.0059656621888279915,0.03751864656805992,0.03102440945804119,0.04805504158139229,0.0023287832736968994,-0.03431930020451546,0.048805296421051025,0.04599125310778618,0.009805763140320778,0.05813239887356758,-0.04240960255265236,0.04330186918377876,-0.08547022938728333,0.0032348395325243473,0.022598911076784134,-0.016056394204497337,0.009282576851546764,-0.007316637318581343,-0.04434966668486595,0.04307078197598457,-0.01466290932148695,-0.11613988876342773,0.18909978866577148,-0.04613908380270004,0.4652044177055359,0.397088885307312,0.076545350253582,-0.1819731891155243,-0.29920610785484314,0.037569884210824966,0.6359118223190308,0.32343435287475586,-0.23929521441459656,0.03041340783238411,0.14339575171470642,-0.507766842842102,-0.30178624391555786,0.5354222655296326,0.29978716373443604,-0.318409264087677,-0.9451254606246948,-0.28358954191207886,0.1102270632982254,-0.6070542931556702,-0.5144272446632385,-0.12288391590118408,-0.2582434117794037,0.8644289374351501,-0.4225887656211853,-0.08940097689628601,0.0,-0.0,-0.0
0.009177327156066895,0.05165278539061546,0.07022036612033844,0.011166732758283615,-0.04216776788234711,-0.9688859581947327,-0.07907335460186005,0.007783025503158569,-0.012203207239508629,0.08896969258785248,-0.04510261118412018,-0.008823744021356106,-0.11223285645246506,0.002926877699792385,-0.011640667915344238,0.0868132933974266,-0.004366571083664894,-0.0015501277521252632,0.002955382689833641,0.007148152217268944,0.005033623427152634,-0.0021987315267324448,0.10056070983409882,0.10051485151052475,0.010728353634476662,-0.20717677474021912,0.01533503644168377,-0.00683592539280653,-0.00221893098205328,-0.11109378933906555,-0.09805144369602203,0.01936001144349575,0.21097931265830994,-0.006250268314033747,-0.002680486999452114,0.017815882340073586,-0.06289029866456985,-0.01744469441473484,0.02224789932370186,0.058373428881168365,0.08395534753799438,0.0067108930088579655,-0.03572804108262062,-0.06600423902273178,-0.09590813517570496,0.08234846591949463,-0.0305440966039896,-0.0695725530385971,0.018243158236145973,0.03458814695477486,0.019220901653170586,-0.022478723898530006,0.03287540748715401,-0.014656716957688332,0.03039759397506714,0.10368174314498901,-0.01214562077075243,-0.05421162769198418,-0.0181235671043396,-0.06686871498823166,-0.002558755921199918,-0.04633799195289612,-0.07515372335910797,0.04231464862823486,-0.07761970907449722,0.1932312548160553,-0.07122278213500977,0.5261948704719543,0.32781195640563965,-0.06491086632013321,0.025459222495555878,-0.3762340843677521,0.08722159266471863,0.5742942094802856,0.7049404978752136,-0.4012719690799713,0.01233641430735588,0.22389161586761475,-0.8650472164154053,-0.3084597587585449,0.38765954971313477,0.4219799041748047,-0.3389090597629547,-0.708470344543457,0.2267877757549286,-0.1533500999212265,-0.3828026354312897,-0.44778427481651306,-0.524136483669281,-0.3726046681404114,0.8385227918624878,-0.3148701786994934,0.021887555718421936,0.0,-0.0,-0.0
0.010805901139974594,-0.09422861039638519,-0.04166463389992714,0.02620750293135643,0.014312159270048141,-0.9789921045303345,-0.07010042667388916,0.006317613646388054,-0.006063731852918863,0.0941009372472763,-0.0643925815820694,-0.005153598263859749,-0.1101292073726654,-0.0064005376771092415,0.006087346002459526,0.09337121248245239,-0.022533832117915154,0.0058328453451395035,-0.00030365027487277985,0.008244199678301811,0.004717567935585976,0.004870299249887466,0.11241132766008377,0.1012832373380661,0.02712966315448284,-0.2078458070755005,-0.0034936275333166122,-0.005694357678294182,-0.00027732737362384796,-0.10619689524173737,-0.09483823925256729,-0.01216218899935484,0.20462743937969208,0.008981475606560707,-0.013914830982685089,0.02142183855175972,0.04654432460665703,-0.033649761229753494,0.02002808451652527,-0.0017218649154528975,0.004664325620979071,0.07951342314481735,0.01805027201771736,0.033439602702856064,-0.03186010196805,-0.06577614694833755,0.04650907590985298,-0.02868194878101349,0.02376599982380867,0.02430155873298645,0.09947412461042404,-0.05155111104249954,0.06349637359380722,0.0937645435333252,-0.022905975580215454,-0.11769405752420425,0.05395035818219185,-0.004154896829277277,0.04653823375701904,0.021021051332354546,-0.10147123783826828,0.04505234956741333,0.03583163022994995,0.023719418793916702,-0.24009935557842255,0.3335750699043274,-0.07051174342632294,0.41286277770996094,0.2975212335586548,0.09497892111539841,-0.03545285016298294,-0.18484313786029816,0.051358792930841446,0.7335975766181946,0.26153406500816345,-0.14093731343746185,0.01458200067281723,-0.07537328451871872,-0.433523565530777,-0.18023228645324707,0.4190588593482971,0.33178526163101196,-0.2991522550582886,-0.8564708828926086,-0.513944685459137,0.03954663500189781,-0.10609090328216553,-0.27657678723335266,-0.22290833294391632,-0.3784123361110687,0.7648527026176453,0.1275995522737503,-0.030116312205791473,0.0,-0.0,-0.0
-0.02746204286813736,-0.02683626115322113,0.03947247192263603,0.07119421660900116,-0.030092377215623856,-1.0406343936920166,-0.0749913677573204,0.011160170659422874,-0.005015980917960405,0.09889485687017441,-0.061997607350349426,-0.011737646535038948,-0.10148017853498459,-0.00577184371650219,0.007268408313393593,0.10673683881759644,-0.01888934150338173,0.002765599638223648,-0.0014293473213911057,0.0026007983833551407,0.01132189854979515,0.015947027131915092,0.09942610561847687,0.08779504895210266,0.0007072892040014267,-0.20270738005638123,0.008166806772351265,-0.006084294989705086,-0.003174453042447567,-0.0910315066576004,-0.10244482755661011,0.006761323660612106,0.1989474892616272,0.005371838808059692,-0.005729649215936661,0.022187650203704834,0.07304873317480087,0.03169303014874458,0.002479416085407138,-0.03302744776010513,-0.048592936247587204,0.0061547281220555305,-0.04729389771819115,0.0007921695942059159,0.07822723686695099,-0.06255225837230682,0.06894157081842422,-0.04115063324570656,0.06538771837949753,-0.08105199784040451,0.03140699863433838,0.009923589415848255,-0.052642714232206345,-0.00808369554579258,0.0005780399078503251,-0.01215972937643528,0.005920141935348511,0.03332177549600601,0.0785181075334549,-0.05348848178982735,0.08692146837711334,0.04421734809875488,-0.03462864086031914,0.06454590708017349,-0.1592695415019989,0.30744677782058716,-0.023717209696769714,0.45351141691207886,0.34575986862182617,0.18276014924049377,-0.27896609902381897,-0.3161042630672455,0.03777642175555229,0.4672105312347412,0.39785826206207275,-0.14893701672554016,-0.036291029304265976,-0.12580227851867676,-0.39566877484321594,-0.5971004366874695,0.47842997312545776,0.3311701714992523,-0.6255896091461182,-0.7502532005310059,-0.19560325145721436,-0.13994340598583221,-0.15420779585838318,-0.5746423602104187,-0.5469579696655273,0.07709105312824249,0.7127423286437988,-0.13225576281547546,0.0464310348033905,0.0,-0.0,-0.0
-0.04441691190004349,0.012168090790510178,-0.02321862056851387,0.06030867621302605,-0.010380685329437256,-0.9697339534759521,-0.0719769075512886,0.011820157989859581,-0.002170517109334469,0.10593216866254807,-0.0673540011048317,-0.009557414799928665,-0.11683544516563416,-0.0034443847835063934,0.0028869444504380226,0.1057301014661789,-0.025784235447645187,0.007110191509127617,0.001289227046072483,-0.003728327341377735,5.912408232688904e-05,0.009776763617992401,0.09162567555904388,0.10922078043222427,0.015603994950652122,-0.19728410243988037,-0.005737894214689732,0.001248639076948166,0.01702181063592434,-0.10157351195812225,-0.09577072411775589,0.00937819667160511,0.19192005693912506,0.007600106298923492,-0.0016061048954725266,-0.07021529227495193,-0.03936312720179558,-0.04437106475234032,0.07238256186246872,0.035552848130464554,-0.003294622991234064,-0.08169994503259659,-0.07164513319730759,0.030227316543459892,0.021638918668031693,-0.0075889527797698975,-0.0014975130325183272,0.02371777966618538,-0.031065544113516808,0.07307012379169464,-0.03637434169650078,0.006029963493347168,0.0589834563434124,-0.04055013135075569,0.06373492628335953,-0.0023887515999376774,-0.04982060566544533,0.05122870206832886,-0.09256120771169662,0.038322221487760544,-0.016610771417617798,0.005040478892624378,0.011247003450989723,-0.03626566752791405,-0.18181954324245453,0.22093471884727478,-0.0820113867521286,0.48363441228866577,0.35649681091308594,0.26919087767601013,-0.5274518728256226,-0.29812103509902954,0.02416759356856346,0.37573614716529846,0.19934499263763428,-0.14485718309879303,0.07282502949237823,-0.14004981517791748,-0.21970243752002716,-0.47145897150039673,0.5185016989707947,0.7046929597854614,-0.1735415756702423,-0.8383318781852722,-0.3335338830947876,0.09097109735012054,-0.36908864974975586,-0.6998807191848755,-0.38691720366477966,-0.40310388803482056,0.7137213349342346,-0.1777099370956421,0.003663189709186554,0.0,-0.0,-0.0
0.03607317432761192,-0.1239483505487442,0.0051633380353450775,-0.025706429034471512,0.04255005344748497,-0.9685488343238831,-0.056804656982421875,0.014726188033819199,-0.012597108259797096,0.09138203412294388,-0.06272505223751068,0.0011583128944039345,-0.11289167404174805,0.0019635381177067757,0.003850390203297138,0.09484319388866425,-0.01250411942601204,-0.003188982605934143,0.0002521295100450516,-0.006188237573951483,0.012750910595059395,-0.009637169539928436,0.08828878402709961,0.1060582771897316,0.012622695416212082,-0.21109896898269653,-0.0081962700933218,-0.005548066925257444,0.007323076948523521,-0.10624877363443375,-0.0986197218298912,0.010471798479557037,0.19937248528003693,0.004616300575435162,0.003275269642472267,0.06611805409193039,0.039379384368658066,-0.03489534929394722,-0.024317193776369095,0.07236924022436142,-0.0637807697057724,0.05482647567987442,0.05568195506930351,-0.05697925016283989,0.034138429909944534,0.08230197429656982,0.030890394002199173,-0.05677604675292969,-0.062716044485569,0.033626604825258255,0.07706742733716965,0.0006393432850018144,0.047075964510440826,-0.010575181804597378,-0.02920510806143284,0.015748072415590286,0.01097303070127964,0.015985632315278053,-0.023576701059937477,-0.08829480409622192,-0.04842612147331238,0.0546797513961792,-0.06772013753652573,0.08445905894041061,0.09781353175640106,0.30537664890289307,-0.034823477268218994,0.45690882205963135,0.3438412547111511,0.1456497311592102,-0.044870831072330475,-0.45371153950691223,0.11817196011543274,0.5573021173477173,0.305083692073822,-0.26353752613067627,-0.07036324590444565,0.11180628091096878,-0.7438218593597412,-0.25742900371551514,0.3593876361846924,0.24111881852149963,-0.35335615277290344,-0.913931667804718,-0.052961088716983795,-0.022312838584184647,-0.5833128094673157,-0.3729671239852905,-0.49031105637550354,-0.35752347111701965,0.8208339810371399,-0.4118480980396271,0.09081827104091644,0.0,-0.0,-0.0
0.022243421524763107,0.09986419975757599,0.005115929991006851,0.06932833790779114,-0.009346630424261093,-0.9596988558769226,-0.06761867552995682,0.010792534798383713,-0.00865136831998825,0.09614139050245285,-0.05646834522485733,-0.002388902008533478,-0.11964874714612961,-0.010241876356303692,-0.004770450294017792,0.10173848271369934,-0.010776882991194725,0.005371225066483021,0.01228676550090313,0.011842263862490654,-0.004148614127188921,0.0012757042422890663,0.08275020122528076,0.10405311733484268,0.008026013150811195,-0.21123991906642914,-0.01530324388295412,0.013891089707612991,-0.0027968445792794228,-0.1034836620092392,-0.08952081948518753,0.014885704964399338,0.1990365833044052,0.0193923506885767,-0.006134669296443462,-0.03385335952043533,0.06087062507867813,0.04382852464914322,0.04315609857439995,-0.0673850029706955,-0.07051228731870651,-0.07775656133890152,-0.06184464693069458,-0.06241368129849434,-0.06835004687309265,0.046650636941194534,0.0074659171514213085,0.04001985862851143,0.07619644701480865,0.027259230613708496,0.007087767124176025,0.036198414862155914,0.0330180898308754,-0.04984365403652191,-0.030788609758019447,-0.06117286905646324,0.07767876237630844,-0.08409992605447769,-0.034379299730062485,0.01168165821582079,-0.0037142157088965178,-0.020400607958436012,0.07869131863117218,-0.009403443895280361,-0.2682165503501892,0.03133929520845413,-0.05487626791000366,0.40108972787857056,0.16872365772724152,0.1731795072555542,-0.18753492832183838,-0.46297094225883484,0.11708515882492065,0.49706149101257324,0.20169836282730103,-0.24526341259479523,0.13521604239940643,0.31886690855026245,-0.4432084262371063,-0.4216040372848511,0.5344374179840088,0.3334956765174866,-0.41641542315483093,-0.8014472126960754,-0.27726614475250244,0.02686154469847679,-0.412831574678421,-0.3280097544193268,-0.2628253996372223,-0.2417651265859604,0.8647053837776184,0.03460000455379486,-0.09657667577266693,0.0,-0.0,-0.0
-0.02417987771332264,-0.025759126991033554,0.06992937624454498,0.016702156513929367,-0.020393524318933487,-1.0191032886505127,-0.05538298189640045,-0.004986589774489403,-0.011573412455618382,0.09429065138101578,-0.05173274874687195,-0.0060770586133003235,-0.11744513362646103,-0.014014940708875656,-0.0015086270868778229,0.10298149287700653,-0.025540359318256378,0.008785651996731758,0.009535660967230797,0.012003615498542786,0.004116482101380825,-0.0006592441350221634,0.08961192518472672,0.09289442747831345,0.007365137338638306,-0.19532573223114014,0.015610387548804283,-0.006693774834275246,-0.0059060826897621155,-0.09212369471788406,-0.09185183048248291,-0.0023412127047777176,0.20719069242477417,-0.00186073686927557,0.006637003272771835,-0.03213127329945564,-0.007908749394118786,0.036507438868284225,0.05216643959283829,-0.06759776920080185,-0.06806063652038574,0.012672084383666515,-0.060169707983732224,-0.02211027778685093,-0.02425391785800457,0.003155183745548129,0.04308989271521568,0.021305739879608154,0.06028590351343155,-0.024889672175049782,-0.03692259266972542,0.02214944362640381,-0.08696023374795914,0.01276788767427206,-0.010167556814849377,0.049000322818756104,-0.11350207775831223,0.020560575649142265,-0.005372476764023304,-0.07466569542884827,0.007267677690833807,-0.026471788063645363,-0.04248831793665886,0.05115316063165665,0.10859359800815582,0.421114444732666,-0.08869439363479614,0.5099093914031982,0.29607832431793213,0.36464443802833557,-0.266280859708786,-0.07243062555789948,0.04687793180346489,0.5828647017478943,0.07178991287946701,0.15760168433189392,-0.14424064755439758,-0.532963216304779,-0.4436238706111908,-0.20794622600078583,0.35413825511932373,0.28386691212654114,-0.18700279295444489,-0.7470964789390564,0.17275357246398926,-0.307997465133667,0.06143601983785629,-0.3521061837673187,-0.46813708543777466,-0.32096537947654724,0.8108019232749939,-0.37938013672828674,0.07234115898609161,0.0,-0.0,-0.0
0.010155506432056427,-0.0380530059337616,0.005579359829425812,-0.019671522080898285,0.03422941640019417,-1.0266433954238892,-0.05465957522392273,-0.003270071931183338,-0.010477236472070217,0.08305835723876953,-0.050884999334812164,-0.009725673124194145,-0.1045006588101387,0.0007815975695848465,-0.005519952159374952,0.10462373495101929,-0.033500902354717255,0.007052453234791756,0.003957584500312805,-0.0099077969789505,-0.001485913060605526,-0.0061892252415418625,0.09052453190088272,0.09227029234170914,0.0001024436205625534,-0.21729518473148346,-0.005499875172972679,-0.00030147843062877655,-0.004488139878958464,-0.0717049315571785,-0.08660054951906204,0.005778634920716286,0.20266270637512207,-0.009928945451974869,0.001470860093832016,0.07792540639638901,0.02875669114291668,0.056451547890901566,-0.04131663963198662,0.056739699095487595,-0.06013862416148186,0.05870547518134117,0.03161440044641495,-0.03814790025353432,-0.00626036524772644,-0.006939113140106201,-0.04424170404672623,-0.07206680625677109,-0.03243463858962059,0.053331173956394196,0.06985997408628464,0.010287773795425892,0.05766948685050011,0.007958883419632912,0.031257059425115585,-0.04258695989847183,0.11956679075956345,0.008008676581084728,-0.038694433867931366,-0.0027020813431590796,0.015875650569796562,-0.044574957340955734,0.0040954588912427425,0.035228777676820755,-0.0473894327878952,0.40955597162246704,-0.09296715259552002,0.44615787267684937,0.3703376054763794,0.4268791377544403,-0.4649043679237366,-0.18422606587409973,0.033847082406282425,0.37522241473197937,-0.08135944604873657,0.053448114544153214,-0.014668725430965424,-0.4310957193374634,-0.2537326216697693,-0.2073313146829605,0.5690528154373169,0.6690444946289062,-0.23588302731513977,-0.954761266708374,-0.45484426617622375,0.32137683033943176,-0.2743228077888489,-0.5161136984825134,-0.33315879106521606,-0.20877808332443237,0.7371434569358826,-0.03474500775337219,-0.12444235384464264,0.0,-0.0,-0.0
-0.03503846377134323,0.0015667490661144257,0.0036660023033618927,-0.010351818054914474,-0.05128154531121254,-0.9528355598449707,-0.04667659103870392,-0.0006714910268783569,-0.005391946993768215,0.09242855757474899,-0.04869982600212097,-0.008944534696638584,-0.10201520472764969,-0.008912013843655586,0.006047440692782402,0.10772345215082169,-0.018422987312078476,-0.0058489213697612286,0.009913822636008263,-0.0005517210811376572,0.004859033040702343,-0.0014226976782083511,0.09109251201152802,0.08801779896020889,0.0029650134965777397,-0.21140116453170776,-0.007070664316415787,-0.01496562734246254,-0.006778310984373093,-0.08607322722673416,-0.07605328410863876,-0.01845541223883629,0.19282162189483643,0.011573923751711845,-0.005327157210558653,-0.043320681899785995,-0.016926473006606102,-0.04310083016753197,-0.05268916115164757,0.0013334573013707995,-0.0034878968726843596,0.06438546627759933,-0.02737865410745144,0.06005973741412163,-0.00027869941550306976,0.014677953906357288,0.015746235847473145,0.06410142034292221,-0.05709490925073624,-0.06252661347389221,-0.07549729198217392,-0.06563273817300797,-0.042052604258060455,0.03977081924676895,0.046496640890836716,0.006595653481781483,-0.107062928378582,0.0041675507090985775,-0.050426166504621506,-0.013696146197617054,-0.05283809453248978,0.06748541444540024,-0.05120435357093811,-0.01011966448277235,-0.08907385170459747,0.17349323630332947,-0.059984177350997925,0.4316291809082031,0.17272983491420746,0.266200989484787,-0.3579545319080353,-0.5425747632980347,0.1422775238752365,0.3150860071182251,0.04086952656507492,-0.17466485500335693,0.06954987347126007,0.29851287603378296,-0.29729896783828735,-0.39727213978767395,0.4849032163619995,0.3912736177444458,-0.3350341320037842,-0.7037820219993591,-0.15738409757614136,-0.28294727206230164,-0.28127047419548035,-0.6629919409751892,-0.5439954400062561,-0.33474528789520264,0.8526286482810974,-4.802830517292023e-05,-0.07583381980657578,0.0,-0.0,-0.0
-0.027201035991311073,0.014922436326742172,-0.10476887226104736,0.025736253708600998,-0.012804552912712097,-1.0346225500106812,-0.04832921177148819,0.00042581092566251755,-0.0017830152064561844,0.08854510635137558,-0.05391576886177063,-0.016245894134044647,-0.10732846707105637,-0.0056235454976558685,0.006802970543503761,0.09941971302032471,-0.025723833590745926,-0.009056775830686092,0.008629407733678818,-0.007626984268426895,-0.005970778409391642,-0.010261891409754753,0.08079440146684647,0.10227459669113159,0.00042428262531757355,-0.19921360909938812,-0.012493523769080639,0.017027007415890694,-0.011527919210493565,-0.08216800540685654,-0.07583651691675186,0.014144811779260635,0.20399421453475952,-0.002445787191390991,-0.009633944369852543,0.05747394636273384,0.02720806561410427,0.08253031969070435,0.013586300425231457,0.042433857917785645,0.009169608354568481,-0.0698266476392746,-0.053334590047597885,-0.05201224610209465,-0.06826473772525787,0.029262805357575417,0.07105552405118942,-0.0891013965010643,-0.03189298138022423,0.009218389168381691,0.022515906020998955,0.03236761316657066,0.09029753506183624,-0.06995072215795517,0.046541035175323486,0.04730569198727608,-0.0031997442711144686,-0.06327324360609055,-0.058372676372528076,0.073728047311306,0.09595123678445816,0.04626927524805069,0.00756377587094903,-0.026407739147543907,-0.07787434756755829,0.3853257894515991,-0.03392614424228668,0.3975197672843933,-0.1313183754682541,0.1810128390789032,-0.5027641654014587,-0.3345126807689667,0.06335203349590302,0.3341824412345886,-0.26407474279403687,-0.276945024728775,-0.03964177891612053,-0.06452642381191254,-0.12887726724147797,-0.12183353304862976,0.6740520596504211,0.7196001410484314,-0.2878932058811188,-0.8265542984008789,-0.1884326934814453,0.3353167474269867,-0.1740817427635193,-0.4998246133327484,-0.46349990367889404,0.1033027321100235,0.733755886554718,-0.09938657283782959,0.00603378564119339,0.0,-0.0,-0.0
-0.015041302889585495,0.02285003289580345,0.03573739156126976,0.011407393962144852,-0.008824862539768219,-1.0298874378204346,-0.06463909894227982,0.0207833219319582,-0.004792936146259308,0.0994371548295021,-0.06473367661237717,-0.01241973415017128,-0.09949805587530136,0.011339597404003143,0.009449023753404617,0.09624683856964111,-0.009444357827305794,0.00015383213758468628,0.0037488117814064026,-0.01009595487266779,0.013456659391522408,-0.0009846733883023262,0.10202837735414505,0.09533539414405823,0.006178529933094978,-0.21006108820438385,-0.022318372502923012,-0.0055375052616000175,0.008289745077490807,-0.09567806869745255,-0.09880392998456955,-0.008494671434164047,0.1914498507976532,0.010817859321832657,-0.0026775794103741646,0.06795384734869003,0.011527490802109241,-0.010218429379165173,0.0009502053144387901,-0.06156037002801895,-0.045737773180007935,-0.024477774277329445,-0.042092930525541306,0.0670592188835144,0.00862150825560093,-0.003019011113792658,0.06933032721281052,0.022425120696425438,0.051577817648649216,0.0323583260178566,0.030371403321623802,0.007298189681023359,-0.049553629010915756,0.018083756789565086,0.07027467340230942,0.07204661518335342,-0.013302785344421864,0.08202967792749405,0.04018036276102066,-0.04101995751261711,-0.10475493967533112,0.06193340942263603,0.024208074435591698,0.03503934293985367,-0.25601160526275635,0.2551741600036621,-0.12185600399971008,0.4039410352706909,-0.16493715345859528,0.04901578277349472,-0.15893346071243286,-0.3956420123577118,0.13611575961112976,0.3766353726387024,0.0607241615653038,-0.4094040095806122,0.0585663877427578,0.1085643321275711,-0.24588440358638763,-0.16666099429130554,0.545562744140625,0.31338056921958923,-0.19096103310585022,-0.8328045606613159,-0.14547455310821533,-0.25453856587409973,-0.14560118317604065,-0.6619914770126343,-0.6282646059989929,-0.4673355519771576,0.7700196504592896,-0.15325875580310822,0.06850574910640717,0.0,-0.0,-0.0
0.040596168488264084,0.14840951561927795,-0.0015993192791938782,-0.0025680623948574066,-0.045682452619075775,-1.009607195854187,-0.06873694062232971,0.013861482962965965,0.007135532796382904,0.10609998553991318,-0.06638225167989731,-0.012062562629580498,-0.10516723990440369,-0.002717992290854454,0.0011512255296111107,0.09175805002450943,-0.009544165804982185,0.0005036201328039169,0.006137814372777939,-0.02409120462834835,0.0012589115649461746,-0.00392146734520793,0.09077173471450806,0.09908770769834518,0.00424952432513237,-0.21633082628250122,-0.00553254596889019,-0.0065029077231884,-0.002376341260969639,-0.10306563973426819,-0.10520520806312561,0.023661399260163307,0.20348957180976868,-0.00016610696911811829,0.004143336787819862,0.025683164596557617,0.05823347717523575,0.08149303495883942,-0.04789526015520096,0.08303137123584747,0.03102186881005764,-0.08649613708257675,-0.05914926528930664,0.07809513807296753,-0.026650646701455116,-0.0034706355072557926,-0.028197942301630974,-0.038449257612228394,-0.0009060263982973993,-0.058583762496709824,-0.04530608654022217,-0.07407929748296738,0.06978476047515869,-0.05623440816998482,-0.02536039985716343,-0.021149223670363426,-0.0364643894135952,-0.05561661720275879,-0.04673982784152031,-0.04096626862883568,-0.0010676801903173327,0.07119517773389816,-0.03344253823161125,-0.012877518311142921,-0.13704457879066467,0.25041595101356506,-0.046649813652038574,0.3838343024253845,0.04384000599384308,0.24477159976959229,-0.4377332925796509,-0.5662529468536377,0.08251243829727173,0.4368112087249756,-0.011436454951763153,-0.3118595778942108,-0.014517590403556824,0.1256224364042282,-0.3355177342891693,-0.5108690857887268,0.4805980324745178,0.5715972185134888,-0.45716747641563416,-0.8908612728118896,-0.24908751249313354,0.15320955216884613,-0.5004525780677795,-0.5975783467292786,-0.38568851351737976,0.01229747012257576,0.8026201128959656,-0.2725621163845062,-0.016159813851118088,0.0,-0.0,-0.0
-0.053202252835035324,-0.09148633480072021,0.031436171382665634,0.061210747808218,0.04593190923333168,-0.9656786322593689,-0.06667584925889969,0.0036709196865558624,-0.003415839746594429,0.10256941616535187,-0.052546240389347076,-0.007500077597796917,-0.10539417713880539,0.00528909545391798,0.0053946953266859055,0.09915554523468018,-0.009245241060853004,0.00022835470736026764,-0.007687779143452644,-0.007683116942644119,0.029297305271029472,-0.0011820485815405846,0.10225271433591843,0.0993911474943161,-0.0067826020531356335,-0.2092740386724472,-0.017293155193328857,0.0037431512027978897,0.0021188389509916306,-0.11220882087945938,-0.09206652641296387,-0.0026424452662467957,0.19997245073318481,0.00441623292863369,-0.011389059014618397,-0.04853374511003494,0.06619668006896973,-0.031831759959459305,0.0656752958893776,0.016861265525221825,0.051421403884887695,0.07698954641819,-0.023460358381271362,0.04969746991991997,-0.046256739646196365,0.06510873138904572,0.012006259523332119,0.07293552160263062,0.02085844986140728,0.001432180404663086,0.06510157883167267,-0.01322780828922987,-0.08335136622190475,0.022450847551226616,0.07723362743854523,-0.0391266867518425,0.0754537358880043,0.031361307948827744,-0.09090255945920944,0.07386153936386108,-0.058006513863801956,-0.06985688209533691,-0.028197655454277992,-0.047430358827114105,-0.09731630980968475,0.13909441232681274,-0.09901784360408783,0.47728055715560913,-0.006891950964927673,0.12398587912321091,-0.1906861960887909,-0.37567073106765747,0.08620642125606537,0.44675886631011963,0.08563373237848282,-0.2912612557411194,0.13261981308460236,0.35754403471946716,-0.28919506072998047,-0.010661814361810684,0.5716173648834229,0.43146824836730957,-0.22662009298801422,-0.7258560061454773,-0.08234746009111404,0.04205066338181496,-0.10208874195814133,-0.4334520697593689,-0.21859662234783173,-0.335134893655777,0.7516825795173645,-0.05215509235858917,0.008409842848777771,0.0,-0.0,-0.0
0.025342877954244614,0.09791387617588043,0.051160167902708054,0.022670265287160873,-0.046044256538152695,-0.957857608795166,-0.07619455456733704,0.002556364983320236,-0.0012233946472406387,0.09619434177875519,-0.052869364619255066,-0.0020439382642507553,-0.12240753322839737,-0.009586215019226074,0.013758432120084763,0.10815343260765076,-0.019976604729890823,-0.0057548279874026775,-0.0034290351904928684,-0.0024126898497343063,0.016291387379169464,0.014537682756781578,0.09613037109375,0.11025005578994751,-0.0023342380300164223,-0.20821596682071686,0.0021835369989275932,-0.0020929742604494095,-0.007786580827087164,-0.10974732786417007,-0.11304962635040283,0.015583783388137817,0.19921821355819702,-0.007501691114157438,0.015188701450824738,-0.05434635281562805,-0.039539407938718796,-0.005507254507392645,0.0013105154503136873,0.0657607838511467,-0.004926097579300404,-0.020828580483794212,-0.05287815257906914,0.06111803278326988,-0.04652295261621475,-0.039946578443050385,0.06301476806402206,-0.06473349779844284,0.0014156521065160632,0.028169263154268265,0.08972954005002975,-0.06854993849992752,0.04756687954068184,0.011079549789428711,-0.01875932328402996,-0.020632898434996605,0.046416282653808594,-0.057769328355789185,0.08164011687040329,0.023674869909882545,-0.023192359134554863,0.0045799314975738525,0.05889895185828209,0.025973308831453323,-0.0024230629205703735,0.365740031003952,-0.042508453130722046,0.33651256561279297,0.01870734989643097,0.004455059766769409,-0.36432933807373047,-0.42483261227607727,0.07465602457523346,0.5081044435501099,0.12483904510736465,-0.3713778853416443,-0.16532668471336365,0.0037080273032188416,-0.5395406484603882,-0.49148786067962646,0.5187024474143982,0.5424580574035645,-0.34455859661102295,-0.7642346024513245,-0.03068610280752182,-0.04861842468380928,-0.3223361670970917,-0.38492828607559204,-0.5889001488685608,-0.15337681770324707,0.8281562924385071,-0.1706242561340332,0.12355692684650421,0.0,-0.0,-0.0
0.017654042690992355,0.0024829544126987457,-0.00909479334950447,0.0011996477842330933,0.03894532099366188,-0.9842159152030945,-0.06327276676893234,0.005553665570914745,-0.0058839344419538975,0.0978943482041359,-0.055540986359119415,-0.016134778037667274,-0.11347223073244095,-0.006439381744712591,0.010790368542075157,0.08974876999855042,-0.02116403356194496,0.0019142422825098038,-0.0060458797961473465,0.008651895448565483,0.021610768511891365,0.006075404584407806,0.10603713989257812,0.101742684841156,0.016034074127674103,-0.1846195012331009,0.006325840950012207,0.0026606805622577667,0.0014826953411102295,-0.11959293484687805,-0.11418074369430542,-0.000741555355489254,0.2068966180086136,-0.005399877671152353,-0.006711834110319614,0.003585386322811246,0.0727301612496376,0.0007016301387920976,0.0574692003428936,0.03929554298520088,-0.015529334545135498,0.005818700883537531,0.04919539764523506,0.06655336916446686,-0.05123737454414368,0.05806877836585045,-0.00622941879555583,-0.004592597484588623,0.02697741985321045,0.07957779616117477,-0.09020252525806427,0.09654142707586288,-0.055640578269958496,-0.028984839096665382,-0.05245351791381836,0.005731725599616766,-0.08357994258403778,0.08727162331342697,0.008723569102585316,0.02452375926077366,-0.02527039684355259,0.004765916150063276,-0.018777286633849144,-0.05341401323676109,0.07311929762363434,0.4159959554672241,-0.0680314302444458,0.5356268286705017,0.17247815430164337,0.04726915806531906,-0.19144472479820251,-0.2910154163837433,0.06631205976009369,0.4654400944709778,0.34785714745521545,-0.30922937393188477,0.07876653969287872,-0.012990154325962067,-0.5943973064422607,-0.5932636857032776,0.6392914652824402,0.3383478820323944,-0.3768933117389679,-0.7200173139572144,-0.2989048659801483,-0.1468811184167862,-0.07359098643064499,-0.6506862044334412,-0.3774605691432953,-0.3131589889526367,0.8171936869621277,-0.14955009520053864,-0.15563596785068512,0.0,-0.0,-0.0
-0.024463403970003128,-0.009541738778352737,0.0022299550473690033,0.026013042777776718,0.02505720779299736,-0.9567373991012573,-0.06915684044361115,0.010515650734305382,0.004264276474714279,0.09731798619031906,-0.06799660623073578,0.0003925040364265442,-0.10020887106657028,7.643457502126694e-05,0.0070828404277563095,0.0912129357457161,-0.007294870913028717,-0.004560782574117184,-0.006498602218925953,-0.0008926838636398315,0.02030567266047001,0.006621265783905983,0.10983416438102722,0.12164332717657089,0.014449022710323334,-0.21054846048355103,-0.0017160549759864807,0.007874304428696632,0.01342380978167057,-0.1189565360546112,-0.09899302572011948,0.0011854376643896103,0.2030521184206009,0.004653891548514366,-0.008439816534519196,0.019556744024157524,-0.020897073671221733,0.0006702065584249794,0.023227041587233543,0.003743499517440796,-0.013329803943634033,0.08475217968225479,-0.005371791310608387,-0.009845268912613392,-0.06920667737722397,-0.022987592965364456,0.02510005235671997,0.00560911325737834,-0.01869143359363079,-0.08112814277410507,0.05597411468625069,-0.00044949055882170796,0.07082567363977432,0.05531108379364014,-0.06946180015802383,-0.0688900426030159,-0.024138009175658226,0.039940644055604935,0.027315258979797363,0.03847100958228111,0.05060472711920738,-0.07706256210803986,-0.023814981803297997,0.005621707532554865,0.024506792426109314,0.3532879650592804,-0.06829920411109924,0.5102944374084473,0.37749069929122925,0.29521146416664124,-0.003990925848484039,-0.3744329512119293,0.04317812994122505,0.6029226183891296,0.48035359382629395,0.025990191847085953,-0.03236128389835358,-0.2355966866016388,-0.7395600080490112,-0.13377775251865387,0.1149727925658226,0.4600118398666382,-0.30396217107772827,-1.0033698081970215,-0.29607003927230835,0.2027822881937027,-0.534630298614502,-0.414149671792984,-0.41499754786491394,-0.36328184604644775,0.7212124466896057,-0.13507740199565887,0.11294783651828766,0.0,-0.0,-0.0
0.03885306790471077,0.0390251986682415,0.04378863796591759,0.06881947815418243,-0.022916141897439957,-0.9878014326095581,-0.05976320058107376,0.0029894793406128883,-0.010365176945924759,0.0996747761964798,-0.06369372457265854,-0.014174599200487137,-0.1017703115940094,-0.007002860773354769,0.011603640392422676,0.10055557638406754,-0.03045675717294216,0.004841296002268791,-0.0029017250053584576,0.0024734213948249817,0.018553366884589195,0.006890816614031792,0.09910984337329865,0.10803110897541046,0.003994947299361229,-0.19615288078784943,0.004566896706819534,0.015851488336920738,0.0054506417363882065,-0.09165514260530472,-0.12406834214925766,-0.0040617696940898895,0.20834071934223175,0.0032965512946248055,-0.009492670185863972,-0.0717504546046257,0.054670143872499466,-0.04290074110031128,0.06575322151184082,0.04938638210296631,-0.0392308235168457,-0.06872435659170151,-0.010079586878418922,0.05756726488471031,0.06797337532043457,0.010619670152664185,-0.03540240600705147,0.04856172949075699,-0.053368862718343735,0.07058371603488922,-0.03946119174361229,-0.0016244351863861084,-0.07447696477174759,-0.0021168887615203857,-0.0065385582856833935,0.04299243912100792,0.0304061658680439,-0.05275888368487358,-0.01882878504693508,-0.011269128881394863,0.046415816992521286,0.007227784488350153,-0.06583560258150101,0.06722082197666168,-0.22233963012695312,0.23772162199020386,-0.04376986622810364,0.416964590549469,0.3475549817085266,0.10229720920324326,-0.25605058670043945,-0.35309693217277527,0.05631140246987343,0.5470179915428162,0.49166613817214966,-0.32604286074638367,-0.01264062151312828,0.14132729172706604,-0.29160094261169434,-0.39710405468940735,0.33667701482772827,0.09369291365146637,-0.42899221181869507,-0.719977617263794,-0.14681711792945862,-0.17373427748680115,-0.4312325716018677,-0.41820281744003296,-0.48611903190612793,-0.33629176020622253,0.8874858021736145,-0.18558628857135773,0.043615102767944336,0.0,-0.0,-0.0
-0.00036045536398887634,-0.07838347554206848,-0.016340456902980804,0.016777869313955307,0.005740165710449219,-0.9578120708465576,-0.05153956264257431,0.0005779676139354706,-0.004128646105527878,0.0913509726524353,-0.05864276736974716,-0.002593633718788624,-0.09134609252214432,-0.009904919192194939,0.006500082090497017,0.09922509640455246,-0.02487042546272278,0.010866772383451462,0.006929406896233559,0.017910374328494072,0.018780898302793503,0.009391598403453827,0.07869935780763626,0.10483452677726746,0.01896294392645359,-0.20294281840324402,-0.006768195889890194,-0.011465255171060562,0.016056431457400322,-0.09658720344305038,-0.1033334732055664,-0.005490821786224842,0.19801676273345947,0.004515934735536575,-0.0060028391890227795,0.08687963336706161,0.03086538426578045,-0.02457321248948574,0.05487244203686714,0.03232281282544136,-0.03759372979402542,0.032448556274175644,-0.02959333173930645,-0.03242472931742668,-0.06589702516794205,-0.03591936454176903,-0.06571473926305771,-0.05904064700007439,0.07783716917037964,-0.005045801401138306,-0.05188565328717232,-0.02106810174882412,-0.032266076654195786,0.013877272605895996,0.06407951563596725,0.007531934883445501,0.023157645016908646,-0.012610740028321743,-0.0035759450402110815,-0.020562613382935524,0.03163325786590576,-0.013638568110764027,-0.07006406038999557,-0.05357654020190239,0.2691735625267029,0.39070966839790344,-0.04476410150527954,0.6127599477767944,0.4216293692588806,0.21781384944915771,0.018894366919994354,-0.3786364495754242,0.08583739399909973,0.5856324434280396,0.5177223682403564,-0.08358314633369446,-0.007177218794822693,0.018966391682624817,-0.8643381595611572,-0.34164267778396606,0.4743649959564209,0.5936940908432007,-0.3192043900489807,-0.860482394695282,-0.32319334149360657,-0.16056767106056213,-0.15786093473434448,-0.47604241967201233,-0.27537453174591064,-0.2990901470184326,0.6123170852661133,-0.13467586040496826,0.04995865374803543,0.0,-0.0,-0.0
0.014055069535970688,0.04472776874899864,-0.052803609520196915,-0.018603775650262833,-0.005874451249837875,-1.015559434890747,-0.04885973036289215,0.0079023577272892,0.0026981718838214874,0.10641884803771973,-0.07922108471393585,-0.0004258789122104645,-0.0982985571026802,0.004369234666228294,0.0015767011791467667,0.10916658490896225,-0.02489534020423889,0.011773442849516869,-0.016055848449468613,-0.003541700541973114,0.012524427846074104,0.014248168095946312,0.07520924508571625,0.10787443071603775,-0.0023013814352452755,-0.19825850427150726,-0.02503781020641327,0.00019204244017601013,0.008107533678412437,-0.087193064391613,-0.1019076332449913,0.017674921080470085,0.18343451619148254,0.029112478718161583,-0.0021930914372205734,0.011009401641786098,0.003036069916561246,0.020701659843325615,0.014231610111892223,0.03327828645706177,0.03365687280893326,-0.04952382668852806,0.030616283416748047,0.05839395523071289,-0.04119620844721794,-0.05498667433857918,0.007780957501381636,0.014400762505829334,-0.06918885558843613,-0.03844648227095604,-0.05053672939538956,0.07312367111444473,0.05430245399475098,0.03518114238977432,-0.03283613920211792,-0.007533341646194458,0.029085446149110794,0.04775679111480713,-0.02472096122801304,-0.027332544326782227,0.009840833954513073,-0.03842849284410477,0.07163148373365402,-0.0236822422593832,-0.2317955046892166,0.4755271077156067,-0.07788504660129547,0.46879780292510986,0.4592713713645935,0.38041430711746216,-0.20847070217132568,-0.13161130249500275,0.009086262434720993,0.5801313519477844,0.3668123781681061,0.2049209177494049,-0.021771717816591263,-0.5111051201820374,-0.364104300737381,-0.24112874269485474,0.5722047090530396,0.4227166175842285,-0.3448154628276825,-0.8875575065612793,-0.2746517062187195,0.09051920473575592,-0.4090636074542999,-0.43852585554122925,-0.30035263299942017,-0.27747228741645813,0.7771041989326477,0.002479536458849907,0.15708936750888824,0.0,-0.0,-0.0
0.0067784786224365234,-0.029610823839902878,0.015264410525560379,0.06826461851596832,0.0052789077162742615,-0.9733635783195496,-0.04896722733974457,0.00013734027743339539,-0.0010098172351717949,0.09106022864580154,-0.0652230903506279,0.001556631177663803,-0.08314350992441177,-0.007847492583096027,0.003239324316382408,0.09073013067245483,-0.030491018667817116,0.007067326456308365,-0.003460436128079891,-0.0026885312981903553,0.001033552922308445,0.006050072610378265,0.07683619111776352,0.09222100675106049,-0.0005247239023447037,-0.19711479544639587,-0.004371561575680971,-0.0006202515214681625,0.0028653591871261597,-0.0926797166466713,-0.07422875612974167,0.016514776274561882,0.19863013923168182,0.010585308074951172,0.01540340669453144,-0.01988213136792183,-0.07727609574794769,0.04753723368048668,-0.026024742051959038,-0.0679454430937767,0.0587095282971859,0.08616659790277481,-0.03995043784379959,-0.006374543998390436,-0.019010281190276146,-0.057083167135715485,0.018339073285460472,-0.07081793993711472,0.07525291293859482,0.062120821326971054,-0.019450997933745384,-0.02188183180987835,-0.050961922854185104,0.015527981333434582,0.0014388085110113025,0.001440757536329329,0.02058549039065838,0.03853180631995201,0.03090188466012478,-0.01915041171014309,-0.0009134948486462235,-0.02313326671719551,-0.06976308673620224,-0.023509478196501732,-0.15634126961231232,0.1654892861843109,-0.03972102701663971,0.3953620195388794,0.2030179649591446,0.290583997964859,-0.07204873114824295,-0.550539493560791,0.07521720230579376,0.5126192569732666,0.40762779116630554,-0.11954028904438019,0.041538309305906296,0.2753724157810211,-0.43079623579978943,-0.12774209678173065,0.41762274503707886,0.24643903970718384,-0.2932862341403961,-0.7763682007789612,0.06108254939317703,-0.16290625929832458,-0.49981385469436646,-0.6248868703842163,-0.39288827776908875,-0.4440896213054657,0.9109312295913696,-0.6486395597457886,0.06191825866699219,0.0,-0.0,-0.0
0.019445914775133133,-0.06416724622249603,-0.0280892513692379,0.06142779812216759,0.029080841690301895,-1.044965386390686,-0.051007114350795746,0.010597184300422668,-0.002553020603954792,0.09872516244649887,-0.07332777976989746,-0.005383032374083996,-0.09276528656482697,0.006957724690437317,-0.001554405316710472,0.1014600396156311,-0.030591482296586037,0.001028396189212799,-0.0057346271350979805,0.006445053964853287,-0.0023419358767569065,-0.0041625299490988255,0.0789487361907959,0.08840706199407578,0.003699289634823799,-0.21612274646759033,0.004116145893931389,-0.005081937648355961,-0.004522162955254316,-0.09833350777626038,-0.09427665174007416,-0.013043917715549469,0.2079339474439621,0.002542216330766678,0.0003096871078014374,-0.058978188782930374,0.07940949499607086,-0.041348110884428024,0.058162737637758255,0.009964513592422009,-0.0206143856048584,-0.053819943219423294,-0.053415972739458084,-0.05601290613412857,0.05259224399924278,0.04868762567639351,0.011727041564881802,-0.04228876158595085,0.01358295138925314,0.011431205086410046,-0.009116286411881447,-0.03048359788954258,0.02081570029258728,-0.04276427626609802,-0.004668903537094593,0.05114845186471939,-0.04664772376418114,-0.008770543150603771,0.029422283172607422,-0.007232618518173695,-0.05745534971356392,0.0022971988655626774,0.017849987372756004,0.05161077901721001,-0.08475038409233093,0.5939809679985046,-0.13952088356018066,0.5552154779434204,0.5015532374382019,0.09236796945333481,-0.018426723778247833,-0.177897110581398,-0.0008884705603122711,0.6596119403839111,0.6880730390548706,-0.25543075799942017,0.03020862117409706,-0.27510133385658264,-0.5302400588989258,-0.32045188546180725,0.6744080185890198,0.6496638059616089,-0.28873389959335327,-0.9178067445755005,-0.2563059329986572,-0.010865870863199234,-0.37188804149627686,-0.5728607773780823,-0.5820433497428894,-0.3658500015735626,0.8331056237220764,-0.1987706869840622,-0.08616903424263,0.0,-0.0,-0.0
-0.05121046304702759,-0.01805007830262184,0.0033720768988132477,0.0205610953271389,0.01649685576558113,-0.9726888537406921,-0.03975440561771393,0.0042308298870921135,-0.0021010376513004303,0.10183454304933548,-0.07789444923400879,0.000822889618575573,-0.0836201086640358,-0.009461906738579273,0.005669880658388138,0.09549767524003983,-0.032992735505104065,-0.003539679106324911,0.00195893831551075,-0.01119296345859766,-0.0009431038051843643,0.01119530200958252,0.08874291926622391,0.08187861740589142,0.009015997871756554,-0.20942290127277374,-0.009255871176719666,0.00442422553896904,0.0006795730441808701,-0.08771562576293945,-0.07964711636304855,-0.000742039643228054,0.20066682994365692,-0.006154593545943499,-0.011133971624076366,0.02020629681646824,-0.021109485998749733,-0.012986361980438232,-0.000958049320615828,-0.02261216752231121,-0.01971215009689331,0.04014796018600464,-0.027479683980345726,-0.05387575179338455,-0.03238806873559952,-0.03667503967881203,-0.02898508869111538,0.0029134273063391447,0.05597003921866417,-0.0013120531802996993,-0.06168731674551964,-0.009038037620484829,-0.06628991663455963,0.06135585531592369,0.015400695614516735,-0.019406450912356377,0.04479121044278145,-0.08569569140672684,0.02651188336312771,0.049928437918424606,0.00042531490908004344,-0.020209431648254395,0.026910055428743362,-0.024940699338912964,-0.1394699215888977,0.21027785539627075,-0.04401978850364685,0.39437437057495117,0.32848793268203735,0.2371593415737152,0.05990432947874069,-0.4182766377925873,0.09473800659179688,0.5713799595832825,0.38157838582992554,-0.08667038381099701,0.03465784713625908,0.05358188599348068,-0.48935991525650024,-0.1827235072851181,0.6421496868133545,0.5248939990997314,-0.24229338765144348,-0.7905763387680054,-0.3486038148403168,0.13235528767108917,-0.11309691518545151,-0.6485650539398193,-0.5414418578147888,-0.05887291952967644,0.6898079514503479,-0.09232796728610992,-0.19690924882888794,0.0,-0.0,-0.0
-0.04729677736759186,-0.02249903604388237,0.004276234656572342,0.05856412276625633,0.038442377001047134,-0.9522961378097534,-0.04129205644130707,0.0061949193477630615,0.0038034580647945404,0.10414359718561172,-0.07971037924289703,-0.016281262040138245,-0.08685477823019028,-0.0006729802116751671,-0.006324375048279762,0.10364341735839844,-0.026757119223475456,0.009573610499501228,-0.008807114325463772,-0.009681861847639084,-0.009084172546863556,0.008708355948328972,0.09437984973192215,0.10558588057756424,0.00401967391371727,-0.19874846935272217,-0.008022572845220566,-0.02241808921098709,-0.01098577305674553,-0.10553091019392014,-0.09384802728891373,-0.006190314423292875,0.19441337883472443,0.010617028921842575,-0.0056899543851614,0.04717227444052696,-0.02466309629380703,0.035956382751464844,0.05346503481268883,-0.0186696108430624,-0.07403258979320526,-0.06780867278575897,-0.05271654203534126,-0.029919220134615898,0.04533759504556656,-0.013003152795135975,-0.003804367734119296,0.07101614773273468,0.029973125085234642,-0.0718466117978096,-0.0778854712843895,-0.041757579892873764,0.10299556702375412,-0.06222381070256233,0.009074926376342773,-0.05014793202280998,-0.09284830093383789,-0.05006333068013191,0.04617676883935928,-0.0014008403522893786,-0.01850036345422268,-0.0015507697826251388,0.05028846487402916,0.055886637419462204,-0.08084981888532639,0.33911561965942383,-0.03940533101558685,0.4835127592086792,0.40936213731765747,0.04313763231039047,-0.1470630168914795,-0.2502777874469757,0.05448531731963158,0.5245085954666138,0.5209810137748718,-0.22743366658687592,-0.01501530036330223,-0.0307910218834877,-0.30647826194763184,-0.2619861662387848,0.6036229729652405,0.7058790922164917,-0.3750585615634918,-0.8269051313400269,-0.1851213574409485,-0.10332730412483215,0.0030708611011505127,-0.6460294127464294,-0.6146749258041382,-0.19659100472927094,0.7278854250907898,-0.059671878814697266,0.0793987512588501,0.0,-0.0,-0.0
0.0004432462155818939,0.039009761065244675,0.0736873596906662,0.06146908923983574,-0.047921355813741684,-0.9969801306724548,-0.03416459262371063,0.018629267811775208,-0.016920166090130806,0.10268864035606384,-0.08192756026983261,-0.01764272153377533,-0.0835772454738617,0.007922818884253502,0.002283296547830105,0.08866629004478455,-0.03864603489637375,-0.0007579540833830833,0.011276306584477425,-0.026790790259838104,-0.0035389941185712814,0.0075396280735731125,0.08877314627170563,0.08887584507465363,0.014204371720552444,-0.2031327784061432,-0.001730448566377163,0.007690321654081345,-0.0029535582289099693,-0.1126142367720604,-0.10619999468326569,0.012714741751551628,0.196061372756958,-0.014501613564789295,-0.004664575215429068,0.05568103864789009,0.07599933445453644,0.05550659820437431,0.05825967714190483,-0.06947348266839981,0.04254034906625748,0.04885948821902275,-0.0636543333530426,-0.04957199469208717,0.03208833932876587,-0.0528741255402565,-0.04378350079059601,0.0547078512609005,-0.08028306812047958,-0.07161672413349152,-0.02246577851474285,-0.04431980848312378,-0.02981523983180523,-0.012502509169280529,0.045794833451509476,-0.04398996755480766,0.05087564140558243,0.09102671593427658,-0.049489714205265045,-0.0141887366771698,-0.033220019191503525,-0.020781105384230614,0.046772170811891556,0.016411084681749344,-0.10886356234550476,0.17144420742988586,-0.04919449985027313,0.45106416940689087,0.27097582817077637,0.07385333627462387,-0.22376695275306702,-0.2596222460269928,0.02026662603020668,0.4368230998516083,0.49660027027130127,-0.33115652203559875,0.016192704439163208,0.04321684688329697,-0.182949036359787,-0.11435985565185547,0.38367587327957153,0.2654348909854889,-0.13003551959991455,-0.8713891506195068,0.09609074145555496,0.29418042302131653,-0.02799350768327713,-0.5153769254684448,-0.34557223320007324,-0.039193060249090195,0.7739665508270264,-0.169631227850914,-0.05844547599554062,0.0,-0.0,-0.0
-0.022977881133556366,0.020965661853551865,-0.010990332812070847,-0.02566288225352764,0.016182269901037216,-0.9557662606239319,-0.035232409834861755,0.009175516664981842,-0.012722739949822426,0.08772710710763931,-0.07272898405790329,-0.01732552982866764,-0.0907430425286293,0.0035546468570828438,-0.005499701481312513,0.098427914083004,-0.0308664683252573,0.00885586068034172,0.01206127554178238,-0.01910330168902874,-0.0001995442435145378,0.006757078692317009,0.1035873144865036,0.11043382436037064,0.01037965714931488,-0.20206457376480103,0.012513311579823494,0.00808446854352951,-0.01291281171143055,-0.11331825703382492,-0.10100392997264862,0.020825287327170372,0.19338034093379974,-0.00033919699490070343,-0.0017531001940369606,-0.028979962691664696,-0.07134056091308594,0.02120259962975979,-0.04526076093316078,0.025618720799684525,0.0725393071770668,-0.061958204954862595,0.05831792578101158,-0.025332331657409668,0.021698659285902977,-0.08044693619012833,0.02697284333407879,0.02213602140545845,0.02696809731423855,0.05696430429816246,0.07653536647558212,0.037872422486543655,0.014740193262696266,-0.06933105736970901,-0.05137684941291809,0.013848036527633667,-0.05226857587695122,-0.03711128234863281,0.06707830727100372,-0.036026325076818466,0.01365768350660801,0.03025163523852825,-0.06496119499206543,-0.0666293352842331,-0.05327028036117554,-0.07692369073629379,-0.0089655676856637,0.44277429580688477,0.6113132238388062,-0.08392631262540817,-0.27691182494163513,-0.3565021753311157,0.0883980244398117,0.6581456661224365,0.8716282248497009,-0.31960558891296387,-0.0022377483546733856,0.6977758407592773,-0.2524988055229187,-0.34556844830513,0.6545363068580627,0.5737888216972351,-0.3711640238761902,-0.7756845355033875,-0.13070540130138397,-0.17767946422100067,-0.41412559151649475,-0.2432146519422531,-0.36042317748069763,-0.16023299098014832,0.8374945521354675,-0.1949710100889206,0.024666815996170044,0.0,-0.0,-0.0
0.01622701808810234,-0.019549161195755005,-0.05188513174653053,0.04094759747385979,0.014852482825517654,-1.0315569639205933,-0.029501445591449738,-0.00022551324218511581,-0.009069149382412434,0.08986552804708481,-0.08215224742889404,-0.016125302761793137,-0.08186789602041245,0.009242955595254898,1.2043863534927368e-05,0.09247760474681854,-0.03412114456295967,0.006337065249681473,0.011770050972700119,-0.00796777755022049,0.002169491723179817,0.009324440732598305,0.10729162395000458,0.11849939078092575,0.01094394363462925,-0.21195338666439056,0.002843105234205723,0.012398818507790565,-0.0008226148784160614,-0.10455433279275894,-0.10990245640277863,-0.016877200454473495,0.18713834881782532,0.01100032590329647,-0.0038613034412264824,-0.01049389224499464,0.04823880270123482,0.03603280708193779,0.04774172231554985,-0.03793908283114433,-0.024066423997282982,0.08233250677585602,0.06136223301291466,0.07461944967508316,0.028696918860077858,-0.05319364741444588,0.0004485905228648335,0.053703535348176956,0.004892230033874512,0.02037777379155159,0.0055013420060276985,-0.018342042341828346,-0.06918946653604507,0.03896644338965416,-0.017183750867843628,-0.08846878260374069,-0.01655564270913601,0.08961375057697296,-0.03577033430337906,0.037569310516119,-0.09091272950172424,0.04186593368649483,-0.05072193965315819,-0.05111844092607498,0.10395616292953491,0.08003247529268265,0.01806066930294037,0.49414944648742676,0.4042239189147949,-0.11392533779144287,-0.027967222034931183,-0.2821209132671356,0.04649268463253975,0.5770801901817322,0.7964116334915161,-0.42493104934692383,0.028910372406244278,0.14309071004390717,-0.5405442714691162,-0.4240988790988922,0.2972632050514221,0.3378332853317261,-0.3117434084415436,-0.8418231010437012,-0.302069753408432,0.0046156831085681915,-0.10963565856218338,-0.4885668158531189,-0.267703115940094,-0.4014575183391571,0.7918329238891602,-0.025610165670514107,0.167378231883049,0.0,-0.0,-0.0
-0.022793548181653023,-0.0019206851720809937,-0.0165349543094635,0.0635162889957428,0.032410282641649246,-0.966797411441803,-0.024952050298452377,0.009497787803411484,-0.011537323705852032,0.08799992501735687,-0.07091917097568512,-0.008904408663511276,-0.08443636447191238,0.0037212613970041275,-0.00025450997054576874,0.09247230738401413,-0.045501984655857086,0.006630672141909599,-0.008686201646924019,0.0018171072006225586,0.018917890265583992,0.007907386869192123,0.090833880007267,0.12805499136447906,0.010638274252414703,-0.1964188814163208,-0.009497123770415783,0.0006851581856608391,-0.014802136458456516,-0.1135345995426178,-0.09748683869838715,0.012957759201526642,0.20262275636196136,-0.015912769362330437,0.004466471262276173,0.059022463858127594,-0.05685792118310928,1.3065337952866685e-05,-0.041585080325603485,0.02557394467294216,-0.05011635646224022,0.06849012523889542,-0.016671568155288696,-0.0357511080801487,-0.07013825327157974,0.008493131957948208,0.05573318153619766,0.02436394803225994,-0.025569725781679153,0.06464960426092148,0.00017649531946517527,0.04888883978128433,-0.03063708357512951,0.03137397766113281,0.05460851266980171,-0.032337676733732224,-0.07078566402196884,-0.046779271215200424,-0.01090149860829115,-0.030717743560671806,0.1195007711648941,0.04600217565894127,-0.07832052558660507,0.056353699415922165,0.0775623768568039,0.2766493558883667,-0.021999835968017578,0.48641812801361084,0.5535832643508911,0.15389728546142578,-0.11655477434396744,-0.3711791932582855,0.041801128536462784,0.6026307344436646,0.8767397403717041,-0.24147610366344452,-0.0968518853187561,0.09623900800943375,-0.45568743348121643,-0.45291921496391296,0.4866143465042114,0.44348329305648804,-0.46591103076934814,-0.7750170826911926,-0.16545403003692627,-0.05441011115908623,-0.3572860360145569,-0.408125102519989,-0.4354681372642517,0.1286250203847885,0.8329440355300903,-0.13195998966693878,0.12359923124313354,0.0,-0.0,-0.0
0.029074255377054214,-0.01935175061225891,0.03054136410355568,0.0473090298473835,0.005381688475608826,-0.9983419179916382,-0.027247728779911995,-0.0006549376994371414,-0.017506945878267288,0.09968558698892593,-0.08070488274097443,0.0030308738350868225,-0.07658720016479492,4.2698346078395844e-05,-0.005179369356483221,0.10043539851903915,-0.028357692062854767,0.006390150636434555,-0.0040769134648144245,0.009231453761458397,0.00907948985695839,-0.007188352290540934,0.09292423725128174,0.11177162081003189,0.004971097223460674,-0.20419713854789734,0.012525791302323341,0.012098079547286034,0.006902620196342468,-0.09254089742898941,-0.11227596551179886,-0.007064928766340017,0.19401133060455322,0.023645443841814995,0.009743712842464447,-0.055401384830474854,-0.01913630962371826,-0.044279757887125015,0.08969972282648087,-0.015306318178772926,-0.044607389718294144,0.0760921761393547,0.06911535561084747,-0.01633063517510891,0.02249281480908394,-0.05464736744761467,0.022134119644761086,-0.046453800052404404,-0.026979202404618263,-0.00737802404910326,-0.03298883140087128,-0.04808204248547554,0.035732924938201904,-0.049969978630542755,-0.0525338239967823,0.09128981083631516,-0.059861648827791214,0.0319194458425045,0.07817748934030533,0.04445798322558403,0.005751955788582563,0.004689324181526899,0.03478353098034859,-0.029964549466967583,0.13059984147548676,0.2823072671890259,-0.05243521183729172,0.6734786629676819,0.9351742267608643,0.115464948117733,0.2232147753238678,-0.3665878474712372,0.05787847563624382,0.8226785659790039,1.1146020889282227,-0.21617107093334198,-0.0033611170947551727,0.03929034620523453,-0.7133760452270508,-0.42718935012817383,0.35697174072265625,0.2989726662635803,-0.3940832018852234,-0.920059084892273,-0.06499320268630981,-0.0011697374284267426,-0.02956647425889969,-0.2838125228881836,-0.38331782817840576,-0.4854624569416046,0.7390726208686829,0.09375045448541641,0.00868445634841919,0.0,-0.0,-0.0
0.03496745601296425,-0.0956856831908226,0.02174907550215721,0.008932255208492279,-0.04163488745689392,-0.9809912443161011,-0.03741822391748428,0.00354559812694788,-0.01527178194373846,0.09030009806156158,-0.07928043603897095,-0.0071437768638134,-0.07682815194129944,-0.01519309263676405,-0.008128947578370571,0.10240430384874344,-0.032807447016239166,0.002776556648313999,-0.009443084709346294,0.017181577160954475,0.01387087069451809,0.006522441282868385,0.10143592953681946,0.0967392548918724,0.014324558898806572,-0.20003440976142883,-0.018268529325723648,5.493685603141785e-05,-0.008424109779298306,-0.09121140837669373,-0.10050085186958313,0.0007998161017894745,0.20428858697414398,-0.006807636935263872,-0.0060497550293803215,-0.03193998336791992,-0.007598763797432184,-0.014251804910600185,0.03250829130411148,0.010880881920456886,-0.03272958844900131,0.016499949619174004,0.050437700003385544,0.06510769575834274,0.04147198423743248,0.017631297931075096,-0.0567348375916481,0.05526050552725792,0.0779644176363945,-0.024553513154387474,-0.02663727104663849,-0.04099692404270172,0.017016971483826637,0.04476587846875191,-0.027853602543473244,-0.11444034427404404,0.013030505739152431,0.02031639777123928,0.057998526841402054,-0.01454703789204359,-0.010381245985627174,0.006460273172706366,-0.11513739824295044,-0.02659648098051548,-0.0749523937702179,0.44407033920288086,-0.01144848857074976,0.4531434178352356,0.5933210849761963,0.2061356008052826,0.1221960112452507,-0.28121617436408997,-0.0007097460329532623,0.6879333257675171,0.8315642476081848,-0.1527733951807022,-0.011794053018093109,-0.14003673195838928,-0.4783954918384552,-0.0859343633055687,0.5654746890068054,0.4048806130886078,-0.16552908718585968,-0.7770946025848389,-0.4450775980949402,-0.107609823346138,-0.42740896344184875,-0.720714271068573,-0.47687962651252747,-0.1946321278810501,0.8171985745429993,-0.48336949944496155,-0.08180443942546844,0.0,-0.0,-0.0
0.016264203935861588,0.09555782377719879,0.02809780463576317,-0.014827325940132141,0.02670734003186226,-1.0199869871139526,-0.02983786351978779,0.011372191831469536,-0.00995010044425726,0.09823437035083771,-0.08070682734251022,0.005384551361203194,-0.06259215623140335,-0.004716780036687851,-0.0031828670762479305,0.10650607198476791,-0.03807172179222107,0.01305445283651352,0.005350180901587009,0.0260054599493742,0.011510038748383522,0.0032520294189453125,0.10063488036394119,0.08815109729766846,0.003441878594458103,-0.2135963886976242,0.009121736511588097,-0.012972896918654442,0.017375048249959946,-0.10196010023355484,-0.09741617739200592,0.00777040421962738,0.19929185509681702,0.023203657940030098,0.0034178001806139946,-0.004407024476677179,-0.018790317699313164,-0.03155330941081047,-0.08017238229513168,0.018032073974609375,0.056075215339660645,-0.0019443988567218184,-0.04999222233891487,0.02297845482826233,0.07249462604522705,-0.04894847422838211,-0.03743037208914757,-0.019447429105639458,-0.08804845809936523,-0.078232042491436,0.08292259275913239,0.04826560243964195,-0.057990994304418564,-0.09402256458997726,0.05251547321677208,0.06381243467330933,0.06708311289548874,0.03892038017511368,-0.025032615289092064,0.0358453169465065,0.012638396583497524,0.03241569921374321,0.00296612991951406,0.06943555176258087,0.08086435496807098,0.3602791428565979,-0.07653933763504028,0.46497994661331177,0.5085173845291138,0.3372988700866699,-0.09299836307764053,-0.07526089251041412,0.00436173751950264,0.5581647157669067,0.45890337228775024,0.2059122622013092,-0.07446573674678802,-0.5342706441879272,-0.49336060881614685,-0.2705078125,0.4544575810432434,0.43868371844291687,-0.3739812672138214,-0.8494732975959778,0.15114858746528625,-0.021156230941414833,-0.1691664755344391,-0.6895100474357605,-0.4503962993621826,-0.299508273601532,0.6965869069099426,0.1386253535747528,0.08088693022727966,0.0,-0.0,-0.0
