action_0,target_dof_pos_0,qj0,dqj0,action_1,target_dof_pos_1,qj1,dqj1,action_2,target_dof_pos_2,qj2,dqj2,action_3,target_dof_pos_3,qj3,dqj3,action_4,target_dof_pos_4,qj4,dqj4,action_5,target_dof_pos_5,qj5,dqj5,action_6,target_dof_pos_6,qj6,dqj6,action_7,target_dof_pos_7,qj7,dqj7,action_8,target_dof_pos_8,qj8,dqj8,action_9,target_dof_pos_9,qj9,dqj9,action_10,target_dof_pos_10,qj10,dqj10,action_11,target_dof_pos_11,qj11,dqj11,action_12,target_dof_pos_12,qj12,dqj12,action_13,target_dof_pos_13,qj13,dqj13,action_14,target_dof_pos_14,qj14,dqj14,action_15,target_dof_pos_15,qj15,dqj15,action_16,target_dof_pos_16,qj16,dqj16,action_17,target_dof_pos_17,qj17,dqj17,action_18,target_dof_pos_18,qj18,dqj18,action_19,target_dof_pos_19,qj19,dqj19,action_20,target_dof_pos_20,qj20,dqj20,action_21,target_dof_pos_21,qj21,dqj21,action_22,target_dof_pos_22,qj22,dqj22,action_23,target_dof_pos_23,qj23,dqj23,action_24,target_dof_pos_24,qj24,dqj24,action_25,target_dof_pos_25,qj25,dqj25,action_26,target_dof_pos_26,qj26,dqj26,action_27,target_dof_pos_27,qj27,dqj27,action_28,target_dof_pos_28,qj28,dqj28,left_ankle_roll_force,right_ankle_roll_force,double_ankle_roll_force
-0.1926918774843216,-0.0481729693710804,0.007109921425580978,-0.06567610800266266,-0.3579237461090088,-0.0894809365272522,0.00040108058601617813,-0.011332369409501553,0.06653888523578644,0.01663472130894661,-0.011884412728250027,0.02953975275158882,0.6006776094436646,0.15016940236091614,-0.009822416119277477,-0.06721480190753937,-0.05851532518863678,-0.014628831297159195,-0.0013111596927046776,0.05860254913568497,-0.32105088233947754,-0.08026272058486938,-0.006539860274642706,-0.036214280873537064,-0.3490622043609619,-0.08726555109024048,0.0029478054493665695,-0.05635947734117508,0.08153316378593445,0.020383290946483612,-0.0077545493841171265,0.02628021314740181,-0.05684107914566994,-0.014210269786417484,-0.002816655207425356,-0.06680561602115631,0.7800641059875488,0.1950160264968872,-0.006186291575431824,-0.07001286000013351,-0.2979770302772522,-0.07449425756931305,-0.0075888680294156075,-0.0282819252461195,-0.15568983554840088,-0.03892245888710022,0.003005826845765114,0.04281437397003174,-0.04210297763347626,-0.010525744408369064,0.0023681307211518288,-0.058679986745119095,-0.006786555051803589,-0.0016966387629508972,0.0039329128339886665,0.06316639482975006,0.13345034420490265,0.03336258605122566,-0.008490141481161118,-0.0785602256655693,0.44173920154571533,0.11043480038642883,-0.0061940415762364864,-0.049600448459386826,1.2269086837768555,0.30672717094421387,0.02038431167602539,0.0507417693734169,0.11918145418167114,0.029795363545417786,-0.013819407671689987,-0.04669606313109398,1.5567909479141235,0.3891977369785309,0.0376308336853981,0.29289600253105164,-0.19315288960933685,-0.04828822240233421,-0.006811198312789202,-0.06892621517181396,0.20423321425914764,0.05105830356478691,-0.004195923916995525,-0.015056085772812366,-0.021860811859369278,-0.0054652029648423195,-0.0024636187590658665,0.035979438573122025,0.2907788157463074,0.07269470393657684,-0.011075624264776707,-0.03034081496298313,-1.3006274700164795,-0.3251568675041199,-0.012221911922097206,-0.1704227477312088,-0.14313733577728271,-0.03578433394432068,0.01297813095152378,0.04253869131207466,1.854721188545227,0.46368029713630676,0.04603944718837738,0.34128400683403015,0.01323796808719635,0.0033094920217990875,0.006297603249549866,-0.03146273270249367,0.10536523163318634,0.026341307908296585,-0.010630202479660511,-0.029565155506134033,-0.05534953996539116,-0.01383738499134779,-0.005264892242848873,-0.07147359102964401,0,0,0
-0.29901906847953796,-0.07475476711988449,-0.03606969863176346,-0.08192668855190277,0.281599223613739,0.07039980590343475,0.004083661362528801,-0.10540957748889923,-0.10794416069984436,-0.02698604017496109,-0.009765458293259144,-0.03956214338541031,0.5330643653869629,0.13326609134674072,0.052356377243995667,0.11234400421380997,0.43287956714630127,0.10821989178657532,-0.03671562671661377,-0.029919499531388283,-0.10411545634269714,-0.026028864085674286,-0.02916840650141239,0.04433323070406914,-0.03226900100708008,-0.00806725025177002,-0.03900653123855591,-0.17889416217803955,-0.022494137287139893,-0.005623534321784973,0.0003478648141026497,0.027483880519866943,-0.15169569849967957,-0.03792392462491989,0.002050945535302162,0.05068652704358101,0.7327136993408203,0.18317842483520508,0.06817200034856796,0.24922768771648407,-0.22131206095218658,-0.055328015238046646,-0.04715632647275925,-0.2729557454586029,-0.334735244512558,-0.0836838111281395,-0.011595071293413639,0.0729743018746376,0.0030275434255599976,0.0007568858563899994,-0.010786980390548706,0.018768632784485817,-0.35781699419021606,-0.08945424854755402,-0.003431066870689392,0.009824740700423717,0.3017224669456482,0.07543061673641205,-0.03697417676448822,-0.05017036199569702,0.46522313356399536,0.11630578339099884,-0.028650576248764992,-0.11960490047931671,1.6761806011199951,0.4190451502799988,0.09186049550771713,0.21972636878490448,0.1701955795288086,0.04254889488220215,-0.04168657958507538,-0.0365920253098011,2.1216235160827637,0.5304058790206909,0.1854487657546997,0.34120866656303406,0.0892738327383995,0.022318458184599876,-0.011475344188511372,0.05179315805435181,0.09937728941440582,0.024844322353601456,-0.01775149255990982,-0.02029712311923504,0.03835884854197502,0.009589712135493755,-0.0010858401656150818,-0.0441288985311985,0.5551596879959106,0.13878992199897766,-0.03995136916637421,-0.021311718970537186,-1.5815229415893555,-0.39538073539733887,-0.08978695422410965,-0.1393330842256546,-0.2580142617225647,-0.06450356543064117,0.03823995590209961,0.08678507059812546,2.3305718898773193,0.5826429724693298,0.22165268659591675,0.3622683584690094,-0.02423463761806488,-0.00605865940451622,-0.011071701534092426,0.0013694524532184005,0.288950651884079,0.07223766297101974,-0.012494375929236412,0.05844919756054878,0.027217160910367966,0.006804290227591991,-0.0056083109229803085,0.0638074278831482,0,0,0
-0.39864322543144226,-0.09966080635786057,-0.03337758034467697,-0.012453466653823853,0.23911245167255402,0.059778112918138504,0.002050556242465973,0.03289203718304634,-0.12727630138397217,-0.03181907534599304,-0.010078071616590023,0.03302356228232384,0.6459546685218811,0.16148866713047028,0.09520991891622543,0.1397230178117752,0.40145164728164673,0.10036291182041168,-0.04449284076690674,-0.12943078577518463,0.0010010004043579102,0.00025025010108947754,-0.006427348591387272,-0.049544598907232285,0.06424856185913086,0.016062140464782715,-0.039308059960603714,0.08109438419342041,0.007332921028137207,0.0018332302570343018,-0.004536099266260862,0.011003500781953335,-0.0401654876768589,-0.010041371919214725,-0.0005149226635694504,0.024718349799513817,0.9049440026283264,0.2262360006570816,0.1271849423646927,0.07608971744775772,0.400158166885376,0.100039541721344,-0.08376049250364304,-0.12598437070846558,-0.44905713200569153,-0.11226428300142288,-0.009801983833312988,0.04726020246744156,0.21836496889591217,0.05459124222397804,0.002920938655734062,-0.04133016988635063,-0.13432854413986206,-0.033582136034965515,-0.002750540152192116,0.02551851235330105,0.18258213996887207,0.04564553499221802,-0.022460121661424637,0.04869840294122696,0.6826903223991394,0.17067258059978485,-0.03614787757396698,-0.06329977512359619,1.4077084064483643,0.35192710161209106,0.16978995501995087,0.1406451016664505,0.13408605754375458,0.033521514385938644,-0.044023849070072174,-0.010302240028977394,2.6171183586120605,0.6542795896530151,0.34729883074760437,0.38978344202041626,0.07549003511667252,0.01887250877916813,0.010308731347322464,0.024916792288422585,0.112772136926651,0.02819303423166275,-0.010349038988351822,-0.015913361683487892,0.046862196177244186,0.011715549044311047,-0.005828526336699724,-0.04192350432276726,0.402535080909729,0.10063377022743225,-0.036252252757549286,0.05741920694708824,-1.239176869392395,-0.30979421734809875,-0.15550608932971954,-0.16617105901241302,-0.13676485419273376,-0.03419121354818344,0.034245096147060394,-0.0007974982145242393,2.579854726791382,0.6449636816978455,0.3860757648944855,0.4461522102355957,0.011596091091632843,0.0028990227729082108,-0.007271333131939173,-0.06669580936431885,0.16574358940124512,0.04143589735031128,0.000978667289018631,0.08720262348651886,-0.057991672307252884,-0.014497918076813221,0.004587466828525066,0.018447304144501686,0,0,1
-0.19656969606876373,-0.04914242401719093,-0.026386506855487823,-0.056222379207611084,0.002040460705757141,0.0005101151764392853,-0.012665875256061554,0.003785032080486417,-0.02571212872862816,-0.00642803218215704,-0.026794778183102608,-0.03178824856877327,0.6149295568466187,0.15373238921165466,0.11954053491353989,0.14277644455432892,0.30781877040863037,0.07695469260215759,-0.06540289521217346,-0.009013223461806774,0.10592204332351685,0.02648051083087921,-0.006944358814507723,0.04744305834174156,-0.027956485748291016,-0.006989121437072754,-0.03959696739912033,-0.0556621327996254,-0.10312724113464355,-0.02578181028366089,0.0044846367090940475,0.009346532635390759,0.0013737641274929047,0.00034344103187322617,-0.025598784908652306,-0.02934662066400051,0.892454981803894,0.2231137454509735,0.1590365469455719,0.13940095901489258,0.589017927646637,0.14725448191165924,-0.09719182550907135,0.015901047736406326,-0.4929908215999603,-0.12324770539999008,-0.01294639054685831,0.037095796316862106,0.23044203221797943,0.05761050805449486,-0.002604728564620018,0.012430369853973389,-0.0196254700422287,-0.004906367510557175,-0.022863484919071198,-0.031027251854538918,0.005875080823898315,0.0014687702059745789,0.013073334470391273,-0.011637401767075062,0.738251268863678,0.1845628172159195,-0.01279205922037363,0.08445139974355698,0.9785363674163818,0.24463409185409546,0.22935496270656586,0.12141191214323044,-0.0002717655152082443,-6.794137880206108e-05,-0.034357570111751556,0.05542644485831261,2.8744921684265137,0.7186230421066284,0.48709750175476074,0.3361966609954834,0.0471915528178215,0.011797888204455376,0.004681110382080078,-0.01667182520031929,0.02547144889831543,0.006367862224578857,0.0038994261994957924,-0.06649743765592575,0.02893030270934105,0.007232575677335262,-0.001168305054306984,-0.05780595541000366,0.41701871156692505,0.10425467789173126,-0.005853151902556419,0.06827731430530548,-0.8713306188583374,-0.21783265471458435,-0.19828005135059357,-0.03810359165072441,-0.0009598955512046814,-0.00023997388780117035,0.015243632718920708,-0.10260110348463058,2.9370265007019043,0.7342566251754761,0.5238258242607117,0.36992716789245605,-0.007282663136720657,-0.0018206657841801643,0.00010375026613473892,-0.002067351480945945,0.03991885110735893,0.009979712776839733,0.02110745944082737,-0.008048564195632935,0.03231291472911835,0.008078228682279587,0.012238448485732079,0.002481138799339533,0,0,1
-0.24836450815200806,-0.062091127038002014,-0.03147454187273979,0.008591544814407825,-0.1256789118051529,-0.03141972795128822,-0.010421009734272957,0.0697355791926384,-0.06210679933428764,-0.01552669983357191,-0.0127560431137681,-0.007205653470009565,0.598572850227356,0.149643212556839,0.143293097615242,0.09709284454584122,0.02863924205303192,0.00715981051325798,-0.08525998145341873,-0.07767850160598755,0.17740309238433838,0.044350773096084595,-0.004380048252642155,-0.006229239981621504,0.1666843593120575,0.041671089828014374,-0.050890229642391205,-0.011052751913666725,-0.2530617117881775,-0.06326542794704437,-0.011360110715031624,0.06763824075460434,0.0007277391850948334,0.00018193479627370834,-0.0008576270192861557,-0.008126390166580677,0.8714315891265869,0.21785789728164673,0.1845400035381317,0.04600783810019493,0.3865742087364197,0.09664355218410492,-0.12516310811042786,-0.006437850184738636,-0.4845922291278839,-0.12114805728197098,-0.007624538149684668,-0.06063982844352722,0.04085366427898407,0.010213416069746017,0.007738025858998299,0.12091872841119766,0.06428562104701996,0.01607140526175499,-0.02232484519481659,-0.04427148774266243,-0.10695374757051468,-0.02673843689262867,0.03290823847055435,-0.004989242646843195,0.6339248418807983,0.15848121047019958,0.030709320679306984,0.1996595412492752,0.8444676399230957,0.21111690998077393,0.26158589124679565,0.09401259571313858,-0.0817980170249939,-0.020449504256248474,-0.013125021941959858,-0.016912097111344337,2.9445719718933105,0.7361429929733276,0.6168956160545349,0.3078303039073944,0.10707955807447433,0.026769889518618584,0.012395249679684639,0.033436086028814316,-0.023729361593723297,-0.005932340398430824,0.0007249554619193077,0.018151069059967995,0.00419476255774498,0.001048690639436245,-0.0003904839977622032,0.025169719010591507,0.5711761713027954,0.14279404282569885,0.05359391123056412,0.17695944011211395,-0.8955510258674622,-0.22388775646686554,-0.24398303031921387,-0.06819549202919006,0.010887688025832176,0.002721922006458044,-0.005682309158146381,0.008256101980805397,3.1288533210754395,0.7822133302688599,0.6442874670028687,0.20509207248687744,-0.012264367192983627,-0.003066091798245907,-0.012511561624705791,-0.06091289594769478,-0.02176937460899353,-0.005442343652248383,0.01728854887187481,-0.05423684045672417,0.03138938173651695,0.007847345434129238,0.004348830319941044,0.06596789509057999,0,0,1
-0.09070038795471191,-0.02267509698867798,-0.03849894553422928,0.027405155822634697,-0.1002105325460434,-0.02505263313651085,-0.0013705063611268997,0.0278517734259367,-0.07527093589305878,-0.018817733973264694,-0.02143912762403488,-0.0367954857647419,0.6089285612106323,0.15223214030265808,0.1546744555234909,0.09106197208166122,0.0941074937582016,0.0235268734395504,-0.10148800909519196,-0.059070196002721786,0.25863486528396606,0.06465871632099152,0.005861351266503334,-0.007402485702186823,0.0947728157043457,0.023693203926086426,-0.050613708794116974,0.010129177942872047,-0.17907533049583435,-0.04476883262395859,-0.0023274486884474754,-0.01365316566079855,0.10391348600387573,0.025978371500968933,-0.012884370051324368,-0.0842520073056221,0.8935909271240234,0.22339773178100586,0.1910211741924286,0.03172582387924194,0.414742648601532,0.103685662150383,-0.12990565598011017,-0.0013706505997106433,-0.44524380564689636,-0.11131095141172409,-0.008877938613295555,-0.015918029472231865,-0.008761808276176453,-0.002190452069044113,0.026884766295552254,-0.07198642939329147,0.08308669924736023,0.020771674811840057,-0.0323745459318161,-0.08053004741668701,-0.11509411782026291,-0.028773529455065727,0.027011482045054436,0.07386063784360886,0.6395712494850159,0.15989281237125397,0.09620809555053711,0.20836611092090607,0.9224974513053894,0.23062436282634735,0.2788964807987213,0.03335217386484146,-0.07065452635288239,-0.017663631588220596,0.005613047629594803,0.06849812716245651,3.0656304359436035,0.7664076089859009,0.699458122253418,0.1469658464193344,0.08673450350761414,0.021683625876903534,0.014994435012340546,-0.017189109697937965,-0.11889360100030899,-0.029723400250077248,0.0167477335780859,0.04400336742401123,0.01973750814795494,0.004934377036988735,0.005799895152449608,0.043718207627534866,0.6018028855323792,0.1504507213830948,0.11549746245145798,0.22485904395580292,-0.9654271602630615,-0.24135679006576538,-0.25903019309043884,0.01891431212425232,-0.0034721940755844116,-0.0008680485188961029,-0.011348351836204529,-0.05086826905608177,3.2441375255584717,0.8110343813896179,0.7246009707450867,0.22429008781909943,0.01852431893348694,0.004631079733371735,-0.015627633780241013,0.07009705156087875,0.0030403267592191696,0.0007600816898047924,0.01781116984784603,0.011430121026933193,0.021218866109848022,0.005304716527462006,-0.0055698310025036335,0.016208423301577568,0,0,1
0.038319408893585205,0.009579852223396301,-0.04070473462343216,-0.05153423547744751,-0.11780686676502228,-0.02945171669125557,-0.003290564753115177,-0.016035908833146095,-0.07115674018859863,-0.017789185047149658,-0.01438933052122593,-0.008416533470153809,0.6585076451301575,0.16462691128253937,0.16107621788978577,-0.03221358731389046,0.09471891820430756,0.02367972955107689,-0.09544848650693893,-0.07643198221921921,0.31518954038619995,0.07879738509654999,-0.006993741728365421,0.013383716344833374,0.030672192573547363,0.007668048143386841,-0.023914964869618416,0.08781328052282333,-0.16834402084350586,-0.042086005210876465,-0.0035926103591918945,0.020787954330444336,0.0766032487154007,0.019150812178850174,-0.015514322556555271,-0.07160553336143494,0.8554637432098389,0.21386593580245972,0.19141030311584473,-0.014814621768891811,0.3710864782333374,0.09277161955833435,-0.13640719652175903,-0.04985738545656204,-0.4423098862171173,-0.11057747155427933,0.0007456336170434952,0.07090991735458374,0.0987599566578865,0.024689989164471626,0.01947108469903469,-0.05818524584174156,0.10278099775314331,0.025695249438285828,-0.030016141012310982,-0.016827339306473732,-0.246370330452919,-0.06159258261322975,0.04677186161279678,-0.048637744039297104,0.6126712560653687,0.15316781401634216,0.16073934733867645,0.20737972855567932,0.9524516463279724,0.2381129115819931,0.29222220182418823,0.02813904359936714,-0.11757910251617432,-0.02939477562904358,-0.002250035759061575,-0.07481317222118378,3.0829129219055176,0.7707282304763794,0.7621741890907288,0.07668410986661911,0.07932534068822861,0.019831335172057152,0.016920363530516624,-0.05605168268084526,-0.22105835378170013,-0.055264588445425034,0.012892814353108406,0.05557436868548393,-0.007373098284006119,-0.0018432745710015297,0.009596321731805801,0.06841182708740234,0.6288663148880005,0.15721657872200012,0.17470601201057434,0.08869963139295578,-1.0181503295898438,-0.25453758239746094,-0.2581254541873932,0.04893023893237114,-0.0018289387226104736,-0.0004572346806526184,-0.015036651864647865,0.06089993938803673,3.375415325164795,0.8438538312911987,0.8129947781562805,0.1973695605993271,-0.03751077130436897,-0.009377692826092243,-0.005187623668462038,0.054615188390016556,-0.08616112172603607,-0.021540280431509018,0.022730747237801552,0.009901410900056362,0.06826407462358475,0.017066018655896187,0.009241258725523949,-0.06271224468946457,0,0,1
0.04534268379211426,0.011335670948028564,-0.026396943256258965,-0.009411925449967384,-0.047374263405799866,-0.011843565851449966,-0.008146451786160469,-0.020238101482391357,-0.06617191433906555,-0.016542978584766388,-0.020405516028404236,0.05897343158721924,0.6341832876205444,0.1585458219051361,0.15671563148498535,0.013507449999451637,0.049929723143577576,0.012482430785894394,-0.0998513251543045,-0.024392027407884598,0.38133782148361206,0.09533445537090302,0.0025696763768792152,0.03689296171069145,0.0476284921169281,0.011907123029232025,-0.03435264155268669,-0.007921230979263783,-0.08825725317001343,-0.022064313292503357,-0.012534113600850105,-0.013425362296402454,0.04087631776928902,0.010219079442322254,-0.02785978838801384,-0.0331181101500988,0.7352238893508911,0.18380597233772278,0.18491974472999573,0.049912501126527786,0.36794745922088623,0.09198686480522156,-0.12604071199893951,0.05246852710843086,-0.41500237584114075,-0.10375059396028519,-0.013812871649861336,-0.003720319364219904,0.01773323118686676,0.00443330779671669,0.020695578306913376,0.06273495405912399,-0.059336692094802856,-0.014834173023700714,-0.025356940925121307,0.05484684929251671,-0.19067895412445068,-0.04766973853111267,0.05297701060771942,0.061762820929288864,0.7585439682006836,0.1896359920501709,0.21696951985359192,0.0778648778796196,1.0796703100204468,0.2699175775051117,0.2987254559993744,-0.035548023879528046,-0.0679844468832016,-0.0169961117208004,0.002082493156194687,-0.0009123682975769043,3.132119655609131,0.7830299139022827,0.8052921295166016,0.03796270117163658,0.07404761016368866,0.018511902540922165,0.02416815049946308,0.011560666374862194,-0.1730443835258484,-0.0432610958814621,-0.0042788926512002945,-0.014197182841598988,-0.01173475757241249,-0.0029336893931031227,-0.002255837433040142,-0.014391958713531494,0.6660388708114624,0.1665097177028656,0.2243468463420868,0.0720089003443718,-1.164270043373108,-0.291067510843277,-0.2745264172554016,-0.018036454916000366,-0.046805933117866516,-0.011701483279466629,-0.019338281825184822,-0.007374298758804798,3.51339054107666,0.878347635269165,0.8560048341751099,0.09487350285053253,-0.0558435432612896,-0.0139608858153224,-0.01719179004430771,0.04296164587140083,-0.1052662655711174,-0.02631656639277935,0.023575617000460625,-0.045828502625226974,0.01727275550365448,0.00431818887591362,0.00035786256194114685,-0.01541490014642477,0,0,1
0.14154300093650818,0.035385750234127045,-0.019672028720378876,-0.01696493662893772,0.09855693578720093,0.024639233946800232,0.0008876640349626541,-0.028765389695763588,-0.11479765176773071,-0.028699412941932678,-0.01601220667362213,-0.005049526691436768,0.6211055517196655,0.15527638792991638,0.15603987872600555,-0.06388949602842331,-0.017355456948280334,-0.004338864237070084,-0.11153983324766159,0.029546499252319336,0.3756926655769348,0.0939231663942337,-0.00580473430454731,0.010130262933671474,-0.018702000379562378,-0.0046755000948905945,-0.018603961914777756,0.03565716743469238,-0.07505190372467041,-0.018762975931167603,-0.011893107555806637,-0.047918032854795456,0.005947079509496689,0.0014867698773741722,-0.01146646961569786,-0.03308378532528877,0.7267673015594482,0.18169182538986206,0.1833219826221466,-0.004078960511833429,0.10073067247867584,0.02518266811966896,-0.14140774309635162,0.06860293447971344,-0.49082157015800476,-0.12270539253950119,-0.015036595985293388,0.006375181954354048,-0.033564090728759766,-0.008391022682189941,0.02527075819671154,0.04551255702972412,-0.1412617266178131,-0.03531543165445328,-0.010563023388385773,-0.01271911896765232,-0.18893344700336456,-0.04723336175084114,0.04450599104166031,-0.01688211038708687,0.8751868605613708,0.2187967151403427,0.26643362641334534,0.06136012077331543,1.1452360153198242,0.28630900382995605,0.2863073945045471,-0.0955258384346962,-0.09257587790489197,-0.023143969476222992,-0.005128743126988411,-0.085274837911129,3.1930878162384033,0.7982719540596008,0.8395388126373291,0.11906013637781143,0.027331538498401642,0.0068328846246004105,0.00806071050465107,-0.010308277793228626,-0.07681117951869965,-0.01920279487967491,-0.0017077969387173653,0.07056841999292374,0.0479755662381649,0.011993891559541225,0.0029281433671712875,-0.04109029099345207,0.744698166847229,0.18617454171180725,0.24881063401699066,0.08629415184259415,-1.117746353149414,-0.2794365882873535,-0.27487578988075256,-0.061370838433504105,-0.04296068847179413,-0.010740172117948532,-0.010354995727539062,0.0733708068728447,3.5360915660858154,0.8840228915214539,0.9018362760543823,0.08793029934167862,0.010117411613464355,0.002529352903366089,-0.014347238466143608,0.00455739488825202,-0.0481472872197628,-0.0120368218049407,0.025898756459355354,-0.04204040393233299,0.049525003880262375,0.012381250970065594,-0.004119343124330044,0.02153964713215828,0,0,1
0.07787162065505981,0.019467905163764954,-0.01756582036614418,0.0015574932331219316,0.028201356530189514,0.0070503391325473785,-0.011656083166599274,-0.055089790374040604,-0.03516928479075432,-0.00879232119768858,-0.021210908889770508,-0.0015211701393127441,0.5930110812187195,0.14825277030467987,0.14655046164989471,-0.05452587828040123,-0.10020633041858673,-0.025051582604646683,-0.10997163504362106,0.01876128278672695,0.37292343378067017,0.09323085844516754,-0.0030618724413216114,-0.00861219223588705,-0.11047780513763428,-0.02761945128440857,-0.01739518530666828,-0.040231239050626755,0.008768707513809204,0.002192176878452301,-0.00860433466732502,0.07338588684797287,0.049236197024583817,0.012309049256145954,-0.020970867946743965,-0.03928046301007271,0.6434295177459717,0.16085737943649292,0.17288446426391602,-0.009718132205307484,-0.024571016430854797,-0.006142754107713699,-0.13997972011566162,0.005828190129250288,-0.49031439423561096,-0.12257859855890274,-0.005938523914664984,-0.005609869956970215,0.031827740371227264,0.007956935092806816,0.02769271843135357,0.03166252374649048,-0.11277469992637634,-0.028193674981594086,-0.010374330915510654,-0.04839864373207092,-0.082785964012146,-0.0206964910030365,0.04979122430086136,0.03275351598858833,1.0164446830749512,0.2541111707687378,0.32657280564308167,0.1490556001663208,1.3276309967041016,0.3319077491760254,0.275728315114975,0.008961165323853493,-0.009145965799689293,-0.0022864914499223232,-0.014761865139007568,-0.06968826055526733,3.2425131797790527,0.8106282949447632,0.8544934988021851,-0.028545960783958435,0.0971667468547821,0.024291686713695526,0.008386543020606041,-0.05113210901618004,-0.115925133228302,-0.0289812833070755,0.007454967126250267,-0.07476748526096344,0.04817759618163109,0.012044399045407772,0.015581909567117691,-0.03994718939065933,0.7855542302131653,0.19638855755329132,0.26919353008270264,0.004767036531120539,-1.0992851257324219,-0.27482128143310547,-0.27675142884254456,0.031276535242795944,-0.05943100154399872,-0.01485775038599968,-0.004430812783539295,0.03814346715807915,3.560032367706299,0.8900080919265747,0.9203899502754211,0.03207817301154137,-0.017254043370485306,-0.0043135108426213264,-0.002516593784093857,-0.043392326682806015,-0.11103364825248718,-0.027758412063121796,0.01968039758503437,-0.046554893255233765,0.029736313968896866,0.0074340784922242165,0.004811194725334644,-0.015972500666975975,0,0,1
0.136550635099411,0.03413765877485275,-0.017198441550135612,0.0025347115006297827,0.0233166366815567,0.005829159170389175,-0.014913525432348251,0.07771337032318115,-0.05438592657446861,-0.013596481643617153,-0.023035803809762,0.041631054133176804,0.6137042045593262,0.15342605113983154,0.13805675506591797,0.040854550898075104,-0.220753476023674,-0.0551883690059185,-0.09787605702877045,0.019336313009262085,0.40772783756256104,0.10193195939064026,-0.009800970554351807,0.06067266687750816,-0.12503115832805634,-0.031257789582014084,-0.019663842394948006,-0.04465397447347641,-0.09058535099029541,-0.022646337747573853,-0.01107192225754261,0.04407680034637451,0.05272362008690834,0.013180905021727085,-0.018956759944558144,-0.04452743008732796,0.5806254744529724,0.1451563686132431,0.1660510152578354,0.060898568481206894,-0.12705327570438385,-0.03176331892609596,-0.13561521470546722,0.01972915045917034,-0.46135351061820984,-0.11533837765455246,-0.014459636062383652,-0.034063417464494705,-0.06010408699512482,-0.015026021748781204,0.01907484419643879,-0.03157540038228035,-0.029236167669296265,-0.007309041917324066,-0.013671886175870895,0.03612767532467842,-0.10126373916864395,-0.025315934792160988,0.03771796077489853,-0.00426672725006938,1.2132717370986938,0.30331793427467346,0.3434704542160034,0.1439407616853714,1.2916734218597412,0.3229183554649353,0.26351502537727356,-0.037348974496126175,-0.002397976815700531,-0.0005994942039251328,-0.021892668679356575,-0.00944286584854126,3.2624764442443848,0.8156191110610962,0.8675052523612976,0.0655142217874527,0.06045287847518921,0.015113219618797302,0.00969056598842144,-0.02176879160106182,-0.09554648399353027,-0.02388662099838257,0.0018401918932795525,-0.015651285648345947,0.011449765413999557,0.0028624413534998894,0.00896410271525383,-0.025766437873244286,0.7798688411712646,0.19496721029281616,0.28157398104667664,0.04090268537402153,-1.209585428237915,-0.30239635705947876,-0.2504674792289734,0.07655512541532516,-0.07556893676519394,-0.018892234191298485,-0.021215595304965973,-0.006727993488311768,3.5558395385742188,0.8889598846435547,0.934292197227478,0.09058456867933273,-0.021931111812591553,-0.005482777953147888,-0.015221908688545227,-0.06888830661773682,-0.056944262236356735,-0.014236065559089184,0.011325061321258545,0.05642607435584068,0.023584183305501938,0.0058960458263754845,0.004493989050388336,0.06995242834091187,0,0,1
-0.07106137275695801,-0.017765343189239502,-0.012329337187111378,-0.007735914085060358,-0.09140615165233612,-0.02285153791308403,-0.0038285921327769756,-0.06084207445383072,-0.07528725266456604,-0.01882181316614151,-0.010771277360618114,0.07883161306381226,0.5853317379951477,0.14633293449878693,0.15261952579021454,0.055849578231573105,-0.5196307897567749,-0.12990769743919373,-0.10686799138784409,-0.07341965287923813,0.3462901711463928,0.0865725427865982,0.0014730850234627724,-0.03279150649905205,-0.19603663682937622,-0.049009159207344055,-0.0016069067642092705,0.021691203117370605,-0.1291949450969696,-0.0322987362742424,-0.003805970773100853,-0.06437033414840698,0.024323511868715286,0.0060808779671788216,-0.014163562096655369,0.03108401410281658,0.5295842289924622,0.13239605724811554,0.17262867093086243,0.020389730110764503,-0.4487770199775696,-0.1121942549943924,-0.12915164232254028,-0.035560619086027145,-0.4383281171321869,-0.10958202928304672,-0.016245663166046143,-0.011143529787659645,-0.066895991563797,-0.01672399789094925,0.006539845839142799,0.04834141954779625,-0.05827614665031433,-0.014569036662578583,-0.012615129351615906,0.040761470794677734,-0.06552240252494812,-0.01638060063123703,0.024064039811491966,-0.0047245025634765625,1.1497302055358887,0.28743255138397217,0.3671687841415405,0.09430419653654099,1.320946455001831,0.33023661375045776,0.25903376936912537,0.041726138442754745,-0.00682898610830307,-0.0017072465270757675,-0.0265134796500206,0.04373268038034439,3.3282620906829834,0.8320655226707458,0.8699498772621155,0.03322737291455269,0.08352921903133392,0.02088230475783348,0.028593672439455986,-0.013096499256789684,-0.1047172099351883,-0.026179302483797073,0.01047837920486927,0.06387902796268463,0.03316366299986839,0.008290915749967098,0.0017629023641347885,-0.010066098533570766,0.840645432472229,0.21016135811805725,0.2891722321510315,0.031090473756194115,-1.3037495613098145,-0.3259373903274536,-0.26284676790237427,-0.0021508277859538794,-0.09150953590869904,-0.02287738397717476,-0.012832187116146088,0.0027078271377831697,3.5992844104766846,0.8998211026191711,0.9496917128562927,0.030863894149661064,-0.012381870299577713,-0.0030954675748944283,-0.004061599262058735,-0.06415385752916336,-0.10080570727586746,-0.025201426818966866,0.009055497124791145,0.017990583553910255,-0.015515097416937351,-0.003878774354234338,0.010814256966114044,0.00493616471067071,0,0,1
-0.13993331789970398,-0.034983329474925995,-0.018807992339134216,-0.09017951786518097,-0.046556755900382996,-0.011639188975095749,-3.8965605199337006e-05,0.04392801597714424,-0.05369823798537254,-0.013424559496343136,-0.012507971376180649,-0.0359908826649189,0.576183021068573,0.14404575526714325,0.14918400347232819,0.04859450086951256,-0.59980309009552,-0.14995077252388,-0.10785526782274246,0.04483361169695854,0.2765970826148987,0.06914927065372467,-0.001884009689092636,-0.06727879494428635,-0.26104414463043213,-0.06526103615760803,-0.011012962087988853,-0.04955565929412842,-0.0659627616405487,-0.016490690410137177,0.009022736921906471,-0.043655022978782654,-0.012920301407575607,-0.003230075351893902,-0.015652716159820557,-0.05815112590789795,0.4917345643043518,0.12293364107608795,0.15673227608203888,0.006953215692192316,-0.5411299467086792,-0.1352824866771698,-0.12676766514778137,0.07146014273166656,-0.4249017536640167,-0.10622543841600418,-0.01157677173614502,0.044676970690488815,-0.054478779435157776,-0.013619694858789444,-0.007906420156359673,0.010203785263001919,-0.0003741234540939331,-9.353086352348328e-05,-0.005781912710517645,0.062083493918180466,0.096907839179039,0.02422695979475975,0.02063603140413761,-0.03537632152438164,1.1881520748138428,0.2970380187034607,0.38192182779312134,-0.0467599481344223,1.2794826030731201,0.31987065076828003,0.2699432373046875,-0.04395100846886635,-0.013172309845685959,-0.0032930774614214897,-0.022953934967517853,0.02072024904191494,3.3991968631744385,0.8497992157936096,0.8902143836021423,-0.03405757620930672,0.011723063886165619,0.0029307659715414047,0.021971220150589943,-0.02996659092605114,-0.13957224786281586,-0.034893061965703964,-0.006415233481675386,-0.025475019589066505,0.05912366136908531,0.014780915342271328,-0.004602548200637102,0.0530499704182148,0.9072003960609436,0.2268000990152359,0.2882782816886902,-0.013822353444993496,-1.1865589618682861,-0.29663974046707153,-0.2527737319469452,0.029513835906982422,-0.06319107860326767,-0.015797769650816917,-0.01649746671319008,0.05353908613324165,3.546989679336548,0.886747419834137,0.9328553676605225,0.006658411119133234,-0.007772613316774368,-0.001943153329193592,-0.0020510228350758553,0.03924037143588066,-0.049623582512140274,-0.012405895628035069,0.005626922473311424,-0.06970935314893723,-0.051481518894433975,-0.012870379723608494,-0.006245397496968508,0.017750753089785576,0,0,1
-0.18405145406723022,-0.046012863516807556,-0.016957968473434448,0.02406497672200203,-0.11358202993869781,-0.028395507484674454,0.006502702832221985,0.043404605239629745,-0.025224458426237106,-0.006306114606559277,-0.009628376923501492,0.048400890082120895,0.5454842448234558,0.13637106120586395,0.15719270706176758,-0.01952180825173855,-0.9030807614326477,-0.22577019035816193,-0.11817098408937454,-0.004485332872718573,0.23761659860610962,0.059404149651527405,-0.014697328209877014,-0.03570215776562691,-0.2215837836265564,-0.0553959459066391,-0.012352829799056053,-0.013768750242888927,-0.08063137531280518,-0.020157843828201294,0.01267932541668415,-0.061574310064315796,-0.010837417095899582,-0.0027093542739748955,-0.01986394077539444,0.06142142042517662,0.48972201347351074,0.12243050336837769,0.15538237988948822,-3.0821563996141776e-05,-0.7953886389732361,-0.19884715974330902,-0.13642047345638275,-0.05667571350932121,-0.37002065777778625,-0.09250516444444656,-5.686655640602112e-06,0.06458518654108047,-0.0358896404504776,-0.0089724101126194,-0.016424953937530518,-0.019323503598570824,-0.007531553506851196,-0.001882888376712799,-0.006285747978836298,0.00368096842430532,0.029668495059013367,0.007417123764753342,-0.005647517740726471,0.048897601664066315,1.254473328590393,0.31361833214759827,0.3725106418132782,0.034785687923431396,1.2896509170532227,0.32241272926330566,0.28097978234291077,0.007757365703582764,-0.022303782403469086,-0.005575945600867271,-0.019581882283091545,0.015534508042037487,3.482027292251587,0.8705068230628967,0.8810364603996277,0.03350107744336128,0.04920013248920441,0.012300033122301102,0.009781299158930779,0.031553126871585846,-0.004039749503135681,-0.0010099373757839203,-0.010287499986588955,-0.02502446249127388,0.011271011084318161,0.0028177527710795403,0.010645607486367226,-0.004110288806259632,0.9983550310134888,0.2495887577533722,0.2722771465778351,-0.061467595398426056,-1.173073410987854,-0.2932683527469635,-0.25049394369125366,0.06615018844604492,-0.06043554097414017,-0.015108885243535042,-0.009540860541164875,0.018385130912065506,3.5490899085998535,0.8872724771499634,0.9259872436523438,-0.10174103081226349,0.010147958993911743,0.002536989748477936,-0.01390053890645504,0.05127755552530289,0.019666215404868126,0.0049165538512170315,0.009546352550387383,0.047246839851140976,0.057558998465538025,0.014389749616384506,0.006770694628357887,0.00025143029051832855,0,0,1
-0.19207194447517395,-0.04801798611879349,-0.02079194411635399,0.002294433070346713,-0.06435467302799225,-0.016088668256998062,-0.004372206516563892,-0.06303884834051132,-0.04423623904585838,-0.011059059761464596,-0.024411790072917938,0.013959402218461037,0.5630664229393005,0.14076660573482513,0.17507173120975494,-0.04527029022574425,-0.6673265099525452,-0.1668316274881363,-0.12472408264875412,-0.014957529492676258,0.26851552724838257,0.06712888181209564,-0.010411111637949944,0.019226854667067528,-0.17018228769302368,-0.04254557192325592,-0.022768666967749596,-0.03484739363193512,-0.10352259874343872,-0.02588064968585968,0.016165941953659058,0.06874976307153702,0.007118303328752518,0.0017795758321881294,-0.013710608705878258,-0.013244539499282837,0.519737958908081,0.12993448972702026,0.1598292589187622,0.057045768946409225,-0.5843886137008667,-0.14609715342521667,-0.12698808312416077,0.014794803224503994,-0.3855188190937042,-0.09637970477342606,-0.007239530794322491,0.010653209872543812,-0.02285410463809967,-0.005713526159524918,-0.016138361766934395,0.0007086694240570068,-0.021620526909828186,-0.0054051317274570465,-0.00026355311274528503,0.03890407085418701,0.10078895092010498,0.025197237730026245,-0.011827456764876842,0.01055923756211996,1.2224411964416504,0.3056102991104126,0.3494662046432495,-0.09420730173587799,1.1904940605163574,0.29762351512908936,0.28514227271080017,-0.04410804808139801,-0.03526490926742554,-0.008816227316856384,-0.0258211437612772,0.04903360828757286,3.5892138481140137,0.8973034620285034,0.904971718788147,0.015024411492049694,0.10404617339372635,0.026011543348431587,0.012060735374689102,0.034221649169921875,-0.04403981566429138,-0.011009953916072845,-0.009457980282604694,0.045190729200839996,-0.016796264797449112,-0.004199066199362278,0.01218021847307682,-0.057616181671619415,1.0385929346084595,0.25964823365211487,0.2659211754798889,0.05363954231142998,-1.2060796022415161,-0.30151990056037903,-0.2566727101802826,-0.006073975469917059,-0.08190198242664337,-0.020475495606660843,-0.010424721986055374,0.0422501340508461,3.4759626388549805,0.8689906597137451,0.911871075630188,-0.0215167049318552,0.05728939175605774,0.014322347939014435,-0.0003642663359642029,0.048359811305999756,-0.017017491161823273,-0.004254372790455818,-9.854603558778763e-05,-0.023683203384280205,-0.03907966613769531,-0.009769916534423828,0.0013411706313490868,-0.03705142065882683,0,0,1
-0.1670161485671997,-0.04175403714179993,-0.021683622151613235,0.06565900892019272,0.030583783984184265,0.007645945996046066,-0.002449012827128172,0.027469361200928688,-0.11729522049427032,-0.02932380512356758,-0.005500385537743568,0.06562935560941696,0.5844349265098572,0.1461087316274643,0.17627134919166565,-0.06739486008882523,-0.4930548667907715,-0.12326371669769287,-0.11521390080451965,0.04985838010907173,0.2514917254447937,0.06287293136119843,-0.007529017515480518,-0.03539165481925011,-0.1269722878932953,-0.03174307197332382,-0.002263489179313183,-0.033946551382541656,-0.16211286187171936,-0.04052821546792984,0.006651254370808601,-0.003058791160583496,0.04187201336026192,0.01046800334006548,-0.013478395529091358,-0.007451224606484175,0.5750017166137695,0.14375042915344238,0.16989710927009583,0.016365332528948784,-0.49746811389923096,-0.12436702847480774,-0.13004279136657715,-0.007339000701904297,-0.32079413533210754,-0.08019853383302689,-0.016092892736196518,-0.06743717193603516,-0.026513755321502686,-0.006628438830375671,-0.01279706321656704,0.012287015095353127,-0.07393065094947815,-0.018482662737369537,0.007847392931580544,0.08270316570997238,0.05278238654136658,0.013195596635341644,-0.010049202479422092,0.004087585490196943,1.2052316665649414,0.30130791664123535,0.32318127155303955,-0.027619851753115654,1.272240400314331,0.31806010007858276,0.28366518020629883,0.03446941450238228,-0.02005281299352646,-0.005013203248381615,-0.02402113564312458,-0.045269738882780075,3.6302781105041504,0.9075695276260376,0.907727062702179,0.012607598677277565,0.06817974895238876,0.01704493723809719,0.013197427615523338,-0.053362030535936356,-0.05541238933801651,-0.013853097334504128,-0.01063971035182476,-0.008710426278412342,0.010296773165464401,0.0025741932913661003,-0.005764922127127647,0.02982492558658123,1.0491197109222412,0.2622799277305603,0.2760601043701172,0.04933788999915123,-1.1185495853424072,-0.2796373963356018,-0.24882732331752777,-0.048390310257673264,-0.05732569098472595,-0.014331422746181488,-0.017640462145209312,0.059815455228090286,3.4594671726226807,0.8648667931556702,0.8936168551445007,-0.0683814138174057,-0.005504727363586426,-0.0013761818408966064,0.003051871433854103,0.011498510837554932,0.009266950190067291,0.002316737547516823,0.010824471712112427,-0.05080460384488106,0.045659828931093216,0.011414957232773304,0.008568579331040382,-0.03323338180780411,0,0,1
-0.25433292984962463,-0.06358323246240616,-0.030991194769740105,-0.005431056022644043,0.0783214122056961,0.019580353051424026,0.0014995317906141281,0.022592945024371147,-0.07265578210353851,-0.01816394552588463,-0.015402914956212044,0.027807211503386497,0.5470696687698364,0.1367674171924591,0.17904113233089447,-0.05129477009177208,-0.4570275545120239,-0.11425688862800598,-0.1294761598110199,-0.06691191345453262,0.26387518644332886,0.06596879661083221,-0.006256404798477888,-0.00035542846308089793,-0.03575757145881653,-0.008939392864704132,-0.005115669220685959,-0.024570221081376076,-0.11229208111763,-0.0280730202794075,0.008404519408941269,0.06817611306905746,0.008619491010904312,0.002154872752726078,-0.019131986424326897,-0.02903883159160614,0.6115401387214661,0.15288503468036652,0.15282905101776123,0.06654558330774307,-0.5112435817718506,-0.12781089544296265,-0.13363239169120789,-0.037021126598119736,-0.38349780440330505,-0.09587445110082626,-0.00971441250294447,0.07423766702413559,0.029888920485973358,0.0074722301214933395,0.0001585381105542183,-0.02905409410595894,-0.12232410907745361,-0.030581027269363403,-0.000681612640619278,-0.01094484981149435,0.07111437618732452,0.01777859404683113,-0.019052943214774132,0.04438009485602379,1.165734052658081,0.29143351316452026,0.30961593985557556,-0.09957978874444962,1.1723659038543701,0.29309147596359253,0.28612658381462097,-0.05315006896853447,-0.019499044865369797,-0.004874761216342449,-0.005104664713144302,-0.011824977584183216,3.6426565647125244,0.9106641411781311,0.9137876629829407,-0.05903910472989082,0.0649423748254776,0.0162355937063694,0.020105764269828796,0.07016163319349289,0.003901146352291107,0.0009752865880727768,-0.006333129946142435,-0.04873039200901985,0.028292875736951828,0.007073218934237957,0.011886663734912872,-0.01633206009864807,1.0961462259292603,0.27403655648231506,0.2651257812976837,-0.033156003803014755,-1.0666924715042114,-0.26667311787605286,-0.2631392776966095,0.025162208825349808,-0.04374498128890991,-0.010936245322227478,-0.019448962062597275,-0.057689130306243896,3.472435235977173,0.8681088089942932,0.8932929039001465,0.05010347440838814,0.003525286912918091,0.0008813217282295227,-0.009789133444428444,0.0030464529991149902,-0.02028375305235386,-0.005070938263088465,0.0014030961319804192,-0.029755044728517532,0.01379482727497816,0.00344870681874454,0.010482864454388618,-0.05723583325743675,0,0,1
-0.25896623730659485,-0.06474155932664871,-0.02810172364115715,0.020734554156661034,-0.026450470089912415,-0.006612617522478104,0.007924556732177734,0.06203407049179077,-0.0819442868232727,-0.020486071705818176,-0.008864575996994972,-0.06538767367601395,0.5177518129348755,0.12943795323371887,0.16247913241386414,-0.028229117393493652,-0.6769484281539917,-0.16923710703849792,-0.12477468699216843,-0.04259179159998894,0.2173694372177124,0.0543423593044281,-0.008665315806865692,-0.06220277026295662,-0.10864970088005066,-0.027162425220012665,-0.001623939722776413,-0.0612565241754055,-0.081382155418396,-0.020345538854599,0.00657428614795208,-0.05297718569636345,-0.005831342190504074,-0.0014578355476260185,-0.013396507129073143,-0.026000846177339554,0.5656646490097046,0.14141616225242615,0.16667604446411133,0.04022657871246338,-0.6049718856811523,-0.15124297142028809,-0.12819865345954895,0.03334580734372139,-0.38307294249534607,-0.09576823562383652,-0.013581881299614906,-0.0045642852783203125,0.061042025685310364,0.015260506421327591,-0.012520710937678814,0.042785000056028366,0.03662925958633423,0.009157314896583557,0.0013285204768180847,-0.05602588877081871,0.06457814574241638,0.016144536435604095,-0.019385280087590218,-0.044590022414922714,1.348698377609253,0.33717459440231323,0.2911698520183563,-0.0012931227684020996,1.185194730758667,0.29629868268966675,0.28571411967277527,-0.029588669538497925,-0.05670663341879845,-0.014176658354699612,-0.01530484203249216,0.005471056792885065,3.729468822479248,0.932367205619812,0.9258617758750916,-0.03408752754330635,0.039012014865875244,0.009753003716468811,0.026215745136141777,0.03768085315823555,-0.022959508001804352,-0.005739877000451088,-0.0016943877562880516,-0.002007746836170554,-0.05158955231308937,-0.012897388078272343,-0.00437356811016798,-0.024421870708465576,1.0189589262008667,0.2547397315502167,0.25956782698631287,-0.018544137477874756,-1.0737577676773071,-0.2684394419193268,-0.2521892488002777,-0.03137354180216789,-0.03878262639045715,-0.009695656597614288,-0.015432912856340408,0.015506249852478504,3.4722740650177,0.868068516254425,0.8904746174812317,-0.07656224071979523,0.0570715069770813,0.014267876744270325,0.0031607821583747864,-0.011173081584274769,0.04933642968535423,0.012334107421338558,0.0005552219226956367,0.04169069603085518,0.028452783823013306,0.007113195955753326,0.012783320620656013,-0.058808017522096634,0,0,1
-0.32850274443626404,-0.08212568610906601,-0.009599126875400543,0.005724978633224964,-0.2099122852087021,-0.05247807130217552,0.0005351901054382324,0.0025659978855401278,-0.002914484590291977,-0.0007286211475729942,-0.023925969377160072,0.07399805635213852,0.5301942825317383,0.13254857063293457,0.17315243184566498,-0.0392753891646862,-0.7389775514602661,-0.18474438786506653,-0.12088432908058167,0.03561357408761978,0.2414652705192566,0.06036631762981415,0.0012565599754452705,-0.06194932013750076,-0.1557120382785797,-0.03892800956964493,-0.013308047316968441,0.0216375645250082,-0.04621046781539917,-0.011552616953849792,0.003991466946899891,0.014509511180222034,0.005827758461236954,0.0014569396153092384,-0.019934389740228653,-0.052805621176958084,0.5534238219261169,0.13835595548152924,0.16279329359531403,-0.04822211340069771,-0.7118667960166931,-0.17796669900417328,-0.13511736690998077,0.03043903224170208,-0.35156819224357605,-0.08789204806089401,-0.0134270079433918,-0.047094788402318954,0.028984397649765015,0.007246099412441254,-0.0005927439779043198,-0.04024021700024605,0.0627664178609848,0.0156916044652462,0.0044770026579499245,0.03683767467737198,0.11332561075687408,0.02833140268921852,-0.0148758664727211,0.03053298033773899,1.2747230529785156,0.3186807632446289,0.2698628902435303,-0.06471383571624756,1.297013521194458,0.3242533802986145,0.27555975317955017,0.0010653556091710925,0.022104207426309586,0.005526051856577396,-0.005408929660916328,0.05446895584464073,3.7310469150543213,0.9327617287635803,0.9240045547485352,0.053957413882017136,0.04814881086349487,0.012037202715873718,0.01111154817044735,0.032439280301332474,0.0003904104232788086,9.760260581970215e-05,-0.008162526413798332,-0.0719374567270279,0.06932409107685089,0.017331022769212723,-0.0029562069103121758,-0.03894519805908203,1.1005271673202515,0.27513179183006287,0.2702689468860626,0.05333220958709717,-1.1117010116577148,-0.2779252529144287,-0.2513573169708252,0.039756227284669876,-0.04293808341026306,-0.010734520852565765,-0.011045016348361969,0.06957216560840607,3.449704647064209,0.8624261617660522,0.8793208599090576,0.03457772731781006,0.007302761077880859,0.0018256902694702148,-0.0045690229162573814,0.06283541023731232,-0.020406458526849747,-0.005101614631712437,-0.0010041696950793266,-0.03615383431315422,-0.0042391614988446236,-0.0010597903747111559,0.0027179941534996033,-0.04461833834648132,0,0,1
-0.22313585877418518,-0.055783964693546295,-0.017388001084327698,0.010023551993072033,-0.11262558400630951,-0.028156396001577377,0.009563392028212547,-0.06769813597202301,-0.07932773232460022,-0.019831933081150055,-0.023078784346580505,0.0622638575732708,0.5581876635551453,0.13954691588878632,0.17022471129894257,-0.051648326218128204,-0.698218584060669,-0.17455464601516724,-0.12080080807209015,-0.048232320696115494,0.23052960634231567,0.05763240158557892,-0.014231692999601364,-0.02868506871163845,-0.1788453459739685,-0.044711336493492126,-0.008981125429272652,0.017917830497026443,-0.107704758644104,-0.026926189661026,0.007213044911623001,0.06840485334396362,0.0025506503880023956,0.0006376625970005989,-0.02241329848766327,0.0008917868253774941,0.5655218362808228,0.1413804590702057,0.16212092339992523,-0.07144901901483536,-0.7619728446006775,-0.19049321115016937,-0.1352992206811905,0.06448980420827866,-0.2837231457233429,-0.07093078643083572,-0.012542116455733776,-0.056704189628362656,-0.012017413973808289,-0.003004353493452072,-0.0011560767889022827,-0.00942686852067709,-0.008363664150238037,-0.0020909160375595093,0.011832958087325096,-0.021582234650850296,0.10542263090610504,0.02635565772652626,-0.03901417553424835,-0.02272140420973301,1.2140332460403442,0.30350831151008606,0.2664633095264435,0.05587146431207657,1.1724377870559692,0.2931094467639923,0.2836241126060486,0.031659938395023346,-0.039314135909080505,-0.009828533977270126,-0.009909885004162788,0.0007112324237823486,3.7351531982421875,0.9337882995605469,0.9272511005401611,0.08926621824502945,0.10399244725704193,0.025998111814260483,0.023837154731154442,0.03741234540939331,0.01507183164358139,0.0037679579108953476,-0.012177805416285992,0.06820285320281982,0.03877107426524162,0.009692768566310406,0.01268366165459156,0.014492690563201904,1.1108808517456055,0.27772021293640137,0.2551201581954956,-0.004356098361313343,-1.1341629028320312,-0.2835407257080078,-0.23927521705627441,-0.017395753413438797,-0.05692097544670105,-0.014230243861675262,0.002585146576166153,0.05097869783639908,3.440370559692383,0.8600926399230957,0.8839840292930603,-0.019990473985671997,0.03187907487154007,0.007969768717885017,-0.011112089268863201,-0.05293092876672745,0.037309903651475906,0.009327475912868977,0.004990708082914352,0.07791496813297272,0.04488755017518997,0.011221887543797493,0.00833541713654995,0.03358328342437744,0,0,1
-0.19292229413986206,-0.048230573534965515,-0.01945510320365429,0.00587509898468852,-0.045615777373313904,-0.011403944343328476,-0.0011452268809080124,0.049686551094055176,-0.07822038233280182,-0.019555095583200455,-0.018785376101732254,0.024176789447665215,0.5559632778167725,0.13899081945419312,0.16819806396961212,0.0005843699327670038,-0.5082811713218689,-0.12707029283046722,-0.13415426015853882,-0.001305657671764493,0.2628982663154602,0.06572456657886505,-0.00960373505949974,-0.012991643510758877,-0.14283841848373413,-0.03570960462093353,-0.00034011341631412506,0.00746951112523675,-0.0869188904762268,-0.0217297226190567,0.007285416126251221,-0.05714918300509453,-0.029646005481481552,-0.007411501370370388,-0.019003190100193024,0.011656045913696289,0.5494339466094971,0.13735848665237427,0.1628183126449585,-0.0306331068277359,-0.6444414854049683,-0.16111037135124207,-0.13085849583148956,0.029541825875639915,-0.2695091664791107,-0.06737729161977768,-0.009163177572190762,0.007390886545181274,-0.008485466241836548,-0.002121366560459137,-0.011586572043597698,0.018727272748947144,-0.0007336735725402832,-0.0001834183931350708,0.006883135065436363,0.0395362488925457,0.10879446566104889,0.027198616415262222,-0.021000636741518974,-0.0034044981002807617,1.10825514793396,0.27706378698349,0.26643988490104675,-0.029610371217131615,1.1469428539276123,0.2867357134819031,0.2787967920303345,0.031133567914366722,-0.06855171918869019,-0.017137929797172546,-0.022570714354515076,-0.08184792101383209,3.7169816493988037,0.9292454123497009,0.9331936240196228,-0.013026678934693336,0.04302723705768585,0.010756809264421463,0.012364337220788002,0.0156220318749547,-0.01779600977897644,-0.00444900244474411,-0.0014389725401997566,0.012757474556565285,-0.024410445243120193,-0.006102611310780048,0.013528341427445412,0.054389454424381256,1.165761113166809,0.29144027829170227,0.263353556394577,0.037197113037109375,-1.0861417055130005,-0.2715354263782501,-0.24699245393276215,0.06662850826978683,-0.03973937779664993,-0.009934844449162483,-0.0018635420128703117,-0.01749253273010254,3.5056917667388916,0.8764229416847229,0.8732036352157593,0.057836245745420456,0.07275278866291046,0.018188197165727615,0.006006741896271706,-0.055249329656362534,-0.03689873591065407,-0.009224683977663517,0.003153509460389614,0.01493640523403883,-0.03329307958483696,-0.00832326989620924,0.004171809181571007,-0.06546871364116669,0,0,1
-0.1939828097820282,-0.04849570244550705,-0.011912076734006405,-0.016888577491044998,-0.009911611676216125,-0.0024779029190540314,-0.005747801158577204,-0.07497000694274902,-0.07324227690696716,-0.01831056922674179,-0.020891882479190826,0.022773880511522293,0.5335477590560913,0.13338693976402283,0.18125997483730316,-0.07838552445173264,-0.3999019265174866,-0.09997548162937164,-0.12539783120155334,0.045108914375305176,0.3000972867012024,0.0750243216753006,-0.015601185150444508,-0.07238360494375229,0.019179940223693848,0.004794985055923462,-0.005883348174393177,-0.017112916335463524,-0.04770883917808533,-0.011927209794521332,-3.604032099246979e-05,0.03002169169485569,-0.01674659177660942,-0.004186647944152355,-0.01914547011256218,0.0546974316239357,0.6058570742607117,0.15146426856517792,0.18160124123096466,0.012256264686584473,-0.44492894411087036,-0.11123223602771759,-0.14853784441947937,-0.00422714976593852,-0.357090562582016,-0.089272640645504,-0.008057487197220325,-0.062073707580566406,0.024149253964424133,0.006037313491106033,0.004208801314234734,-0.02839716710150242,0.005651563405990601,0.0014128908514976501,-0.0033450121991336346,-0.01778254471719265,0.017653726041316986,0.0044134315103292465,-0.030642401427030563,0.08788947016000748,1.11935293674469,0.2798382341861725,0.2587338387966156,0.018114561215043068,1.1923720836639404,0.2980930209159851,0.27077817916870117,0.05720466375350952,-0.011620372533798218,-0.0029050931334495544,-0.024358073249459267,0.0713764950633049,3.717911720275879,0.9294779300689697,0.9268376231193542,0.0031814277172088623,0.1083197221159935,0.027079930528998375,0.013648739084601402,0.040190089493989944,-0.04901411384344101,-0.012253528460860252,-0.009155213832855225,-0.006574815604835749,-0.0378604419529438,-0.00946511048823595,-0.00671002920717001,-0.02148957923054695,1.073413610458374,0.2683534026145935,0.2744995951652527,-0.0008609712240286171,-1.1897380352020264,-0.2974345088005066,-0.23685233294963837,0.017385035753250122,-0.07363627851009369,-0.018409069627523422,-0.016334252431988716,-0.016914760693907738,3.528517246246338,0.8821293115615845,0.887364387512207,0.0928787812590599,-0.0003516152501106262,-8.790381252765656e-05,0.00898997113108635,-0.056433726102113724,-0.0027675796300172806,-0.0006918949075043201,-0.0063413651660084724,0.0641595646739006,0.05262041464447975,0.013155103661119938,0.003487606532871723,0.074052594602108,0,0,1
-0.09663724899291992,-0.02415931224822998,-0.008745077066123486,0.07265488058328629,0.010821476578712463,0.002705369144678116,-0.002169477753341198,-0.02699451521039009,-0.07243262231349945,-0.018108155578374863,-0.013965597376227379,-0.02375394105911255,0.5418142080307007,0.13545355200767517,0.17120370268821716,-0.06602440774440765,-0.43460631370544434,-0.10865157842636108,-0.12077482789754868,-0.006275302264839411,0.2656005620956421,0.06640014052391052,-0.005239285062998533,-0.05106304958462715,-0.07552662491798401,-0.018881656229496002,0.002740842290222645,0.026989996433258057,-0.10622069239616394,-0.026555173099040985,0.0031094513833522797,-0.040657974779605865,0.00423106923699379,0.0010577673092484474,-0.020620210096240044,-0.025709137320518494,0.6357471942901611,0.15893679857254028,0.17561529576778412,-0.010609435848891735,-0.47139301896095276,-0.11784825474023819,-0.1536286473274231,0.009382504038512707,-0.34801867604255676,-0.08700466901063919,-0.013618389144539833,0.039059318602085114,0.07444678992033005,0.018611697480082512,0.0053132278844714165,-0.06487195938825607,-0.024731099605560303,-0.006182774901390076,0.0077340975403785706,-0.025944625958800316,-0.02257591485977173,-0.005643978714942932,-0.02574693039059639,-0.05123496055603027,1.1342945098876953,0.28357362747192383,0.26845091581344604,-0.04819303750991821,1.174994945526123,0.29374873638153076,0.2677708566188812,0.0329204685986042,-0.03791794180870056,-0.00947948545217514,-0.019629400223493576,-0.07665406912565231,3.661623477935791,0.9154058694839478,0.9318297505378723,0.024380827322602272,0.07514190673828125,0.018785476684570312,0.01904687099158764,0.07216419279575348,-0.03960312157869339,-0.009900780394673347,-0.0015010284259915352,0.05536936596035957,0.08139821887016296,0.02034955471754074,0.0023100096732378006,0.03398633003234863,1.0629475116729736,0.2657368779182434,0.27349573373794556,0.05822991207242012,-1.153836965560913,-0.28845924139022827,-0.24145108461380005,-0.004756569862365723,-0.048963189125061035,-0.012240797281265259,-0.006560978479683399,-0.05100737139582634,3.5745482444763184,0.8936370611190796,0.8841591477394104,-0.016886567696928978,-0.0030314475297927856,-0.0007578618824481964,0.008473003283143044,0.0046957493759691715,-0.005355482921004295,-0.0013388707302510738,0.007217366248369217,-0.06835370510816574,-0.0185556598007679,-0.004638914950191975,0.00091499462723732,0.017334116622805595,0,0,1
-0.10183504223823547,-0.02545876055955887,-0.013995103538036346,-0.010710174217820168,-0.06898517906665802,-0.017246294766664505,-0.00219431659206748,-0.04875416308641434,-0.06011420115828514,-0.015028550289571285,-0.023473545908927917,0.02684990130364895,0.5646554827690125,0.1411638706922531,0.16850541532039642,0.022721637040376663,-0.3271496891975403,-0.08178742229938507,-0.13677600026130676,0.019711166620254517,0.2883840799331665,0.07209601998329163,-0.0035801702179014683,0.020197857171297073,-0.017209529876708984,-0.004302382469177246,-0.010280145332217216,-0.06784804165363312,-0.05513310432434082,-0.013783276081085205,0.006057070568203926,-0.024798637256026268,0.00028667226433753967,7.166806608438492e-05,-0.013595353811979294,0.07805504649877548,0.6140973567962646,0.15352433919906616,0.17202900350093842,0.06386496126651764,-0.3227982521057129,-0.08069956302642822,-0.15028353035449982,-0.02323142997920513,-0.3069861829280853,-0.07674654573202133,-0.0010904893279075623,-0.023389369249343872,0.022408679127693176,0.005602169781923294,-0.0021940800361335278,0.020712960511446,-0.029302150011062622,-0.0073255375027656555,0.0029007811099290848,0.06946003437042236,0.04868669807910919,0.012171674519777298,-0.007727932184934616,-0.0247897207736969,1.1021028757095337,0.2755257189273834,0.269694983959198,0.007473987527191639,1.1533186435699463,0.2883296608924866,0.2623433768749237,0.028053903952240944,-0.026908688247203827,-0.006727172061800957,-0.016031796112656593,-0.07222428172826767,3.657805919647217,0.9144514799118042,0.9305638670921326,-0.02813033200800419,0.059692688286304474,0.014923172071576118,0.01207522302865982,-0.03346053883433342,-0.0783534124493599,-0.019588353112339973,-0.006308999843895435,0.005214607808738947,-0.01180369034409523,-0.0029509225860238075,-0.004071998875588179,0.030733490362763405,1.0608189105987549,0.2652047276496887,0.2740604281425476,0.055574774742126465,-1.1042286157608032,-0.2760571539402008,-0.24857410788536072,0.04755204916000366,-0.04709826409816742,-0.011774566024541855,-0.000744624063372612,0.057096969336271286,3.5830488204956055,0.8957622051239014,0.9034945964813232,0.0516253225505352,0.008944720029830933,0.002236180007457733,0.002368086948990822,-0.028073355555534363,0.0018292133463546634,0.00045730333658866584,-0.0071670846082270145,0.04018465429544449,0.03266465663909912,0.00816616415977478,-0.001606995239853859,-0.02020202949643135,0,0,1
-0.15149936079978943,-0.03787484019994736,-0.008862938731908798,0.008802294731140137,-0.04871194064617157,-0.012177985161542892,0.007290571928024292,0.012380885891616344,-0.11382788419723511,-0.028456971049308777,-0.021910449489951134,0.06588245928287506,0.5432319045066833,0.13580797612667084,0.1468733847141266,-0.0583244152367115,-0.37152111530303955,-0.09288027882575989,-0.13421432673931122,0.04337805509567261,0.2910657525062561,0.07276643812656403,-0.015405286103487015,0.034590210765600204,-0.007083773612976074,-0.0017709434032440186,-0.006509601138532162,-0.05453130602836609,-0.13189446926116943,-0.03297361731529236,-0.004502835683524609,0.04416073486208916,0.026009876281023026,0.006502469070255756,-0.01664486527442932,-0.07057764381170273,0.6773658990859985,0.16934147477149963,0.16322097182273865,0.009331983514130116,-0.3673873841762543,-0.09184684604406357,-0.14642155170440674,0.0026848376728594303,-0.29289838671684265,-0.07322459667921066,-0.013596804812550545,0.06513776630163193,0.04866359382867813,0.012165898457169533,0.018743278458714485,0.05167137458920479,-0.06079097092151642,-0.015197742730379105,0.008502362295985222,0.009865248575806618,-0.02653612196445465,-0.006634030491113663,-0.013446186669170856,-0.039253804832696915,1.102015733718872,0.275503933429718,0.2662474811077118,0.054665982723236084,1.1638751029968262,0.29096877574920654,0.2594343423843384,0.0579959861934185,-0.033159032464027405,-0.008289758116006851,-0.023679781705141068,0.005437612533569336,3.6939663887023926,0.9234915971755981,0.9417596459388733,-0.06957181543111801,0.10435564815998077,0.026088912039995193,0.023894986137747765,0.07011916488409042,-0.04416349530220032,-0.01104087382555008,-0.0070381066761910915,-0.03306028991937637,0.05340703949332237,0.013351759873330593,-0.00136504415422678,0.05284297466278076,0.9918730854988098,0.24796827137470245,0.2653391659259796,0.02050929144024849,-1.1534552574157715,-0.28836381435394287,-0.24398468434810638,-0.0722241923213005,-0.052159011363983154,-0.013039752840995789,-0.009772470220923424,-0.04583451896905899,3.5955724716186523,0.8988931179046631,0.9080058336257935,0.07894736528396606,0.00462418794631958,0.001156046986579895,-0.011688937433063984,0.023497987538576126,-0.006913637742400169,-0.0017284094356000423,0.007885942235589027,-0.01696615293622017,0.0616091787815094,0.01540229469537735,0.00528864748775959,0.07169847935438156,0,0,1
-0.09005102515220642,-0.022512756288051605,-0.006158140953630209,-0.0004285156901460141,-0.09228114783763885,-0.023070286959409714,0.004886682145297527,0.06678886711597443,-0.0649576485157013,-0.016239412128925323,-0.029603488743305206,-0.02592206560075283,0.5514881610870361,0.13787204027175903,0.15533585846424103,-0.02934037521481514,-0.5089582800865173,-0.12723957002162933,-0.13186299800872803,0.005500632803887129,0.2536545991897583,0.06341364979743958,-0.013709288090467453,0.018259752541780472,-0.20820385217666626,-0.052050963044166565,0.010171528905630112,-0.06935784965753555,-0.1377430558204651,-0.03443576395511627,0.0005230037495493889,-0.04755584895610809,0.015912462025880814,0.003978115506470203,-0.02031080424785614,-0.04189641401171684,0.5746890902519226,0.14367227256298065,0.16605794429779053,0.0619545578956604,-0.6156315803527832,-0.1539078950881958,-0.1480516940355301,0.028769278898835182,-0.31255027651786804,-0.07813756912946701,-0.0005143703892827034,-0.06119268760085106,0.06063726544380188,0.01515931636095047,0.0177006796002388,-0.06897982209920883,-0.08660390973091125,-0.021650977432727814,0.016727332025766373,-0.03216451033949852,0.026642411947250366,0.0066606029868125916,-0.014325625263154507,0.06298299878835678,1.1803350448608398,0.29508376121520996,0.27396517992019653,0.014223105274140835,1.1506590843200684,0.2876647710800171,0.26203057169914246,-0.034645404666662216,-0.04430404677987099,-0.011076011694967747,-0.01741689257323742,0.02600853517651558,3.5965194702148438,0.8991298675537109,0.9289000034332275,0.044686805456876755,0.030074462294578552,0.007518615573644638,0.02057063765823841,0.006020683329552412,0.0032216981053352356,0.0008054245263338089,0.0017564157024025917,0.02932903729379177,-0.015308219939470291,-0.003827054984867573,0.006753779947757721,-0.05086256191134453,0.9079389572143555,0.22698473930358887,0.2738696336746216,-0.02487560547888279,-1.0378540754318237,-0.25946351885795593,-0.24193811416625977,-0.05206421762704849,-0.01870277151465416,-0.00467569287866354,0.0009979736059904099,-0.0038571059703826904,3.583799123764038,0.8959497809410095,0.9233484268188477,-0.00913318432867527,0.05342966318130493,0.013357415795326233,-0.00531663466244936,0.036560773849487305,-0.02654767408967018,-0.006636918522417545,0.008914763107895851,-0.019814753904938698,0.023692091926932335,0.005923022981733084,0.013001805171370506,-0.03347497060894966,0,0,1
-0.06694510579109192,-0.01673627644777298,-0.01049336139112711,-0.07095026224851608,-0.09603001177310944,-0.02400750294327736,-0.006988698150962591,0.02490200474858284,-0.08810947835445404,-0.02202736958861351,-0.029960673302412033,0.07301580160856247,0.6092082858085632,0.1523020714521408,0.1651061326265335,0.051753249019384384,-0.41616082191467285,-0.10404020547866821,-0.12307586520910263,-0.07328981161117554,0.30274373292922974,0.07568593323230743,-0.0083454679697752,0.04797443374991417,-0.036324650049209595,-0.009081162512302399,-0.005944419652223587,0.0005532443756237626,-0.026237547397613525,-0.006559386849403381,-0.005749338306486607,0.00038169624167494476,0.0032492317259311676,0.0008123079314827919,-0.02913501486182213,0.018059123307466507,0.5927360653877258,0.14818401634693146,0.17736001312732697,0.022051537409424782,-0.511986255645752,-0.127996563911438,-0.1564667969942093,0.014672559686005116,-0.287494033575058,-0.0718735083937645,-0.01937514916062355,-0.010130179114639759,0.03987763077020645,0.009969407692551613,0.011081719771027565,0.035825349390506744,-0.05419120192527771,-0.013547800481319427,0.008240535855293274,-0.003445321461185813,-0.02478499710559845,-0.006196249276399612,-0.01220534835010767,-0.021319223567843437,1.121893048286438,0.2804732620716095,0.285714328289032,0.061978209763765335,1.2129452228546143,0.30323630571365356,0.26149502396583557,-0.007403296418488026,-0.03684842213988304,-0.00921210553497076,-0.030435943976044655,0.039936233311891556,3.615612745285034,0.9039031863212585,0.9254124760627747,0.05200045183300972,0.06400515884160995,0.01600128971040249,0.019485769793391228,0.04960291460156441,-0.10192572325468063,-0.02548143081367016,-0.0005707796663045883,-0.033906690776348114,0.028079833835363388,0.007019958458840847,0.00754416361451149,-0.060908444225788116,1.004357099533081,0.25108927488327026,0.26197320222854614,0.01624293439090252,-1.0763812065124512,-0.2690953016281128,-0.25268062949180603,0.03493154048919678,-0.034199059009552,-0.008549764752388,-0.004555597901344299,0.007563692517578602,3.618030071258545,0.9045075178146362,0.9232204556465149,0.04891239479184151,0.02242410182952881,0.005606025457382202,0.008857928216457367,0.018934672698378563,-0.003727637231349945,-0.0009319093078374863,0.009535910561680794,0.011259317398071289,0.022823411971330643,0.005705852992832661,0.011163158342242241,-0.06725788116455078,0,0,1
-0.0868300199508667,-0.021707504987716675,-0.006311994977295399,0.051843561232089996,-0.04205577075481415,-0.010513942688703537,-0.0031263912096619606,0.04052381590008736,-0.1349208950996399,-0.03373022377490997,-0.012999771162867546,-0.05793681740760803,0.5353223085403442,0.13383057713508606,0.14839491248130798,-0.023193765431642532,-0.3560263514518738,-0.08900658786296844,-0.13881145417690277,-0.05516922101378441,0.23665231466293335,0.05916307866573334,-0.0163663849234581,-0.04968408867716789,-0.028493911027908325,-0.007123477756977081,-0.0027693165466189384,0.07334424555301666,-0.08753347396850586,-0.021883368492126465,0.0031861411407589912,0.0044896602630615234,-0.028604503720998764,-0.007151125930249691,-0.017648573964834213,0.034128762781620026,0.6559106111526489,0.16397765278816223,0.18019023537635803,0.055096663534641266,-0.43168139457702637,-0.10792034864425659,-0.15800713002681732,0.03153732046484947,-0.4039687216281891,-0.10099218040704727,-0.006022438406944275,-0.04760398343205452,0.00910814106464386,0.002277035266160965,0.004131432622671127,0.03939181566238403,0.024160027503967285,0.006040006875991821,0.004938403144478798,-0.07499125599861145,-0.010991379618644714,-0.0027478449046611786,-0.010678119026124477,-0.037959448993206024,1.1693270206451416,0.2923317551612854,0.28726962208747864,-0.005312198307365179,1.2046542167663574,0.30116355419158936,0.24713553488254547,-0.007386213634163141,-0.03396338224411011,-0.008490845561027527,-0.027378130704164505,-0.04933861643075943,3.6429922580718994,0.9107480645179749,0.9364022016525269,-0.00584256649017334,0.06356731057167053,0.015891827642917633,0.025797082111239433,0.00812001246958971,-0.0661204606294632,-0.0165301151573658,-0.01518809050321579,-0.07400165498256683,0.03693319484591484,0.00923329871147871,-0.0008356329053640366,0.018420739099383354,0.9135069251060486,0.22837673127651215,0.2539091408252716,-0.001019126153551042,-1.1135092973709106,-0.27837732434272766,-0.23680205643177032,0.014759081415832043,-0.04247923195362091,-0.010619807988405228,-0.0056348019279539585,-0.02196444943547249,3.6141676902770996,0.9035419225692749,0.9276577830314636,0.03438497707247734,-0.020338334143161774,-0.005084583535790443,-0.007622437551617622,-0.004690838046371937,-0.018861986696720123,-0.004715496674180031,0.0018354039639234543,-0.06303594261407852,0.0298154279589653,0.007453856989741325,0.009618682786822319,0.06279788166284561,0,0,1
-0.06407034397125244,-0.01601758599281311,0.0030514467507600784,-0.05748150497674942,-0.08521933853626251,-0.021304834634065628,-0.0013744411990046501,-0.0282285213470459,-0.035408105701208115,-0.008852026425302029,-0.027689889073371887,-0.040760163217782974,0.5614136457443237,0.14035341143608093,0.16456125676631927,-0.049071382731199265,-0.1280912309885025,-0.032022807747125626,-0.12936024367809296,-0.033247631043195724,0.30676478147506714,0.07669119536876678,-0.013483772985637188,0.04844416305422783,-0.006739795207977295,-0.0016849488019943237,-0.0020819148048758507,-0.05786004662513733,-0.10058987140655518,-0.025147467851638794,0.010594980791211128,0.04551016166806221,0.0007072128355503082,0.00017680320888757706,-0.02740637958049774,0.037309374660253525,0.7080194354057312,0.1770048588514328,0.18043901026248932,0.03765301778912544,-0.23335173726081848,-0.05833793431520462,-0.15396364033222198,0.05746949836611748,-0.4117433726787567,-0.10293584316968918,-0.005353808403015137,-0.06336307525634766,0.05438680201768875,0.013596700504422188,0.004451422020792961,0.045731496065855026,0.05495251715183258,0.013738129287958145,-0.0068360124714672565,-0.002522772643715143,0.0430845245718956,0.0107711311429739,-0.02079092152416706,0.02547280862927437,1.194095492362976,0.298523873090744,0.29391318559646606,-0.061862315982580185,1.3064326047897339,0.32660815119743347,0.2548733353614807,0.02661794424057007,0.039307791739702225,0.009826947934925556,-0.014305994845926762,-0.01898002065718174,3.6609396934509277,0.9152349233627319,0.92508864402771,0.04135953262448311,0.05098557472229004,0.01274639368057251,0.01682298257946968,0.03928816318511963,0.007422313094139099,0.0018555782735347748,0.000378195196390152,-0.020779157057404518,0.02705947682261467,0.0067648692056536674,0.00996772013604641,-0.003929489757865667,0.9004669189453125,0.22511672973632812,0.24892304837703705,0.024098623543977737,-1.234917163848877,-0.30872929096221924,-0.24180568754673004,-0.056101273745298386,-0.07533012330532074,-0.018832530826330185,-0.0040943799540400505,-0.06655285507440567,3.6133570671081543,0.9033392667770386,0.9175156354904175,0.057971250265836716,0.022308222949504852,0.005577055737376213,-0.013255804777145386,0.047612275928258896,0.0348648764193058,0.00871621910482645,0.012816362082958221,0.033616211265325546,-0.04244592413306236,-0.01061148103326559,0.008962597697973251,0.06407823413610458,0,0,1
0.016105324029922485,0.004026331007480621,0.00831349566578865,0.05595052242279053,-0.04474864900112152,-0.01118716225028038,-0.007129092700779438,-0.008902246132493019,-0.10292671620845795,-0.025731679052114487,-0.0318123996257782,0.062413837760686874,0.603402316570282,0.1508505791425705,0.15227559208869934,-0.04901735112071037,-0.08154080808162689,-0.020385202020406723,-0.1368439942598343,-0.0660911276936531,0.29862624406814575,0.07465656101703644,-0.00042954832315444946,-0.06196127086877823,0.03397062420845032,0.00849265605211258,-0.002411913126707077,0.016454124823212624,-0.1885983943939209,-0.047149598598480225,-0.002288818359375,-0.05079653859138489,0.001319143921136856,0.000329785980284214,-0.027088088914752007,0.07033295929431915,0.7419451475143433,0.18548628687858582,0.16553166508674622,0.05957123264670372,-0.07170405983924866,-0.017926014959812164,-0.17134436964988708,0.03662186861038208,-0.369680255651474,-0.0924200639128685,-0.012169803492724895,-0.027087608352303505,0.03781174123287201,0.009452935308218002,0.007625585421919823,0.045834172517061234,0.08390536159276962,0.020976340398192406,-0.006635346915572882,-0.03497486561536789,0.02561342716217041,0.0064033567905426025,-0.013788996264338493,-0.02103183977305889,1.231812834739685,0.30795320868492126,0.2856818735599518,-0.020678818225860596,1.1743125915527344,0.2935781478881836,0.2575675845146179,0.04635937139391899,-0.03349757567048073,-0.008374393917620182,-0.0210444126278162,-0.053587306290864944,3.664641857147217,0.9161604642868042,0.9339662194252014,0.0754217877984047,0.06398993730545044,0.01599748432636261,0.011396721005439758,-0.003959459252655506,-0.07016679644584656,-0.01754169911146164,-0.0080303605645895,0.04949164390563965,0.016315441578626633,0.004078860394656658,-0.0033241473138332367,-0.011601829901337624,0.9340682029724121,0.23351705074310303,0.24291501939296722,-0.07623077929019928,-1.0171619653701782,-0.25429049134254456,-0.2316708266735077,0.06753938645124435,-0.02041563391685486,-0.005103908479213715,-0.0035917009226977825,0.039672888815402985,3.6232388019561768,0.9058097004890442,0.9240948557853699,-0.067323237657547,0.018025323748588562,0.0045063309371471405,-0.01052639540284872,0.014199167490005493,-0.028881371021270752,-0.007220342755317688,0.0060810670256614685,-0.021944886073470116,0.023751314729452133,0.005937828682363033,0.009699011221528053,0.023782063275575638,0,0,1
-0.017092108726501465,-0.004273027181625366,0.0009165704250335693,-0.031066536903381348,-0.024629667401313782,-0.0061574168503284454,0.0006571020931005478,-0.01465259213000536,-0.10755519568920135,-0.02688879892230034,-0.016165290027856827,0.03768819570541382,0.6295109987258911,0.15737774968147278,0.15845435857772827,-0.01021679025143385,0.11233772337436676,0.02808443084359169,-0.14631828665733337,-0.027641281485557556,0.32098108530044556,0.08024527132511139,-0.010984193533658981,0.00223276624456048,0.035866767168045044,0.008966691792011261,0.0016710609197616577,0.006019044201821089,-0.0859704315662384,-0.0214926078915596,-0.005076488479971886,0.039897382259368896,-0.0054807402193546295,-0.0013701850548386574,-0.017047449946403503,0.0152139188721776,0.7044312953948975,0.17610782384872437,0.17617684602737427,0.0031994462478905916,0.13248001039028168,0.03312000259757042,-0.1650286763906479,0.04887790605425835,-0.37194064259529114,-0.09298516064882278,-0.0009516999125480652,0.04678143188357353,-0.06115572154521942,-0.015288930386304855,0.007165869697928429,-0.05377808213233948,-0.0010736286640167236,-0.0002684071660041809,0.003176553174853325,-0.06037268787622452,0.05325821787118912,0.01331455446779728,-0.0011632172390818596,0.005613488145172596,1.1536543369293213,0.2884135842323303,0.28503602743148804,0.06015355512499809,1.1194531917572021,0.27986329793930054,0.26596179604530334,-0.046257536858320236,-0.0003438517451286316,-8.59629362821579e-05,-0.006750280968844891,-0.06265605986118317,3.6998844146728516,0.9249711036682129,0.9400664567947388,0.026141226291656494,0.07868559658527374,0.019671399146318436,0.015744535252451897,0.005103659816086292,-0.06410075724124908,-0.01602518931031227,0.0025483928620815277,0.0028072239365428686,0.046957407146692276,0.011739351786673069,0.009359348565340042,0.02246152237057686,0.9538221955299377,0.23845554888248444,0.23715800046920776,0.018848484382033348,-1.2083609104156494,-0.30209022760391235,-0.24195662140846252,0.020835889503359795,-0.0741838812828064,-0.0185459703207016,-0.005252600647509098,-0.04639842361211777,3.6212263107299805,0.9053065776824951,0.9161341786384583,0.038488805294036865,0.009845174849033356,0.002461293712258339,-0.003674895502626896,0.06992381811141968,0.051204174757003784,0.012801043689250946,0.01105567067861557,0.03834351524710655,-0.027147267013788223,-0.006786816753447056,0.0014780499041080475,-0.01937929354608059,0,0,1
0.09041193127632141,0.022602982819080353,0.017284275963902473,0.06766512244939804,-0.008565142750740051,-0.002141285687685013,-0.009988851845264435,-0.011631625704467297,-0.09145574271678925,-0.02286393567919731,-0.01781088300049305,-0.07662185281515121,0.6215010285377502,0.15537525713443756,0.16017644107341766,-0.0044136643409729,0.1666213721036911,0.041655343025922775,-0.14513567090034485,0.014522832818329334,0.31539058685302734,0.07884764671325684,-0.01161308865994215,-0.011508542113006115,0.012618333101272583,0.0031545832753181458,0.004179060459136963,0.08307117223739624,-0.08864063024520874,-0.022160157561302185,-0.007955421693623066,0.050807107239961624,-0.0015446208417415619,-0.00038615521043539047,-0.02877611666917801,0.009314090013504028,0.72320955991745,0.1808023899793625,0.1784834861755371,0.04368022829294205,0.10131026804447174,0.025327567011117935,-0.16258101165294647,-0.041469354182481766,-0.42229732871055603,-0.10557433217763901,-0.006769275292754173,0.004978192038834095,0.012331381440162659,0.0030828453600406647,0.005156747065484524,0.032789673656225204,-0.03185772895812988,-0.00796443223953247,-0.0002278946340084076,0.0694197341799736,-0.03074657917022705,-0.007686644792556763,0.007285434752702713,-0.019068295136094093,1.0507861375808716,0.2626965343952179,0.2979908585548401,-0.0507107675075531,1.2196037769317627,0.3049009442329407,0.2641552984714508,-0.05982096120715141,-0.03539596498012543,-0.008848991245031357,-0.021321821957826614,-0.014149433933198452,3.586618661880493,0.8966546654701233,0.9337593913078308,0.00966609176248312,0.07400036603212357,0.01850009150803089,0.0177521500736475,-0.06054077297449112,-0.12509261071681976,-0.03127315267920494,-0.012500527314841747,-0.009287071414291859,-0.008227933198213577,-0.0020569832995533943,0.005792548879981041,0.015404236502945423,0.954257071018219,0.23856426775455475,0.23425421118736267,0.035546254366636276,-1.1726369857788086,-0.29315924644470215,-0.2513761818408966,-0.03478361293673515,-0.06486573815345764,-0.01621643453836441,-0.017338691279292107,0.060440268367528915,3.6100034713745117,0.9025008678436279,0.9259029030799866,0.058108698576688766,-0.03454994410276413,-0.008637486025691032,-0.009295948781073093,0.03145315870642662,-0.05314496532082558,-0.013286241330206394,0.005769835785031319,0.025388991460204124,0.050372302532196045,0.012593075633049011,0.001151949167251587,0.028300810605287552,0,0,1
0.11129707098007202,0.027824267745018005,0.018493527546525,0.03806665167212486,0.06329120695590973,0.015822801738977432,-0.003746763337403536,-0.019177913665771484,-0.0895606130361557,-0.022390153259038925,-0.024998445063829422,0.06548633426427841,0.6233863830566406,0.15584659576416016,0.1575649529695511,-0.08919087052345276,0.2899206876754761,0.07248017191886902,-0.1484459489583969,-0.06526714563369751,0.3027247190475464,0.0756811797618866,-0.011443753726780415,0.0022230208851397038,0.01491767168045044,0.00372941792011261,0.011576337739825249,-0.0016607999568805099,-0.0673699676990509,-0.016842491924762726,-0.004249804653227329,0.033829011023044586,-0.017948951572179794,-0.004487237893044949,-0.022229697555303574,0.0639667883515358,0.7317347526550293,0.18293368816375732,0.1796267032623291,0.07231726497411728,0.23055307567119598,0.057638268917798996,-0.18317650258541107,-0.06277602165937424,-0.4245050847530365,-0.10612627118825912,-0.014538026414811611,-0.040396641939878464,0.010344773530960083,0.0025861933827400208,0.0010250136256217957,0.029038656502962112,-0.0718597024679184,-0.0179649256169796,0.005035208538174629,0.012448686175048351,0.02616347372531891,0.006540868431329727,-0.001094043254852295,-0.04872676730155945,1.1729941368103027,0.2932485342025757,0.2937999665737152,0.03214184194803238,1.2637492418289185,0.3159373104572296,0.26388099789619446,-0.016973555088043213,0.0012774113565683365,0.0003193528391420841,-0.01262941025197506,0.035513389855623245,3.5903759002685547,0.8975939750671387,0.9243206977844238,0.02432684414088726,0.044943809509277344,0.011235952377319336,0.019412944093346596,0.06562779098749161,-0.02609539031982422,-0.006523847579956055,-0.00952265877276659,-0.054430391639471054,0.019995715469121933,0.004998928867280483,0.005936840549111366,-0.013019824400544167,0.8145800828933716,0.2036450207233429,0.24067164957523346,0.014975356869399548,-1.092049241065979,-0.27301231026649475,-0.256316214799881,0.04016837105154991,-0.0547976940870285,-0.013699423521757126,-0.0026467610150575638,0.0264044888317585,3.633192777633667,0.9082981944084167,0.9206876754760742,-0.061097051948308945,-0.008855924010276794,-0.0022139810025691986,-0.014822491444647312,0.03000847063958645,-0.006335876882076263,-0.0015839692205190659,0.007678451016545296,0.0629844069480896,0.01964999921619892,0.00491249980404973,0.002060066908597946,0.07087688893079758,0,0,1
0.14539974927902222,0.036349937319755554,0.011384349316358566,0.046170711517333984,0.04156523942947388,0.01039130985736847,-0.005759469699114561,-0.05166851356625557,-0.11560338735580444,-0.02890084683895111,-0.013296067714691162,-0.05431898310780525,0.6771723031997681,0.16929307579994202,0.14754869043827057,-0.08648935705423355,0.5689440965652466,0.14223602414131165,-0.1571427881717682,-0.010086792521178722,0.3815436363220215,0.09538590908050537,0.0007430166006088257,-0.002307033631950617,0.05725327134132385,0.014313317835330963,0.019969580695033073,-0.018381375819444656,-0.11590421199798584,-0.02897605299949646,-0.00019326992332935333,0.03398479148745537,0.0005853734910488129,0.00014634337276220322,-0.01885984092950821,0.027788210660219193,0.8016985654830933,0.20042464137077332,0.1721223145723343,0.06846790760755539,0.5589447021484375,0.13973617553710938,-0.17516489326953888,-0.0223765317350626,-0.42360374331474304,-0.10590093582868576,-0.00521688861772418,-0.014326751232147217,0.0008766204118728638,0.00021915510296821594,0.01528087817132473,-0.0598696768283844,-0.11779451370239258,-0.029448628425598145,0.0010094791650772095,-0.06433659791946411,0.06069190055131912,0.01517297513782978,-0.005291056353598833,0.028995860368013382,1.0837419033050537,0.2709354758262634,0.28623804450035095,0.004791748709976673,1.2038850784301758,0.30097126960754395,0.25997135043144226,0.004173398017883301,-0.014184627681970596,-0.003546156920492649,-0.021135976538062096,0.022037435322999954,3.55806303024292,0.88951575756073,0.9199168682098389,-0.06287417560815811,0.03247424215078354,0.008118560537695885,0.026112070307135582,-0.015363055281341076,-0.07372613996267319,-0.018431534990668297,-0.006348648574203253,0.024737859144806862,0.037982042878866196,0.009495510719716549,-0.0018823761492967606,-0.03076343610882759,0.8563376069068909,0.21408440172672272,0.2146025002002716,-0.024999534711241722,-1.1975098848342896,-0.2993774712085724,-0.2562045156955719,-0.012639492750167847,-0.07441259920597076,-0.01860314980149269,-0.002259517088532448,0.04290125519037247,3.610513687133789,0.9026284217834473,0.9281566739082336,-0.07029996812343597,-0.00768435001373291,-0.0019210875034332275,-0.003777013160288334,-0.04654901847243309,-0.015194488689303398,-0.0037986221723258495,0.01187104731798172,-0.04820698872208595,-0.017530806362628937,-0.004382701590657234,0.00015234574675559998,-0.06309422105550766,0,0,1
0.1711653172969818,0.04279132932424545,0.028690608218312263,0.03460804373025894,-0.04268752038478851,-0.010671880096197128,0.0018142256885766983,0.07203634828329086,-0.04586764797568321,-0.011466911993920803,-0.022739259526133537,-0.07283356040716171,0.7281603813171387,0.18204009532928467,0.13624492287635803,-0.010835898108780384,0.6148592233657837,0.15371480584144592,-0.1502954065799713,0.007139384746551514,0.41240763664245605,0.10310190916061401,-0.01408246997743845,-0.011792957782745361,0.1096959114074707,0.027423977851867676,0.01913897879421711,-0.03499943017959595,-0.09049302339553833,-0.022623255848884583,-0.00014316104352474213,-0.032070811837911606,0.020105917006731033,0.005026479251682758,-0.020508239045739174,-0.04774313420057297,0.8029078245162964,0.2007269561290741,0.17932015657424927,-0.07049613445997238,0.6260678172111511,0.15651695430278778,-0.17426005005836487,0.01840490661561489,-0.34991762042045593,-0.08747940510511398,-0.011105183511972427,-0.037001725286245346,-0.0237819105386734,-0.00594547763466835,0.01449679397046566,-0.0015523851616308093,-0.0007024556398391724,-0.0001756139099597931,-0.0001974077895283699,-0.0591413788497448,-0.021141178905963898,-0.005285294726490974,0.0028134342283010483,0.08987777680158615,1.0748867988586426,0.26872169971466064,0.2772068381309509,0.04856394603848457,1.1805373430252075,0.2951343357563019,0.2780616879463196,-0.06408561021089554,-0.017121076583862305,-0.004280269145965576,-0.02155119925737381,0.006997793912887573,3.494739055633545,0.8736847639083862,0.9154452681541443,-0.1015639528632164,0.016098767518997192,0.004024691879749298,0.018866760656237602,-0.07804619520902634,-0.11116710305213928,-0.02779177576303482,-0.003430524840950966,-0.003804278327152133,0.06551960110664368,0.01637990027666092,0.010905126109719276,0.06394436210393906,0.9029775261878967,0.22574438154697418,0.22127166390419006,-0.01071981806308031,-1.1630219221115112,-0.2907554805278778,-0.26331669092178345,0.0649614930152893,-0.0553629994392395,-0.013840749859809875,-0.016781257465481758,0.014655524864792824,3.608391046524048,0.902097761631012,0.9217337965965271,0.06154201179742813,-0.024544939398765564,-0.006136234849691391,-0.017093036323785782,0.055474210530519485,0.043649617582559586,0.010912404395639896,0.007816895842552185,-0.03877777233719826,0.05867834389209747,0.014669585973024368,0.014276241883635521,0.07940836995840073,0,0,1
0.19669918715953827,0.04917479678988457,0.019832102581858635,0.04577047750353813,-0.12673301994800568,-0.03168325498700142,0.0010938365012407303,0.008738082833588123,-0.06195810064673424,-0.01548952516168356,-0.03179255127906799,-0.013408243656158447,0.7066289186477661,0.17665722966194153,0.13773207366466522,-0.0010442495113238692,0.48836708068847656,0.12209177017211914,-0.15565773844718933,-0.06962069123983383,0.4320935606956482,0.10802339017391205,-0.005820277612656355,0.046823181211948395,0.17765048146247864,0.04441262036561966,0.01623794436454773,-0.05802878364920616,-0.07927057147026062,-0.019817642867565155,-0.00633655209094286,0.020695645362138748,0.05463097617030144,0.01365774404257536,-0.01409628801047802,0.06227908283472061,0.7792156338691711,0.19480390846729279,0.17432352900505066,-0.06525763124227524,0.6566526293754578,0.16416315734386444,-0.18817785382270813,0.033690523356199265,-0.3027831017971039,-0.07569577544927597,-0.009864717721939087,0.02932717837393284,-0.006689026951789856,-0.001672256737947464,0.01095799170434475,-0.03190876170992851,0.06356561183929443,0.01589140295982361,0.0021322136744856834,0.0580361969769001,-0.10855090618133545,-0.027137726545333862,0.02375602535903454,0.04766646772623062,1.0444072484970093,0.2611018121242523,0.2791929841041565,-0.02401716820895672,1.1457974910736084,0.2864493727684021,0.280146062374115,0.07463385909795761,-0.023646406829357147,-0.005911601707339287,-0.021341176703572273,-0.024550825357437134,3.427462100982666,0.8568655252456665,0.9028961062431335,-0.004975414369255304,0.07934241741895676,0.01983560435473919,0.02339535765349865,-0.03786404803395271,-0.08922082185745239,-0.022305205464363098,-0.010109424591064453,-0.07602526247501373,-0.024144772440195084,-0.006036193110048771,0.006696147844195366,0.03637852892279625,0.8597732782363892,0.2149433195590973,0.217851921916008,0.02162574604153633,-1.1536574363708496,-0.2884143590927124,-0.2556876838207245,0.0422828309237957,-0.052742183208465576,-0.013185545802116394,-0.00252709724009037,-0.05291746184229851,3.6612067222595215,0.9153016805648804,0.9110271334648132,-0.053996991366147995,-0.00572744756937027,-0.0014318618923425674,-0.00286055076867342,-0.03560103103518486,-0.007596947252750397,-0.0018992368131875992,0.007570264860987663,0.029010260477662086,-0.025510065257549286,-0.0063775163143873215,0.010958872735500336,0.06439419090747833,0,0,1
0.2899450361728668,0.0724862590432167,0.02329530380666256,-0.020691996440291405,0.0029058605432510376,0.0007264651358127594,-0.002712932415306568,0.07677341997623444,-0.18803749978542328,-0.04700937494635582,-0.015340796671807766,0.014377928338944912,0.6795628666877747,0.16989071667194366,0.15169264376163483,-0.0070223151706159115,0.5750155448913574,0.14375388622283936,-0.15775488317012787,-0.06790897995233536,0.3782884478569031,0.09457211196422577,-0.008941464126110077,0.043996501713991165,0.0973200798034668,0.0243300199508667,0.03309853374958038,-0.00042046309681609273,-0.16308993101119995,-0.04077248275279999,0.007077915593981743,0.010862678289413452,0.04220626875758171,0.010551567189395428,-0.017895150929689407,-0.06422015279531479,0.7820138335227966,0.19550345838069916,0.16764380037784576,-0.0853005051612854,0.48331218957901,0.1208280473947525,-0.18287798762321472,-0.056682851165533066,-0.36790308356285095,-0.09197577089071274,0.001318977214396,0.01975657418370247,-0.014693811535835266,-0.0036734528839588165,0.013139531016349792,-0.05181973800063133,-0.06946562230587006,-0.017366405576467514,-0.0055128587409853935,0.076496921479702,-0.10900184512138367,-0.027250461280345917,0.011222876608371735,0.048716701567173004,0.9667576551437378,0.24168941378593445,0.25937703251838684,0.01613602042198181,1.0851304531097412,0.2712826132774353,0.2593192160129547,0.06016962602734566,-0.029432527720928192,-0.007358131930232048,-0.01373380795121193,0.06360770761966705,3.431581497192383,0.8578953742980957,0.885546863079071,0.02096489630639553,0.03807690739631653,0.009519226849079132,0.022500215098261833,-0.02525343932211399,-0.0688299611210823,-0.017207490280270576,-0.0036103464663028717,-0.06965561956167221,0.0007267557084560394,0.00018168892711400986,0.011955859139561653,0.0031102478969842196,0.891281008720398,0.2228202521800995,0.21033260226249695,-0.07392603904008865,-1.1894073486328125,-0.2973518371582031,-0.2623220384120941,0.030970966443419456,-0.05708496272563934,-0.014271240681409836,-0.002587897703051567,0.023081202059984207,3.6893463134765625,0.9223365783691406,0.9227856397628784,0.07210778445005417,-0.03016149252653122,-0.007540373131632805,-0.015043830499053001,0.004999143071472645,-0.0068353451788425446,-0.0017088362947106361,-0.0006333803758025169,-0.07741302251815796,0.03768271580338478,0.009420678950846195,-0.00437034061178565,0.07872702926397324,0,0,1
0.23302921652793884,0.05825730413198471,0.024745827540755272,-0.023690033704042435,0.052061185240745544,0.013015296310186386,0.004209723323583603,0.01832984760403633,-0.11822934448719025,-0.02955733612179756,-0.02571628987789154,-0.03243715688586235,0.6980940103530884,0.1745235025882721,0.1393640786409378,0.048795439302921295,0.7358152866363525,0.18395382165908813,-0.1648251712322235,-0.04467211291193962,0.3410467505455017,0.08526168763637543,-0.004665042273700237,0.019911164417862892,0.10096988081932068,0.02524247020483017,0.0314311683177948,0.005360388662666082,-0.15930727124214172,-0.03982681781053543,0.005297200754284859,-0.00628127483651042,0.0335286445915699,0.008382161147892475,-0.020027268677949905,0.042984988540410995,0.7908098697662354,0.19770246744155884,0.15798068046569824,0.05570518970489502,0.5644404888153076,0.1411101222038269,-0.18474848568439484,-0.0072896541096270084,-0.3416886031627655,-0.08542215079069138,0.0011591855436563492,0.0706598311662674,-0.05604623258113861,-0.014011558145284653,0.014674490317702293,-0.02585512399673462,-0.052077025175094604,-0.013019256293773651,-0.006600872613489628,-0.04026445373892784,-0.024890586733818054,-0.0062226466834545135,0.007476411759853363,-0.07902111113071442,0.874305009841919,0.21857625246047974,0.25754380226135254,0.017975950613617897,1.0340001583099365,0.25850003957748413,0.25387680530548096,-0.05982733890414238,-0.0913131833076477,-0.022828295826911926,-0.005691017955541611,0.030888736248016357,3.4039721488952637,0.8509930372238159,0.8905293345451355,-0.03593480587005615,0.0605175644159317,0.015129391103982925,0.0251756701618433,0.0051495968364179134,-0.11072493344545364,-0.02768123336136341,-0.014095757156610489,0.011547542177140713,-0.034617457538843155,-0.008654364384710789,0.006353443488478661,0.011097717098891735,0.9119813442230225,0.22799533605575562,0.21491868793964386,-0.04614255204796791,-1.1195919513702393,-0.2798979878425598,-0.25082239508628845,0.016597408801317215,-0.05247114598751068,-0.01311778649687767,-0.012671730481088161,-0.05107535049319267,3.7658894062042236,0.9414723515510559,0.9198042750358582,0.03714802488684654,0.00046938657760620117,0.00011734664440155029,-0.014311619102954865,0.009504193440079689,0.09867380559444427,0.02466845139861107,0.01338120922446251,0.016972197219729424,0.03156985342502594,0.007892463356256485,0.01363304816186428,0.029592240229249,0,0,1
0.19508692622184753,0.048771731555461884,0.02285427413880825,-0.008970958180725574,-0.020179137587547302,-0.0050447843968868256,-0.003352832980453968,-0.024775410071015358,-0.1392526626586914,-0.03481316566467285,-0.028402727097272873,0.0024007081519812346,0.6799280643463135,0.16998201608657837,0.1311996877193451,0.030390454456210136,0.547735333442688,0.136933833360672,-0.15495556592941284,0.04491375759243965,0.3142443299293518,0.07856108248233795,-0.006278840824961662,-0.04170709848403931,0.02627629041671753,0.006569072604179382,0.03717111051082611,0.0395841971039772,-0.1533772349357605,-0.038344308733940125,-0.004170795902609825,-0.045500047504901886,0.02182798460125923,0.005456996150314808,-0.025629712268710136,0.018226444721221924,0.7117793560028076,0.1779448390007019,0.16660630702972412,0.003063839627429843,0.5610633492469788,0.1402658373117447,-0.19009089469909668,0.019626593217253685,-0.3151141107082367,-0.07877852767705917,0.0005595134571194649,0.00826653279364109,0.03272269666194916,0.00818067416548729,0.016089821234345436,-0.03438342362642288,0.015147462487220764,0.003786865621805191,-0.006289076060056686,0.037058185786008835,0.023041456937789917,0.005760364234447479,0.007136030122637749,-0.05060366541147232,0.893047571182251,0.22326189279556274,0.24475903809070587,-0.02143610082566738,1.19230055809021,0.2980751395225525,0.24778510630130768,-0.028145939111709595,-0.037495795637369156,-0.009373948909342289,-0.024324040859937668,-0.005297529976814985,3.440542459487915,0.8601356148719788,0.8843684792518616,-0.08074899017810822,0.03414507955312729,0.008536269888281822,0.008361652493476868,0.056271281093358994,-0.06684526801109314,-0.016711317002773285,-0.01286719273775816,0.0061362446285784245,0.007411982864141464,0.001852995716035366,0.0024080537259578705,-0.07090634852647781,0.8433242440223694,0.21083106100559235,0.20934665203094482,-0.06985100358724594,-1.105661392211914,-0.2764153480529785,-0.263679176568985,-0.03490646556019783,-0.04417239874601364,-0.01104309968650341,-0.004263699054718018,0.017452597618103027,3.7659807205200195,0.9414951801300049,0.9390933513641357,0.005140507128089666,-0.03309663385152817,-0.008274158462882042,-0.002785150893032551,0.04587980732321739,-0.026497405022382736,-0.006624351255595684,0.005565384402871132,0.06868889182806015,-0.03003798797726631,-0.007509496994316578,0.013317698612809181,0.0019050479168072343,0,0,1
0.22271016240119934,0.055677540600299835,0.03654566407203674,-0.014890956692397594,0.057316288352012634,0.014329072088003159,-0.008502595126628876,0.04479334503412247,-0.12883290648460388,-0.03220822662115097,-0.02869304269552231,-0.03762148693203926,0.6284993290901184,0.1571248322725296,0.1312602460384369,0.009079456329345703,0.5008736848831177,0.12521842122077942,-0.1485302448272705,0.054754771292209625,0.30157047510147095,0.07539261877536774,0.00010491907596588135,0.02805170975625515,0.04019135236740112,0.01004783809185028,0.03516191989183426,0.044387854635715485,-0.18248417973518372,-0.04562104493379593,-0.005766022950410843,-0.07483348250389099,-0.028758801519870758,-0.0071897003799676895,-0.033255673944950104,-0.041881248354911804,0.7564020156860352,0.1891005039215088,0.16890156269073486,-0.019060224294662476,0.5857839584350586,0.14644598960876465,-0.19644035398960114,-0.06070784851908684,-0.2903842031955719,-0.07259605079889297,-0.005973860155791044,0.06235746294260025,0.01578347384929657,0.0039458684623241425,-0.003282874822616577,0.03003758192062378,-0.0660434365272522,-0.01651085913181305,0.009584970772266388,0.06608380377292633,0.1120462715625763,0.028011567890644073,0.007607137784361839,0.05462081357836723,0.962352991104126,0.2405882477760315,0.24233756959438324,0.04357031732797623,1.296213150024414,0.3240532875061035,0.2473498433828354,0.04458286985754967,0.023282207548618317,0.005820551887154579,-0.01789170503616333,-0.033968742936849594,3.4093244075775146,0.8523311018943787,0.8729200959205627,-0.06410985440015793,0.06374628841876984,0.01593657210469246,0.023886242881417274,0.001876956201158464,-0.027635201811790466,-0.006908800452947617,-0.009931345470249653,-0.022463560104370117,0.06843113899230957,0.017107784748077393,0.006526187062263489,0.03279519081115723,0.8516507148742676,0.2129126787185669,0.20805686712265015,-0.023835022002458572,-1.058591604232788,-0.264647901058197,-0.24698497354984283,-0.003304034471511841,-0.049671612679958344,-0.012417903169989586,-0.011423392221331596,-0.007369041442871094,3.7349770069122314,0.9337442517280579,0.9432951807975769,0.07368995249271393,-0.034508928656578064,-0.008627232164144516,-0.01687069982290268,-0.03180042654275894,0.020631790161132812,0.005157947540283203,0.004750614985823631,-0.008955204859375954,0.008507664315402508,0.002126916078850627,0.0007293745875358582,-0.05614646151661873,0,0,1
0.21469855308532715,0.05367463827133179,0.034075915813446045,0.018520284444093704,0.0936940461397171,0.023423511534929276,-0.007719115354120731,-0.0735333040356636,-0.14860765635967255,-0.03715191408991814,-0.02887537144124508,0.011719519272446632,0.6323921084403992,0.1580980271100998,0.13785389065742493,-0.021745383739471436,0.7066782116889954,0.17666955292224884,-0.1503390520811081,0.056166935712099075,0.36442041397094727,0.09110510349273682,0.005622968077659607,-0.01916491985321045,0.225041925907135,0.05626048147678375,0.030115576460957527,-0.026637637987732887,-0.049215078353881836,-0.012303769588470459,-0.013753218576312065,0.006732994224876165,-0.048636626452207565,-0.012159156613051891,-0.018678870052099228,-0.03558902069926262,0.8778601884841919,0.21946504712104797,0.16994458436965942,-0.05456783249974251,0.824598491191864,0.206149622797966,-0.19989752769470215,0.059872593730688095,-0.3430631458759308,-0.0857657864689827,-0.005470127332955599,0.05497458204627037,-0.07533055543899536,-0.01883263885974884,-0.001886722631752491,-0.04431123659014702,-0.18415963649749756,-0.04603990912437439,-0.0036855037324130535,-0.009722060523927212,0.011889338493347168,0.002972334623336792,0.013470837846398354,-0.01775342784821987,0.8333067893981934,0.20832669734954834,0.21605372428894043,-0.04237420856952667,1.1481754779815674,0.28704386949539185,0.2447197586297989,0.05979639291763306,-0.045374803245067596,-0.011343700811266899,-0.027642516419291496,-0.0352279357612133,3.26969575881958,0.817423939704895,0.8664434552192688,-0.04144064709544182,0.01946854591369629,0.004867136478424072,0.009372806176543236,-0.07501115649938583,-0.06659705936908722,-0.016649264842271805,-0.010749167762696743,0.05377199873328209,0.005716096609830856,0.001429024152457714,-0.003230431117117405,-0.011843937449157238,0.9470193386077881,0.23675483465194702,0.209354430437088,0.04796591028571129,-1.054327130317688,-0.263581782579422,-0.2537841498851776,0.06518955528736115,-0.04945671558380127,-0.012364178895950317,-0.017050180584192276,-0.016009652987122536,3.803375244140625,0.9508438110351562,0.9377259612083435,0.022649485617876053,0.04705020785331726,0.011762551963329315,-0.0044493842869997025,-0.03167357295751572,0.03319216147065163,0.008298040367662907,-0.0006697829812765121,0.059402693063020706,0.11215728521347046,0.028039321303367615,0.00823165662586689,0.027883851900696754,0,0,1
0.1691388636827469,0.04228471592068672,0.04847218096256256,-0.03424352407455444,0.024631604552268982,0.0061579011380672455,-0.0018242932856082916,-0.022543324157595634,-0.13785284757614136,-0.03446321189403534,-0.018975377082824707,-0.04636695608496666,0.6309866309165955,0.15774665772914886,0.12525299191474915,0.0018942535389214754,0.377837598323822,0.0944593995809555,-0.15533623099327087,0.02082907035946846,0.3010876774787903,0.07527191936969757,-0.006610663142055273,-0.032626502215862274,0.21780014038085938,0.054450035095214844,0.034379951655864716,-0.04618387296795845,-0.07827520370483398,-0.019568800926208496,-0.01658736914396286,-0.06660578399896622,0.045455191284418106,0.011363797821104527,-0.021459069103002548,0.014594579115509987,0.7741389274597168,0.1935347318649292,0.15994909405708313,-0.055106550455093384,0.5864270925521851,0.14660677313804626,-0.2037055492401123,0.0375710129737854,-0.3609742820262909,-0.09024357050657272,0.0019426345825195312,0.0038869380950927734,0.06782080233097076,0.01695520058274269,-0.008290376514196396,0.01900966838002205,-0.04038211703300476,-0.01009552925825119,-0.012561993673443794,-0.039627641439437866,-0.05907754600048065,-0.014769386500120163,0.01495804637670517,0.040936946868896484,0.8405513167381287,0.21013782918453217,0.20597386360168457,-0.004665487911552191,1.1275899410247803,0.28189748525619507,0.25394734740257263,0.05849313735961914,-0.018418753519654274,-0.0046046883799135685,-0.018714897334575653,0.027900541201233864,3.3133034706115723,0.8283258676528931,0.8572198748588562,0.05016319826245308,0.09041613340377808,0.02260403335094452,0.022384608164429665,0.07121507078409195,-0.10250173509120941,-0.025625433772802353,-0.013562922365963459,0.05970961973071098,0.07866789400577545,0.019666973501443863,0.0024105962365865707,0.007190793752670288,0.9223593473434448,0.2305898368358612,0.21740931272506714,0.03697022423148155,-1.1334106922149658,-0.28335267305374146,-0.23224003612995148,0.09032106399536133,-0.055662766098976135,-0.013915691524744034,-0.012651335448026657,-0.0599498450756073,3.808152198791504,0.952038049697876,0.9555125832557678,0.045289184898138046,-0.026581376791000366,-0.0066453441977500916,-0.010470203123986721,0.017397606745362282,-0.00908522680401802,-0.002271306701004505,0.00217507965862751,-0.044968485832214355,0.003911278210580349,0.0009778195526450872,0.013522323220968246,0.058303821831941605,0,0,1
0.16284528374671936,0.04071132093667984,0.035133540630340576,0.0343799963593483,-0.023753896355628967,-0.005938474088907242,-0.008180629462003708,0.07893573492765427,-0.09279988706111908,-0.02319997176527977,-0.015461437404155731,0.01943727768957615,0.6178016662597656,0.1544504165649414,0.13963180780410767,0.013579857535660267,0.3876938819885254,0.09692347049713135,-0.16013936698436737,-0.014919000677764416,0.2540273070335388,0.0635068267583847,-0.006459343247115612,0.04941428825259209,0.1675606369972229,0.041890159249305725,0.037449613213539124,0.015824181959033012,-0.0794559121131897,-0.019863978028297424,-0.006586886942386627,-0.04040880501270294,0.007537145167589188,0.001884286291897297,-0.01996755599975586,0.010390258394181728,0.7401003241539001,0.18502508103847504,0.17053833603858948,-0.06710683554410934,0.4684152603149414,0.11710381507873535,-0.18997636437416077,-0.03873081132769585,-0.44870099425315857,-0.11217524856328964,-0.015066860243678093,0.0134637001901865,0.026149287819862366,0.006537321954965591,-0.0038127978332340717,0.044617246836423874,-0.03753870725631714,-0.009384676814079285,-0.013096742331981659,-0.003997314255684614,-0.06120359152555466,-0.015300897881388664,-0.0017233174294233322,-0.04721227288246155,0.7389928102493286,0.18474820256233215,0.1935780942440033,-0.05881929397583008,1.1218087673187256,0.2804521918296814,0.2578558325767517,-0.028254715725779533,-0.03593939170241356,-0.00898484792560339,-0.02223939076066017,-0.04728402569890022,3.383272647857666,0.8458181619644165,0.849621057510376,0.06613551825284958,0.0441390722990036,0.0110347680747509,0.013691188767552376,-0.04989428073167801,-0.11606238782405853,-0.029015596956014633,-0.01003045029938221,0.03247598558664322,0.010703083127737045,0.0026757707819342613,0.011192722246050835,0.0010795117123052478,0.9391025304794312,0.2347756326198578,0.2084357887506485,0.0975702777504921,-1.2763171195983887,-0.31907927989959717,-0.2401997596025467,-0.06550347059965134,-0.08195479214191437,-0.020488698035478592,0.002020963467657566,0.05489804968237877,3.7879695892333984,0.9469923973083496,0.9608014225959778,-0.035727739334106445,-0.013635434210300446,-0.0034088585525751114,-0.010918105021119118,0.06095430999994278,0.004928037524223328,0.001232009381055832,0.010105343535542488,-0.0025058984756469727,-0.030826620757579803,-0.007706655189394951,0.013249421492218971,0.03846776485443115,0,0,1
0.07135090231895447,0.017837725579738617,0.04436318576335907,0.010049712844192982,-0.029631510376930237,-0.007407877594232559,0.001443939283490181,-0.04930337518453598,-0.11681456863880157,-0.029203642159700394,-0.02261275053024292,0.05311814695596695,0.6201147437095642,0.15502868592739105,0.12647145986557007,-0.07181278616189957,0.44552749395370483,0.11138187348842621,-0.16938255727291107,-0.018855173140764236,0.15889078378677368,0.03972269594669342,-0.005814636126160622,0.028817391023039818,0.19866609573364258,0.049666523933410645,0.04770917445421219,0.06367748230695724,-0.10257965326309204,-0.02564491331577301,0.005752984434366226,-0.028261855244636536,-0.007445182651281357,-0.0018612956628203392,-0.022637933492660522,-0.03173345327377319,0.785226583480835,0.19630664587020874,0.17420531809329987,-0.08607334643602371,0.3791326880455017,0.09478317201137543,-0.18796288967132568,0.0770828127861023,-0.4827509820461273,-0.12068774551153183,-0.007389082107692957,0.015075230970978737,-0.012367501854896545,-0.0030918754637241364,0.009413221850991249,-0.02720140852034092,0.03849692642688751,0.009624231606721878,-0.01065116934478283,0.0406443253159523,0.07782559096813202,0.019456397742033005,-0.010606005787849426,-0.09659093618392944,0.7745180130004883,0.19362950325012207,0.19299347698688507,-0.05986861512064934,1.193284034729004,0.298321008682251,0.2513933777809143,0.01509557943791151,-0.0007061474025249481,-0.00017653685063123703,-0.008005410432815552,0.014237272553145885,3.4625418186187744,0.8656354546546936,0.8623180389404297,0.07788477092981339,0.10625384747982025,0.026563461869955063,0.015231439843773842,0.02887883223593235,-0.062159571796655655,-0.015539892949163914,-0.00800047442317009,-0.019699102267622948,0.005130793899297714,0.0012826984748244286,0.009175663813948631,0.06415339559316635,0.9341269731521606,0.23353174328804016,0.21706993877887726,-0.026844531297683716,-1.08201003074646,-0.270502507686615,-0.2330097258090973,0.06914391368627548,-0.05766899883747101,-0.014417249709367752,-0.004239368252456188,0.04039762169122696,3.740830421447754,0.9352076053619385,0.9518143534660339,0.03816032409667969,-0.020836129784584045,-0.005209032446146011,-0.010331668891012669,-0.005687117576599121,0.021271873265504837,0.005317968316376209,0.007695060223340988,-0.02604483626782894,-0.04176029935479164,-0.01044007483869791,-0.0049323588609695435,-0.05689219385385513,0,0,1
0.21724933385849,0.0543123334646225,0.046419285237789154,-0.05782121419906616,0.043703511357307434,0.010925877839326859,0.0036048628389835358,-0.018367880955338478,-0.1617344319820404,-0.0404336079955101,-0.01840817928314209,0.06501934677362442,0.7243810892105103,0.18109527230262756,0.14223237335681915,-0.012006968259811401,0.819392204284668,0.204848051071167,-0.17007462680339813,-0.05009135231375694,0.1792657971382141,0.04481644928455353,-0.011841833591461182,-0.018481826409697533,0.25246739387512207,0.06311684846878052,0.038540393114089966,0.07184269279241562,-0.07453030347824097,-0.01863257586956024,-0.0026367204263806343,0.025532985106110573,-0.021229799836874008,-0.005307449959218502,-0.02266952395439148,0.06752967834472656,0.8462111949920654,0.21155279874801636,0.17050708830356598,-0.07149863988161087,0.6601605415344238,0.16504013538360596,-0.1953463852405548,0.036188866943120956,-0.4079635441303253,-0.10199088603258133,0.00016204454004764557,-0.03259386122226715,-0.051946744322776794,-0.012986686080694199,0.006025303155183792,-0.08464061468839645,0.03401947021484375,0.008504867553710938,0.00047441571950912476,0.0052010356448590755,0.07509959489107132,0.01877489872276783,0.004886198788881302,-0.009415901266038418,0.7411165237426758,0.18527913093566895,0.1758316457271576,0.03428030014038086,1.1179945468902588,0.2794986367225647,0.264410138130188,0.07172240316867828,-0.053002916276454926,-0.013250729069113731,-0.023388775065541267,0.015948528423905373,3.5356762409210205,0.8839190602302551,0.86220383644104,0.030026281252503395,0.07008211314678192,0.01752052828669548,0.02796602062880993,-0.055390823632478714,-0.09131743013858795,-0.022829357534646988,-0.020120032131671906,-0.07002051919698715,0.012600209563970566,0.0031500523909926414,0.00033723190426826477,-0.06750085204839706,1.0382771492004395,0.25956928730010986,0.23264531791210175,-0.040446262806653976,-1.1728088855743408,-0.2932022213935852,-0.24094468355178833,0.029891062527894974,-0.07660044729709625,-0.019150111824274063,-0.016413593664765358,0.025948751717805862,3.8028955459594727,0.9507238864898682,0.9580993056297302,0.07029607146978378,0.021589167416095734,0.005397291854023933,8.890032768249512e-05,0.006998402066528797,0.08484675735235214,0.021211689338088036,0.0077653732150793076,0.025749241933226585,0.06857302039861679,0.017143255099654198,0.004777154885232449,0.07251644134521484,0,0,1
0.22507333755493164,0.05626833438873291,0.042787499725818634,0.06770550459623337,0.0630691796541214,0.01576729491353035,-0.013031035661697388,-0.029128430411219597,-0.18590125441551208,-0.04647531360387802,-0.01487942785024643,-0.07420036196708679,0.7409628033638,0.18524070084095,0.14254507422447205,0.057356882840394974,1.089940071105957,0.27248501777648926,-0.1707277148962021,0.019006406888365746,0.21425169706344604,0.05356292426586151,0.004041271284222603,0.037071920931339264,0.32160860300064087,0.08040215075016022,0.05090794712305069,0.07654773443937302,-0.02833572030067444,-0.00708393007516861,-0.009030920453369617,-0.0045844316482543945,-0.06816841661930084,-0.01704210415482521,-0.02836565114557743,-0.013568627648055553,0.8369244933128357,0.20923112332820892,0.16164733469486237,0.03210331127047539,0.8351934552192688,0.2087983638048172,-0.19243893027305603,-0.027285410091280937,-0.38079699873924255,-0.09519924968481064,-0.0032511181198060513,0.02521216869354248,0.062229886651039124,0.015557471662759781,-0.010252531617879868,0.047938622534275055,-0.0717264711856842,-0.01793161779642105,-0.006823541596531868,-0.06700403988361359,-0.056132979691028595,-0.014033244922757149,0.0007234076038002968,0.07757438719272614,0.5619821548461914,0.14049553871154785,0.1573360413312912,0.035446204245090485,1.091497540473938,0.2728743851184845,0.25922462344169617,0.04715627431869507,-0.025204984471201897,-0.006301246117800474,-0.018237704411149025,-0.061842769384384155,3.470137596130371,0.8675343990325928,0.875958263874054,0.09311132878065109,0.05982138216495514,0.014955345541238785,0.02430327795445919,0.025313282385468483,-0.04664690047502518,-0.011661725118756294,-0.020057648420333862,-0.0026184082962572575,0.06818099319934845,0.017045248299837112,4.479661583900452e-06,0.03533978387713432,1.1509416103363037,0.2877354025840759,0.23281843960285187,0.03142189979553223,-1.1688752174377441,-0.29221880435943604,-0.24559304118156433,-0.058865394443273544,-0.05866412818431854,-0.014666032046079636,-0.00270894356071949,-0.0372292697429657,3.8992679119110107,0.9748169779777527,0.9506540298461914,-0.04140941798686981,-0.07580116391181946,-0.018950290977954865,-0.0047312770038843155,-0.003173571778461337,-0.004939552396535873,-0.0012348880991339684,0.0023557934910058975,0.003457438899204135,-0.029698718339204788,-0.007424679584801197,0.011944396421313286,0.025873994454741478,0,0,1
0.14111995697021484,0.03527998924255371,0.04606042057275772,-0.02813863568007946,-0.009210214018821716,-0.002302553504705429,-0.013102125376462936,0.023045307025313377,-0.08923874795436859,-0.022309686988592148,-0.028538545593619347,0.04533224180340767,0.7115306258201599,0.17788265645503998,0.1420067548751831,0.05427880212664604,1.0315996408462524,0.2578999102115631,-0.17009678483009338,-0.06695213168859482,0.17948323488235474,0.044870808720588684,0.0067331213504076,0.043618299067020416,0.2893819808959961,0.07234549522399902,0.057015061378479004,0.04517257213592529,-0.035588085651397705,-0.008897021412849426,0.0003575943410396576,-0.07381007075309753,-0.08479030430316925,-0.021197576075792313,-0.024371258914470673,-0.03698987886309624,0.8476345539093018,0.21190863847732544,0.16051512956619263,-0.0638962984085083,0.8477086424827576,0.2119271606206894,-0.20377129316329956,-0.035699520260095596,-0.38613954186439514,-0.09653488546609879,-0.014213819056749344,0.07630246132612228,-0.003128722310066223,-0.0007821805775165558,0.00041605159640312195,-0.019957829266786575,0.016760647296905518,0.004190161824226379,-0.014046692289412022,0.06153729185461998,-0.009256213903427124,-0.002314053475856781,0.022178804501891136,-0.040355220437049866,0.5388237237930298,0.13470593094825745,0.14953991770744324,0.0009144306532107294,1.0917563438415527,0.2729390859603882,0.2438599020242691,-0.06665323674678802,-0.018864182755351067,-0.004716045688837767,-0.021818052977323532,-0.004657453391700983,3.423659324645996,0.855914831161499,0.8727949857711792,0.044389333575963974,0.058304980397224426,0.014576245099306107,0.020642561838030815,-0.055701494216918945,-0.09411701560020447,-0.023529253900051117,-0.021014967933297157,0.02150951698422432,0.011344116181135178,0.0028360290452837944,-0.002563697285950184,0.005028355401009321,1.1055388450622559,0.27638471126556396,0.254139244556427,0.025314463302493095,-1.0854195356369019,-0.27135488390922546,-0.23753197491168976,-0.04213922098278999,-0.04878408461809158,-0.012196021154522896,-0.010699791833758354,0.06700030714273453,3.78816294670105,0.9470407366752625,0.9668299555778503,-0.038269318640232086,0.011436887085437775,0.0028592217713594437,-0.004798341542482376,-0.022266030311584473,0.04378495737910271,0.010946239344775677,0.011583453044295311,-0.019359910860657692,-0.019647929817438126,-0.004911982454359531,-0.005801854655146599,-0.006252086255699396,0,0,1
0.33591169118881226,0.08397792279720306,0.051491834223270416,0.02665163390338421,0.06337608397006989,0.01584402099251747,-0.013130640611052513,0.06405359506607056,-0.16428589820861816,-0.04107147455215454,-0.028084049001336098,-0.07836680859327316,0.7634283304214478,0.19085708260536194,0.14379923045635223,-0.002354586264118552,0.9819660186767578,0.24549150466918945,-0.1678137630224228,0.061280764639377594,0.22741550207138062,0.056853875517845154,-0.0009999386966228485,0.00686491746455431,0.3413086533546448,0.0853271633386612,0.04799201339483261,0.04734429344534874,-0.09721565246582031,-0.024303913116455078,0.0036554113030433655,-0.03426327556371689,-0.04555552825331688,-0.01138888206332922,-0.02737591229379177,-0.007550871465355158,0.8604632019996643,0.21511580049991608,0.16113044321537018,-0.048902448266744614,0.9798153042793274,0.24495382606983185,-0.19765925407409668,-0.018761081621050835,-0.37598875164985657,-0.09399718791246414,-0.0029625282622873783,-0.05455374717712402,0.025440573692321777,0.006360143423080444,-0.008154388517141342,-0.07276495546102524,0.04129481315612793,0.010323703289031982,-0.01544097624719143,-0.03566710278391838,-0.07839462161064148,-0.01959865540266037,0.005566006526350975,-0.07552599161863327,0.5792661905288696,0.1448165476322174,0.14308232069015503,-0.006331992335617542,1.2290750741958618,0.30726876854896545,0.24417968094348907,-0.04844346269965172,-0.008127806708216667,-0.002031951677054167,-0.009412679821252823,-0.060401856899261475,3.440789222717285,0.8601973056793213,0.8703510761260986,-0.038571860641241074,0.06947850435972214,0.017369626089930534,0.01886177994310856,0.058726001530885696,-0.1049928143620491,-0.026248203590512276,-0.01650168001651764,-0.031839847564697266,0.06248944625258446,0.015622361563146114,-0.002718016505241394,0.03432181105017662,1.0351898670196533,0.25879746675491333,0.2678375840187073,0.0900389701128006,-1.0617111921310425,-0.2654277980327606,-0.24418678879737854,0.05332493782043457,-0.04292313754558563,-0.010730784386396408,-0.00545275304466486,0.021195799112319946,3.8147478103637695,0.9536869525909424,0.9636592864990234,-0.025049883872270584,-0.033682405948638916,-0.008420601487159729,-0.014065910130739212,-0.04920322820544243,0.008574236184358597,0.002143559046089649,0.004907215014100075,0.05018174648284912,0.08489493280649185,0.021223733201622963,0.0038064755499362946,-0.02527712658047676,0,0,1
0.07832843065261841,0.019582107663154602,0.05710854381322861,0.01176830567419529,-0.03480656445026398,-0.008701641112565994,-0.01266517024487257,0.039806067943573,-0.1413215696811676,-0.0353303924202919,-0.031183041632175446,-0.05748159810900688,0.7143197655677795,0.17857994139194489,0.13677074015140533,-0.03750252351164818,0.833168625831604,0.208292156457901,-0.16900122165679932,0.06524882465600967,0.2809755802154541,0.07024389505386353,-0.008903756737709045,-0.022917134687304497,0.4036283493041992,0.1009070873260498,0.04775252193212509,-0.03755403682589531,-0.09512197971343994,-0.023780494928359985,0.0008532209321856499,0.0035176218952983618,-0.07185861468315125,-0.01796465367078781,-0.020641636103391647,-0.04556040093302727,0.8838706016540527,0.22096765041351318,0.16728290915489197,-0.02722179889678955,0.9753724932670593,0.24384312331676483,-0.19251419603824615,-0.019953131675720215,-0.2986336648464203,-0.07465841621160507,-0.010129372589290142,0.05451015383005142,0.09043652564287186,0.022609131410717964,-0.0014524813741445541,-0.06163929030299187,-0.030121922492980957,-0.007530480623245239,-0.019536495208740234,0.02876352146267891,0.011215485632419586,0.0028038714081048965,0.01505294069647789,-0.04572870954871178,0.5342221856117249,0.1335555464029312,0.13263916969299316,-0.01993700861930847,1.2377156019210815,0.3094289004802704,0.24505792558193207,-0.037021003663539886,-0.004622936248779297,-0.0011557340621948242,-0.018535271286964417,-0.031768471002578735,3.410247564315796,0.852561891078949,0.870812177658081,0.012857222929596901,0.06222439557313919,0.015556098893284798,0.022910794243216515,0.002581024309620261,-0.04616181179881096,-0.01154045294970274,-0.007376901805400848,-0.05712950974702835,0.05905313417315483,0.014763283543288708,0.017977839335799217,0.007372850086539984,1.1108351945877075,0.2777087986469269,0.2707405388355255,-0.004689216613769531,-1.174431324005127,-0.29360783100128174,-0.24875053763389587,-0.0093876663595438,-0.06691020727157593,-0.016727551817893982,-0.00551815889775753,-0.0275937058031559,3.7967920303344727,0.9491980075836182,0.9683899283409119,-0.05236704275012016,0.011780813336372375,0.002945203334093094,-0.007462300360202789,0.05427168682217598,-0.01831233873963356,-0.00457808468490839,0.00282290019094944,-0.020655930042266846,0.02360457181930542,0.005901142954826355,0.013317951932549477,-0.007200783584266901,0,0,1
0.1083860993385315,0.027096524834632874,0.0475161075592041,0.02603968419134617,-0.0023228079080581665,-0.0005807019770145416,-0.00871260091662407,-0.02960941568017006,-0.17344148457050323,-0.04336037114262581,-0.02638797089457512,0.06335967779159546,0.723027765750885,0.18075694143772125,0.14747510850429535,0.07031698524951935,0.7352607846260071,0.18381519615650177,-0.1792246699333191,0.012712872587144375,0.26083987951278687,0.06520996987819672,-0.00724780885502696,0.028081774711608887,0.3702244162559509,0.09255610406398773,0.0649205818772316,-0.03943350538611412,-0.10951077938079834,-0.027377694845199585,-0.004499233327805996,0.015565687790513039,-0.012501653283834457,-0.0031254133209586143,-0.026179952546954155,0.037840522825717926,0.8516950607299805,0.21292376518249512,0.17020845413208008,-0.016400981694459915,0.9356080889701843,0.23390202224254608,-0.20775723457336426,0.06151152774691582,-0.3156002461910248,-0.0789000615477562,-0.0032852385193109512,0.021331220865249634,0.036356598138809204,0.009089149534702301,-0.005207487847656012,0.04836472496390343,-0.02744324505329132,-0.00686081126332283,-0.012728419154882431,-0.0419376865029335,0.010287836194038391,0.0025719590485095978,0.026235153898596764,-0.07350648939609528,0.5507943034172058,0.13769857585430145,0.1263171285390854,0.012866771779954433,1.2857253551483154,0.32143133878707886,0.2504500150680542,0.0804373174905777,0.00929659977555275,0.0023241499438881874,-0.00901702232658863,0.0023139119148254395,3.4285922050476074,0.8571480512619019,0.8808913826942444,0.05766068771481514,0.0443461537361145,0.011086538434028625,0.02074052207171917,-0.0045251487754285336,-0.09336058795452118,-0.023340146988630295,-0.009298286400735378,-0.04140963777899742,-0.011273477226495743,-0.0028183693066239357,0.010841501876711845,0.027841830626130104,1.1694024801254272,0.2923506200313568,0.26699531078338623,0.08721820265054703,-1.1337782144546509,-0.2834445536136627,-0.24626393616199493,-0.02910560369491577,-0.059734247624874115,-0.014933561906218529,-0.002318986691534519,0.044640589505434036,3.771743059158325,0.9429357647895813,0.9728634357452393,0.020343447104096413,-0.023149549961090088,-0.005787387490272522,-0.006504458375275135,0.06620315462350845,0.05290863290429115,0.013227158226072788,0.012245714664459229,0.01771147921681404,0.002137574600055814,0.0005343936500139534,-7.769092917442322e-05,0.06119568273425102,0,0,1
0.14882391691207886,0.037205979228019714,0.04617966711521149,-0.049579065293073654,0.008565440773963928,0.002141360193490982,0.0017100628465414047,0.02691800706088543,-0.16404974460601807,-0.04101243615150452,-0.028064943850040436,-0.06628846377134323,0.6942867040634155,0.17357167601585388,0.15291887521743774,0.008736836723983288,0.6203933358192444,0.1550983339548111,-0.18547964096069336,0.05597425624728203,0.19978082180023193,0.04994520545005798,-0.008799749426543713,0.06516645103693008,0.28281164169311523,0.07070291042327881,0.06589208543300629,0.04504133388400078,-0.17797937989234924,-0.04449484497308731,0.000920124351978302,-0.008004749193787575,-0.03175893798470497,-0.007939734496176243,-0.02252267673611641,0.024314939975738525,0.782951831817627,0.19573795795440674,0.16901445388793945,-0.015323436819016933,0.8206200003623962,0.20515500009059906,-0.20205940306186676,0.04819585010409355,-0.3442029058933258,-0.08605072647333145,-0.010711655020713806,-0.03255489841103554,0.05559225380420685,0.013898063451051712,-0.008962173946201801,0.009778494015336037,0.021212249994277954,0.0053030624985694885,-0.0061394767835736275,-0.017391134053468704,0.016306482255458832,0.004076620563864708,0.017863238230347633,0.045679330825805664,0.5197612047195435,0.12994030117988586,0.12697744369506836,0.0020807029213756323,1.0640928745269775,0.2660232186317444,0.2566668689250946,0.07540774345397949,-0.05694388970732689,-0.014235972426831722,-0.007441812194883823,0.001228761742822826,3.5010218620300293,0.8752554655075073,0.877765417098999,-0.010123074054718018,0.06668107211589813,0.016670268028974533,0.015778452157974243,-0.06840258091688156,-0.08049995452165604,-0.02012498863041401,-0.009665345773100853,-0.05221809074282646,0.011754181236028671,0.002938545309007168,0.013949941843748093,0.02753317356109619,1.075957179069519,0.26898929476737976,0.2775563895702362,0.05301473289728165,-1.059425711631775,-0.2648564279079437,-0.2511361539363861,0.05831015110015869,-0.03235365450382233,-0.008088413625955582,-0.006045866757631302,0.039981912821531296,3.769847869873047,0.9424619674682617,0.9667109251022339,0.05312429741024971,-0.03081752359867096,-0.00770438089966774,-0.007289072498679161,-0.01989615522325039,-0.03288116678595543,-0.008220291696488857,0.002512127161026001,-0.005398130510002375,0.02314528450369835,0.005786321125924587,-0.0030113989487290382,0.004682719707489014,0,0,1
0.2739717662334442,0.06849294155836105,0.0487481951713562,-0.057756196707487106,-0.009623780846595764,-0.002405945211648941,-0.0031614191830158234,0.05003058910369873,-0.20147575438022614,-0.050368938595056534,-0.035195257514715195,0.0676833763718605,0.6561245918273926,0.16403114795684814,0.1528194546699524,-0.025320990011096,0.26436901092529297,0.06609225273132324,-0.17725323140621185,0.07215514034032822,0.2123047113418579,0.05307617783546448,-0.008909586817026138,-0.026248687878251076,0.1586715579032898,0.03966788947582245,0.06397448480129242,-0.04640708491206169,-0.1993829309940338,-0.04984573274850845,-0.005048250779509544,-0.05211761221289635,-0.00916111096739769,-0.0022902777418494225,-0.03439773619174957,-0.045429784804582596,0.6004758477210999,0.15011896193027496,0.16382911801338196,-0.0800979882478714,0.270432710647583,0.06760817766189575,-0.2086997926235199,0.005408775992691517,-0.23721763491630554,-0.059304408729076385,-0.003403318114578724,0.023667562752962112,0.01773509383201599,0.004433773458003998,-0.001080527901649475,-0.06733086705207825,-0.06272163987159729,-0.015680409967899323,-0.0018939413130283356,0.04777669906616211,-0.021654680371284485,-0.005413670092821121,0.027084453031420708,-0.03848296031355858,0.45044153928756714,0.11261038482189178,0.1179497167468071,-0.008049095049500465,1.062488317489624,0.265622079372406,0.2649976313114166,-0.07417380064725876,-0.09505599737167358,-0.023763999342918396,-0.010432679206132889,0.016242826357483864,3.451401710510254,0.8628504276275635,0.8754074573516846,0.04793849214911461,0.09824167937040329,0.024560419842600822,0.009585067629814148,-0.06826923042535782,-0.06550077348947525,-0.016375193372368813,-0.02425655722618103,-0.04647913575172424,-0.04194331541657448,-0.01048582885414362,0.0014097560197114944,-0.01963784173130989,1.1318856477737427,0.28297141194343567,0.29038575291633606,0.04667697101831436,-1.1473193168640137,-0.2868298292160034,-0.24792367219924927,-0.07413529604673386,-0.056357964873313904,-0.014089491218328476,-0.014659075997769833,0.01867436245083809,3.891019821166992,0.972754955291748,0.9753946661949158,-0.04881943389773369,-0.051898494362831116,-0.012974623590707779,-0.0032715201377868652,0.05573562532663345,0.0065270476043224335,0.0016317619010806084,0.0017343200743198395,-0.006936162710189819,0.09082645922899246,0.022706614807248116,0.012356312945485115,-0.023080075159668922,0,0,1
0.14441874623298645,0.03610468655824661,0.046094946563243866,0.021952038630843163,-0.10891006886959076,-0.02722751721739769,-0.0062878187745809555,0.060341764241456985,-0.06692026555538177,-0.016730066388845444,-0.02098674513399601,-0.05704551562666893,0.8701813817024231,0.21754534542560577,0.1502346694469452,1.2218952178955078e-05,-0.3706488013267517,-0.09266220033168793,-0.17263275384902954,-0.0116726104170084,0.3155767321586609,0.07889418303966522,-0.014576297253370285,-0.06780024617910385,-0.08534416556358337,-0.021336041390895844,0.05515427887439728,-0.019710112363100052,-0.06961682438850403,-0.017404206097126007,0.006923127919435501,0.06518154591321945,-0.0974079966545105,-0.024351999163627625,-0.03515251725912094,-0.04902810603380203,0.6193448305130005,0.15483620762825012,0.1605972796678543,-0.0016094029415398836,-0.4400050640106201,-0.11000126600265503,-0.19197867810726166,-0.03220408782362938,-0.22250023484230042,-0.055625058710575104,-0.01552282739430666,0.0013887406093999743,0.013196557760238647,0.003299139440059662,0.011438660323619843,0.06551259756088257,-0.09945976734161377,-0.024864941835403442,-0.002665843814611435,-0.010020655579864979,0.0002484172582626343,6.210431456565857e-05,0.006237955763936043,-0.08484848588705063,0.38747018575668335,0.09686754643917084,0.12125501781702042,0.015167432837188244,1.1882492303848267,0.29706230759620667,0.26373183727264404,0.01818002574145794,-0.09553831070661545,-0.023884577676653862,-0.028857925906777382,-0.034884411841630936,3.2930567264556885,0.8232641816139221,0.8704605102539062,-0.02726353146135807,0.08873110264539719,0.022182775661349297,0.012862095609307289,-0.04171769320964813,0.020457088947296143,0.005114272236824036,-0.008045539259910583,0.05790144205093384,0.018969308584928513,0.004742327146232128,-0.0024411436170339584,-0.053289156407117844,1.2861616611480713,0.3215404152870178,0.29248619079589844,0.09897054731845856,-1.0802253484725952,-0.2700563371181488,-0.23827140033245087,0.0006747663137502968,-0.04315999895334244,-0.01078999973833561,-0.018720269203186035,-0.06708179414272308,3.7561099529266357,0.9390274882316589,0.9715269207954407,-0.06895187497138977,-0.0027603879570961,-0.000690096989274025,-0.015382638201117516,0.07220043241977692,0.016592932865023613,0.004148233216255903,0.013353860005736351,-0.022719020023941994,-0.02370406687259674,-0.005926016718149185,-0.0006436808034777641,-0.02762511372566223,0,0,1
0.15318775177001953,0.03829693794250488,0.018702130764722824,-0.1241818442940712,-0.1563073843717575,-0.03907684609293938,-0.008435342460870743,0.03526775911450386,-0.072862908244133,-0.01821572706103325,-0.028208570554852486,0.03556885942816734,0.9021183848381042,0.22552959620952606,0.1721472293138504,0.021568430587649345,-0.807415783405304,-0.201853945851326,-0.1793452799320221,0.025753164663910866,0.25070929527282715,0.06267732381820679,-0.007185251452028751,-0.0573522225022316,-0.3742682933807373,-0.09356707334518433,0.035109445452690125,-0.02769717015326023,-0.34787505865097046,-0.08696876466274261,-0.007765570189803839,0.010449755005538464,0.0007902123034000397,0.00019755307585000992,-0.04240644723176956,0.03043844737112522,0.4076509475708008,0.1019127368927002,0.1496700793504715,0.0222509503364563,-0.8501352071762085,-0.21253380179405212,-0.1894984394311905,-0.08409777283668518,-0.2033805549144745,-0.05084513872861862,-0.004424643702805042,-0.045491911470890045,-0.007556065917015076,-0.001889016479253769,-0.005486727226525545,-0.07432430237531662,0.04859954118728638,0.012149885296821594,0.000998830422759056,0.012733006849884987,0.1227780133485794,0.03069450333714485,0.006415087729692459,-0.07251289486885071,0.5478606224060059,0.13696515560150146,0.12134812027215958,0.06720330566167831,1.2061994075775146,0.30154985189437866,0.2495686560869217,-0.02339060977101326,-0.03436652570962906,-0.008591631427407265,-0.02290290966629982,-0.030935823917388916,3.333303451538086,0.8333258628845215,0.8552843928337097,-0.06603629887104034,0.04324185103178024,0.01081046275794506,0.013278020545840263,-0.04004204273223877,-0.03457768261432648,-0.00864442065358162,-0.008230801671743393,-0.047357697039842606,0.04602561518549919,0.011506403796374798,-0.006697576958686113,-0.04622577503323555,1.2007460594177246,0.30018651485443115,0.3073241412639618,0.0838460698723793,-1.1124290227890015,-0.27810725569725037,-0.24137958884239197,-0.0675768181681633,-0.03912065923213959,-0.009780164808034897,-0.008600284345448017,0.07605201005935669,3.6458592414855957,0.9114648103713989,0.9637538194656372,0.003745830152183771,0.02466796338558197,0.0061669908463954926,-0.013512516394257545,0.009100503288209438,-0.05931232124567032,-0.01482808031141758,0.008117100223898888,0.05224790796637535,0.07086506485939026,0.017716266214847565,-0.002118883654475212,-0.00814028363674879,0,0,1
-0.023625582456588745,-0.005906395614147186,0.0003409115597605705,-0.07491288334131241,0.03070966899394989,0.0076774172484874725,-0.010889613069593906,-0.06319514662027359,-0.20089076459407806,-0.050222691148519516,-0.029172567650675774,-0.019351089373230934,0.8484961986541748,0.2121240496635437,0.2022715061903,0.11091982573270798,-1.180429458618164,-0.295107364654541,-0.1975308358669281,0.026440192013978958,0.15413445234298706,0.038533613085746765,-0.005973342340439558,0.04688998684287071,-0.23329003155231476,-0.05832250788807869,0.030590368434786797,0.000886553549207747,-0.4649898409843445,-0.11624746024608612,-0.002964925952255726,-0.014554130844771862,-0.07508158683776855,-0.01877039670944214,-0.029206475242972374,0.0594046488404274,0.39390385150909424,0.09847596287727356,0.17095136642456055,-0.040691595524549484,-1.0308852195739746,-0.25772130489349365,-0.19397591054439545,-0.06009615212678909,-0.2837444245815277,-0.07093610614538193,-0.005288582295179367,0.07235162705183029,-0.022625207901000977,-0.005656301975250244,0.00764085166156292,-0.039220985025167465,-0.0047372132539749146,-0.0011843033134937286,0.014813121408224106,-0.031735993921756744,0.11844952404499054,0.029612381011247635,-0.0026857592165470123,-0.08062322437763214,0.46466347575187683,0.11616586893796921,0.12749874591827393,-0.035896994173526764,1.2647202014923096,0.3161800503730774,0.26673969626426697,-0.024990350008010864,-0.04546176642179489,-0.011365441605448723,-0.01614217832684517,-0.06067362427711487,3.363891839981079,0.8409729599952698,0.8577082753181458,0.04179276153445244,0.07454408705234528,0.01863602176308632,0.029428480193018913,-0.03407388925552368,0.03200944513082504,0.00800236128270626,0.00042333826422691345,-0.06285747140645981,0.0329715721309185,0.008242893032729626,0.00123627670109272,-0.02144399844110012,1.2836668491363525,0.32091671228408813,0.31407445669174194,0.0326489582657814,-1.0129382610321045,-0.2532345652580261,-0.24157753586769104,0.037682440131902695,-0.026663929224014282,-0.0066659823060035706,-0.004082234110683203,0.06855341047048569,3.702418804168701,0.9256047010421753,0.9469060301780701,0.02037748135626316,0.022292226552963257,0.005573056638240814,-0.004504676908254623,0.046030499041080475,-0.07524052262306213,-0.018810130655765533,-0.0075833736918866634,-0.060392241925001144,0.09304949641227722,0.023262374103069305,0.01206502877175808,0.05558072403073311,0,0,1
-0.2807843089103699,-0.07019607722759247,-0.001457294449210167,0.006431281566619873,0.2131170779466629,0.053279269486665726,0.002973908558487892,0.07144788652658463,-0.22471420466899872,-0.05617855116724968,-0.045286089181900024,-0.07701539248228073,0.7467042207717896,0.1866760551929474,0.21301807463169098,0.007252752780914307,-1.393019437789917,-0.34825485944747925,-0.2027134895324707,0.025691712275147438,0.19003093242645264,0.04750773310661316,-0.011199476197361946,0.03850877285003662,-0.2246982455253601,-0.05617456138134003,0.03605015575885773,0.02074534259736538,-0.3902197480201721,-0.09755493700504303,0.01437743753194809,-0.01877724565565586,-0.03998498246073723,-0.009996245615184307,-0.02566072903573513,0.014777744188904762,0.5227227210998535,0.13068068027496338,0.16574536263942719,0.042253997176885605,-1.1314876079559326,-0.28287190198898315,-0.2078477144241333,0.07416459172964096,-0.40907904505729675,-0.10226976126432419,-0.003991186618804932,0.06639879941940308,0.012175261974334717,0.003043815493583679,0.005243735387921333,0.05165444687008858,-0.1180192232131958,-0.02950480580329895,0.0072072576731443405,-0.041499149054288864,0.21775908768177032,0.05443977192044258,-0.01166517660021782,-0.030276447534561157,0.5425699353218079,0.13564248383045197,0.12615792453289032,0.03575495630502701,1.2500133514404297,0.3125033378601074,0.2627081274986267,0.06635313481092453,-0.031784072518348694,-0.007946018129587173,-0.021996088325977325,-0.003681391477584839,3.484865665435791,0.8712164163589478,0.8614627122879028,0.046598147600889206,0.030443891882896423,0.007610972970724106,0.026468032971024513,0.03089231252670288,0.02799103409051895,0.006997758522629738,-0.004638420883566141,-0.06412253528833389,-0.01984991505742073,-0.004962478764355183,0.010797228664159775,-0.07103069871664047,1.3769822120666504,0.3442455530166626,0.3176494240760803,-0.013183355331420898,-1.1350051164627075,-0.2837512791156769,-0.2505054175853729,-0.03428349643945694,-0.06320415437221527,-0.015801038593053818,-0.0008985307067632675,-0.03326213359832764,3.6849067211151123,0.9212266802787781,0.9414981007575989,0.018457073718309402,0.04490785300731659,0.011226963251829147,-0.0054217311553657055,0.04238257557153702,0.04329468309879303,0.010823670774698257,0.00129759032279253,0.06971798092126846,-0.06978783011436462,-0.017446957528591156,0.015984104946255684,0.0043444158509373665,0,0,1
-0.24878540635108948,-0.06219635158777237,-0.03162727132439613,0.0028736949898302555,-0.12406347692012787,-0.031015869230031967,-0.007280068472027779,-0.04077845439314842,-0.13797108829021454,-0.034492772072553635,-0.036022499203681946,-0.0172615647315979,0.7885629534721375,0.19714073836803436,0.24333368241786957,0.08154191076755524,-1.5784385204315186,-0.39460963010787964,-0.21617574989795685,0.03757606819272041,0.1431223750114441,0.03578059375286102,-0.003766715992242098,-0.06309588998556137,-0.27102944254875183,-0.06775736063718796,0.015126923099160194,-0.08428234606981277,-0.41842353343963623,-0.10460588335990906,0.005392717197537422,0.042443156242370605,0.02057068422436714,0.005142671056091785,-0.02774227224290371,-0.004778408911079168,0.5191185474395752,0.1297796368598938,0.1645168960094452,0.03878225013613701,-1.2506119012832642,-0.31265297532081604,-0.20763494074344635,0.018513275310397148,-0.43275514245033264,-0.10818878561258316,-0.017339883372187614,0.050227392464876175,0.06113455444574356,0.01528363861143589,-0.006602323614060879,-0.03414420038461685,0.030768394470214844,0.007692098617553711,0.020352933555841446,0.060796238481998444,0.18527816236019135,0.046319540590047836,-0.020482003688812256,0.05279047414660454,0.5988345742225647,0.14970864355564117,0.12133004516363144,0.01642059162259102,1.2341498136520386,0.30853745341300964,0.2677597999572754,-0.05791383981704712,-9.894371032714844e-06,-2.473592758178711e-06,-0.02723551355302334,0.023609651252627373,3.511218786239624,0.877804696559906,0.8741768002510071,-0.03688536211848259,0.020526975393295288,0.005131743848323822,0.023478126153349876,0.0203119944781065,0.012566767632961273,0.0031416919082403183,-0.0019697370007634163,-0.06958437711000443,-0.011513222008943558,-0.0028783055022358894,0.005945751443505287,0.0018436610698699951,1.3261585235595703,0.3315396308898926,0.3151930272579193,0.023265087977051735,-1.0714739561080933,-0.2678684890270233,-0.2371380478143692,0.01671496592462063,-0.028581544756889343,-0.007145386189222336,-0.016391707584261894,0.020463813096284866,3.6356966495513916,0.9089241623878479,0.9326573610305786,0.012582803145051003,0.04167947173118591,0.010419867932796478,-0.007172740064561367,-0.005097127053886652,-0.06044354662299156,-0.01511088665574789,0.008417325094342232,-0.049430347979068756,0.0147969676181674,0.00369924190454185,0.011340426281094551,-0.037438105791807175,0,0,1
-0.3219323754310608,-0.0804830938577652,-0.024220313876867294,-0.06297147274017334,0.11410568654537201,0.028526421636343002,0.009631965309381485,0.02107207290828228,-0.21600989997386932,-0.05400247499346733,-0.029755549505352974,-0.02084612287580967,0.8654177188873291,0.21635442972183228,0.24416746199131012,-0.01033773459494114,-1.6200997829437256,-0.4050249457359314,-0.23560044169425964,-0.002198869129642844,0.13508033752441406,0.033770084381103516,-0.0010926378890872002,-0.010731345973908901,-0.1611199527978897,-0.04027998819947243,0.012151652947068214,0.004012107849121094,-0.4214857816696167,-0.10537144541740417,0.003699295222759247,0.006459433119744062,0.034329671412706375,0.008582417853176594,-0.027483824640512466,0.035980917513370514,0.5274977087974548,0.1318744271993637,0.1824398636817932,-0.00512741832062602,-1.2982407808303833,-0.3245601952075958,-0.2212570309638977,0.00979126151651144,-0.46369388699531555,-0.11592347174882889,-0.005314783193171024,0.004202401731163263,-0.036443859338760376,-0.009110964834690094,0.0023694997653365135,-0.036582738161087036,-0.064992755651474,-0.0162481889128685,0.012944674119353294,-0.07041362673044205,0.07459190487861633,0.018647976219654083,-0.011435345746576786,0.07365027815103531,0.5507761240005493,0.13769403100013733,0.14385782182216644,0.05456862598657608,1.2454344034194946,0.31135860085487366,0.27327606081962585,-0.018882328644394875,-0.04054120182991028,-0.01013530045747757,-0.015559977851808071,-0.04291364550590515,3.5491063594818115,0.8872765898704529,0.8775355219841003,0.04337761551141739,0.04141802340745926,0.010354505851864815,0.024620572105050087,-0.043467823415994644,0.020402975380420685,0.005100743845105171,0.012578656896948814,-0.05523635819554329,-0.029640857130289078,-0.0074102142825722694,0.0077098943293094635,0.005481654312461615,1.3479739427566528,0.3369934856891632,0.327798455953598,0.0379965677857399,-1.1181457042694092,-0.2795364260673523,-0.23092688620090485,-0.017194200307130814,-0.04982370883226395,-0.012455927208065987,-0.014630978927016258,-0.0657283365726471,3.6437573432922363,0.9109393358230591,0.9192303419113159,-0.039540551602840424,0.05755912512540817,0.014389781281352043,0.002247755415737629,-0.03575446829199791,-0.004998236894607544,-0.001249559223651886,-0.00419006310403347,-0.02967878058552742,0.05599234625697136,0.01399808656424284,-0.0020065689459443092,-0.06754367053508759,0,0,1
-0.3212428390979767,-0.08031070977449417,-0.03285440802574158,-0.07957512140274048,-0.017536357045173645,-0.004384089261293411,-0.005818950943648815,0.05837980657815933,-0.16668488085269928,-0.04167122021317482,-0.03822164982557297,-0.05051964521408081,0.8937176465988159,0.22342941164970398,0.25099948048591614,0.05133732780814171,-1.5270047187805176,-0.3817511796951294,-0.2567235827445984,0.023480666801333427,0.22253632545471191,0.05563408136367798,-0.009998777881264687,-0.010237735696136951,0.0021942853927612305,0.0005485713481903076,0.012149825692176819,-0.025031059980392456,-0.31182676553726196,-0.07795669138431549,0.002058842219412327,0.022227371111512184,0.009821970015764236,0.002455492503941059,-0.036925606429576874,-0.056386061012744904,0.6620470285415649,0.16551175713539124,0.191159188747406,-0.07018985599279404,-1.1052793264389038,-0.27631983160972595,-0.21916300058364868,0.031226564198732376,-0.49933966994285583,-0.12483491748571396,0.0010207947343587875,-0.004234796855598688,0.01623694598674774,0.004059236496686935,0.001733921468257904,0.061159469187259674,0.0011443942785263062,0.00028609856963157654,0.016488442197442055,-0.052831586450338364,0.030245289206504822,0.0075613223016262054,-0.021391088142991066,0.02739347331225872,0.5830065011978149,0.14575162529945374,0.14662083983421326,0.01697591505944729,1.2093355655670166,0.30233389139175415,0.2800225615501404,-0.015069681219756603,-0.039785657078027725,-0.009946414269506931,-0.009647224098443985,0.07192160189151764,3.5782923698425293,0.8945730924606323,0.8897409439086914,0.06576583534479141,0.04947046935558319,0.012367617338895798,0.013641582801938057,0.006992232985794544,-0.07218459993600845,-0.018046149984002113,0.002800283022224903,-0.015171671286225319,0.0040862224996089935,0.0010215556249022484,0.0035652974620461464,0.0452004075050354,1.4178462028503418,0.35446155071258545,0.32976046204566956,0.003915822599083185,-1.049239993095398,-0.2623099982738495,-0.23861974477767944,0.007647216320037842,-0.02705191820859909,-0.006762979552149773,0.0030231792479753494,0.0743652805685997,3.6108665466308594,0.9027166366577148,0.9280587434768677,0.02497442439198494,0.04985635727643967,0.012464089319109917,-0.006475696340203285,-0.05727466568350792,0.009563708677887917,0.002390927169471979,0.007381075993180275,0.06518540531396866,0.11109403520822525,0.027773508802056313,0.016184737905859947,-0.01731984131038189,0,0,1
-0.2117239534854889,-0.05293098837137222,-0.03966010361909866,-0.052818167954683304,-0.04239670932292938,-0.010599177330732346,0.0034026578068733215,-0.023800624534487724,-0.13844208419322968,-0.03461052104830742,-0.05007339268922806,-0.0697755366563797,0.9412746429443359,0.23531866073608398,0.24885807931423187,-0.02112611010670662,-1.5039793252944946,-0.37599483132362366,-0.2529941201210022,-0.022094523534178734,0.23049086332321167,0.05762271583080292,-0.010564676485955715,-0.05442309379577637,-0.059752658009529114,-0.014938164502382278,0.010396227240562439,0.011335772462189198,-0.31491416692733765,-0.07872854173183441,0.004832468926906586,0.04156440496444702,-0.0025833509862422943,-0.0006458377465605736,-0.03812011331319809,0.0038116516079753637,0.6938585042953491,0.17346462607383728,0.1942162662744522,0.049687959253787994,-0.9570749402046204,-0.2392687350511551,-0.22541572153568268,-0.06113549694418907,-0.47022613883018494,-0.11755653470754623,0.001120174303650856,-0.03941660374403,0.001643851399421692,0.000410962849855423,-0.004699480254203081,0.024611562490463257,0.0529322624206543,0.013233065605163574,0.012899653986096382,0.040785420686006546,-0.011344671249389648,-0.002836167812347412,-0.014736209064722061,0.0797620639204979,0.6582643389701843,0.16456608474254608,0.14614520967006683,0.07972852140665054,1.1131848096847534,0.27829620242118835,0.2730162739753723,0.01477844174951315,-0.08596738427877426,-0.021491846069693565,-0.013523935340344906,-0.03999760374426842,3.583904266357422,0.8959760665893555,0.8939293026924133,-0.01790926419198513,0.07849600166082382,0.019624000415205956,0.017566965892910957,0.050819993019104004,-0.01770544797182083,-0.004426361992955208,-0.0067713139578700066,-0.06767203658819199,-0.016348082572221756,-0.004087020643055439,-0.005348345264792442,0.0415528304874897,1.3235763311386108,0.3308940827846527,0.33014553785324097,-0.03803923353552818,-1.0840703248977661,-0.27101758122444153,-0.24160103499889374,0.06647298485040665,-0.030399717390537262,-0.0075999293476343155,-0.004406840540468693,-0.027150845155119896,3.636519193649292,0.909129798412323,0.9171245694160461,0.016363048925995827,0.07214637100696564,0.01803659275174141,0.013128887861967087,0.04128570482134819,-0.05385122075676918,-0.013462805189192295,0.004104871302843094,0.06173131614923477,0.014593916945159435,0.003648479236289859,0.00761905312538147,0.06840965896844864,0,0,1
-0.2936649024486542,-0.07341622561216354,-0.04513292759656906,-0.015026080422103405,0.02083013951778412,0.00520753487944603,-0.00018878653645515442,-0.031239783391356468,-0.22623439133167267,-0.05655859783291817,-0.046617478132247925,0.0329822301864624,0.8998439311981201,0.22496098279953003,0.2558180093765259,0.0226461049169302,-1.2750816345214844,-0.3187704086303711,-0.24819903075695038,-0.0019565701950341463,0.3471347689628601,0.08678369224071503,0.007555404677987099,-0.01671757735311985,-0.020088374614715576,-0.005022093653678894,-0.006113383919000626,0.014156538061797619,-0.2875884771347046,-0.07189711928367615,0.0060678888112306595,-0.02139776386320591,-0.03650927171111107,-0.009127317927777767,-0.0344737246632576,-0.01593679189682007,0.732189953327179,0.18304748833179474,0.18854203820228577,-0.04750816151499748,-0.7029196619987488,-0.1757299154996872,-0.21774834394454956,0.02908872440457344,-0.47562381625175476,-0.11890595406293869,0.003402961418032646,0.026731038466095924,-0.011427804827690125,-0.002856951206922531,-0.011386670172214508,-0.06322376430034637,-0.07018890976905823,-0.017547227442264557,0.023559609428048134,-0.047338418662548065,0.013000436127185822,0.0032501090317964554,-0.001004338264465332,0.029830873012542725,0.6519627571105957,0.16299068927764893,0.1534978300333023,-0.0009183049551211298,1.1666802167892456,0.2916700541973114,0.27896150946617126,0.05856097862124443,-0.040833134204149246,-0.010208283551037312,-0.018885616213083267,0.021648956462740898,3.5043723583221436,0.8760930895805359,0.9097051620483398,0.02413383685052395,0.03924601525068283,0.009811503812670708,0.011916501447558403,-0.07201702892780304,-0.02824951708316803,-0.0070623792707920074,-0.007050468120723963,0.07597335427999496,0.03563668951392174,0.008909172378480434,-0.007018208969384432,0.02531597577035427,1.3745355606079102,0.34363389015197754,0.34673959016799927,0.08310180902481079,-1.1550493240356445,-0.28876233100891113,-0.2286817729473114,0.06560046970844269,-0.04590248316526413,-0.011475620791316032,-0.006699344143271446,-0.05045481398701668,3.5833945274353027,0.8958486318588257,0.9306766390800476,0.023811375722289085,-0.03460144251585007,-0.008650360628962517,-0.002300465013831854,-0.037863876670598984,-0.06113847345113754,-0.015284618362784386,-0.005230516195297241,-0.05944604426622391,0.02496406063437462,0.006241015158593655,0.009772919118404388,-0.043747805058956146,0,0,1
-0.27173835039138794,-0.06793458759784698,-0.04761158674955368,0.027141451835632324,0.052189335227012634,0.013047333806753159,-0.0007456829771399498,0.023138899356126785,-0.24304306507110596,-0.06076076626777649,-0.041695624589920044,-0.019834602251648903,0.9312764406204224,0.2328191101551056,0.27256882190704346,0.02031741850078106,-1.1379841566085815,-0.2844960391521454,-0.26684701442718506,0.004451817367225885,0.4056681990623474,0.10141704976558685,0.007460465654730797,-0.05619227513670921,0.10636827349662781,0.026592068374156952,0.014402130618691444,0.02382597327232361,-0.19568443298339844,-0.04892110824584961,-0.0027247006073594093,-0.023498637601733208,-0.016033437103033066,-0.0040083592757582664,-0.02966143935918808,0.06266108900308609,0.8304965496063232,0.2076241374015808,0.19644463062286377,-0.052343036979436874,-0.4521515369415283,-0.11303788423538208,-0.2340601533651352,-0.02281411923468113,-0.45300373435020447,-0.11325093358755112,0.0008785221725702286,-0.04324590414762497,-0.06932468712329865,-0.01733117178082466,0.0033948738127946854,-0.05229923874139786,0.013741105794906616,0.003435276448726654,0.022247036918997765,0.03253958374261856,-0.08793432265520096,-0.02198358066380024,-2.2919848561286926e-06,-0.007669955492019653,0.533221960067749,0.13330549001693726,0.17547501623630524,0.05269986391067505,1.0980074405670166,0.27450186014175415,0.2706030607223511,-0.03281138092279434,-0.08017042279243469,-0.020042605698108673,-0.021886389702558517,-0.00848392304033041,3.521540403366089,0.8803851008415222,0.9108931422233582,0.005176371429115534,0.11234895884990692,0.02808723971247673,0.008734304457902908,0.06390529125928879,-0.12583541870117188,-0.03145885467529297,-0.0004528844729065895,-0.06549374759197235,0.03357700631022453,0.008394251577556133,-0.00046442821621894836,0.03260479122400284,1.496404767036438,0.3741011917591095,0.35585305094718933,0.013859040103852749,-1.2600516080856323,-0.3150129020214081,-0.2452789843082428,-0.05796695873141289,-0.07847470045089722,-0.019618675112724304,-0.0038471086882054806,-0.036045607179403305,3.6160340309143066,0.9040085077285767,0.9139820337295532,-0.010005063377320766,0.05024764686822891,0.012561911717057228,0.00972924567759037,-0.06867649406194687,0.005404101684689522,0.0013510254211723804,-0.0031246785074472427,-0.019039738923311234,0.020346585661172867,0.005086646415293217,0.009394170716404915,0.02014133334159851,0,0,1
-0.11716428399085999,-0.029291070997714996,-0.049788542091846466,-0.03910418599843979,0.08405524492263794,0.021013811230659485,-0.014006108976900578,0.04150504991412163,-0.2471492439508438,-0.06178731098771095,-0.04871656000614166,0.04295693710446358,1.0019080638885498,0.25047701597213745,0.27750396728515625,0.05117950588464737,-0.6938087940216064,-0.1734521985054016,-0.2665487229824066,0.05693758651614189,0.46367156505584717,0.11591789126396179,0.003992326557636261,0.07519038021564484,0.07431700825691223,0.018579252064228058,0.0068616196513175964,0.020528972148895264,0.041219621896743774,0.010304905474185944,0.004619164392352104,-0.005441606044769287,-0.09369376301765442,-0.023423440754413605,-0.025952419266104698,-0.08754697442054749,1.024314522743225,0.2560786306858063,0.1994325965642929,-0.06679598242044449,-0.0979716032743454,-0.02449290081858635,-0.25057533383369446,0.00853433646261692,-0.4671235978603363,-0.11678089946508408,0.0060800835490226746,-0.010785710997879505,-0.03278878331184387,-0.008197195827960968,0.0023437263444066048,-0.04297842085361481,0.047484397888183594,0.011871099472045898,0.006816525012254715,-0.014348262920975685,-0.024214908480644226,-0.0060537271201610565,0.0001171547919511795,0.012133622542023659,0.6030093431472778,0.15075233578681946,0.17792843282222748,-0.055829714983701706,1.1495163440704346,0.28737908601760864,0.26542773842811584,-0.013809568248689175,-0.046253275126218796,-0.011563318781554699,-0.021838022395968437,0.015376550145447254,3.537027359008789,0.8842568397521973,0.9174821972846985,0.022877300158143044,0.06931595504283905,0.017328988760709763,0.014045944437384605,-0.0599944181740284,-0.10027116537094116,-0.02506779134273529,0.0014117304235696793,0.019067823886871338,0.039489876478910446,0.009872469119727612,0.004936707206070423,-0.03303104639053345,1.463313102722168,0.365828275680542,0.35362687706947327,-0.05146760866045952,-1.0869507789611816,-0.2717376947402954,-0.24116910994052887,0.055914830416440964,-0.04561367630958557,-0.011403419077396393,-0.01338663324713707,-0.0032729865051805973,3.604997158050537,0.9012492895126343,0.9208574295043945,0.07579413801431656,0.013601034879684448,0.003400258719921112,-0.00016590021550655365,-0.036907859146595,0.01624375581741333,0.0040609389543533325,-0.0007362812757492065,-0.03403427451848984,0.02952391281723976,0.00738097820430994,0.006215525791049004,0.03865785524249077,0,0,1
-0.054046958684921265,-0.013511739671230316,-0.0299075860530138,-0.027049720287322998,0.1813618391752243,0.045340459793806076,5.7460740208625793e-05,-0.052894141525030136,-0.2789871394634247,-0.06974678486585617,-0.038197487592697144,-0.0031420886516571045,1.0803139209747314,0.27007848024368286,0.26460006833076477,0.047860752791166306,-0.49602746963500977,-0.12400686740875244,-0.277479887008667,-0.00960958655923605,0.45784831047058105,0.11446207761764526,0.014340287074446678,0.014182472601532936,0.016499608755111694,0.004124902188777924,0.01245851255953312,0.08242177218198776,0.018524885177612305,0.004631221294403076,-0.009867795743048191,-0.03882209211587906,-0.08161361515522003,-0.020403403788805008,-0.04088514298200607,-0.06162387132644653,1.1574634313583374,0.28936585783958435,0.2038230001926422,-0.01965632475912571,0.034943774342536926,0.008735943585634232,-0.2650909423828125,-0.05424463376402855,-0.42582401633262634,-0.10645600408315659,0.004444465972483158,0.03323116526007652,-0.030286729335784912,-0.007571682333946228,-0.002542531583458185,0.070530466735363,0.16436368227005005,0.04109092056751251,0.005067246966063976,-6.498694710899144e-05,-0.07498026639223099,-0.018745066598057747,-0.0021077552810311317,0.08624165505170822,0.6670266389846802,0.16675665974617004,0.1918758600950241,0.06688018888235092,1.1442222595214844,0.2860555648803711,0.2626815736293793,-0.013246679678559303,-0.05630103871226311,-0.014075259678065777,-0.027943570166826248,0.042282190173864365,3.550961971282959,0.8877404928207397,0.909639298915863,0.06622027605772018,0.07684069871902466,0.019210174679756165,0.029207563027739525,0.05246591567993164,-0.1404929757118225,-0.03512324392795563,-0.01073708850890398,-0.042820725589990616,0.040569987148046494,0.010142496787011623,-0.0042720274068415165,0.06695907562971115,1.3843621015548706,0.34609052538871765,0.3747720718383789,-0.029754245653748512,-1.2034636735916138,-0.30086591839790344,-0.2580662965774536,-0.05549740791320801,-0.06868420541286469,-0.01717105135321617,-0.017302464693784714,0.07160244137048721,3.6004204750061035,0.9001051187515259,0.9229345917701721,0.008114928379654884,0.005779437720775604,0.001444859430193901,-0.00909780990332365,-0.0471402071416378,0.010640870779752731,0.002660217694938183,0.00022520124912261963,0.023746514692902565,-0.0028624727856367826,-0.0007156181964091957,0.0018803644925355911,0.057616304606199265,0,0,1
0.07539674639701843,0.018849186599254608,-0.037156157195568085,-0.00679662823677063,0.1794201284646988,0.0448550321161747,-0.019491717219352722,-0.01589258946478367,-0.3015010952949524,-0.0753752738237381,-0.038036905229091644,-0.029407596215605736,1.0595133304595947,0.2648783326148987,0.2684011161327362,0.013178176246583462,-0.14114627242088318,-0.035286568105220795,-0.2856847047805786,0.016576511785387993,0.4052491784095764,0.1013122946023941,0.013204189017415047,0.0548519603908062,-0.08871059119701385,-0.022177647799253464,0.00651899166405201,0.060629189014434814,0.13777942955493927,0.03444485738873482,-0.009900820441544056,-0.060952987521886826,-0.17303712666034698,-0.043259281665086746,-0.032046012580394745,0.050668396055698395,1.2428054809570312,0.3107013702392578,0.22964143753051758,0.02117021195590496,0.1866590827703476,0.0466647706925869,-0.2669469714164734,-0.018535291776061058,-0.3940562903881073,-0.09851407259702682,-0.007097208872437477,-0.08185967803001404,-0.14082194864749908,-0.03520548716187477,0.0009053368121385574,0.025075411424040794,0.13019026815891266,0.032547567039728165,0.020696138963103294,0.014026480726897717,-0.05361444503068924,-0.01340361125767231,-0.00012589897960424423,-0.032300449907779694,0.5640007853507996,0.1410001963376999,0.19321277737617493,-0.015444815158843994,1.186958909034729,0.29673972725868225,0.2618542015552521,0.05625433847308159,-0.0462040975689888,-0.0115510243922472,-0.030173012986779213,0.0708138719201088,3.4785332679748535,0.8696333169937134,0.9052746295928955,0.027327312156558037,-0.002258509397506714,-0.0005646273493766785,0.01755179651081562,-0.033648788928985596,-0.07998117804527283,-0.019995294511318207,-0.019163858145475388,-0.06914069503545761,0.05257024988532066,0.013142562471330166,0.00988399051129818,-0.06828565895557404,1.4698741436004639,0.36746853590011597,0.367989718914032,0.04318119212985039,-1.1040501594543457,-0.2760125398635864,-0.24333879351615906,0.03432464599609375,-0.04606160521507263,-0.011515401303768158,-0.015465764328837395,-0.011221140623092651,3.6541357040405273,0.9135339260101318,0.9285163879394531,0.0416436567902565,0.04353813827037811,0.010884534567594528,-0.0025584567338228226,0.05583047866821289,0.008008282631635666,0.0020020706579089165,0.011461034417152405,0.03970799595117569,0.008392217569053173,0.0020980543922632933,-0.0016192607581615448,-0.015167719684541225,0,0,1
0.0550389289855957,0.013759732246398926,-0.02347962185740471,0.0024623870849609375,0.2699131965637207,0.06747829914093018,-0.003733626566827297,-0.06983528286218643,-0.29878368973731995,-0.07469592243432999,-0.04402554780244827,0.03761780261993408,1.1873685121536255,0.29684212803840637,0.28831812739372253,0.008936280384659767,0.11840544641017914,0.029601361602544785,-0.28513097763061523,0.04860208183526993,0.4503796100616455,0.11259490251541138,0.007824687287211418,0.05278536304831505,-0.08798953890800476,-0.02199738472700119,0.00881323404610157,-0.03626055642962456,0.1767694056034088,0.0441923514008522,-0.010431548580527306,0.045301247388124466,-0.15885214507579803,-0.03971303626894951,-0.02351478300988674,0.031084109097719193,1.4382630586624146,0.35956576466560364,0.25855088233947754,0.06061232089996338,0.3962405323982239,0.09906013309955597,-0.29168832302093506,0.02756333351135254,-0.36549296975135803,-0.09137324243783951,-0.009730752557516098,0.022825544700026512,-0.09240169823169708,-0.02310042455792427,0.0013353163376450539,-0.0010121464729309082,0.0022004246711730957,0.0005501061677932739,0.011323641985654831,-0.02084338106215,-0.0680842250585556,-0.0170210562646389,-0.0017364546656608582,0.01762758009135723,0.5578575134277344,0.1394643783569336,0.18421615660190582,-0.024977141991257668,1.083797574043274,0.2709493935108185,0.25051456689834595,0.0176832377910614,-0.04059232026338577,-0.010148080065846443,-0.020031215623021126,-0.06277463585138321,3.4869096279144287,0.8717274069786072,0.9033968448638916,0.04123202711343765,0.02349328249692917,0.005873320624232292,0.010528592392802238,0.06383329629898071,-0.055162250995635986,-0.013790562748908997,-0.005120036192238331,-0.030475029721856117,0.01381852850317955,0.0034546321257948875,0.012934209778904915,-0.0607096366584301,1.3925241231918335,0.3481310307979584,0.3497808873653412,-0.057720430195331573,-1.2351624965667725,-0.3087906241416931,-0.25575166940689087,0.037864506244659424,-0.07245273143053055,-0.018113182857632637,-0.011494788341224194,-0.053243547677993774,3.6809682846069336,0.9202420711517334,0.9170480370521545,0.03755230829119682,-0.056511640548706055,-0.014127910137176514,-0.0012638550251722336,-0.08365923166275024,-0.04431722313165665,-0.011079305782914162,0.012505438178777695,0.005148792173713446,-0.004600626416504383,-0.0011501566041260958,0.00483730249106884,-0.07564765214920044,0,0,1
0.17236682772636414,0.043091706931591034,-0.007799085229635239,0.04559732601046562,0.3215039372444153,0.08037598431110382,-0.009571544826030731,-0.06150514632463455,-0.34067943692207336,-0.08516985923051834,-0.039884939789772034,-0.0033252418506890535,1.2183332443237305,0.3045833110809326,0.29169321060180664,0.011724424548447132,0.4019906520843506,0.10049766302108765,-0.30978891253471375,0.01870483160018921,0.48042863607406616,0.12010715901851654,0.016633519902825356,0.011545777320861816,-0.2202330231666565,-0.055058255791664124,-0.00685387896373868,0.027406251057982445,0.05083775520324707,0.012709438800811768,0.008319253101944923,-0.03493243455886841,-0.11852014064788818,-0.029630035161972046,-0.02799784578382969,-0.02341526746749878,1.5880600214004517,0.3970150053501129,0.28711679577827454,0.06980884075164795,0.34458547830581665,0.08614636957645416,-0.2980915904045105,-0.0034615874756127596,-0.4501068890094757,-0.11252672225236893,0.0031914012506604195,0.018713844940066338,-0.052980199456214905,-0.013245049864053726,-0.006844731047749519,-0.014831626787781715,0.05919009447097778,0.014797523617744446,0.01848025806248188,0.017169488593935966,-0.0229656845331192,-0.0057414211332798,-0.004491203464567661,-0.06776205450296402,0.5594132542610168,0.1398533135652542,0.18933062255382538,-0.00532229570671916,1.1216559410095215,0.28041398525238037,0.2562296688556671,-0.01600055769085884,-0.018354758620262146,-0.0045886896550655365,-0.0272135641425848,0.023573828861117363,3.4649009704589844,0.8662252426147461,0.8977023363113403,0.0211698766797781,0.018099650740623474,0.0045249126851558685,0.014005417004227638,0.03545190021395683,-0.16562195122241974,-0.041405487805604935,-0.008624869398772717,-0.060697074979543686,0.011195700615644455,0.0027989251539111137,-0.0016019446775317192,0.019542688503861427,1.3772423267364502,0.34431058168411255,0.3507238030433655,-0.020388280972838402,-1.2182725667953491,-0.3045681416988373,-0.2525997459888458,0.003941863775253296,-0.07406991720199585,-0.018517479300498962,-0.014144349843263626,-0.05357321724295616,3.631032705307007,0.9077581763267517,0.9175963997840881,-0.013276136480271816,0.0034178346395492554,0.0008544586598873138,-0.009046588093042374,0.005305785220116377,0.03515877574682236,0.00878969393670559,-0.0017898622900247574,-0.006836837623268366,0.02047300711274147,0.005118251778185368,0.013902431353926659,0.036680709570646286,0,0,1
0.3345250189304352,0.0836312547326088,0.00010423827916383743,-0.046076275408267975,0.43626469373703003,0.10906617343425751,-0.012704174034297466,-0.05023122951388359,-0.34950950741767883,-0.08737737685441971,-0.039585039019584656,0.042305268347263336,1.2926586866378784,0.3231646716594696,0.28398099541664124,-0.04480214789509773,0.876327395439148,0.219081848859787,-0.3132759928703308,0.003740984247997403,0.5029981732368469,0.12574954330921173,0.006310204043984413,-0.003556424519047141,-0.4606311619281769,-0.11515779048204422,-0.0063832830637693405,-0.09302395582199097,-0.010363072156906128,-0.002590768039226532,0.002262696623802185,0.03563528135418892,-0.16365167498588562,-0.040912918746471405,-0.03868784010410309,-0.05107591301202774,1.6973145008087158,0.42432862520217896,0.32614850997924805,0.09802935272455215,0.16963474452495575,0.04240868613123894,-0.30279815196990967,0.055130016058683395,-0.4737127125263214,-0.11842817813158035,-0.004953027702867985,-0.04766799882054329,-0.07995565235614777,-0.01998891308903694,-0.011636126786470413,0.05958651378750801,0.10492581874132156,0.02623145468533039,0.012670326977968216,-0.061199676245450974,0.027744576334953308,0.006936144083738327,0.009545570239424706,-0.03683585673570633,0.41733860969543457,0.10433465242385864,0.17304453253746033,-0.05496155098080635,1.1690173149108887,0.29225432872772217,0.25297990441322327,-0.061801690608263016,-0.013776600360870361,-0.0034441500902175903,-0.01074172556400299,-0.030818888917565346,3.3977723121643066,0.8494430780410767,0.8975538611412048,-0.04858022928237915,0.0006181299686431885,0.00015453249216079712,0.00887213833630085,-0.005827820394188166,-0.11166645586490631,-0.027916613966226578,-0.004769768565893173,0.01581510901451111,0.01909148320555687,0.004772870801389217,-0.003227323293685913,0.06280653923749924,1.4044073820114136,0.3511018455028534,0.33664771914482117,0.05201901122927666,-1.221595048904419,-0.30539876222610474,-0.2551593780517578,0.020465100184082985,-0.0782875195145607,-0.019571879878640175,-0.0026011858135461807,0.013781929388642311,3.6395745277404785,0.9098936319351196,0.9217386245727539,-0.01769249513745308,-0.019394606351852417,-0.004848651587963104,0.0029525738209486008,0.01791297271847725,0.05087300017476082,0.012718250043690205,-0.002309775911271572,-0.013917910866439342,-0.06155526265501976,-0.01538881566375494,-0.005926022306084633,-0.017271041870117188,0,0,1
0.48304757475852966,0.12076189368963242,0.008479218930006027,-0.018804823979735374,0.5449322462081909,0.13623306155204773,0.01080266572535038,-0.05654165893793106,-0.38585397601127625,-0.09646349400281906,-0.04636537283658981,-0.06018425151705742,1.2817254066467285,0.32043135166168213,0.2891629636287689,-0.05554955080151558,1.295274257659912,0.323818564414978,-0.3227800130844116,-0.015505892224609852,0.4108808636665344,0.1027202159166336,-0.003683979157358408,-0.022129220888018608,-0.6413013935089111,-0.16032534837722778,-0.03161633014678955,-0.005863106343895197,0.1069997102022171,0.026749927550554276,0.0016919560730457306,-0.03843236714601517,-0.28527897596359253,-0.07131974399089813,-0.04164394736289978,0.054239463061094284,1.844125747680664,0.461031436920166,0.3785964250564575,0.06785736232995987,-0.5127928256988525,-0.12819820642471313,-0.29027852416038513,0.001247322536073625,-0.5154352188110352,-0.1288588047027588,-0.017835121601819992,0.03509270027279854,-0.0883588045835495,-0.022089701145887375,-0.020828571170568466,-0.050750982016325,0.2289620339870453,0.05724050849676132,0.018534475937485695,-0.0056408466771245,0.011088304221630096,0.002772076055407524,0.008091652765870094,0.01337889488786459,0.2754257321357727,0.06885643303394318,0.15806828439235687,-0.019420599564909935,1.2315514087677002,0.30788785219192505,0.24115438759326935,0.08008519560098648,0.009032905101776123,0.0022582262754440308,-0.012378414161503315,-0.022389842197299004,3.2868313789367676,0.8217078447341919,0.879884660243988,-0.05233673006296158,0.01934533566236496,0.00483633391559124,0.0023167869076132774,0.0330178402364254,-0.14857274293899536,-0.03714318573474884,-0.005884332582354546,-0.0647483840584755,0.00048628076910972595,0.00012157019227743149,-0.005574687384068966,0.009947515092790127,1.4144766330718994,0.35361915826797485,0.33093130588531494,-0.0260330643504858,-1.2256205081939697,-0.30640512704849243,-0.25181880593299866,0.05608377605676651,-0.08816981315612793,-0.022042453289031982,-0.0046492284163832664,0.03494134172797203,3.588327646255493,0.8970819115638733,0.927330732345581,-0.020631855353713036,-0.08904547989368439,-0.022261369973421097,-0.009246602654457092,0.015682464465498924,0.049570292234420776,0.012392573058605194,0.01113424077630043,-0.04680776223540306,0.02397550642490387,0.005993876606225967,0.00807994045317173,0.04770151525735855,0,0,1
0.7111492156982422,0.17778730392456055,0.007848380133509636,0.09699109941720963,0.7581973671913147,0.18954934179782867,0.008261116221547127,0.038380276411771774,-0.5413487553596497,-0.13533718883991241,-0.046549662947654724,-0.006419730372726917,1.3343169689178467,0.33357924222946167,0.28660041093826294,0.006692570634186268,2.0037925243377686,0.5009481310844421,-0.3125125467777252,-0.0059898616746068,0.34525299072265625,0.08631324768066406,0.0016875453293323517,-0.03669070824980736,-0.9308712482452393,-0.23271781206130981,-0.05149324983358383,-0.06522642076015472,0.27383625507354736,0.06845906376838684,0.014357984066009521,0.05024566873908043,-0.42712607979774475,-0.10678151994943619,-0.05391377955675125,-0.0273742713034153,1.9596996307373047,0.48992490768432617,0.42784857749938965,0.1875491589307785,-1.263344645500183,-0.3158361613750458,-0.30714964866638184,-0.03911051154136658,-0.4870509207248688,-0.1217627301812172,-0.04141944646835327,-0.041716817766427994,-0.09995044767856598,-0.024987611919641495,-0.006576284766197205,0.05979088693857193,0.25587230920791626,0.06396807730197906,0.012378638610243797,0.05660766363143921,0.026990428566932678,0.0067476071417331696,0.0143056008964777,-0.026940176263451576,-0.027347147464752197,-0.006836786866188049,0.13349929451942444,-0.12383474409580231,1.1455931663513184,0.2863982915878296,0.26339268684387207,0.008619296364486217,0.016300242394208908,0.004075060598552227,-0.016333777457475662,0.050669968128204346,3.1953301429748535,0.7988325357437134,0.8678938150405884,0.005517053883522749,2.218782901763916e-05,5.54695725440979e-06,0.017891963943839073,-0.038620468229055405,-0.138645201921463,-0.03466130048036575,-0.024214953184127808,0.021029962226748466,0.0012068040668964386,0.00030170101672410965,0.00948835164308548,0.03789648041129112,1.5124529600143433,0.3781132400035858,0.34503111243247986,0.018728232011198997,-1.302889108657837,-0.32572227716445923,-0.25919342041015625,0.04725520685315132,-0.10609778761863708,-0.02652444690465927,-0.0050895363092422485,-0.06847820430994034,3.6300439834594727,0.9075109958648682,0.9209325909614563,0.02455846033990383,-0.049374036490917206,-0.012343509122729301,-0.012076331302523613,-0.04737062379717827,0.08255838602781296,0.02063959650695324,0.009567465633153915,0.006580186076462269,-0.09890732169151306,-0.024726830422878265,0.0015618689358234406,-0.005544227547943592,0,0,1
1.1195279359817505,0.2798819839954376,0.01751614920794964,0.027687085792422295,1.0348988771438599,0.25872471928596497,0.009809846058487892,0.010285026393830776,-0.5702351331710815,-0.14255878329277039,-0.05026375502347946,-0.014545870013535023,1.4275121688842773,0.35687804222106934,0.2639814615249634,-0.09668536484241486,2.7274835109710693,0.6818708777427673,-0.3180882930755615,-0.04169939085841179,0.2514505982398987,0.06286264955997467,-0.002288027200847864,-0.06772001087665558,-1.4181299209594727,-0.35453248023986816,-0.060658231377601624,-0.09291819483041763,0.14055785536766052,0.03513946384191513,0.0022227298468351364,-0.019178522750735283,-0.5436086058616638,-0.13590215146541595,-0.07241662591695786,-0.11042022705078125,2.110067367553711,0.5275168418884277,0.47116801142692566,0.07318294048309326,-1.654079556465149,-0.41351988911628723,-0.31279513239860535,0.032895755022764206,-0.5051023960113525,-0.12627559900283813,-0.0706799104809761,-0.0354519784450531,-0.07061327993869781,-0.017653319984674454,-0.017460694536566734,0.0508740060031414,0.3187158703804016,0.0796789675951004,0.010108785703778267,-0.014479613862931728,0.056560687720775604,0.014140171930193901,0.02433161251246929,0.03505575656890869,-0.11818420886993408,-0.02954605221748352,0.09209516644477844,-0.1362406313419342,1.0628281831741333,0.2657070457935333,0.2630560100078583,0.0766570121049881,-0.05982091277837753,-0.014955228194594383,-0.01806342788040638,0.04325798898935318,3.1024036407470703,0.7756009101867676,0.8660560846328735,-0.019687457010149956,-0.056342944502830505,-0.014085736125707626,0.007719272747635841,-0.0049089970998466015,-0.08714039623737335,-0.021785099059343338,-0.02123575285077095,-0.05721176415681839,-0.13203687965869904,-0.03300921991467476,-0.002743879333138466,-0.05055975914001465,1.417248010635376,0.354312002658844,0.3437170386314392,6.865263276267797e-05,-1.2106720209121704,-0.3026680052280426,-0.2604697644710541,-0.031209895387291908,-0.07681575417518616,-0.01920393854379654,-0.012135480530560017,0.02417515590786934,3.7494382858276367,0.9373595714569092,0.9252714514732361,0.051485251635313034,-0.10974381864070892,-0.02743595466017723,-0.02687377668917179,0.037853121757507324,0.045369330793619156,0.011342332698404789,0.012714896351099014,-0.02753477729856968,-0.02583964541554451,-0.0064599113538861275,-0.013037033379077911,0.05285722017288208,0,0,1
1.3178236484527588,0.3294559121131897,0.034990422427654266,0.035045694559812546,1.4989724159240723,0.37474310398101807,0.013066641986370087,0.04546285793185234,-0.5618149042129517,-0.14045372605323792,-0.07010330259799957,0.05549047142267227,1.4762903451919556,0.3690725862979889,0.23962748050689697,-0.09844793379306793,3.1231064796447754,0.7807766199111938,-0.3166622519493103,-0.0269814133644104,0.3299373388290405,0.08248433470726013,0.0007889363914728165,0.02248050644993782,-1.472915530204773,-0.36822888255119324,-0.09413235634565353,-0.06932058185338974,0.016685903072357178,0.004171475768089294,0.0015019886195659637,-0.010761725716292858,-0.6614749431610107,-0.16536873579025269,-0.09543923288583755,-0.0016074002487584949,2.271392822265625,0.5678482055664062,0.5145902037620544,0.06664085388183594,-1.7719289064407349,-0.4429822266101837,-0.33902984857559204,-0.08484587073326111,-0.4237154424190521,-0.10592886060476303,-0.07091052085161209,-0.012443137355148792,-0.14650999009609222,-0.036627497524023056,-0.005765666253864765,0.03989267349243164,0.15893757343292236,0.03973439335823059,0.009365841746330261,-0.05766904354095459,-0.06780071556568146,-0.016950178891420364,0.010848162695765495,-0.055875539779663086,-0.45359551906585693,-0.11339887976646423,0.058358386158943176,-0.15978923439979553,0.8261315822601318,0.20653289556503296,0.25799301266670227,0.004769170191138983,-0.13245731592178345,-0.03311432898044586,-0.009905470535159111,-0.0086306631565094,2.893611192703247,0.7234027981758118,0.8378595113754272,-0.03868471458554268,-0.03234893083572388,-0.00808723270893097,0.00015621259808540344,-0.0008682429906912148,-0.006908297538757324,-0.001727074384689331,-0.011761847883462906,0.010876864194869995,0.010688286274671555,0.0026720715686678886,0.00204632431268692,-0.00278146262280643,1.584828495979309,0.39620712399482727,0.33915624022483826,0.05812009796500206,-1.118938684463501,-0.27973467111587524,-0.25941261649131775,-0.06542758643627167,-0.06088749319314957,-0.015221873298287392,-0.020042456686496735,-0.008801097050309181,3.965190887451172,0.991297721862793,0.9328671097755432,0.13037589192390442,-0.04709684103727341,-0.011774210259318352,-0.02887396700680256,-0.03392224758863449,0.04763570427894592,0.01190892606973648,0.013172760605812073,-0.014261269941926003,-0.016867179423570633,-0.004216794855892658,-0.0036241812631487846,-0.04855133220553398,1,0,0
1.05431067943573,0.2635776698589325,0.04461616277694702,0.03298337385058403,1.6225919723510742,0.40564799308776855,0.013295849785208702,0.06633944809436798,-0.6264328956604004,-0.1566082239151001,-0.06398440152406693,-0.05391586944460869,1.3555097579956055,0.33887743949890137,0.23393617570400238,-0.11063497513532639,3.1185812950134277,0.7796453237533569,-0.30661189556121826,0.02797645330429077,0.42423659563064575,0.10605914890766144,-0.010326077230274677,0.043127503246068954,-1.3857218027114868,-0.3464304506778717,-0.14064882695674896,-0.16694384813308716,-0.13811391592025757,-0.03452847898006439,0.00907977856695652,-0.0257255882024765,-0.5601527690887451,-0.14003819227218628,-0.1300314962863922,-0.06493281573057175,2.310838222503662,0.5777095556259155,0.5432606339454651,0.022876907140016556,-1.6391793489456177,-0.4097948372364044,-0.3825581669807434,-0.10050749033689499,-0.41523388028144836,-0.10380847007036209,-0.07707594335079193,-0.05683573707938194,-0.051768332719802856,-0.012942083179950714,0.0029607154428958893,-0.029340947046875954,0.19744598865509033,0.04936149716377258,0.017940623685717583,-0.03962155058979988,0.008445456624031067,0.0021113641560077667,0.02581356279551983,0.07461357116699219,-0.4797884225845337,-0.11994710564613342,0.0036370186135172844,-0.08242471516132355,0.86191725730896,0.21547931432724,0.24771659076213837,-0.001464247703552246,-0.15144354104995728,-0.03786088526248932,-0.011657776311039925,-0.029884427785873413,2.7635722160339355,0.6908930540084839,0.8082470893859863,-0.034128595143556595,-0.018045037984848022,-0.004511259496212006,-0.007952062413096428,0.014892125502228737,-0.043583132326602936,-0.010895783081650734,0.005443158559501171,0.00980574544519186,-0.044884663075208664,-0.011221165768802166,-0.011812547221779823,0.07121970504522324,1.5387680530548096,0.3846920132637024,0.331299751996994,-0.041267018765211105,-0.9689819812774658,-0.24224549531936646,-0.24714480340480804,0.035922445356845856,-0.03955892473459244,-0.00988973118364811,-0.018404368311166763,-0.008869725279510021,4.004655361175537,1.0011638402938843,0.9539457559585571,0.0391354076564312,-0.023911505937576294,-0.0059778764843940735,-0.013981221243739128,-0.03731662780046463,0.01199452206492424,0.00299863051623106,0.007624441757798195,-0.07831626385450363,-0.017603475600481033,-0.004400868900120258,0.000151757150888443,-0.04448564350605011,1,0,0
0.7698524594306946,0.19246311485767365,0.05587241053581238,0.0746491476893425,1.3294974565505981,0.33237436413764954,0.024384425953030586,0.0021742344833910465,-0.4068842828273773,-0.10172107070684433,-0.06215278059244156,-0.03881815820932388,1.4100697040557861,0.35251742601394653,0.21095003187656403,0.024291610345244408,2.8193633556365967,0.7048408389091492,-0.29383501410484314,0.08483508974313736,0.4869382977485657,0.12173457443714142,-0.005313764326274395,0.055425096303224564,-1.047471284866333,-0.26186782121658325,-0.17863142490386963,-0.11001352220773697,-0.28549647331237793,-0.07137411832809448,0.013053210452198982,0.023226773366332054,-0.3474307656288147,-0.08685769140720367,-0.15376967191696167,-0.008511871099472046,2.333096981048584,0.583274245262146,0.5643135905265808,0.08462920039892197,-1.3213629722595215,-0.33034074306488037,-0.39128783345222473,0.024180203676223755,-0.3887682855129242,-0.09719207137823105,-0.08759099990129471,0.05908473953604698,0.11427082121372223,0.028567705303430557,0.005151007324457169,-0.07535454630851746,0.2299765646457672,0.0574941411614418,0.021964548155665398,-0.05333650857210159,-0.12677758932113647,-0.03169439733028412,0.04321528971195221,-0.04508192464709282,-0.3840160369873047,-0.09600400924682617,-0.0437065064907074,-0.12519320845603943,1.0269533395767212,0.2567383348941803,0.24765275418758392,-0.044490713626146317,-0.09445779025554657,-0.023614447563886642,-0.028073055669665337,-0.07653126120567322,2.731311321258545,0.6828278303146362,0.7649257183074951,-0.022552991285920143,-0.040308400988578796,-0.010077100247144699,0.005947938188910484,0.0421932116150856,-0.15265333652496338,-0.038163334131240845,-0.014650408178567886,-0.019333327189087868,-0.0004159696400165558,-0.00010399241000413895,-0.008720137178897858,-0.03931547328829765,1.4880452156066895,0.37201130390167236,0.3268110752105713,-0.02162681333720684,-1.1792020797729492,-0.2948005199432373,-0.24403074383735657,0.06527704000473022,-0.07082100212574005,-0.017705250531435013,-0.01891014352440834,-0.010392213240265846,3.9701266288757324,0.9925316572189331,0.9755938053131104,-0.031179873272776604,-0.0714525431394577,-0.017863135784864426,-0.011075973510742188,-0.07286672294139862,-0.015028920024633408,-0.003757230006158352,0.0013753511011600494,0.022301852703094482,-0.04491468146443367,-0.011228670366108418,-0.010870411992073059,-0.0043281675316393375,1,0,0
0.6112359762191772,0.1528089940547943,0.07151084393262863,-0.047885358333587646,0.7546788454055786,0.18866971135139465,0.027029862627387047,0.0368107445538044,-0.28617581725120544,-0.07154395431280136,-0.07874525338411331,-0.04379838705062866,1.4262019395828247,0.3565504848957062,0.19379699230194092,-0.05331164598464966,2.483543634414673,0.6208859086036682,-0.2996441125869751,-0.0513794906437397,0.2941146492958069,0.07352866232395172,-0.014872301369905472,0.05292266607284546,-0.9452528357505798,-0.23631320893764496,-0.22549468278884888,-0.1325952112674713,-0.1912374198436737,-0.047809354960918427,0.04333196580410004,-0.03619225695729256,-0.27789250016212463,-0.06947312504053116,-0.15505412220954895,0.07616068422794342,2.059392213821411,0.5148480534553528,0.5798534154891968,-0.06994672864675522,-1.0959219932556152,-0.2739804983139038,-0.3630181849002838,-0.022637248039245605,-0.35272571444511414,-0.08818142861127853,-0.08068528026342392,-0.06206477805972099,0.2109629213809967,0.052740730345249176,0.01058642566204071,-0.02325236238539219,0.332474946975708,0.083118736743927,0.014500247314572334,-0.03969350457191467,-0.09876827895641327,-0.024692069739103317,0.031492605805397034,0.04647403955459595,-0.30691754817962646,-0.07672938704490662,-0.0719427689909935,-0.14362607896327972,1.1138153076171875,0.2784538269042969,0.23068733513355255,0.02409764565527439,-0.013741619884967804,-0.003435404971241951,-0.023863768205046654,-0.04209112003445625,2.768280029296875,0.6920700073242188,0.7291004061698914,-0.018639380112290382,-0.07608519494533539,-0.019021298736333847,-0.011258150450885296,0.05223429203033447,-0.04257276654243469,-0.010643191635608673,-0.015962563455104828,0.02735224924981594,0.03518484905362129,0.008796212263405323,0.0005231741815805435,-0.008699977770447731,1.4199659824371338,0.35499149560928345,0.33480846881866455,0.03904569149017334,-1.2652866840362549,-0.3163216710090637,-0.24071004986763,0.06204203516244888,-0.07101553678512573,-0.017753884196281433,0.0011103516444563866,-0.031730473041534424,3.8407936096191406,0.9601984024047852,0.9794737100601196,-0.06468266993761063,-0.06201726943254471,-0.015504317358136177,-0.02168080024421215,0.031868111342191696,-0.05951884761452675,-0.014879711903631687,0.01215532049536705,0.036499619483947754,0.03729105740785599,0.009322764351963997,-0.005657599773257971,0.06135360151529312,1,0,0
0.08523815870285034,0.021309539675712585,0.06601214408874512,0.0535314567387104,0.4305129647254944,0.1076282411813736,0.02546105347573757,-0.0566103458404541,-0.1328127533197403,-0.033203188329935074,-0.06484825164079666,-0.05647728964686394,1.4583103656768799,0.36457759141921997,0.22209806740283966,0.09631533920764923,2.4382879734039307,0.6095719933509827,-0.27657759189605713,0.009086931124329567,0.19381111860275269,0.04845277965068817,-0.030235571786761284,0.06418874114751816,-0.5652397871017456,-0.1413099467754364,-0.24676984548568726,-0.08315175771713257,-0.033700406551361084,-0.008425101637840271,0.03553072363138199,-0.06946603953838348,-0.2807612121105194,-0.07019030302762985,-0.11597736924886703,0.13006912171840668,1.9723690748214722,0.49309226870536804,0.5444066524505615,-0.17489640414714813,-0.7941656708717346,-0.19854141771793365,-0.3389620780944824,0.10553430765867233,-0.3191765248775482,-0.07979413121938705,-0.08475775271654129,0.011778521351516247,0.3018397092819214,0.07545992732048035,0.012759961187839508,0.061325110495090485,0.5571744441986084,0.1392936110496521,0.009524775668978691,-0.0159657783806324,-0.08220970630645752,-0.02055242657661438,0.0392003133893013,0.06442918628454208,-0.14122086763381958,-0.035305216908454895,-0.09743745625019073,0.023791803047060966,1.0922431945800781,0.27306079864501953,0.23838549852371216,0.028944028541445732,0.022432319819927216,0.005608079954981804,-0.025807123631238937,0.0835363045334816,2.945988655090332,0.736497163772583,0.7117382884025574,-0.040296491235494614,-0.0021433979272842407,-0.0005358494818210602,-0.00723354984074831,0.055261172354221344,-0.0819263905286789,-0.020481597632169724,-0.006780408322811127,0.055995192378759384,0.028671596199274063,0.007167899049818516,0.0033979984000325203,-0.03750014305114746,1.2685723304748535,0.3171430826187134,0.3486208915710449,0.07865294069051743,-1.2167145013809204,-0.3041786253452301,-0.22434662282466888,-0.035494957119226456,-0.057647861540317535,-0.014411965385079384,-0.005497163627296686,-0.048800598829984665,3.604948043823242,0.9012370109558105,0.9691352248191833,0.0127224987372756,-0.06597867608070374,-0.016494669020175934,-0.022953558713197708,-0.04290030524134636,-0.08156608045101166,-0.020391520112752914,-0.00024765636771917343,-0.03601966053247452,-0.09654546529054642,-0.024136366322636604,-0.004868455231189728,-0.03794295713305473,1,0,0
-0.22220715880393982,-0.055551789700984955,0.06801199913024902,-0.0044412375427782536,0.28266018629074097,0.07066504657268524,0.023559248074889183,0.02313428558409214,-0.17470808327198029,-0.04367702081799507,-0.050295792520046234,-0.05350279435515404,1.5284532308578491,0.3821133077144623,0.2456165999174118,0.12633900344371796,1.9638242721557617,0.49095606803894043,-0.28017017245292664,0.09534262865781784,-0.016100406646728516,-0.004025101661682129,-0.018638642504811287,0.06933849304914474,-0.49283358454704285,-0.12320839613676071,-0.26138487458229065,0.03751791641116142,0.10545319318771362,0.026363298296928406,0.030492538586258888,0.024275755509734154,-0.20835502445697784,-0.05208875611424446,-0.09048255532979965,0.09570767730474472,1.6348191499710083,0.4087047874927521,0.5076411366462708,-0.12905308604240417,-0.9121165871620178,-0.22802914679050446,-0.2824244201183319,0.13830497860908508,-0.32974669337272644,-0.08243667334318161,-0.06896360963582993,0.015147894620895386,0.22820572555065155,0.05705143138766289,0.007708864286541939,0.09083487838506699,0.39983075857162476,0.09995768964290619,-0.0025420384481549263,0.03612012788653374,-0.10373937338590622,-0.025934843346476555,0.02720576338469982,-0.006331437733024359,-0.14784443378448486,-0.036961108446121216,-0.09560401737689972,0.03230391815304756,1.056535005569458,0.2641337513923645,0.24356408417224884,0.03251096233725548,0.01593645289540291,0.003984113223850727,-0.0076508671045303345,-0.02643221616744995,2.932079792022705,0.7330199480056763,0.7224788665771484,-0.03624814748764038,-0.01389475166797638,-0.003473687916994095,-0.010406279936432838,-0.06289058178663254,-0.07760568708181381,-0.019401421770453453,-0.014165724627673626,0.05407726764678955,-0.013559449464082718,-0.0033898623660206795,-0.009236029349267483,-0.039708614349365234,1.2080872058868408,0.3020218014717102,0.3461388349533081,-0.001824545906856656,-1.061209797859192,-0.265302449464798,-0.22963112592697144,-0.027180582284927368,-0.0305120050907135,-0.007628001272678375,-0.006447234656661749,-0.03547133132815361,3.4890358448028564,0.8722589612007141,0.9550967812538147,-0.0959281250834465,0.04841873049736023,0.012104682624340057,-0.02474265545606613,-0.036260414868593216,-0.08204425871372223,-0.020511064678430557,-0.00834134966135025,-0.07034321874380112,7.147644646465778e-05,1.7869111616164446e-05,-0.008083099499344826,0.06014213711023331,1,0,0
-0.2066822052001953,-0.05167055130004883,0.04879055172204971,-0.07498826831579208,0.11210004985332489,0.028025012463331223,0.0019531678408384323,0.03256852552294731,-0.19102244079113007,-0.047755610197782516,-0.04803195595741272,0.08005919307470322,2.051628828048706,0.5129072070121765,0.31831154227256775,0.10002642124891281,0.6371339559555054,0.15928348898887634,-0.26504936814308167,0.03649119287729263,-0.12316611409187317,-0.030791528522968292,-0.03227110207080841,0.058310627937316895,-0.5343648791313171,-0.13359121978282928,-0.2538374662399292,-0.06125212833285332,-0.5179775953292847,-0.12949439883232117,0.01508699543774128,0.024457693099975586,-0.014849793165922165,-0.0037124482914805412,-0.07699526846408844,0.1121072769165039,1.2795392274856567,0.3198848068714142,0.44294726848602295,-0.09689521044492722,-1.119523286819458,-0.2798808217048645,-0.2606431245803833,0.2438557893037796,-0.36603137850761414,-0.09150784462690353,-0.07289396226406097,0.09346876293420792,0.22117334604263306,0.055293336510658264,0.009396040812134743,-0.0008460283279418945,-0.0037038326263427734,-0.0009259581565856934,-0.0017428547143936157,-0.04999159649014473,-0.08132290095090866,-0.020330725237727165,0.022424181923270226,-0.054305803030729294,0.02327871322631836,0.00581967830657959,-0.09003228694200516,0.06414466351270676,1.0644540786743164,0.2661135196685791,0.2408498376607895,-0.05527026578783989,-0.015488829463720322,-0.0038722073659300804,-0.02337241917848587,0.056982316076755524,2.9298620223999023,0.7324655055999756,0.7358443140983582,0.003727400442585349,0.005449771881103516,0.001362442970275879,0.00016644597053527832,-0.04286086559295654,0.01966288685798645,0.0049157217144966125,-0.02353609725832939,-0.015452206134796143,0.0783400684595108,0.0195850171148777,-0.007627802900969982,-0.011720371432602406,1.295729160308838,0.3239322900772095,0.35987910628318787,0.022112775593996048,-1.005933403968811,-0.25148335099220276,-0.23834092915058136,-0.008719122968614101,0.0054193418473005295,0.0013548354618251324,0.00422169454395771,0.009989941492676735,3.463327407836914,0.8658318519592285,0.9297838807106018,-0.053830940276384354,0.07176248729228973,0.017940621823072433,-0.012879639863967896,0.08463525772094727,-0.024884682148694992,-0.006221170537173748,0.007476938888430595,-0.023738807067275047,0.01633681356906891,0.004084203392267227,-0.005405770614743233,-0.03131761774420738,1,0,0
-0.25869712233543396,-0.06467428058385849,0.03218410909175873,-0.006765216588973999,-0.06986205279827118,-0.017465513199567795,-0.010269097052514553,-0.02350596897304058,-0.10080553591251373,-0.025201383978128433,-0.04613696038722992,0.030596518889069557,2.6946780681610107,0.6736695170402527,0.4039619565010071,0.1672954559326172,-0.791459321975708,-0.197864830493927,-0.26088663935661316,0.050460852682590485,-0.17104971408843994,-0.042762428522109985,-0.023655207827687263,0.013255047611892223,-0.5590200424194336,-0.1397550106048584,-0.23524896800518036,-0.01943298615515232,-0.7896735668182373,-0.19741839170455933,0.010862533003091812,-0.007697546388953924,0.05940718576312065,0.014851796440780163,-0.08003099262714386,-0.0019873380661010742,1.1209814548492432,0.2802453637123108,0.43680673837661743,0.04019426181912422,-1.192597508430481,-0.29814937710762024,-0.21203044056892395,-0.07649628072977066,-0.32849594950675964,-0.08212398737668991,-0.06366819888353348,-0.02293914556503296,0.14608407020568848,0.03652101755142212,0.0036992207169532776,-0.04787861928343773,-0.2848932147026062,-0.07122330367565155,0.008366011083126068,0.10442087799310684,-0.07564135640859604,-0.01891033910214901,0.014114337041974068,-0.08140601217746735,0.15356671810150146,0.038391679525375366,-0.07007838040590286,0.11397772282361984,1.2853600978851318,0.32134002447128296,0.2413947433233261,0.02415594458580017,0.045944929122924805,0.011486232280731201,-0.02234749309718609,-0.06401925534009933,2.99591064453125,0.7489776611328125,0.7278892397880554,-0.009050631895661354,-0.023321673274040222,-0.0058304183185100555,0.00421144999563694,0.001165288733318448,0.10982531309127808,0.02745632827281952,-0.006302110850811005,0.025160683318972588,0.06049248203635216,0.01512312050908804,0.005359620787203312,-0.0024545371998101473,1.401768684387207,0.35044217109680176,0.3612512946128845,-0.005158221814781427,-1.0593012571334839,-0.26482531428337097,-0.25496402382850647,-0.07312744855880737,0.023659946396946907,0.005914986599236727,-0.0016178619116544724,0.021510476246476173,3.524247646331787,0.8810619115829468,0.9055044054985046,0.0021755099296569824,0.0452645868062973,0.011316146701574326,-0.00889464933425188,0.041387688368558884,-0.070911705493927,-0.01772792637348175,0.002098911441862583,-0.02406141720712185,0.09510157257318497,0.023775393143296242,0.006625624373555183,-0.04294152930378914,0,0,1
-0.45593181252479553,-0.11398295313119888,-0.00991448387503624,-0.06747572124004364,-0.03706447780132294,-0.009266119450330734,0.004349899478256702,0.08641435950994492,-0.0794205516576767,-0.019855137914419174,-0.04732733964920044,0.07706940174102783,2.9486169815063477,0.7371542453765869,0.5195744633674622,0.2626769244670868,-1.2658154964447021,-0.31645387411117554,-0.2537943422794342,0.06943166255950928,-0.22852548956871033,-0.05713137239217758,-0.036738425493240356,0.009420091286301613,-0.7944052219390869,-0.19860130548477173,-0.21443207561969757,0.06969008594751358,-0.8180813789367676,-0.2045203447341919,0.01563059166073799,0.03128146007657051,0.13761204481124878,0.034403011202812195,-0.08663692325353622,-0.03399663046002388,0.9179447293281555,0.22948618233203888,0.43016356229782104,-0.004538882058113813,-1.02873694896698,-0.257184237241745,-0.22031675279140472,-0.07121224701404572,-0.05157345533370972,-0.01289336383342743,-0.06406280398368835,0.05550077185034752,0.04094337671995163,0.010235844179987907,-0.015464593656361103,-0.03548252582550049,-0.3745908737182617,-0.09364771842956543,0.030720194801688194,0.11025958508253098,0.177178755402565,0.04429468885064125,-0.0018730070441961288,-0.09104274958372116,0.22430258989334106,0.056075647473335266,-0.03574385493993759,0.016020668670535088,1.3288209438323975,0.33220523595809937,0.23862987756729126,-0.05214357376098633,0.08674260973930359,0.021685652434825897,-0.024599190801382065,0.07306303083896637,2.9559764862060547,0.7389941215515137,0.7448323369026184,0.026530934497714043,-0.04601193964481354,-0.011502984911203384,0.006130516529083252,-0.041506677865982056,0.043404385447502136,0.010851096361875534,-0.0031212186440825462,-0.05381394177675247,0.07583789527416229,0.018959473818540573,0.003995291888713837,0.03869068622589111,1.4965555667877197,0.37413889169692993,0.3534107506275177,-0.029154736548662186,-1.0445047616958618,-0.26112619042396545,-0.24739055335521698,0.013164222240447998,0.02373810112476349,0.005934525281190872,-0.003029816783964634,-0.04339570552110672,3.454252004623413,0.8635630011558533,0.8938002586364746,-0.09330736845731735,0.10229727625846863,0.025574319064617157,0.007295513525605202,-0.05342898890376091,-0.036060038954019547,-0.009015009738504887,-0.007815812714397907,-0.0028735161758959293,0.037221428006887436,0.009305357001721859,-0.0023344075307250023,0.0101614473387599,0,0,1
-0.6569300293922424,-0.1642325073480606,-0.04065687954425812,-0.02257254719734192,0.005085304379463196,0.001271326094865799,0.003681965172290802,0.059567201882600784,-0.12889312207698822,-0.032223280519247055,-0.04183226078748703,0.03526371717453003,3.1007375717163086,0.7751843929290771,0.6323832869529724,0.2855834364891052,-1.4373916387557983,-0.3593479096889496,-0.2670494318008423,-0.04833010584115982,-0.3898565173149109,-0.09746412932872772,-0.041788771748542786,-0.04131341353058815,-0.8848227858543396,-0.2212056964635849,-0.18664753437042236,0.0633501335978508,-1.0080413818359375,-0.2520103454589844,0.02844865433871746,0.06204575300216675,0.12386491894721985,0.030966229736804962,-0.08222299814224243,-0.058268994092941284,0.8566113710403442,0.21415284276008606,0.4088468849658966,0.013098204508423805,-1.0071873664855957,-0.2517968416213989,-0.22474981844425201,-0.08305962383747101,0.13962575793266296,0.03490643948316574,-0.07224314659833908,-0.046531256288290024,-0.08203883469104767,-0.020509708672761917,-0.0011335741728544235,-0.036006975919008255,-0.3123903274536133,-0.07809758186340332,0.05357663333415985,0.0717119351029396,0.28035467863082886,0.07008866965770721,-0.01932929828763008,-0.005930620711296797,0.2297738790512085,0.057443469762802124,-0.00042935460805892944,0.12899763882160187,1.2598903179168701,0.31497257947921753,0.24618558585643768,0.048168208450078964,0.054666854441165924,0.013666713610291481,-0.01565300114452839,0.08697923272848129,2.8919413089752197,0.7229853272438049,0.7474140524864197,0.008152789436280727,-0.04249674081802368,-0.01062418520450592,-0.0015542618930339813,-0.004236406181007624,0.14004167914390564,0.03501041978597641,0.007763389497995377,0.07703107595443726,-0.012616623193025589,-0.0031541557982563972,-0.0005345959216356277,-0.07061513513326645,1.6292524337768555,0.40731310844421387,0.3543333411216736,-0.06094323471188545,-1.1168687343597412,-0.2792171835899353,-0.25183558464050293,0.018904244527220726,0.008536506444215775,0.0021341266110539436,0.003081747330725193,-0.032078906893730164,3.4068007469177246,0.8517001867294312,0.8794172406196594,-0.019965875893831253,0.05448518693447113,0.013621296733617783,0.004340687766671181,0.03414958715438843,0.014826510101556778,0.0037066275253891945,0.00013003498315811157,0.06958397477865219,0.006068754009902477,0.0015171885024756193,0.002014574594795704,-0.021146148443222046,0,1,0
-0.7185409665107727,-0.17963524162769318,-0.07625320553779602,-0.1026996523141861,0.09701819717884064,0.02425454929471016,0.010822447016835213,-0.0848032757639885,-0.05949483439326286,-0.014873708598315716,-0.041909560561180115,-0.013939124532043934,3.284637212753296,0.821159303188324,0.7124345898628235,0.23557503521442413,-1.427061676979065,-0.35676541924476624,-0.30174046754837036,-0.11970499902963638,-0.4783795475959778,-0.11959488689899445,-0.06760362535715103,0.02445242367684841,-0.9852238893508911,-0.24630597233772278,-0.1489017754793167,0.07577105611562729,-0.9671132564544678,-0.24177831411361694,0.03709234297275543,-0.071071557700634,0.1266501545906067,0.03166253864765167,-0.08285593241453171,-0.06535296887159348,0.7821877002716064,0.1955469250679016,0.3977802097797394,0.006329596042633057,-0.991020143032074,-0.2477550357580185,-0.22872012853622437,0.05039925500750542,0.29300662875175476,0.07325165718793869,-0.076872818171978,-0.03737933561205864,-0.05423997342586517,-0.013559993356466293,-0.008350306190550327,0.02145671844482422,-0.23502391576766968,-0.05875597894191742,0.04577471315860748,-0.02155698649585247,0.30810874700546265,0.07702718675136566,-0.011018630117177963,-0.020726704970002174,0.2723073959350586,0.06807684898376465,0.03351706266403198,0.06578677147626877,1.1373882293701172,0.2843470573425293,0.2563738524913788,0.09960448741912842,0.023373089730739594,0.005843272432684898,-0.001979101449251175,-0.026280105113983154,2.8895351886749268,0.7223837971687317,0.7460203170776367,0.04564546421170235,-0.018799230456352234,-0.0046998076140880585,-0.006641737651079893,-0.0466180220246315,0.0149141326546669,0.003728533163666725,0.010980898514389992,-0.01849438063800335,0.027368243783712387,0.006842060945928097,0.012905126437544823,-0.06481920927762985,1.5516762733459473,0.3879190683364868,0.36617082357406616,-0.04376291111111641,-1.1265064477920532,-0.2816266119480133,-0.24812695384025574,0.0002506077289581299,0.009922459721565247,0.0024806149303913116,0.010911358520388603,-0.03804647549986839,3.329958438873291,0.8324896097183228,0.8732017278671265,-0.047199394553899765,0.04542810469865799,0.011357026174664497,0.003515593707561493,0.031244147568941116,-0.06132855638861656,-0.01533213909715414,-0.005068923346698284,-0.01544862985610962,-0.0511869415640831,-0.012796735391020775,-0.0021913303062319756,0.0381314754486084,0,1,0
-0.8358955979347229,-0.20897389948368073,-0.11677683144807816,-0.05608413368463516,0.05296136438846588,0.01324034109711647,-0.0028356369584798813,-0.06860777735710144,0.0047917552292346954,0.0011979388073086739,-0.029017752036452293,-0.002712547779083252,3.339754581451416,0.834938645362854,0.7687236666679382,0.08504734188318253,-1.4930262565612793,-0.3732565641403198,-0.3183589577674866,-0.07862521708011627,-0.5559679865837097,-0.13899199664592743,-0.08655039966106415,0.023365575820207596,-0.5023312568664551,-0.12558281421661377,-0.1406203806400299,0.08284125477075577,-0.8414684534072876,-0.2103671133518219,0.02058064378798008,-0.0770498737692833,0.08351342380046844,0.02087835595011711,-0.0845642164349556,-0.04065047204494476,0.8224801421165466,0.20562003552913666,0.3885588049888611,-0.08874138444662094,-0.6933333873748779,-0.17333334684371948,-0.23765897750854492,-0.056340862065553665,0.3409055769443512,0.0852263942360878,-0.09613413363695145,-0.022094732150435448,-0.013253793120384216,-0.003313448280096054,-0.00506096426397562,0.05618429183959961,-0.0189821720123291,-0.004745543003082275,0.05118627846240997,0.03600715473294258,0.13438884913921356,0.03359721228480339,-0.017408179119229317,0.06862442940473557,0.3221190869808197,0.08052977174520493,0.05144993215799332,0.016993552446365356,1.0481135845184326,0.26202839612960815,0.26232045888900757,0.07756886631250381,-0.015776343643665314,-0.003944085910916328,0.00647684745490551,0.012984061613678932,2.9242560863494873,0.7310640215873718,0.7331027984619141,0.017308278009295464,0.013217426836490631,0.0033043567091226578,-0.0016732867807149887,0.04988675191998482,0.012794025242328644,0.003198506310582161,0.016674498096108437,-0.0700264722108841,-0.03982732817530632,-0.00995683204382658,0.010726496577262878,0.03799741342663765,1.4250203371047974,0.35625508427619934,0.35319653153419495,0.0460658073425293,-1.0476646423339844,-0.2619161605834961,-0.229502871632576,0.05882003530859947,0.024126876145601273,0.006031719036400318,0.018179649487137794,-0.061431098729372025,3.278336763381958,0.8195841908454895,0.8596624732017517,-0.10107976198196411,0.08188332617282867,0.02047083154320717,0.014778034761548042,0.046496760100126266,-0.045881565660238266,-0.011470391415059566,-0.008893638849258423,-0.03294476121664047,-0.012290691025555134,-0.0030726727563887835,0.0010753227397799492,-0.013430661521852016,0,1,0
-1.0876420736312866,-0.27191051840782166,-0.1430852711200714,-0.05433031916618347,0.11208803951740265,0.028022009879350662,0.014507152140140533,-0.05593382939696312,0.07004515826702118,0.017511289566755295,-0.01857810840010643,0.013113344088196754,3.361086845397949,0.8402717113494873,0.8115346431732178,0.12965813279151917,-1.3374686241149902,-0.33436715602874756,-0.3236479163169861,-0.09511899948120117,-0.5414344668388367,-0.13535861670970917,-0.11462399363517761,-0.044044192880392075,-0.0734165757894516,-0.0183541439473629,-0.12071751058101654,0.017489075660705566,-0.7529492378234863,-0.18823730945587158,0.024412812665104866,0.009362292475998402,0.026873115450143814,0.0067182788625359535,-0.09014448523521423,0.008158422075212002,0.966941237449646,0.2417353093624115,0.35888341069221497,-0.11655976623296738,-0.22623609006404877,-0.05655902251601219,-0.22135624289512634,0.07880137115716934,0.22060027718544006,0.055150069296360016,-0.08101881295442581,-0.0448928065598011,0.022770091891288757,0.005692522972822189,-0.009652601554989815,-0.07671597599983215,-0.10746699571609497,-0.026866748929023743,0.03175290673971176,0.06037707254290581,0.03141842037439346,0.007854605093598366,-0.0026705190539360046,-0.03189818188548088,0.5085179805755615,0.12712949514389038,0.08257138729095459,0.12086689472198486,0.9728633165359497,0.24321582913398743,0.27379271388053894,0.03241567686200142,-0.04259131848812103,-0.010647829622030258,0.00775873102247715,-0.06422953307628632,3.0210280418395996,0.7552570104598999,0.7522050738334656,0.013629579916596413,0.0197511687874794,0.00493779219686985,0.008183520287275314,0.05441780015826225,0.02260947972536087,0.005652369931340218,0.012514811009168625,-0.038661617785692215,-0.07174037396907806,-0.017935093492269516,-0.001180221326649189,-0.057736825197935104,1.2417776584625244,0.3104444146156311,0.3534359931945801,-0.010973894968628883,-1.0928843021392822,-0.27322107553482056,-0.2330200970172882,0.05509011819958687,0.006414279341697693,0.0016035698354244232,0.004740905947983265,-0.008644617162644863,3.2103700637817383,0.8025925159454346,0.8405507802963257,-0.07164610922336578,0.07182909548282623,0.017957273870706558,0.005514863878488541,-0.04235668107867241,-0.006421256810426712,-0.001605314202606678,-0.01507488265633583,0.0003029227373190224,-0.022509578615427017,-0.005627394653856754,0.009592091664671898,-0.07729881256818771,0,1,0
-1.0666275024414062,-0.26665687561035156,-0.17543458938598633,-0.042700935155153275,-0.06483565270900726,-0.016208913177251816,0.016586648300290108,0.03840414434671402,0.04575522616505623,0.011438806541264057,-0.001370379701256752,0.04672933742403984,3.363748073577881,0.8409370183944702,0.8215112090110779,0.04235808923840523,-1.514078140258789,-0.37851953506469727,-0.3345513641834259,-0.017623459920287132,-0.6157035231590271,-0.15392588078975677,-0.12230822443962097,-0.0783669576048851,-0.08894696831703186,-0.022236742079257965,-0.08463301509618759,0.042086195200681686,-0.7177084684371948,-0.1794271171092987,0.041150882840156555,-0.04116177186369896,-0.09321017563343048,-0.02330254390835762,-0.08209653198719025,-0.028529727831482887,0.8627989292144775,0.21569973230361938,0.322801411151886,-0.09673929959535599,-0.1443842500448227,-0.03609606251120567,-0.22498929500579834,0.08895765990018845,0.34531304240226746,0.08632826060056686,-0.09730476886034012,0.05227494239807129,0.04228505492210388,0.01057126373052597,-0.01069125346839428,0.0038767277728766203,-0.035718947649002075,-0.008929736912250519,0.038211748003959656,0.0011602223385125399,-0.03992941230535507,-0.009982353076338768,0.008406402543187141,0.08206603676080704,0.5302516222000122,0.13256290555000305,0.10568922758102417,0.12054341286420822,1.0682339668273926,0.26705849170684814,0.24643315374851227,0.04807443544268608,0.014072231948375702,0.0035180579870939255,-0.0019455747678875923,-0.0742272213101387,3.0529351234436035,0.7632337808609009,0.7703021168708801,0.010039317421615124,0.00694197416305542,0.001735493540763855,0.00030933134257793427,0.07680119574069977,0.00810987502336502,0.002027468755841255,0.008210323750972748,0.07295496761798859,0.012620937079191208,0.003155234269797802,-0.005660396534949541,-0.018248451873660088,1.2269184589385986,0.30672961473464966,0.34681910276412964,0.015930725261569023,-1.0804812908172607,-0.2701203227043152,-0.24064210057258606,0.005246287677437067,0.02057383581995964,0.00514345895498991,0.007075471803545952,0.06368433684110641,3.2081198692321777,0.8020299673080444,0.842301607131958,-0.09208375215530396,0.10352528095245361,0.025881320238113403,0.006757941097021103,0.07611671835184097,-0.02597762644290924,-0.00649440661072731,-0.0003318591043353081,0.008187144994735718,0.004143799655139446,0.0010359499137848616,0.0037368666380643845,-0.06934119760990143,0,1,0
-1.0127984285354614,-0.25319960713386536,-0.22236496210098267,-0.08365481346845627,-0.08675937354564667,-0.021689843386411667,0.004393743351101875,-0.028200602158904076,0.10191898047924042,0.025479745119810104,0.004416997544467449,0.048338115215301514,3.303880214691162,0.8259700536727905,0.8262463212013245,0.013081616722047329,-1.442626714706421,-0.3606566786766052,-0.344661682844162,-0.1024244949221611,-0.6722548604011536,-0.1680637151002884,-0.1437133550643921,-0.084125816822052,-0.07421860098838806,-0.018554650247097015,-0.0696704313158989,-0.020389104261994362,-0.7553033828735352,-0.1888258457183838,0.03592488169670105,0.020598554983735085,-0.022519882768392563,-0.005629970692098141,-0.08201548457145691,0.014336950145661831,0.7921487092971802,0.19803717732429504,0.28230932354927063,-0.13236069679260254,-0.1162777841091156,-0.0290694460272789,-0.21613089740276337,-0.013102918863296509,0.40429118275642395,0.10107279568910599,-0.10202005505561829,-0.010412859730422497,0.018921852111816406,0.0047304630279541016,-0.009876422584056854,0.0350896380841732,0.03209269046783447,0.008023172616958618,0.041520848870277405,0.05543726682662964,-0.03596950322389603,-0.008992375805974007,0.016172049567103386,0.06946536153554916,0.6493965983390808,0.1623491495847702,0.13613973557949066,0.090042844414711,1.1482656002044678,0.28706640005111694,0.2435784488916397,0.024927545338869095,0.026539694517850876,0.006634923629462719,-0.008825942873954773,-0.06310579180717468,3.056523084640503,0.7641307711601257,0.7805048227310181,-0.03269059211015701,0.06496086716651917,0.01624021679162979,0.011116443201899529,-0.012618434615433216,-0.02413489669561386,-0.006033724173903465,0.013194732367992401,-0.06705125421285629,0.06328471004962921,0.015821177512407303,0.007356883957982063,0.04912814125418663,1.170377254486084,0.292594313621521,0.34006592631340027,-0.07727640122175217,-1.0584206581115723,-0.26460516452789307,-0.24700258672237396,0.05372340604662895,0.013955757021903992,0.003488939255475998,0.014390377327799797,0.062320780009031296,3.1628360748291016,0.7907090187072754,0.8365753293037415,-0.04429755359888077,0.08307084441184998,0.020767711102962494,0.0037321047857403755,0.010614156723022461,-0.07713530212640762,-0.019283825531601906,-0.007792203687131405,0.04434659704566002,0.010464365594089031,0.002616091398522258,0.004598142579197884,0.02199903130531311,0,1,0
-1.0142788887023926,-0.25356972217559814,-0.2510516047477722,-0.01677563227713108,0.08123363554477692,0.02030840888619423,-0.0016796058043837547,0.04130300506949425,0.10241864621639252,0.02560466155409813,0.010737566277384758,-0.0677013024687767,3.1631569862365723,0.7907892465591431,0.8199380040168762,-0.017325235530734062,-1.3817559480667114,-0.34543898701667786,-0.3449324667453766,-0.05734890326857567,-0.65620356798172,-0.16405089199543,-0.14862747490406036,-0.07012557238340378,-0.05255085229873657,-0.013137713074684143,-0.03721830993890762,0.12421180307865143,-0.7925758361816406,-0.19814395904541016,0.04827728122472763,-0.04556269198656082,-0.06748108565807343,-0.016870271414518356,-0.09318782389163971,0.047285642474889755,0.7213395237922668,0.1803348809480667,0.2627767324447632,-0.06495853513479233,-0.009265750646591187,-0.0023164376616477966,-0.21313023567199707,0.012284869328141212,0.43177029490470886,0.10794257372617722,-0.08486512303352356,0.0577734000980854,-0.06120920181274414,-0.015302300453186035,-0.0045201582834124565,0.09097255766391754,0.014026850461959839,0.0035067126154899597,0.05286286771297455,0.0709327831864357,-0.09602499008178711,-0.024006247520446777,0.016564927995204926,0.08969517797231674,0.6719751954078674,0.16799379885196686,0.1540338099002838,0.11299379169940948,1.163534164428711,0.29088354110717773,0.22594109177589417,0.01694312132894993,0.008878260850906372,0.002219565212726593,-0.005246669985353947,-0.058651216328144073,3.0960068702697754,0.7740017175674438,0.7846143841743469,0.052391208708286285,0.05897018313407898,0.014742545783519745,0.006690159440040588,0.07071870565414429,0.026131734251976013,0.006532933562994003,0.011269453912973404,0.05728942155838013,-0.0402502603828907,-0.010062565095722675,-0.004840378649532795,0.023656344041228294,1.1262873411178589,0.2815718352794647,0.3245712220668793,-0.012644476257264614,-1.1183629035949707,-0.2795907258987427,-0.2503885328769684,0.05400655418634415,-0.006835468113422394,-0.0017088670283555984,-0.0012530907988548279,0.03362679481506348,3.2206125259399414,0.8051531314849854,0.8291610479354858,-0.003930485341697931,0.0686691403388977,0.017167285084724426,0.009294679388403893,-0.059156447649002075,-0.016175460070371628,-0.004043865017592907,-0.0036057671532034874,0.05300343036651611,-0.004893054254353046,-0.0012232635635882616,-0.00636331457644701,-0.014163005165755749,0,1,0
-1.0958913564682007,-0.27397283911705017,-0.26032423973083496,-0.01674773171544075,0.036754682660102844,0.009188670665025711,-0.0037451782263815403,-0.0433228574693203,0.11108554899692535,0.02777138724923134,0.013421604409813881,0.03959207609295845,3.073012590408325,0.7682531476020813,0.8052664399147034,-0.1393369883298874,-1.2919988632202148,-0.3229997158050537,-0.34457525610923767,-0.030269263312220573,-0.6786040663719177,-0.16965101659297943,-0.1551261991262436,-0.07137569040060043,-0.10517892241477966,-0.026294730603694916,-0.017411500215530396,0.09332894533872604,-0.9042290449142456,-0.2260572612285614,0.05289778858423233,0.03185619041323662,-0.11675676703453064,-0.02918919175863266,-0.07747238874435425,0.05364344269037247,0.5846642255783081,0.14616605639457703,0.2367175817489624,-0.08626177161931992,0.17539380490779877,0.04384845122694969,-0.19894732534885406,0.03993598371744156,0.3809734880924225,0.09524337202310562,-0.07040641456842422,0.07547638565301895,-0.0862417072057724,-0.0215604268014431,-0.0033448506146669388,-0.046172793954610825,-0.05768284201622009,-0.014420710504055023,0.048184625804424286,0.012978076934814453,-0.0249190591275692,-0.0062297647818923,0.021779721602797508,0.03586198017001152,0.6875689625740051,0.17189224064350128,0.18449507653713226,0.019488250836730003,1.1814680099487305,0.2953670024871826,0.22821317613124847,0.021601086482405663,-0.005240457132458687,-0.0013101142831146717,-0.020235614851117134,0.018611490726470947,3.1107864379882812,0.7776966094970703,0.7946564555168152,-0.02640373446047306,0.09656134247779846,0.024140335619449615,0.015972303226590157,0.03862767294049263,-0.04569361358880997,-0.011423403397202492,0.002319714054465294,-0.0017409146530553699,0.05506676807999611,0.013766692019999027,0.000861520878970623,0.012305724434554577,1.008872389793396,0.252218097448349,0.30334019660949707,-0.010658085346221924,-1.08408522605896,-0.27102130651474,-0.2580362856388092,-0.042838383466005325,-0.01115453988313675,-0.0027886349707841873,7.996894419193268e-05,-0.06784697622060776,3.2075347900390625,0.8018836975097656,0.8305981159210205,0.050749171525239944,0.06690117716789246,0.016725294291973114,0.011020198464393616,-0.011251932941377163,-0.07794742286205292,-0.01948685571551323,-0.008976423181593418,0.030203653499484062,0.046104151755571365,0.011526037938892841,-0.0004346892237663269,-0.05677250027656555,0,1,0
-0.9618774056434631,-0.24046935141086578,-0.2882361114025116,-0.03288404643535614,0.01798255741596222,0.004495639353990555,-0.008328711614012718,0.037518251687288284,0.10631270706653595,0.026578176766633987,0.02396467514336109,-0.03367847576737404,2.9155101776123047,0.7288775444030762,0.7598258256912231,-0.05105821043252945,-1.2483844757080078,-0.31209611892700195,-0.3472737669944763,-0.013847715221345425,-0.6815760135650635,-0.17039400339126587,-0.16544319689273834,-0.0022323669400066137,-0.13300368189811707,-0.033250920474529266,0.005836218595504761,0.07675643265247345,-0.875934362411499,-0.21898359060287476,0.056689150631427765,0.06507916748523712,-0.1793077290058136,-0.0448269322514534,-0.07476357370615005,0.0414729118347168,0.5354619026184082,0.13386547565460205,0.21986807882785797,-0.03554917499423027,0.25461792945861816,0.06365448236465454,-0.21273557841777802,-0.035983648151159286,0.4771063029766083,0.11927657574415207,-0.07929904013872147,0.02095775119960308,0.01572878658771515,0.003932196646928787,-0.015521370805799961,-0.02761971764266491,-0.01864813268184662,-0.004662033170461655,0.05304080992937088,0.061865199357271194,-0.02629183605313301,-0.006572959013283253,0.01701110415160656,0.011887895874679089,0.7507342100143433,0.18768355250358582,0.20497947931289673,0.0313970111310482,1.1949478387832642,0.29873695969581604,0.2338137924671173,0.0723167210817337,0.02262531965970993,0.005656329914927483,-0.01888025552034378,-0.054961320012807846,3.072793960571289,0.7681984901428223,0.8110376000404358,0.08231725543737411,0.05277837812900543,0.013194594532251358,0.0056829191744327545,-0.05522312596440315,0.01826740801334381,0.004566852003335953,0.009472979232668877,-0.01135360635817051,-0.03701884672045708,-0.00925471168011427,-0.010324307717382908,0.053440164774656296,0.9535965323448181,0.23839913308620453,0.2971898317337036,-0.058028846979141235,-0.9366743564605713,-0.23416858911514282,-0.25168222188949585,0.05008576065301895,0.027916431427001953,0.006979107856750488,0.010262688621878624,0.011621641926467419,3.2465081214904785,0.8116270303726196,0.8263817429542542,0.024799693375825882,0.05168941617012024,0.01292235404253006,0.0028090914711356163,-0.02526322565972805,-0.050723541527986526,-0.012680885381996632,-0.013689138926565647,-0.0680520310997963,0.07913815230131149,0.019784538075327873,0.011090565472841263,0.02550663985311985,0,1,0
-0.9979146718978882,-0.24947866797447205,-0.2916816174983978,-0.013717579655349255,-0.12155942618846893,-0.030389856547117233,-0.009609966538846493,-0.045166246592998505,0.18398354947566986,0.045995887368917465,0.023219367489218712,-0.0033891857601702213,2.7876272201538086,0.6969068050384521,0.7287623882293701,-0.10138390213251114,-1.160747766494751,-0.29018694162368774,-0.32660552859306335,0.06352292746305466,-0.6316083073616028,-0.1579020768404007,-0.17678381502628326,-0.01906799152493477,-0.13750050961971283,-0.03437512740492821,0.021050818264484406,-0.009281671606004238,-0.7011427879333496,-0.1752856969833374,0.052840836346149445,-0.012110757641494274,-0.19863741099834442,-0.049659352749586105,-0.08638125658035278,-0.026865480467677116,0.4555870294570923,0.11389675736427307,0.1951444000005722,-0.09122349321842194,0.5192285180091858,0.12980712950229645,-0.19778352975845337,0.02459242381155491,0.6471533179283142,0.16178832948207855,-0.07469869405031204,-0.039630401879549026,0.016453251242637634,0.004113312810659409,-0.014410149306058884,0.0747215524315834,-0.11869412660598755,-0.029673531651496887,0.04012973606586456,0.02805321291089058,-0.008828852325677872,-0.002207213081419468,0.012606335803866386,-0.02843785099685192,0.7839431762695312,0.1959857940673828,0.2233380228281021,-0.007091659586876631,1.0989271402359009,0.2747317850589752,0.2308720350265503,-0.04608054459095001,0.006255976855754852,0.001563994213938713,-0.018124205991625786,-0.0018800139660015702,3.1179089546203613,0.7794772386550903,0.8107204437255859,0.0217074453830719,0.1073201447725296,0.0268300361931324,0.02455025725066662,-0.0068953572772443295,-0.006705299019813538,-0.0016763247549533844,0.003089452162384987,-0.07095593959093094,0.00974009558558464,0.00243502389639616,-0.005107598379254341,0.01179055031388998,0.9150937795639038,0.22877344489097595,0.26679345965385437,-0.1112084612250328,-1.0743504762649536,-0.2685876190662384,-0.25300732254981995,0.07963130623102188,-0.006567772477865219,-0.0016419431194663048,-0.001284274272620678,-0.0429452620446682,3.255742073059082,0.8139355182647705,0.8367379307746887,-0.0347537063062191,0.03946588933467865,0.009866472333669662,0.0067458245903253555,-0.02838136814534664,-0.0009713211329653859,-0.00024283028324134648,-0.006517978385090828,0.047496248036623,-0.00045796926133334637,-0.00011449231533333659,0.0030664028599858284,-0.01966024748980999,0,1,0
-0.8927344679832458,-0.22318361699581146,-0.3058847188949585,0.05614742264151573,-0.11382214725017548,-0.02845553681254387,-0.0046082912012934685,0.017034346237778664,0.2201455682516098,0.05503639206290245,0.025999566540122032,-0.007195973303169012,2.588383197784424,0.647095799446106,0.699975311756134,-0.06325531750917435,-1.1119463443756104,-0.2779865860939026,-0.31396999955177307,0.09796252101659775,-0.5820403099060059,-0.14551007747650146,-0.16412220895290375,-0.045095738023519516,-0.24397465586662292,-0.06099366396665573,0.0406673401594162,0.10692629963159561,-0.613693356513977,-0.15342333912849426,0.05942361056804657,0.02157292328774929,-0.21129466593265533,-0.052823666483163834,-0.08771861344575882,-0.03751509636640549,0.4284125566482544,0.1071031391620636,0.1716153621673584,-0.10995693504810333,0.40388768911361694,0.10097192227840424,-0.19989992678165436,-0.03214729577302933,0.7987831830978394,0.19969579577445984,-0.06027626246213913,-0.03347237780690193,-0.09318864345550537,-0.023297160863876343,-0.0029473784379661083,0.09383847564458847,-0.12427395582199097,-0.03106848895549774,0.04778853803873062,-0.08071383088827133,0.01330413669347763,0.0033260341733694077,0.0006788279861211777,0.03122774325311184,0.8480677604675293,0.21201694011688232,0.22041504085063934,0.0092231510207057,1.230033278465271,0.30750831961631775,0.239235058426857,-0.06279394030570984,0.00599496066570282,0.001498740166425705,-0.006244809366762638,-0.03646063432097435,3.103708505630493,0.7759271264076233,0.8114950060844421,0.04945782572031021,0.050747960805892944,0.012686990201473236,0.024953952059149742,-0.049818191677331924,0.1211089938879013,0.030277248471975327,0.02417915128171444,-0.05164533481001854,-0.006747562438249588,-0.001686890609562397,-0.011282581835985184,-0.02955077402293682,0.9217509031295776,0.2304377257823944,0.2543680667877197,-0.006913614459335804,-1.1354234218597412,-0.2838558554649353,-0.25465211272239685,0.06158497557044029,-0.022860482335090637,-0.005715120583772659,-0.005704191513359547,-0.07138287276029587,3.279730796813965,0.8199326992034912,0.8389300107955933,0.0393657460808754,0.026737771928310394,0.006684442982077599,-0.002727268263697624,0.06345640867948532,-0.056741852313280106,-0.014185463078320026,-0.006553070619702339,-0.02111159637570381,0.02155892178416252,0.00538973044604063,0.011675704270601273,-0.02101265825331211,0,1,0
-0.9612959027290344,-0.2403239756822586,-0.2961146831512451,0.031986355781555176,-0.1782807558774948,-0.0445701889693737,-0.01772194728255272,-0.048213135451078415,0.3099161386489868,0.0774790346622467,0.04441997408866882,0.09357360750436783,2.3746278285980225,0.5936569571495056,0.656856119632721,-0.04537412151694298,-1.089954137802124,-0.272488534450531,-0.30633896589279175,0.08601410686969757,-0.442144513130188,-0.110536128282547,-0.16379067301750183,0.013124686665832996,-0.1488194316625595,-0.03720485791563988,0.0662744864821434,0.0305542703717947,-0.4252316355705261,-0.10630790889263153,0.0694960206747055,0.004380941390991211,-0.18465307354927063,-0.04616326838731766,-0.08490832895040512,-0.05950143560767174,0.44003474712371826,0.11000868678092957,0.16180302202701569,0.022030914202332497,0.42099374532699585,0.10524843633174896,-0.20458154380321503,0.04699814319610596,0.9606035947799683,0.24015089869499207,-0.027920974418520927,0.08001565933227539,-0.010293439030647278,-0.0025733597576618195,0.000367775559425354,0.056933414191007614,-0.11578550934791565,-0.028946377336978912,0.029536744579672813,-0.07705443352460861,0.03729791194200516,0.00932447798550129,-0.02120371349155903,-0.03705872967839241,0.9652713537216187,0.24131783843040466,0.2421594113111496,0.03667638450860977,1.256675362586975,0.3141688406467438,0.23538246750831604,0.05210128054022789,-0.00440601259469986,-0.001101503148674965,-0.011960922740399837,0.007447844836860895,3.1034483909606934,0.7758620977401733,0.8000672459602356,-0.033915214240550995,0.07172854989767075,0.017932137474417686,0.022579101845622063,-0.0244451817125082,0.02053186297416687,0.0051329657435417175,0.015718575567007065,-0.07902620732784271,0.0525609590113163,0.013140239752829075,-0.008943911641836166,0.0032812475692480803,0.8738669157028198,0.21846672892570496,0.2422056347131729,-0.06485717743635178,-1.1420544385910034,-0.28551360964775085,-0.24416477978229523,0.0716036707162857,-0.029330864548683167,-0.007332716137170792,-0.004413369111716747,0.017056865617632866,3.2357943058013916,0.8089485764503479,0.8323793411254883,-0.05630828067660332,0.026356995105743408,0.006589248776435852,0.004556013271212578,0.01073072012513876,-0.06570107489824295,-0.016425268724560738,-0.00605000089854002,0.05120458826422691,-0.03951113671064377,-0.009877784177660942,0.01072215847671032,-0.061583664268255234,0,1,0
-0.9339466094970703,-0.23348665237426758,-0.3045947253704071,-0.024938328191637993,-0.03249441087245941,-0.008123602718114853,-0.0026319166645407677,-0.03893924131989479,0.3365866243839264,0.0841466560959816,0.04527171701192856,0.06256916373968124,2.1871745586395264,0.5467936396598816,0.6079341769218445,-0.12042148411273956,-1.179765224456787,-0.2949413061141968,-0.2994910478591919,0.05397087335586548,-0.31013041734695435,-0.07753260433673859,-0.1477055847644806,0.009306645952165127,-0.1768476963043213,-0.04421192407608032,0.07124822586774826,0.0448816679418087,-0.6355193853378296,-0.1588798463344574,0.06382277607917786,0.08853566646575928,-0.1476869285106659,-0.03692173212766647,-0.0957748144865036,-0.003520578145980835,0.5436221361160278,0.13590553402900696,0.14041705429553986,-0.07067546993494034,0.20046831667423248,0.05011707916855812,-0.2154536098241806,0.008958525024354458,1.1268657445907593,0.2817164361476898,0.008350247517228127,0.061457108706235886,-0.11720673739910126,-0.029301684349775314,0.013814611360430717,0.061693646013736725,-0.2062927782535553,-0.051573194563388824,0.040026843547821045,-0.07066761702299118,0.07830114662647247,0.01957528665661812,-0.025654351338744164,-0.0908626988530159,1.0494074821472168,0.2623518705368042,0.2588227689266205,-0.02820153534412384,1.136904239654541,0.28422605991363525,0.24682126939296722,0.0003057718276977539,-0.008304402232170105,-0.0020761005580425262,-0.02355545572936535,-0.004729276988655329,3.1042118072509766,0.7760529518127441,0.8042827248573303,0.00980005320161581,0.07513166964054108,0.01878291741013527,0.028968842700123787,-0.00521121034398675,0.12095271050930023,0.030238177627325058,0.029153769835829735,-0.018264150246977806,0.0035518519580364227,0.0008879629895091057,-0.007770058698952198,-0.022155707702040672,0.9726877212524414,0.24317193031311035,0.22679099440574646,-0.061079055070877075,-1.1704405546188354,-0.29261013865470886,-0.2630993127822876,-0.0550888366997242,-0.0261329784989357,-0.006533244624733925,-0.0056060608476400375,-0.016642266884446144,3.2660584449768066,0.8165146112442017,0.8374300599098206,-0.08914361149072647,0.009416565299034119,0.0023541413247585297,0.0058462489396333694,-0.036869801580905914,-0.04343075677752495,-0.010857689194381237,-0.011227157898247242,0.025337910279631615,-0.036576393991708755,-0.009144098497927189,-0.001999860629439354,0.06785307079553604,0,1,0
-0.783348023891449,-0.19583700597286224,-0.30069297552108765,0.012844222597777843,0.06806983053684235,0.017017457634210587,-0.016032695770263672,-0.06975814700126648,0.2359369546175003,0.058984238654375076,0.06766632944345474,0.0285401102155447,2.0466418266296387,0.5116604566574097,0.5714462399482727,-0.12805011868476868,-1.164676547050476,-0.291169136762619,-0.29001325368881226,-0.018925542011857033,-0.11920571327209473,-0.02980142831802368,-0.12793223559856415,-0.01933474652469158,-0.1578492820262909,-0.03946232050657272,0.07766269147396088,0.04056098684668541,-0.6383610963821411,-0.15959027409553528,0.08264163136482239,-0.049064189195632935,-0.20377328991889954,-0.050943322479724884,-0.07798215001821518,0.018460214138031006,0.6352566480636597,0.15881416201591492,0.15035821497440338,0.04752425104379654,0.2315782755613327,0.057894568890333176,-0.22983114421367645,-0.047829464077949524,1.2731480598449707,0.3182870149612427,0.054369598627090454,0.0983150377869606,-0.10885404050350189,-0.027213510125875473,0.010414326563477516,-0.01489946898072958,-0.2886328101158142,-0.07215820252895355,0.039518751204013824,-0.016478335484862328,0.00924786925315857,0.0023119673132896423,-0.033645130693912506,0.02031650021672249,1.1104145050048828,0.2776036262512207,0.2736116945743561,0.018722081556916237,1.081723928451538,0.2704309821128845,0.2520529329776764,0.011055088602006435,-0.048156559467315674,-0.012039139866828918,-0.01682414673268795,0.06244109943509102,3.0897884368896484,0.7724471092224121,0.795926034450531,0.0027338506188243628,0.06422041356563568,0.01605510339140892,0.020464835688471794,0.01758120022714138,-0.010540466755628586,-0.0026351166889071465,0.022034557536244392,0.05412659794092178,-0.012377511709928513,-0.003094377927482128,-0.005943460389971733,-0.06931411474943161,1.0800409317016602,0.27001023292541504,0.232365220785141,-0.011068475432693958,-1.0188329219818115,-0.2547082304954529,-0.25623199343681335,-0.05791546031832695,0.023931048810482025,0.005982762202620506,0.005205351859331131,-0.006570345256477594,3.3436763286590576,0.8359190821647644,0.8202248811721802,-0.07550182193517685,-0.006979331374168396,-0.001744832843542099,-0.008903813548386097,-0.035144660621881485,0.00354587659239769,0.0008864691480994225,-0.007940791547298431,0.05174986273050308,-0.048140253871679306,-0.012035063467919827,-0.005339811556041241,-0.047270383685827255,0,1,0
-0.9631283283233643,-0.24078208208084106,-0.2782311737537384,0.02556603029370308,0.3700745105743408,0.0925186276435852,-0.012115072458982468,-0.06340131163597107,0.07921077311038971,0.019802693277597427,0.08077066391706467,0.019596099853515625,1.8676751852035522,0.46691879630088806,0.511600136756897,-0.07639797776937485,-1.3298102617263794,-0.33245256543159485,-0.28564921021461487,0.018834484741091728,-0.07112425565719604,-0.01778106391429901,-0.0972503125667572,0.04805364832282066,-0.020617902278900146,-0.005154475569725037,0.08386769145727158,0.044612206518650055,-0.7869853973388672,-0.1967463493347168,0.07314758747816086,0.04320908710360527,-0.19149664044380188,-0.04787416011095047,-0.0924818366765976,0.011995309963822365,0.8893566131591797,0.22233915328979492,0.17314256727695465,0.032396722584962845,0.4295197129249573,0.10737992823123932,-0.2510112226009369,-0.023031389340758324,1.215962529182434,0.3039906322956085,0.09482473134994507,0.06484651565551758,-0.13040639460086823,-0.032601598650217056,-0.00011451542377471924,-0.0017232537502422929,-0.3865309953689575,-0.09663274884223938,0.01849915087223053,-0.07721228897571564,-0.014715120196342468,-0.003678780049085617,-0.02884659543633461,-0.05176025629043579,1.0979787111282349,0.2744946777820587,0.2832487225532532,0.04371190071105957,1.0203807353973389,0.2550951838493347,0.25963813066482544,-0.03431706503033638,-0.10987590253353119,-0.027468975633382797,-0.023779146373271942,-0.03624747693538666,3.0922751426696777,0.7730687856674194,0.7931098341941833,-0.02800006978213787,0.10178637504577637,0.025446593761444092,0.014829905703663826,0.06516396999359131,-0.05648703873157501,-0.014121759682893753,0.02311946265399456,-0.023889387026429176,0.017297569662332535,0.004324392415583134,-0.003982908558100462,0.06620285660028458,1.1167879104614258,0.27919697761535645,0.21577438712120056,-0.0028957724571228027,-0.9005436897277832,-0.2251359224319458,-0.2537737488746643,0.04469914361834526,0.04116223752498627,0.010290559381246567,-0.005378609523177147,0.05724984407424927,3.4490063190460205,0.8622515797615051,0.8378687500953674,0.08166875690221786,0.0460406094789505,0.011510152369737625,-0.004556518048048019,-0.0017938971286639571,-0.015919681638479233,-0.003979920409619808,-0.010448114015161991,-0.08028104901313782,-0.007934597320854664,-0.001983649330213666,0.0020459992811083794,-0.0673733800649643,0,1,0
-0.9254788756370544,-0.2313697189092636,-0.26875001192092896,0.07398293167352676,0.5202410221099854,0.13006025552749634,-0.02196452021598816,0.006766617298126221,-0.02521444484591484,-0.00630361121147871,0.07372056692838669,-0.014032500796020031,1.4838582277297974,0.37096455693244934,0.4732937812805176,-0.1156303659081459,-1.671364188194275,-0.4178410470485687,-0.3058113753795624,-0.02755262516438961,0.12370222806930542,0.030925557017326355,-0.07362347841262817,0.04049874469637871,0.12185114622116089,0.030462786555290222,0.08058125525712967,-0.04583936557173729,-0.5736340284347534,-0.14340850710868835,0.079857237637043,0.039681244641542435,-0.32244038581848145,-0.08061009645462036,-0.08865102380514145,0.01685432903468609,1.2332967519760132,0.3083241879940033,0.18491728603839874,0.11361415684223175,0.8902701735496521,0.22256754338741302,-0.28502601385116577,-0.096877321600914,1.1264140605926514,0.28160351514816284,0.14122307300567627,0.10228025913238525,-0.11653478443622589,-0.029133696109056473,0.009619718417525291,-0.086323082447052,-0.10077017545700073,-0.025192543864250183,0.01236768253147602,-0.08944324404001236,-0.008069537580013275,-0.002017384395003319,-0.045060500502586365,-0.050642289221286774,1.2077820301055908,0.3019455075263977,0.2909395694732666,-0.008802294731140137,1.1272974014282227,0.28182435035705566,0.25830093026161194,0.03958401829004288,-0.06638827919960022,-0.016597069799900055,-0.023770563304424286,-0.02464273013174534,3.173095226287842,0.7932738065719604,0.8064369559288025,0.00383703107945621,0.10671831667423248,0.02667957916855812,0.017788104712963104,-0.007547241635620594,-0.05163770169019699,-0.012909425422549248,0.009951034560799599,-0.001747089670971036,-0.07211379706859589,-0.01802844926714897,0.0005752872675657272,-0.07512884587049484,1.0697786808013916,0.2674446702003479,0.22705629467964172,0.048020947724580765,-1.0541956424713135,-0.26354891061782837,-0.23594321310520172,-0.045658957213163376,-0.0021682456135749817,-0.0005420614033937454,0.01284874975681305,0.05050081014633179,3.556581497192383,0.8891453742980957,0.846052885055542,0.021029353141784668,0.00911693274974823,0.0022792331874370575,-0.008263848721981049,0.022232884541153908,0.04996653273701668,0.01249163318425417,-0.010698068886995316,-0.042805593460798264,-0.036360256373882294,-0.009090064093470573,0.0018190043047070503,0.03435105085372925,0,1,0
-0.6463600993156433,-0.16159002482891083,-0.260673463344574,0.003241264959797263,0.9908328652381897,0.24770821630954742,-0.01276528649032116,-0.07348806411027908,-0.3179943859577179,-0.07949859648942947,0.06510065495967865,-0.04239002987742424,1.3981831073760986,0.34954577684402466,0.46622994542121887,-0.06707490980625153,-1.7704235315322876,-0.4426058828830719,-0.3002259135246277,0.15780401229858398,0.4018932580947876,0.1004733145236969,-0.028724707663059235,0.17754526436328888,-0.04831504821777344,-0.01207876205444336,0.08061788976192474,-0.08250010758638382,-0.2597140073776245,-0.06492850184440613,0.08687563985586166,-0.01582324504852295,-0.6023319363594055,-0.15058298408985138,-0.09674184769392014,-0.0778202936053276,1.956088900566101,0.48902222514152527,0.22908499836921692,0.1672113984823227,0.1384727507829666,0.03461818769574165,-0.31619036197662354,-0.0004143714904785156,0.9634894132614136,0.2408723533153534,0.1530276983976364,0.071682408452034,-0.16860277950763702,-0.042150694876909256,0.009449170902371407,-0.011580807156860828,0.45683860778808594,0.11420965194702148,-0.003490487113595009,-0.11988458782434464,-0.014404833316802979,-0.0036012083292007446,-0.04857570677995682,0.03345121070742607,1.1164090633392334,0.27910226583480835,0.2917325794696808,-0.06318240612745285,1.1528242826461792,0.2882060706615448,0.2641223073005676,0.05652109533548355,-0.04919968545436859,-0.012299921363592148,-0.01130167581140995,0.0624409094452858,3.351954460144043,0.8379886150360107,0.8031695485115051,0.014910620637238026,0.07760261744260788,0.01940065436065197,0.01649310626089573,0.00016894341388251632,-0.10427747666835785,-0.026069369167089462,0.0039836205542087555,0.00808017235249281,0.006681736558675766,0.0016704341396689415,0.00013414397835731506,0.06922703981399536,1.1304287910461426,0.28260719776153564,0.2146877944469452,0.051495444029569626,-1.1777725219726562,-0.29444313049316406,-0.2408810704946518,0.05912541225552559,-0.026350587606430054,-0.006587646901607513,0.008135529235005379,-0.05319187790155411,3.690001964569092,0.922500491142273,0.868614673614502,0.03376814350485802,0.040156155824661255,0.010039038956165314,-0.0031817592680454254,0.010088199749588966,0.04234148934483528,0.01058537233620882,0.003365584649145603,0.07076986134052277,-0.05200013145804405,-0.013000032864511013,-0.0027353474870324135,-0.0012647629482671618,0,1,0
-0.4208860695362091,-0.10522151738405228,-0.2491636425256729,-0.005016803741455078,1.259849190711975,0.3149622976779938,-0.006824377924203873,0.1048334464430809,-0.47831955552101135,-0.11957988888025284,0.05417662113904953,0.051520347595214844,1.4002697467803955,0.3500674366950989,0.4699286222457886,0.05347752571105957,-1.8287417888641357,-0.45718544721603394,-0.26968154311180115,0.2083420306444168,0.5538045167922974,0.13845112919807434,0.03549542278051376,0.026556922122836113,-0.42451533675193787,-0.10612883418798447,0.05026905983686447,-0.14769910275936127,-0.1451212763786316,-0.0362803190946579,0.10038089007139206,0.035497259348630905,-0.5828667879104614,-0.14571669697761536,-0.11653795093297958,-0.12908580899238586,2.3672256469726562,0.5918064117431641,0.29870855808258057,0.2453310340642929,-0.9311545491218567,-0.23278863728046417,-0.34072625637054443,-0.08628331869840622,0.8417696952819824,0.2104424238204956,0.17342939972877502,0.09280412644147873,-0.13015420734882355,-0.03253855183720589,-0.007358247879892588,-0.08081521838903427,0.6227700114250183,0.15569250285625458,-0.02320282906293869,-0.059264399111270905,-0.06507384032011032,-0.01626846008002758,-0.03104613535106182,0.10278122872114182,1.0619759559631348,0.2654939889907837,0.28930315375328064,0.0334051251411438,1.078397274017334,0.2695993185043335,0.260000616312027,-0.0948903039097786,-0.10349256545305252,-0.02587314136326313,-0.02564576081931591,-0.02088705264031887,3.3754215240478516,0.8438553810119629,0.8370499610900879,-0.014695060439407825,0.06474915891885757,0.016187289729714394,0.017162373289465904,-0.012546253390610218,-0.06529739499092102,-0.016324348747730255,-0.006792733445763588,-0.04462733492255211,-0.00636141374707222,-0.001590353436768055,0.0065606739372015,0.07429933547973633,1.1986747980117798,0.29966869950294495,0.2134566605091095,-0.0051940022967755795,-1.1754844188690186,-0.29387110471725464,-0.23820212483406067,-0.026141319423913956,-0.013112828135490417,-0.0032782070338726044,0.014517446979880333,-0.005991918034851551,3.8219552040100098,0.9554888010025024,0.9010882377624512,0.12496091425418854,-0.030416488647460938,-0.007604122161865234,-0.0009263083338737488,-0.07112260162830353,-0.08756841719150543,-0.021892104297876358,-0.009097633883357048,-0.03458638861775398,-0.020377743989229202,-0.005094435997307301,-0.005251822527498007,-0.06842657178640366,0,0,1
-0.6599006056785583,-0.1649751514196396,-0.24353274703025818,-0.05990603193640709,1.3570600748062134,0.33926501870155334,0.00871238298714161,-0.02171790599822998,-0.6383320093154907,-0.15958300232887268,0.055537596344947815,0.059815049171447754,1.2151405811309814,0.30378514528274536,0.48430511355400085,0.16535916924476624,-1.7304441928863525,-0.43261104822158813,-0.23911069333553314,-0.02582653798162937,0.8054572939872742,0.20136432349681854,0.02773149125277996,-0.0030397416558116674,-0.49773696064949036,-0.12443424016237259,-0.0056451838463544846,-0.12887437641620636,-0.2138979434967041,-0.053474485874176025,0.08775733411312103,0.0003755927027668804,-0.5466637015342712,-0.1366659253835678,-0.1597294807434082,-0.09775257855653763,2.6167352199554443,0.6541838049888611,0.4457700550556183,0.2969479560852051,-1.500296711921692,-0.375074177980423,-0.3597017526626587,-0.023032451048493385,0.6650992631912231,0.1662748157978058,0.19230027496814728,0.0008115053060464561,-0.0891084223985672,-0.0222771055996418,0.0026083756238222122,-0.07729847729206085,0.6088377237319946,0.15220943093299866,0.0003732573240995407,0.09856574982404709,-0.017702467739582062,-0.0044256169348955154,-0.010349837131798267,0.058864522725343704,1.00650155544281,0.2516253888607025,0.26689133048057556,0.010944128036499023,1.2867190837860107,0.3216797709465027,0.25451597571372986,-0.09290590137243271,-0.04425307735800743,-0.011063269339501858,-0.036567121744155884,-0.07686364650726318,3.328761100769043,0.8321902751922607,0.8533486723899841,-0.024293506518006325,0.04020853340625763,0.010052133351564407,0.014070181176066399,0.03413834795355797,-0.08800053596496582,-0.022000133991241455,0.004363708198070526,-0.002964615821838379,-0.012522730976343155,-0.0031306827440857887,-0.004100236110389233,0.013426506891846657,1.2089279890060425,0.3022319972515106,0.22583405673503876,-0.01719036139547825,-1.0557434558868408,-0.2639358639717102,-0.2473832368850708,0.03930966928601265,-0.0057881176471710205,-0.0014470294117927551,0.013543983921408653,-0.036475349217653275,3.8899621963500977,0.9724905490875244,0.9065881371498108,-0.005762845277786255,0.020237483084201813,0.005059370771050453,0.0017672255635261536,-0.053032513707876205,-0.00825459137558937,-0.0020636478438973427,-0.014842088334262371,0.05042797327041626,0.0413023941218853,0.010325598530471325,-0.010983611457049847,0.057029642164707184,0,0,1
-0.8156182765960693,-0.20390456914901733,-0.23461556434631348,0.10800011456012726,1.6431128978729248,0.4107782244682312,0.026045145466923714,0.007198614068329334,-0.7323318719863892,-0.1830829679965973,0.05522426962852478,-0.07325147092342377,1.0208380222320557,0.2552095055580139,0.5036566257476807,0.039821889251470566,-1.5514845848083496,-0.3878711462020874,-0.2568407356739044,-0.04989510774612427,1.0153212547302246,0.25383031368255615,0.02939390204846859,0.0398581400513649,-0.626402735710144,-0.156600683927536,-0.03514799475669861,-0.08800375461578369,-0.22838091850280762,-0.057095229625701904,0.08096674829721451,-0.09167062491178513,-0.6037360429763794,-0.15093401074409485,-0.1847587376832962,-0.03507378324866295,2.8637239933013916,0.7159309983253479,0.5587791800498962,0.291217565536499,-1.6925246715545654,-0.42313116788864136,-0.34804579615592957,-0.022421956062316895,0.45920315384864807,0.11480078846216202,0.1777474582195282,-0.043951366096735,0.01666782796382904,0.00416695699095726,0.00242716446518898,-0.02639641799032688,0.30713915824890137,0.07678478956222534,-0.0038278838619589806,0.00962918996810913,0.0927637368440628,0.0231909342110157,0.004274351522326469,0.002937531564384699,0.9642193913459778,0.24105484783649445,0.27811625599861145,0.014861118979752064,1.4716428518295288,0.3679107129573822,0.2538161277770996,-0.019533349201083183,0.024964451789855957,0.006241112947463989,-0.02628352679312229,-0.05760982260107994,3.369626045227051,0.8424065113067627,0.8587931990623474,0.06621135771274567,-0.01763826608657837,-0.004409566521644592,0.026606714352965355,-0.03393719717860222,-0.11360642313957214,-0.028401605784893036,0.00350187998265028,-0.01240761298686266,0.05912047252058983,0.014780118130147457,-0.0031624501571059227,0.01602185331285,1.2212330102920532,0.3053082525730133,0.23570899665355682,0.05546383932232857,-1.2344257831573486,-0.30860644578933716,-0.2476319670677185,-0.004088938236236572,-0.06033943593502045,-0.015084858983755112,-0.009259803220629692,-0.04197738692164421,3.830813407897949,0.9577033519744873,0.9302085041999817,-0.010890019126236439,0.030581921339035034,0.0076454803347587585,-0.008169606328010559,-0.016251832246780396,-0.05543508753180504,-0.01385877188295126,-0.002512644976377487,-0.043224018067121506,-0.022207368165254593,-0.005551842041313648,-0.011416399851441383,-0.043635282665491104,0,0,1
-0.49540889263153076,-0.12385222315788269,-0.20411759614944458,0.10845241695642471,1.3573921918869019,0.33934804797172546,0.02274789847433567,0.04077423736453056,-0.5325972437858582,-0.13314931094646454,0.052156902849674225,0.0506327860057354,1.2048964500427246,0.30122411251068115,0.5002279281616211,-0.03092065453529358,-1.1791292428970337,-0.2947823107242584,-0.282673716545105,0.029881536960601807,1.1236364841461182,0.28090912103652954,0.023102933540940285,-0.03857898339629173,-1.0627285242080688,-0.2656821310520172,-0.09295965731143951,-0.13743625581264496,-0.17014825344085693,-0.04253706336021423,0.05273691564798355,-0.1030132994055748,-0.5593932867050171,-0.13984832167625427,-0.19343101978302002,-0.052184849977493286,2.944396495819092,0.736099123954773,0.6464723944664001,0.22881804406642914,-1.7644609212875366,-0.44111523032188416,-0.3768528997898102,0.012125635519623756,0.36177554726600647,0.09044388681650162,0.17414461076259613,0.020033324137330055,0.06812874227762222,0.017032185569405556,0.0012163938954472542,0.052487291395664215,0.2852218747138977,0.07130546867847443,0.0008940929546952248,-0.03068697452545166,0.13626928627490997,0.03406732156872749,0.01021694578230381,0.04446687921881676,0.8176383376121521,0.20440958440303802,0.2590678632259369,-0.008409351110458374,1.31136155128479,0.3278403878211975,0.24802173674106598,-0.060986366122961044,-0.00897536426782608,-0.00224384106695652,-0.0313229002058506,-0.0060503422282636166,3.3890113830566406,0.8472528457641602,0.8767130374908447,0.04399688169360161,-0.06319235265254974,-0.015798088163137436,0.011624181643128395,-0.04750638082623482,-0.0971524566411972,-0.0242881141602993,0.0026790760457515717,-0.055903732776641846,0.07303541898727417,0.018258854746818542,0.001865600235760212,-0.006097084376960993,1.2792977094650269,0.3198244273662567,0.27549874782562256,0.02984093502163887,-1.253524899482727,-0.31338122487068176,-0.2546021640300751,-0.06899650394916534,-0.04671105742454529,-0.011677764356136322,0.0017317328602075577,0.05620798096060753,3.842930316925049,0.9607325792312622,0.950065553188324,0.06700742244720459,0.02081184834241867,0.005202962085604668,-0.00957054179161787,-0.014189600944519043,-0.09400604665279388,-0.02350151166319847,-0.008596884086728096,-0.07965158671140671,0.026394560933113098,0.0065986402332782745,-0.0005175359547138214,0.02023295871913433,1,0,0
-0.2947790324687958,-0.07369475811719894,-0.18119992315769196,0.03927293047308922,1.2630430459976196,0.3157607614994049,0.029815277084708214,0.00816955603659153,-0.36148926615715027,-0.09037231653928757,0.045179516077041626,0.06418208032846451,1.222503423690796,0.305625855922699,0.4670584201812744,-0.001101291156373918,-0.8472505807876587,-0.21181264519691467,-0.27494773268699646,-0.045797884464263916,1.1636559963226318,0.29091399908065796,0.03137131780385971,0.04872343689203262,-1.2408326864242554,-0.31020817160606384,-0.12005675584077835,-0.11530955880880356,-0.07436740398406982,-0.018591850996017456,0.0365106537938118,-0.04554319009184837,-0.5704153776168823,-0.14260384440422058,-0.18174992501735687,0.027278197929263115,2.95566463470459,0.7389161586761475,0.6936970353126526,0.04515937715768814,-1.6857414245605469,-0.4214353561401367,-0.4043114483356476,-0.05170346423983574,0.4302380084991455,0.10755950212478638,0.14538106322288513,-0.10256471484899521,0.006358399987220764,0.001589599996805191,0.010954005643725395,-0.03743697702884674,0.13483355939388275,0.03370838984847069,0.012923726812005043,0.05829504877328873,0.09225064516067505,0.023062661290168762,0.00963483564555645,0.0214838869869709,0.7248666286468506,0.18121665716171265,0.2580096125602722,-0.035351332277059555,1.1539853811264038,0.28849634528160095,0.2609454393386841,-0.0025814175605773926,-0.07392095029354095,-0.01848023757338524,-0.028312088921666145,0.07749775797128677,3.362222671508789,0.8405556678771973,0.8789588212966919,0.03482908010482788,-0.05790705978870392,-0.01447676494717598,-0.0028802547603845596,0.0491969957947731,-0.024298101663589478,-0.006074525415897369,-0.010100365616381168,0.07932209968566895,0.02434147521853447,0.006085368804633617,0.01097775623202324,0.06436405330896378,1.3294477462768555,0.33236193656921387,0.31360527873039246,0.09752364456653595,-1.0951488018035889,-0.2737872004508972,-0.26377952098846436,0.01461484469473362,-0.003171343356370926,-0.0007928358390927315,-0.007788198068737984,-0.04400928318500519,3.9351747035980225,0.9837936758995056,0.9680226445198059,0.01333207543939352,0.03686456382274628,0.00921614095568657,0.0028832927346229553,0.05377136543393135,-0.007862471044063568,-0.001965617761015892,-0.017078299075365067,0.06124603748321533,-0.057646770030260086,-0.014411692507565022,0.005531536415219307,-0.026441335678100586,1,0,0
-0.3752753436565399,-0.09381883591413498,-0.16059984266757965,0.05666835233569145,1.2207306623458862,0.30518266558647156,0.012513509020209312,-0.012391275726258755,-0.31764909625053406,-0.07941227406263351,0.044580355286598206,0.015632975846529007,1.0776485204696655,0.2694121301174164,0.44779035449028015,-0.037219613790512085,-0.5277172327041626,-0.13192930817604065,-0.2741580903530121,0.013442456722259521,1.1509082317352295,0.2877270579338074,0.02250079996883869,-0.061312198638916016,-1.1269718408584595,-0.28174296021461487,-0.1566324234008789,-0.0878891870379448,-0.022399574518203735,-0.005599893629550934,0.004108143039047718,-0.03739796206355095,-0.5021381378173828,-0.1255345344543457,-0.1535603255033493,-0.02167542092502117,2.8836770057678223,0.7209192514419556,0.736549973487854,0.0737423226237297,-1.553110957145691,-0.38827773928642273,-0.4130554795265198,-0.04757558926939964,0.3485479950904846,0.08713699877262115,0.14004012942314148,0.0424334891140461,0.017859026789665222,0.0044647566974163055,0.015627378597855568,-0.051863472908735275,0.07272264361381531,0.018180660903453827,0.02278171293437481,0.01745166815817356,0.060708582401275635,0.015177145600318909,0.0025230851024389267,0.0780150294303894,0.5857096910476685,0.14642742276191711,0.22466938197612762,-0.03627451881766319,0.9821099042892456,0.2455274760723114,0.27332428097724915,-0.03382015600800514,-0.12507648766040802,-0.031269121915102005,-0.027989670634269714,-0.06893797963857651,3.261368989944458,0.8153422474861145,0.8667295575141907,-0.01133821066468954,-0.04309488832950592,-0.01077372208237648,-0.0053618298843503,0.006662607192993164,-0.052900806069374084,-0.013225201517343521,0.006106412038207054,0.004125464241951704,-0.044730301946401596,-0.011182575486600399,0.009868409484624863,-0.013657319359481335,1.420650601387024,0.355162650346756,0.32433557510375977,0.025307202711701393,-1.0957845449447632,-0.2739461362361908,-0.2623290419578552,-0.061388470232486725,-0.003375731408596039,-0.0008439328521490097,0.0032552266493439674,-0.0677906721830368,3.9258687496185303,0.9814671874046326,0.9805602431297302,0.026348579674959183,-0.030071943998336792,-0.007517985999584198,0.0070412419736385345,-0.044830676168203354,-0.09050906449556351,-0.022627266123890877,-0.016792573034763336,0.003576386021450162,-0.05932742729783058,-0.014831856824457645,-0.013035451993346214,-0.02687866799533367,1,0,0
-0.5188390612602234,-0.12970976531505585,-0.1494714915752411,0.0836508497595787,1.197996973991394,0.2994992434978485,0.020109618082642555,-0.012865930795669556,-0.23212826251983643,-0.058032065629959106,0.05589183419942856,0.01564103364944458,1.0034468173980713,0.2508617043495178,0.41941002011299133,-0.10593291372060776,-0.38630926609039307,-0.09657731652259827,-0.27024224400520325,-0.010542958974838257,1.054396152496338,0.2635990381240845,0.0345306470990181,-0.016242606565356255,-1.0545344352722168,-0.2636336088180542,-0.1936168521642685,-0.1409425586462021,0.11823385953903198,0.029558464884757996,-0.0076298494823277,0.03414091095328331,-0.43040505051612854,-0.10760126262903214,-0.14616072177886963,0.08914315700531006,2.839022159576416,0.709755539894104,0.7297236919403076,-0.05350302532315254,-1.485270380973816,-0.371317595243454,-0.4086098372936249,0.05620855093002319,0.2785608172416687,0.06964020431041718,0.12097222357988358,-0.09041592478752136,0.10251852124929428,0.02562963031232357,0.007418736815452576,0.04901951551437378,0.00274030864238739,0.0006850771605968475,0.016421247273683548,0.05056912824511528,0.09523700177669525,0.023809250444173813,0.010103195905685425,-0.06173389032483101,0.5800740122795105,0.14501850306987762,0.2207779735326767,0.007177114486694336,1.0735341310501099,0.26838353276252747,0.27233946323394775,-0.002591604134067893,-0.08238597214221954,-0.020596493035554886,-0.018609145656228065,0.021733755245804787,3.2401013374328613,0.8100253343582153,0.8631923794746399,-0.008810020051896572,-0.060563042759895325,-0.015140760689973831,-0.002408132888376713,0.03584390878677368,-0.07811658084392548,-0.01952914521098137,0.001416228711605072,0.007176095154136419,-0.012703891843557358,-0.0031759729608893394,0.007689211517572403,-0.0018021166324615479,1.4375938177108765,0.3593984544277191,0.3637494444847107,0.05084198713302612,-1.0078147649765015,-0.25195369124412537,-0.24357765913009644,0.03459399938583374,-0.004526324570178986,-0.0011315811425447464,0.00420280359685421,0.07342282682657242,3.9387190341949463,0.9846797585487366,1.0029497146606445,0.032350827008485794,0.0421861857175827,0.010546546429395676,-0.0008208043873310089,-0.033025216311216354,-0.05462941899895668,-0.01365735474973917,-0.0011495966464281082,0.025846635922789574,0.02519630640745163,0.006299076601862907,0.00038764625787734985,-0.0526411198079586,1,0,0
-0.38684532046318054,-0.09671133011579514,-0.12029024213552475,0.06876835972070694,1.2360764741897583,0.3090191185474396,0.019029853865504265,-0.017746055498719215,-0.10963402688503265,-0.027408506721258163,0.051620133221149445,-0.04731426760554314,1.0001695156097412,0.2500423789024353,0.37276190519332886,-0.1309952586889267,-0.18451917171478271,-0.04612979292869568,-0.27143019437789917,0.06418699026107788,1.099303960800171,0.2748259902000427,0.019612638279795647,0.015965623781085014,-1.061531901359558,-0.2653829753398895,-0.2378728687763214,-0.08573361486196518,-0.12519004940986633,-0.03129751235246658,-0.011540145613253117,0.03167993947863579,-0.3091144561767578,-0.07727861404418945,-0.10542360693216324,0.03990450128912926,2.8048062324523926,0.7012015581130981,0.6981534957885742,-0.10370786488056183,-1.4349536895751953,-0.35873842239379883,-0.39681506156921387,0.02076048217713833,0.17746247351169586,0.044365618377923965,0.10129589587450027,0.029735803604125977,0.16266492009162903,0.04066623002290726,0.012941664084792137,0.058204736560583115,0.08743888139724731,0.02185972034931183,0.03409431129693985,0.022544432431459427,-0.014566350728273392,-0.003641587682068348,0.014030268415808678,-0.030247887596488,0.5983338356018066,0.14958345890045166,0.2006470412015915,-0.0470275953412056,1.0463135242462158,0.26157838106155396,0.26002562046051025,-0.04499965161085129,-0.12389938533306122,-0.030974846333265305,-0.016625242307782173,-0.07308215647935867,3.2052135467529297,0.8013033866882324,0.8488789796829224,-0.050158679485321045,-0.0692136138677597,-0.017303403466939926,0.002908622846007347,-0.05502821132540703,-0.015609368681907654,-0.0039023421704769135,-0.007885763421654701,0.06714701652526855,-0.004425648599863052,-0.001106412149965763,-0.006682992912828922,-0.036399491131305695,1.396947979927063,0.34923699498176575,0.36170923709869385,-0.01041750330477953,-1.1970106363296509,-0.2992526590824127,-0.24366603791713715,0.05867506191134453,-0.03017173707485199,-0.0075429342687129974,-0.008471040055155754,-0.016119493171572685,3.957443952560425,0.9893609881401062,1.0140317678451538,0.07052765041589737,-0.0079118013381958,-0.00197795033454895,0.003173345699906349,-0.0658145621418953,-0.20630621910095215,-0.05157655477523804,-0.017303045839071274,-0.0943605974316597,-0.010212098248302937,-0.002553024562075734,-0.012773705646395683,0.06329751014709473,1,0,0
-0.27109724283218384,-0.06777431070804596,-0.08436812460422516,0.022194935008883476,1.0527652502059937,0.2631913125514984,0.018763350322842598,0.02033218741416931,0.009299714118242264,0.002324928529560566,0.03162819892168045,0.03387892246246338,0.975806713104248,0.243951678276062,0.35403645038604736,-0.1487008035182953,0.00851885974407196,0.00212971493601799,-0.2531580626964569,0.01007931213825941,1.0193920135498047,0.25484800338745117,0.027079420164227486,0.021483957767486572,-1.1232562065124512,-0.2808140516281128,-0.27383896708488464,-0.01041141152381897,-0.05440551042556763,-0.013601377606391907,-0.014826984144747257,-0.09157324582338333,-0.1735178530216217,-0.043379463255405426,-0.08476471155881882,0.11259925365447998,2.544259548187256,0.636064887046814,0.6977944374084473,-0.0360829122364521,-1.2590402364730835,-0.3147600591182709,-0.3909243047237396,0.05311193689703941,0.20928369462490082,0.052320923656225204,0.09342101961374283,-0.015711147338151932,0.1292736679315567,0.032318416982889175,0.014969240874052048,0.054593633860349655,0.04255388677120209,0.010638471692800522,0.018865687772631645,0.05512012168765068,-0.02725597284734249,-0.006813993211835623,0.007905472069978714,0.042638149112463,0.5658368468284607,0.14145921170711517,0.173562690615654,-0.07942791283130646,1.1568214893341064,0.2892053723335266,0.2735244631767273,-0.025295469909906387,-0.062068868428468704,-0.015517217107117176,-0.034491606056690216,0.07415833324193954,3.1772420406341553,0.7943105101585388,0.8447132706642151,-0.008021676912903786,-0.027123048901557922,-0.006780762225389481,-0.012350820004940033,-0.02341928519308567,-0.045790791511535645,-0.011447697877883911,0.0051053473725914955,-0.01840176060795784,0.055544909089803696,0.013886227272450924,0.008171742781996727,0.03268778324127197,1.3434213399887085,0.3358553349971771,0.38797980546951294,0.05353046581149101,-1.2686233520507812,-0.3171558380126953,-0.22489748895168304,0.044032540172338486,-0.05632024258375168,-0.01408006064593792,0.002719014883041382,-0.008020835928618908,3.937807559967041,0.9844518899917603,1.008520483970642,0.03287315368652344,-0.0016628950834274292,-0.0004157237708568573,0.004608010873198509,-0.07298637181520462,-0.08597468584775925,-0.02149367146193981,-0.02267901413142681,-0.04891692101955414,0.006308923475444317,0.0015772308688610792,0.0017476510256528854,0.06354508548974991,1,0,0
-0.1383475363254547,-0.03458688408136368,-0.0572616308927536,0.10903352499008179,0.7970932722091675,0.19927331805229187,0.015121934935450554,-0.014943552203476429,-0.0744125097990036,-0.0186031274497509,0.042517051100730896,0.08871304243803024,1.0359009504318237,0.25897523760795593,0.3127284646034241,-0.14412987232208252,0.09193150699138641,0.022982876747846603,-0.26846686005592346,-0.03813770413398743,1.0066163539886475,0.25165408849716187,0.01838821731507778,0.00895279087126255,-1.0804359912872314,-0.27010899782180786,-0.28421294689178467,-0.048124637454748154,0.16594475507736206,0.041486188769340515,-0.01643158495426178,0.014607316814363003,-0.11892373859882355,-0.029730934649705887,-0.051152683794498444,0.10778483003377914,2.3889193534851074,0.5972298383712769,0.6541489362716675,-0.1254277378320694,-1.0926982164382935,-0.27317455410957336,-0.3673921525478363,0.11882620304822922,0.2444898784160614,0.06112246960401535,0.08693861961364746,-0.04534495249390602,0.09727302193641663,0.024318255484104156,0.022659262642264366,0.003343916032463312,0.15039098262786865,0.03759774565696716,0.030471226200461388,-0.03885588422417641,-0.06690414994955063,-0.016726037487387657,0.012608936056494713,-0.0022090317215770483,0.48480045795440674,0.12120011448860168,0.16774164140224457,-0.05282792076468468,1.1362425088882446,0.28406062722206116,0.2715883255004883,-0.05290525034070015,-0.0432170145213604,-0.0108042536303401,-0.017120875418186188,-0.01968899928033352,3.171374797821045,0.7928436994552612,0.834129810333252,0.035038091242313385,0.01917421817779541,0.0047935545444488525,0.003904571756720543,-0.01163420733064413,-0.08679462969303131,-0.021698657423257828,0.0028916681185364723,0.04856274276971817,-0.04227668046951294,-0.010569170117378235,0.0072972122579813,0.055588483810424805,1.359246015548706,0.3398115038871765,0.37280818819999695,-0.058580853044986725,-1.2857040166854858,-0.32142600417137146,-0.2264236956834793,0.05485881492495537,-0.056805700063705444,-0.014201425015926361,0.009642351418733597,-0.022057414054870605,3.9207167625427246,0.9801791906356812,1.0190114974975586,0.014007771387696266,-0.04498846083879471,-0.011247115209698677,-0.014022678136825562,0.01570791006088257,-0.05686993896961212,-0.01421748474240303,-0.0015952344983816147,-0.004400366451591253,-0.06743159145116806,-0.016857897862792015,0.005700966343283653,0.033576346933841705,1,0,0
0.17965933680534363,0.04491483420133591,-0.04306476563215256,0.09174206107854843,0.6704630255699158,0.16761575639247894,0.03487708419561386,-0.047255899757146835,-0.003702443093061447,-0.0009256107732653618,0.050847820937633514,-0.04445707052946091,1.1312381029129028,0.2828095257282257,0.3104531168937683,0.019772052764892578,0.6327643394470215,0.15819108486175537,-0.2733106017112732,-0.02389245107769966,0.8947836756706238,0.22369591891765594,0.027887938544154167,0.04707984998822212,-1.2678602933883667,-0.3169650733470917,-0.30362945795059204,-0.009351539425551891,0.2708122730255127,0.06770306825637817,-0.01577971689403057,0.07372255623340607,-0.1443917453289032,-0.0360979363322258,-0.022828878834843636,0.07360496371984482,2.261902332305908,0.565475583076477,0.6147709488868713,-0.06876666843891144,-0.9326902031898499,-0.23317255079746246,-0.32445210218429565,0.03912102058529854,0.187453955411911,0.04686348885297775,0.08254192024469376,-0.0333671011030674,0.07596178352832794,0.018990445882081985,0.011996423825621605,-0.0488794706761837,0.1573089212179184,0.0393272303044796,0.019498689100146294,0.01830655336380005,-0.04036390781402588,-0.01009097695350647,0.00432262197136879,-0.0016236305236816406,0.42417776584625244,0.10604444146156311,0.13788338005542755,-0.06245989724993706,1.1632251739501953,0.29080629348754883,0.27915331721305847,0.01825522817671299,-0.034195154905319214,-0.008548788726329803,-0.024492762982845306,-0.053034551441669464,3.182262420654297,0.7955656051635742,0.8171844482421875,-0.04965314269065857,-0.04798932373523712,-0.01199733093380928,-0.0014698030427098274,0.0645408034324646,-0.08704251050949097,-0.02176062762737274,-0.008286691270768642,-0.05192550644278526,-0.033423807471990585,-0.008355951867997646,-0.003779968712478876,-0.07879233360290527,1.3645813465118408,0.3411453366279602,0.37864795327186584,-0.05411297827959061,-1.3425652980804443,-0.3356413245201111,-0.23497988283634186,-0.0277888011187315,-0.06313078105449677,-0.01578269526362419,0.00791596993803978,-0.0696156844496727,3.9014089107513428,0.9753522276878357,1.0001397132873535,0.045245327055454254,-0.041576746851205826,-0.010394186712801456,-0.00038830190896987915,0.011795395985245705,-0.09063266217708588,-0.02265816554427147,-0.007863553240895271,-0.011457353830337524,-0.09152910858392715,-0.02288227714598179,-0.0072923023253679276,-0.03539732098579407,1,0,0
0.1444736123085022,0.03611840307712555,-0.008619919419288635,0.024975193664431572,0.6791028380393982,0.16977570950984955,0.04126478731632233,0.004288983531296253,0.029140088707208633,0.007285022176802158,0.05371003597974777,-0.013299685902893543,1.1698628664016724,0.2924657166004181,0.29684773087501526,-0.011882019229233265,1.0672367811203003,0.2668091952800751,-0.2800277769565582,-0.01134558953344822,0.7435566782951355,0.18588916957378387,0.017510192468762398,-0.01661108247935772,-1.2962918281555176,-0.3240729570388794,-0.3006846010684967,0.053965579718351364,0.11619527637958527,0.029048819094896317,-0.021532246842980385,-0.03750459477305412,-0.10110247135162354,-0.025275617837905884,-0.014698047190904617,0.10004033148288727,2.137709379196167,0.5344273447990417,0.5655727386474609,-0.11462187767028809,-0.9067216515541077,-0.22668041288852692,-0.3077963590621948,0.12162230163812637,0.05845889449119568,0.01461472362279892,0.07443232834339142,-0.0824427530169487,0.11838258057832718,0.029595645144581795,0.012278223410248756,-0.01422805804759264,0.23979835212230682,0.059949588030576706,0.014886217191815376,0.04534664377570152,-0.019443340599536896,-0.004860835149884224,0.022456379607319832,0.03269157558679581,0.36511731147766113,0.09127932786941528,0.119125135242939,-0.10466513782739639,1.1533746719360352,0.2883436679840088,0.2788848280906677,-0.008068717084825039,-0.012808762490749359,-0.0032021906226873398,-0.013216286897659302,0.07714781910181046,3.143207550048828,0.785801887512207,0.8232589960098267,-0.07114087790250778,-0.035290300846099854,-0.008822575211524963,-0.006962952204048634,0.06327575445175171,-0.006507605314254761,-0.0016269013285636902,0.002125220373272896,0.05040600523352623,0.012716967612504959,0.0031792419031262398,0.005749227479100227,0.03291500732302666,1.4035532474517822,0.35088831186294556,0.36772021651268005,-0.011310989037156105,-1.1513445377349854,-0.28783613443374634,-0.24027784168720245,0.04653368145227432,-0.028901100158691406,-0.0072252750396728516,0.005888231098651886,-0.051256317645311356,3.8624181747436523,0.9656045436859131,0.9948878288269043,-0.09321279078722,-0.0836711898446083,-0.020917797461152077,-0.013206364586949348,-0.04627053812146187,-0.07897230237722397,-0.019743075594305992,-0.008573212660849094,-0.028363844379782677,0.00661314744502306,0.001653286861255765,-0.012020014226436615,-0.0594734251499176,1,0,0
0.15142816305160522,0.037857040762901306,0.01811247505247593,0.010138905607163906,0.49816757440567017,0.12454189360141754,0.032251253724098206,0.06144728884100914,0.17783720791339874,0.044459301978349686,0.03437983989715576,-0.01862173154950142,1.3033814430236816,0.3258453607559204,0.27453386783599854,-0.026236584410071373,1.1882245540618896,0.2970561385154724,-0.2908283770084381,0.020876575261354446,0.6839476227760315,0.17098690569400787,-0.0027809664607048035,-0.023769432678818703,-1.1350994110107422,-0.28377485275268555,-0.32113033533096313,0.016919178888201714,0.25896650552749634,0.06474162638187408,-0.014636926352977753,0.06723363697528839,0.01728806272149086,0.004322015680372715,-0.007338345982134342,0.04127746820449829,1.9020053148269653,0.47550132870674133,0.5343396663665771,-0.07543417066335678,-0.6746857166290283,-0.16867142915725708,-0.28518959879875183,-2.0444393157958984e-05,0.01015421748161316,0.00253855437040329,0.05118600279092789,-0.01271961908787489,0.13008062541484833,0.03252015635371208,0.010410234332084656,-0.03144214674830437,0.2696843147277832,0.0674210786819458,0.02063574828207493,0.0382840521633625,-0.025841839611530304,-0.006460459902882576,0.01337597705423832,-0.0066482010297477245,0.45353370904922485,0.11338342726230621,0.11932822316884995,0.031031180173158646,1.04931640625,0.2623291015625,0.27602142095565796,-0.07167795300483704,-0.038837239146232605,-0.009709309786558151,-0.020682569593191147,0.021086961030960083,3.177821636199951,0.7944554090499878,0.8156344294548035,-0.018499327823519707,-0.017593607306480408,-0.004398401826620102,-0.008813159540295601,0.006202036049216986,-0.08924639970064163,-0.022311599925160408,-0.009335696697235107,-0.07760342955589294,-0.05375935509800911,-0.013439838774502277,0.007416116073727608,0.0023625970352441072,1.2940534353256226,0.32351335883140564,0.3662678301334381,-0.033633071929216385,-1.1413198709487915,-0.2853299677371979,-0.24023163318634033,-0.041283998638391495,-0.03681890666484833,-0.009204726666212082,-0.002886857371777296,0.01502771396189928,3.7278735637664795,0.9319683909416199,0.9851126074790955,-0.06619762629270554,-0.026508457958698273,-0.006627114489674568,-0.018745286390185356,0.06762011349201202,-0.05890752747654915,-0.014726881869137287,-0.0004782406613230705,-0.05580688640475273,0.0012343928683549166,0.00030859821708872914,-0.008011668920516968,0.06506635993719101,1,0,0
0.13897788524627686,0.034744471311569214,0.03147103637456894,-0.002411735011264682,0.3987693786621094,0.09969234466552734,0.0423041433095932,0.02963419072329998,0.17245714366436005,0.04311428591609001,0.04254324734210968,0.08230103552341461,1.4291832447052002,0.35729581117630005,0.271483838558197,0.06617434322834015,0.990993857383728,0.247748464345932,-0.2982332706451416,-0.08175887167453766,0.5122304558753967,0.12805761396884918,-0.016701338812708855,-0.06743991374969482,-1.117401123046875,-0.27935028076171875,-0.3030048608779907,0.036264289170503616,0.027595818042755127,0.006898954510688782,-0.008412577211856842,-0.008692788891494274,0.08233462274074554,0.020583655685186386,0.011781519278883934,0.1220744252204895,1.6463669538497925,0.4115917384624481,0.5038233399391174,-0.1838589459657669,-0.8304840326309204,-0.2076210081577301,-0.23661327362060547,0.046368371695280075,-0.03226831555366516,-0.00806707888841629,0.04022952914237976,-0.09957260638475418,0.09688016772270203,0.024220041930675507,-7.26655125617981e-05,0.07459699362516403,0.22479930520057678,0.056199826300144196,0.004088531248271465,0.05753885582089424,-0.062337297946214676,-0.015584324486553669,0.019934477284550667,-0.07125372439622879,0.5516321063041687,0.13790802657604218,0.10700166970491409,-0.020394785329699516,1.180922508239746,0.2952306270599365,0.26788029074668884,0.06477081775665283,-0.01650245487689972,-0.00412561371922493,-0.004175432957708836,-0.037766676396131516,3.0976815223693848,0.7744203805923462,0.8040107488632202,-0.04419500008225441,-0.013193473219871521,-0.0032983683049678802,-0.007259158417582512,0.05952494218945503,0.014222830533981323,0.003555707633495331,0.002898675389587879,0.03819857910275459,-0.04592544212937355,-0.011481360532343388,-0.0028622248210012913,0.024400413036346436,1.2489991188049316,0.3122497797012329,0.35732486844062805,-0.02701715938746929,-1.1044646501541138,-0.27611616253852844,-0.24520264565944672,-0.03278406709432602,-0.0253286212682724,-0.0063321553170681,-0.012488138861954212,0.047539569437503815,3.6378746032714844,0.9094686508178711,0.9761005640029907,0.011370742693543434,-0.045112237334251404,-0.011278059333562851,-0.015187607146799564,0.008669132366776466,-0.09640450775623322,-0.024101126939058304,-0.0052724843844771385,-0.027031823992729187,-0.039222292602062225,-0.009805573150515556,-0.0021926742047071457,0.05976304039359093,1,0,0
0.17968249320983887,0.04492062330245972,0.045875005424022675,0.0841318890452385,0.21774031221866608,0.05443507805466652,0.043632589280605316,-0.04407740384340286,0.154978945851326,0.0387447364628315,0.04706288129091263,0.03832773119211197,1.6138296127319336,0.4034574031829834,0.2887069284915924,0.12630107998847961,0.8038817644119263,0.20097044110298157,-0.3234289884567261,-0.03748146817088127,0.43208104372024536,0.10802026093006134,-0.011989409103989601,0.024885868653655052,-1.1235885620117188,-0.2808971405029297,-0.29925960302352905,-0.03353474661707878,-0.19967752695083618,-0.049919381737709045,-0.005239009391516447,0.012441170401871204,0.18203173577785492,0.04550793394446373,0.014586584642529488,-0.01885530911386013,1.4088969230651855,0.3522242307662964,0.4545733630657196,-0.08482427895069122,-1.040999412536621,-0.2602498531341553,-0.22194558382034302,-0.04278666898608208,-0.06042799353599548,-0.01510699838399887,0.02367277629673481,-0.06070585176348686,0.06170517951250076,0.01542629487812519,-0.003284047357738018,-0.02877655066549778,0.1566929817199707,0.039173245429992676,0.012081453576683998,0.016382182016968727,0.02977386862039566,0.007443467155098915,0.007202330976724625,-0.0016819000011309981,0.5645264387130737,0.14113160967826843,0.09456847608089447,-0.00499345688149333,1.0868505239486694,0.27171263098716736,0.2772190272808075,0.06905683130025864,-0.008383981883525848,-0.002095995470881462,-0.0030229398980736732,0.03947082906961441,2.9624691009521484,0.7406172752380371,0.7888097167015076,-0.05543160066008568,-0.013774991035461426,-0.0034437477588653564,0.005057256668806076,-0.05850590020418167,-0.05148616433143616,-0.01287154108285904,0.003214791417121887,0.04927532747387886,0.03159978613257408,0.00789994653314352,-0.013523739762604237,0.04191381856799126,1.3243969678878784,0.3310992419719696,0.3495469093322754,0.010597944259643555,-1.0042426586151123,-0.2510606646537781,-0.2627088129520416,-0.006119442172348499,0.010483307763934135,0.002620826940983534,-0.005469284486025572,0.061152245849370956,3.521815299987793,0.8804538249969482,0.9361929893493652,-0.1274636685848236,-0.016452237963676453,-0.004113059490919113,-0.005463463254272938,-0.06519746035337448,-0.052342209964990616,-0.013085552491247654,-0.01533178798854351,-0.016168415546417236,-0.06575173884630203,-0.016437934711575508,-0.010292405262589455,0.054510582238435745,1,0,0
-0.008651657961308956,-0.002162914490327239,0.055302225053310394,-0.02859409525990486,0.03569953143596649,0.008924882858991623,0.04607380926609039,0.062372636049985886,0.14238591492176056,0.03559647873044014,0.037239477038383484,0.03910532221198082,1.8541051149368286,0.46352627873420715,0.3315102159976959,0.10891146957874298,0.6050660610198975,0.15126651525497437,-0.35166430473327637,-0.06059205159544945,0.3067980408668518,0.07669951021671295,-0.026999933645129204,-0.05394729599356651,-0.8933740854263306,-0.22334352135658264,-0.2885016202926636,-0.020639002323150635,-0.49946165084838867,-0.12486541271209717,-0.014431383460760117,0.024023283272981644,0.4228105843067169,0.10570264607667923,0.02841758541762829,-0.09139055758714676,1.236553430557251,0.30913835763931274,0.4621882438659668,-0.03395283222198486,-0.8796010613441467,-0.21990026533603668,-0.16093993186950684,0.21986918151378632,-0.17486652731895447,-0.04371663182973862,0.010236512869596481,-0.027968252077698708,0.036821745336055756,0.009205436334013939,-0.0015615066513419151,-0.010929412208497524,-0.029691964387893677,-0.007422991096973419,0.008557334542274475,0.035168230533599854,-0.0052811577916145325,-0.0013202894479036331,-0.004472788423299789,-0.03049340844154358,0.5463476181030273,0.13658690452575684,0.09659596532583237,0.06227388605475426,1.039875864982605,0.25996896624565125,0.2607591152191162,-0.05922439694404602,-0.03950430452823639,-0.009876076132059097,-0.017170924693346024,-0.042302150279283524,2.918771743774414,0.7296929359436035,0.7690705060958862,0.03763481602072716,-0.0453919917345047,-0.011347997933626175,0.004161500371992588,0.0065517425537109375,-0.05542368441820145,-0.013855921104550362,-0.006566327530890703,-0.07420986145734787,0.006478514522314072,0.001619628630578518,-0.000769447535276413,0.015259409323334694,1.4080920219421387,0.35202300548553467,0.3387789726257324,-0.02195912040770054,-1.0062954425811768,-0.2515738606452942,-0.25871261954307556,-0.06677865236997604,0.020062701776623726,0.0050156754441559315,-0.0015879981219768524,-0.05673167109489441,3.424359083175659,0.8560897707939148,0.9172247648239136,-0.010482030920684338,-0.012968011200428009,-0.0032420028001070023,-0.021366097033023834,-0.07101786881685257,-0.01772543042898178,-0.004431357607245445,-0.011900896206498146,0.0190141499042511,0.02142782136797905,0.005356955341994762,-0.0027601500041782856,0.027943743392825127,1,0,0
-0.062494754791259766,-0.015623688697814941,0.043128155171871185,-0.0795997753739357,-0.18804143369197845,-0.047010358422994614,0.06281683593988419,-0.016603315249085426,0.14357952773571014,0.035894881933927536,0.024416105821728706,-0.013351678848266602,2.3192081451416016,0.5798020362854004,0.3722739517688751,0.11941220611333847,-0.5182533860206604,-0.1295633465051651,-0.37224164605140686,-0.06850681453943253,0.045875370502471924,0.011468842625617981,-0.045269228518009186,-0.07821942120790482,-0.9197298884391785,-0.22993247210979462,-0.26850318908691406,-0.004983830731362104,-0.7530770301818848,-0.1882692575454712,0.005512836389243603,0.07740189135074615,0.6513765454292297,0.16284413635730743,2.4138949811458588e-05,0.020957792177796364,1.1454521417617798,0.28636303544044495,0.4599864184856415,-0.014458561316132545,-0.9049867987632751,-0.2262466996908188,-0.1640096753835678,-0.047792356461286545,-0.29900816082954407,-0.07475204020738602,0.019367311149835587,0.0256365779787302,0.11483412235975266,0.028708530589938164,-0.004409918561577797,0.026867855340242386,-0.16466107964515686,-0.041165269911289215,0.014471717178821564,0.01022329367697239,-0.06265847384929657,-0.015664618462324142,0.006256332620978355,-0.07112626731395721,0.6288808584213257,0.15722021460533142,0.10124457627534866,-0.037796761840581894,1.3256189823150635,0.33140474557876587,0.25583329796791077,-0.08863809704780579,0.07861877232789993,0.019654693081974983,-0.011272968724370003,0.05855976417660713,2.892117977142334,0.7230294942855835,0.7563022971153259,-0.102178193628788,-0.11236138641834259,-0.028090346604585648,-0.0008040256798267365,0.04701538011431694,0.05613793432712555,0.014034483581781387,0.003976437263190746,0.06785241514444351,0.012654583901166916,0.003163645975291729,-0.003136932849884033,0.06157243251800537,1.3719264268875122,0.34298160672187805,0.3458263576030731,0.028675496578216553,-0.9535545110702515,-0.23838862776756287,-0.24520723521709442,-0.03756972774863243,0.05087810754776001,0.012719526886940002,0.007435837760567665,-0.007262802217155695,3.4590728282928467,0.8647682070732117,0.896834671497345,0.019222641363739967,0.05705974996089935,0.014264937490224838,-0.0007294230163097382,-0.03133074566721916,-0.023419154807925224,-0.005854788701981306,-0.007071398198604584,-0.019017649814486504,0.08095777779817581,0.020239444449543953,-0.005589742213487625,-0.038976676762104034,0,0,1
-0.15943509340286255,-0.03985877335071564,0.025832658633589745,-0.14522729814052582,-0.19874636828899384,-0.04968659207224846,0.06502079218626022,-0.015298408456146717,0.023541826754808426,0.0058854566887021065,0.01509123295545578,-0.056343503296375275,2.6796061992645264,0.6699015498161316,0.46467575430870056,0.24823139607906342,-1.2023433446884155,-0.3005858361721039,-0.3598281443119049,0.015818972140550613,-0.03153243660926819,-0.007883109152317047,-0.04137507081031799,0.06047949939966202,-0.8539140224456787,-0.21347850561141968,-0.266713410615921,0.020188558846712112,-1.1128718852996826,-0.27821797132492065,0.00047113560140132904,0.07501254230737686,0.7050455212593079,0.17626138031482697,0.011093376204371452,0.043607473373413086,1.0804764032363892,0.2701191008090973,0.456739217042923,-0.02412395551800728,-0.8926658034324646,-0.22316645085811615,-0.17908558249473572,-0.005927091930061579,-0.1527574360370636,-0.0381893590092659,2.0055100321769714e-05,-0.017781442031264305,0.04921332001686096,0.01230333000421524,-0.014323396608233452,0.10421057045459747,-0.0878724455833435,-0.021968111395835876,0.029405193403363228,0.0042275190353393555,0.025348201394081116,0.006337050348520279,0.0001357775181531906,-0.04264005646109581,0.7866811752319336,0.1966702938079834,0.12610822916030884,0.10382270067930222,1.3641612529754639,0.34104031324386597,0.23712337017059326,0.029695404693484306,0.03709666058421135,0.009274165146052837,-0.011932647787034512,0.00826692022383213,2.92039155960083,0.7300978899002075,0.7488209009170532,-0.015586542896926403,-0.04630735516548157,-0.011576838791370392,-0.012200919911265373,-0.04892122000455856,0.010038264095783234,0.0025095660239458084,0.008198324590921402,-0.0014023721450939775,0.12307773530483246,0.030769433826208115,-0.008050181902945042,-0.03745291754603386,1.427513837814331,0.35687845945358276,0.33765876293182373,-0.00010575056512607262,-1.002751111984253,-0.25068777799606323,-0.2524252235889435,-0.011860859580338001,0.058959610760211945,0.014739902690052986,0.005732471123337746,0.022526860237121582,3.4092323780059814,0.8523080945014954,0.882459282875061,-0.08021718263626099,-0.005843110382556915,-0.0014607775956392288,0.0011497074738144875,0.032845985144376755,-0.03509773686528206,-0.008774434216320515,-0.004366668872535229,0.005154478829354048,0.05567927286028862,0.013919818215072155,-0.003037765622138977,-0.010720414109528065,0,0,1
-0.564934253692627,-0.14123356342315674,-0.002979062497615814,-0.002071952912956476,0.0034324675798416138,0.0008581168949604034,0.039934463798999786,-0.12061291188001633,-0.02313939854502678,-0.005784849636256695,-0.0096815787255764,-0.030259383842349052,2.882286548614502,0.7205716371536255,0.551449179649353,0.3208635449409485,-1.472456455230713,-0.3681141138076782,-0.34018200635910034,-0.012821984477341175,-0.1235116720199585,-0.030877918004989624,-0.031304679811000824,0.038577985018491745,-0.6573666334152222,-0.16434165835380554,-0.2378433644771576,0.11051328480243683,-0.9693343639373779,-0.24233359098434448,0.014004074037075043,0.003326594829559326,0.6112151741981506,0.15280379354953766,0.024880176410079002,0.02267391048371792,1.1430726051330566,0.28576815128326416,0.4448505938053131,-0.022121572867035866,-1.0124571323394775,-0.2531142830848694,-0.1923578828573227,-0.05460004881024361,0.03311946988105774,0.008279867470264435,0.0026405835524201393,0.0539422407746315,-0.1588730663061142,-0.03971826657652855,0.0036564189940690994,0.06971561908721924,-0.04931420087814331,-0.012328550219535828,0.028857922181487083,-0.01874660886824131,0.1390734612941742,0.03476836532354355,-0.02174757793545723,0.03564360365271568,0.7082921862602234,0.17707304656505585,0.12386267632246017,0.10831952095031738,1.2950334548950195,0.3237583637237549,0.23447129130363464,-0.001771003007888794,0.05097127705812454,0.012742819264531136,-0.011912697926163673,0.03117999993264675,2.885038375854492,0.721259593963623,0.7331413626670837,0.0361262671649456,-0.008843183517456055,-0.0022107958793640137,-0.010761355981230736,0.025231171399354935,0.02041877806186676,0.00510469451546669,0.006215836852788925,-0.018169283866882324,0.12261484563350677,0.030653711408376694,0.01480807177722454,0.050518907606601715,1.5422015190124512,0.3855503797531128,0.3310525417327881,-0.060043271631002426,-0.9946261644363403,-0.24865654110908508,-0.23343943059444427,-0.0449507050216198,0.037341199815273285,0.009335299953818321,0.007147954776883125,-0.020655125379562378,3.3456907272338867,0.8364226818084717,0.8606864213943481,-0.10338740795850754,0.05312500149011612,0.01328125037252903,-0.005947052966803312,0.06666678190231323,-0.05676819011569023,-0.014192047528922558,-0.014759938232600689,-0.0025581063237041235,0.01896531507372856,0.00474132876843214,0.0024629980325698853,-0.00729674706235528,0,0,1
-0.8827549815177917,-0.22068874537944794,-0.027411658316850662,-0.02722998894751072,0.12644536793231964,0.03161134198307991,0.013149812817573547,0.009595406241714954,-0.010301392525434494,-0.0025753481313586235,-0.01878497749567032,-0.08170130848884583,3.0731167793273926,0.7682791948318481,0.6459614038467407,0.2731102705001831,-1.4799070358276367,-0.3699767589569092,-0.34568125009536743,0.02282766066491604,-0.2673792243003845,-0.06684480607509613,-0.035835251212120056,-0.05652163177728653,-0.48884105682373047,-0.12221026420593262,-0.20502416789531708,0.14597001671791077,-0.918488621711731,-0.22962215542793274,0.004762468859553337,-0.05041677877306938,0.6894674897193909,0.17236687242984772,0.019764075055718422,-0.04812031611800194,1.1465930938720703,0.2866482734680176,0.4285931885242462,0.0064844670705497265,-0.815935492515564,-0.203983873128891,-0.1862535923719406,-0.03066697157919407,0.08210065960884094,0.020525164902210236,-0.005326107144355774,0.02347090281546116,-0.0698217898607254,-0.01745544746518135,0.01361120119690895,-0.09096032381057739,0.018173515796661377,0.004543378949165344,0.03739851713180542,0.0657985582947731,0.21550966799259186,0.053877416998147964,-0.011200489476323128,-0.03515208885073662,0.7859787940979004,0.1964946985244751,0.15034738183021545,0.02261887863278389,1.2691527605056763,0.31728819012641907,0.23256857693195343,-0.013268107548356056,0.015030138194561005,0.003757534548640251,-0.0067176297307014465,0.0285261869430542,2.9594993591308594,0.7398748397827148,0.7355914115905762,0.026882875710725784,-0.02178548276424408,-0.00544637069106102,-0.004881124012172222,0.05998992919921875,-0.030291423201560974,-0.0075728558003902435,0.0018820036202669144,0.03627943992614746,-0.044575538486242294,-0.011143884621560574,0.007214842364192009,-0.004603469278663397,1.3980426788330078,0.34951066970825195,0.3154308497905731,0.05134713649749756,-0.9901905059814453,-0.24754762649536133,-0.24060791730880737,-0.024104882031679153,0.019138474017381668,0.004784618504345417,0.015086961910128593,-0.030606895685195923,3.2293615341186523,0.8073403835296631,0.8496574759483337,0.007966995239257812,0.11078289151191711,0.02769572287797928,0.008657112717628479,-0.03615378960967064,0.014086037874221802,0.0035215094685554504,-0.003865874372422695,0.06542068719863892,-0.004381452687084675,-0.0010953631717711687,0.0032839374616742134,-0.06954429298639297,0,1,0
-0.9113240242004395,-0.22783100605010986,-0.06548023968935013,-0.10239122062921524,0.11480189859867096,0.02870047464966774,0.0011583883315324783,-0.07606253027915955,-0.023740272969007492,-0.005935068242251873,-0.00670069083571434,0.0030310810543596745,3.170405864715576,0.792601466178894,0.7203907370567322,0.14452242851257324,-1.4391584396362305,-0.3597896099090576,-0.3446354568004608,-0.017162734642624855,-0.33637702465057373,-0.08409425616264343,-0.05855356156826019,-0.06339200586080551,-0.4007221460342407,-0.10018053650856018,-0.1836715191602707,0.10104095190763474,-0.9323115348815918,-0.23307788372039795,0.0005095265805721283,0.00942906178534031,0.6451166868209839,0.16127917170524597,0.009204486384987831,-0.02709987573325634,1.145850658416748,0.286462664604187,0.39551523327827454,-0.09546549618244171,-0.6654223203659058,-0.16635558009147644,-0.18770518898963928,0.01450399775058031,-0.12055128812789917,-0.030137822031974792,-0.004121694248169661,-0.037514131516218185,0.10184235870838165,0.025460589677095413,-0.006123415194451809,-0.01869143359363079,-0.15157127380371094,-0.037892818450927734,0.035523027181625366,-0.03823937848210335,0.15082937479019165,0.03770734369754791,-0.00018758978694677353,-0.03422151133418083,0.9551381468772888,0.2387845367193222,0.177069291472435,0.014631497673690319,1.2746753692626953,0.31866884231567383,0.23662538826465607,0.01811257004737854,0.05057980865240097,0.012644952163100243,-0.02078409679234028,-0.010703491978347301,3.046093463897705,0.7615233659744263,0.7546073198318481,-0.023555492982268333,-0.06826652586460114,-0.017066631466150284,-0.011392809450626373,-0.01780804432928562,-0.0011551231145858765,-0.0002887807786464691,0.006348252296447754,-0.00759888906031847,0.008280273526906967,0.002070068381726742,0.009235534816980362,-0.05490108206868172,1.1861809492111206,0.29654523730278015,0.30296576023101807,-0.09353838860988617,-0.9678041338920593,-0.24195103347301483,-0.22603701055049896,0.025704551488161087,0.03472773730754852,0.00868193432688713,0.019016431644558907,-0.0630091056227684,3.2694592475891113,0.8173648118972778,0.8403461575508118,-0.024191826581954956,0.06356790661811829,0.01589197665452957,0.0019716667011380196,-0.06045468524098396,-0.10911230742931366,-0.027278076857328415,-0.00650735292583704,-0.042043834924697876,0.06251630187034607,0.015629075467586517,0.008589161559939384,0.0735667273402214,0,1,0
-1.0941612720489502,-0.27354031801223755,-0.1125994399189949,-0.05696158483624458,0.24565590918064117,0.061413977295160294,0.0014748889952898026,-0.01697259582579136,-0.0012399964034557343,-0.00030999910086393356,0.00011603906750679016,0.07387109100818634,3.2477433681488037,0.8119358420372009,0.7594553828239441,0.07129253447055817,-1.512110710144043,-0.37802767753601074,-0.3525577187538147,0.05515056848526001,-0.27751094102859497,-0.06937773525714874,-0.07234083861112595,-0.07180410623550415,-0.09753794968128204,-0.02438448742032051,-0.1613653600215912,0.05164039134979248,-1.1991724967956543,-0.2997931241989136,0.007077956572175026,0.033251870423555374,0.5784264206886292,0.1446066051721573,0.01762857474386692,-0.02716877870261669,1.1649876832962036,0.2912469208240509,0.38821524381637573,-0.08519812673330307,-0.3380453884601593,-0.08451134711503983,-0.20012255012989044,-0.02831353060901165,-0.36617955565452576,-0.09154488891363144,-0.003456661943346262,-0.0062451898120343685,0.0029052048921585083,0.0007263012230396271,-0.003605170175433159,0.06494630873203278,-0.12088224291801453,-0.03022056072950363,0.04215051978826523,0.023038942366838455,0.06263894587755203,0.015659736469388008,-0.002490744460374117,0.049654509872198105,1.034812569618225,0.2587031424045563,0.18930622935295105,0.09112020581960678,1.1929290294647217,0.2982322573661804,0.2470681518316269,-0.03664643317461014,0.03593483567237854,0.008983708918094635,-0.009073730558156967,0.00696336617693305,3.1153781414031982,0.7788445353507996,0.7668012976646423,0.08965557813644409,0.0016371607780456543,0.0004092901945114136,-0.007746516726911068,-0.024654079228639603,0.007408447563648224,0.001852111890912056,-0.004306428600102663,-0.028862236067652702,0.017372339963912964,0.004343084990978241,0.002745002508163452,-0.00030975937261246145,1.154321312904358,0.2885803282260895,0.2930491268634796,-0.07453182339668274,-1.0684016942977905,-0.26710042357444763,-0.2273278385400772,0.034768082201480865,0.005822382867336273,0.0014555957168340683,0.018582547083497047,0.04398852586746216,3.2364869117736816,0.8091217279434204,0.832295298576355,-0.02213711105287075,0.08780738711357117,0.021951846778392792,0.009558277204632759,-0.02540775015950203,0.0013367104111239314,0.00033417760278098285,-0.017814455553889275,-0.06035640463232994,-0.03865014389157295,-0.009662535972893238,-0.0041554090566933155,0.06018069013953209,0,1,0
-1.1620776653289795,-0.2905194163322449,-0.141161248087883,-0.15773522853851318,0.27498942613601685,0.06874735653400421,-0.007748091593384743,-0.005521524231880903,-0.037322621792554855,-0.009330655448138714,0.0039327433332800865,0.0840199738740921,3.306809902191162,0.8267024755477905,0.8039761185646057,0.08435922861099243,-1.604135513305664,-0.401033878326416,-0.3597753047943115,-0.02681230567395687,-0.26550453901290894,-0.06637613475322723,-0.07630819827318192,0.06238207966089249,-0.1575544774532318,-0.03938861936330795,-0.13493895530700684,0.1215796023607254,-1.3773308992385864,-0.3443327248096466,0.004896265454590321,0.06054706498980522,0.6281025409698486,0.15702563524246216,0.020890669897198677,-0.06570648401975632,1.1428346633911133,0.2857086658477783,0.36832085251808167,-0.09358454495668411,0.02457009255886078,0.006142523139715195,-0.18976238369941711,-0.02395682968199253,-0.5118148326873779,-0.12795370817184448,-0.010091809555888176,-0.04751572757959366,-0.05195075273513794,-0.012987688183784485,-0.007418353110551834,-0.07812138646841049,-0.09936779737472534,-0.024841949343681335,0.0450991615653038,-0.04398985952138901,0.056002601981163025,0.014000650495290756,-0.0005554389208555222,0.047104980796575546,1.0282424688339233,0.25706061720848083,0.2142132818698883,0.01215661782771349,1.1451977491378784,0.2862994372844696,0.24547861516475677,-0.03240489587187767,0.0029762722551822662,0.0007440680637955666,-0.0036906087771058083,0.037592340260744095,3.2078094482421875,0.8019523620605469,0.7741824984550476,0.0971219539642334,0.02440088987350464,0.00610022246837616,0.00594848208129406,-0.00979472417384386,0.002705782651901245,0.0006764456629753113,-0.006289354525506496,-0.02948085404932499,-0.0034364573657512665,-0.0008591143414378166,0.01091502420604229,-0.04069388657808304,1.0640144348144531,0.2660036087036133,0.2983424961566925,0.027709638699889183,-1.0068165063858032,-0.2517041265964508,-0.233290895819664,0.06664575636386871,0.021142911165952682,0.005285727791488171,0.018158169463276863,0.06693291664123535,3.2006754875183105,0.8001688718795776,0.8306325078010559,0.03373337909579277,0.06380675733089447,0.015951689332723618,0.0028630103915929794,-0.03773832321166992,0.025049608200788498,0.0062624020501971245,-0.002598079387098551,-0.053841687738895416,0.016451794654130936,0.004112948663532734,-0.004056824371218681,0.056912291795015335,0,1,0
-1.0521831512451172,-0.2630457878112793,-0.17574866116046906,-0.0883636623620987,0.2869451642036438,0.07173629105091095,0.00021186843514442444,-0.016116011887788773,-0.050154607743024826,-0.012538651935756207,0.021027347072958946,0.005629694554954767,3.298097610473633,0.8245244026184082,0.8065423369407654,0.020323259755969048,-1.5676695108413696,-0.3919173777103424,-0.3790343701839447,-0.01691691391170025,-0.25883418321609497,-0.06470854580402374,-0.06845887005329132,-0.05993455648422241,-0.23502784967422485,-0.05875696241855621,-0.12301545590162277,0.007467120885848999,-1.3880292177200317,-0.34700730443000793,-0.006012575700879097,-0.0058731078170239925,0.4895908236503601,0.12239770591259003,0.020245542749762535,0.052241742610931396,1.0235331058502197,0.25588327646255493,0.34021833539009094,0.015566564165055752,0.3783678412437439,0.09459196031093597,-0.19023804366588593,-0.021196449175477028,-0.5339522361755371,-0.13348805904388428,-0.007818853482604027,-0.03782185539603233,0.03430153429508209,0.008575383573770523,-0.01280593778938055,-0.040054794400930405,0.013189613819122314,0.0032974034547805786,0.04194778949022293,-0.07369972765445709,-0.005357857793569565,-0.0013394644483923912,0.0140069629997015,0.03662961721420288,0.9760860204696655,0.24402150511741638,0.22835500538349152,0.021640896797180176,1.155679702758789,0.28891992568969727,0.25714409351348877,-0.054985642433166504,0.0016277730464935303,0.00040694326162338257,-0.00967984925955534,0.058335937559604645,3.319636344909668,0.829909086227417,0.8050681352615356,0.1218254342675209,0.014865711331367493,0.003716427832841873,-0.007541447877883911,0.004552179481834173,-0.01443878561258316,-0.00360969640314579,0.0073947664350271225,0.02520155906677246,-0.0475616492331028,-0.0118904123082757,-0.009700908325612545,0.027591967955231667,0.978559136390686,0.2446397840976715,0.2808286249637604,-0.0352122038602829,-1.1024774312973022,-0.27561935782432556,-0.22450992465019226,-0.05852052569389343,0.00697660818696022,0.001744152046740055,0.0017578406259417534,0.011385137215256691,3.1812806129455566,0.7953201532363892,0.8165326714515686,-0.024216879159212112,0.053535088896751404,0.013383772224187851,0.008193274959921837,0.05870319530367851,-0.06852604448795319,-0.017131511121988297,0.0013960115611553192,-0.031196702271699905,0.02783573791384697,0.006958934478461742,0.005846654996275902,0.06413543224334717,0,1,0
-0.9757011532783508,-0.2439252883195877,-0.2240803986787796,-0.05553591996431351,0.2661348581314087,0.06653371453285217,-0.0011560041457414627,0.014566349796950817,-0.09997071325778961,-0.024992678314447403,0.012759139761328697,0.029259121045470238,3.224973678588867,0.8062434196472168,0.822678804397583,0.040286291390657425,-1.6355249881744385,-0.4088812470436096,-0.3854580521583557,0.008821874856948853,-0.31689929962158203,-0.07922482490539551,-0.07181563973426819,-0.03359774872660637,-0.3012327551841736,-0.0753081887960434,-0.10476744920015335,0.10626081377267838,-1.4645931720733643,-0.36614829301834106,-0.015936587005853653,-0.010500437580049038,0.4614846408367157,0.11537116020917892,0.02459421567618847,-0.0728486105799675,0.9451446533203125,0.23628616333007812,0.31812044978141785,-0.021736646071076393,0.4443461298942566,0.11108653247356415,-0.1942138671875,0.04416170343756676,-0.5927753448486328,-0.1481938362121582,0.0005010915920138359,-0.004128980915993452,0.06515774130821228,0.01628943532705307,-0.012046022340655327,0.03408020734786987,-0.030287474393844604,-0.007571868598461151,0.03834640979766846,0.019390089437365532,-0.0538191981613636,-0.0134547995403409,0.0130960363894701,-0.008480871096253395,0.9624995589256287,0.24062488973140717,0.23333294689655304,-0.002558040665462613,1.2510379552841187,0.31275948882102966,0.2585977017879486,-0.018292700871825218,0.009082727134227753,0.002270681783556938,-0.0094673540443182,0.014575100503861904,3.3899927139282227,0.8474981784820557,0.834567666053772,0.10621285438537598,0.050062939524650574,0.012515734881162643,0.01020028442144394,-0.006854587700217962,-0.07426489144563675,-0.018566222861409187,-0.006801376584917307,0.03975420072674751,0.026367850601673126,0.0065919626504182816,0.008292527869343758,0.07677797228097916,0.9695355296134949,0.24238388240337372,0.27322325110435486,-0.02719457820057869,-0.9314773082733154,-0.23286932706832886,-0.2351437509059906,-0.05656368285417557,0.048506591469049454,0.012126647867262363,0.007016288116574287,-0.051716577261686325,3.196321487426758,0.7990803718566895,0.8200216293334961,0.04193155840039253,-0.0031846463680267334,-0.0007961615920066833,0.010722875595092773,0.03600267320871353,-0.07294312864542007,-0.01823578216135502,2.697482705116272e-05,0.04749331623315811,-0.03793631121516228,-0.00948407780379057,0.004543352872133255,0.006459939759224653,0,1,0
-1.1491055488586426,-0.28727638721466064,-0.2645849585533142,-0.04566436633467674,0.26077306270599365,0.06519326567649841,-0.004125681705772877,-0.06889688223600388,-0.1143818348646164,-0.0285954587161541,0.01402866467833519,-0.04669806733727455,3.0747499465942383,0.7686874866485596,0.80149245262146,-0.015309768728911877,-1.6146039962768555,-0.40365099906921387,-0.3859585225582123,-0.06182760000228882,-0.37103375792503357,-0.09275843948125839,-0.09141533076763153,-0.08142001926898956,-0.24111682176589966,-0.060279205441474915,-0.07962499558925629,0.046660926192998886,-1.272706151008606,-0.3181765377521515,-0.02585458941757679,0.02840324677526951,0.383978009223938,0.0959945023059845,0.0235560592263937,-0.04897790774703026,0.8796358108520508,0.2199089527130127,0.2911684811115265,0.0038050294388085604,0.6218109726905823,0.15545274317264557,-0.19008079171180725,-0.0053917947225272655,-0.5972237586975098,-0.14930593967437744,0.011044634506106377,-0.048780929297208786,-0.015739038586616516,-0.003934759646654129,-0.0026817312464118004,-0.020849032327532768,-0.02454434335231781,-0.0061360858380794525,0.04699116200208664,0.022012794390320778,0.04390987753868103,0.010977469384670258,0.025548959150910378,-0.04368363693356514,0.9422401189804077,0.23556002974510193,0.24996672570705414,-0.010069913230836391,1.194520115852356,0.298630028963089,0.2532629072666168,0.045787300914525986,-0.001613803207874298,-0.0004034508019685745,-0.009936130605638027,-0.01945570670068264,3.422123670578003,0.8555309176445007,0.8420401215553284,-0.011649906635284424,-0.01987813413143158,-0.004969533532857895,0.011798106133937836,-0.04365350678563118,-0.02481931447982788,-0.00620482861995697,-0.004663909785449505,-0.03720725700259209,-0.09309105575084686,-0.023272763937711716,-0.007790268398821354,0.05114457756280899,0.8575120568275452,0.2143780142068863,0.25734323263168335,0.024607408791780472,-0.79188472032547,-0.1979711800813675,-0.236282080411911,0.01431002002209425,0.0630645751953125,0.015766143798828125,0.011055467650294304,-0.011207199655473232,3.2271814346313477,0.8067953586578369,0.8289597034454346,-0.052565235644578934,0.037149034440517426,0.009287258610129356,0.0025037145242094994,0.06496622413396835,-0.10565934330224991,-0.026414835825562477,-0.016105756163597107,-0.06046262010931969,0.025576133280992508,0.006394033320248127,-0.0032019754871726036,0.03850993141531944,0,1,0
-1.2805943489074707,-0.3201485872268677,-0.2739976942539215,0.0044141472317278385,0.3298325538635254,0.08245813846588135,0.005775308236479759,0.01160521525889635,-0.13513265550136566,-0.033783163875341415,0.009841442108154297,-0.0757937952876091,2.930344581604004,0.732586145401001,0.784085750579834,-0.10463187843561172,-1.536184549331665,-0.38404613733291626,-0.38573917746543884,0.033290863037109375,-0.34057706594467163,-0.08514426648616791,-0.09948275983333588,0.001907694386318326,-0.1335723102092743,-0.03339307755231857,-0.0538729727268219,0.03575141355395317,-1.351985216140747,-0.33799630403518677,-0.016045480966567993,-0.0345570333302021,0.2965567708015442,0.07413919270038605,0.012088343501091003,0.06633293628692627,0.8597707748413086,0.21494269371032715,0.27108004689216614,-0.05840766429901123,0.66428142786026,0.166070356965065,-0.19147518277168274,0.04973487928509712,-0.5986896753311157,-0.14967241883277893,0.005555440671741962,0.04655200242996216,-0.04236580431461334,-0.010591451078653336,0.0014515221118927002,-0.010108179412782192,-0.20563030242919922,-0.051407575607299805,0.05211251229047775,0.04755190759897232,0.03417056053876877,0.008542640134692192,0.021170848980545998,-0.015825564041733742,0.9248234033584595,0.23120585083961487,0.23798808455467224,0.028123224154114723,1.112833023071289,0.27820825576782227,0.2557125985622406,-0.019357144832611084,0.008449440822005272,0.002112360205501318,-0.016695957630872726,0.04231090471148491,3.46773362159729,0.8669334053993225,0.8686091899871826,0.059535086154937744,-0.0017958730459213257,-0.0004489682614803314,-0.002317449077963829,0.07034897804260254,0.004517979919910431,0.0011294949799776077,0.0007344819605350494,0.06927347183227539,-0.00760003924369812,-0.00190000981092453,-0.001968586817383766,-0.05633476376533508,0.892279863357544,0.223069965839386,0.25474098324775696,0.030071211978793144,-0.9549408555030823,-0.23873521387577057,-0.22723817825317383,0.037461426109075546,0.02298758178949356,0.00574689544737339,0.0035154735669493675,-0.023912979289889336,3.209914207458496,0.802478551864624,0.8341445326805115,-0.04865153878927231,0.03145768493413925,0.007864421233534813,-0.006402168422937393,-0.0007379711023531854,0.00958796963095665,0.0023969924077391624,0.0002557169646024704,0.05890171602368355,0.017951209098100662,0.0044878022745251656,0.009328991174697876,-0.019318044185638428,0,1,0
-1.0272425413131714,-0.25681063532829285,-0.30365410447120667,-0.023810042068362236,0.02601434290409088,0.00650358572602272,0.011603089049458504,-0.046356283128261566,-0.10464315116405487,-0.026160787791013718,0.002222783863544464,-0.09213073551654816,2.7982513904571533,0.6995628476142883,0.7419337034225464,-0.0562291257083416,-1.4240885972976685,-0.3560221493244171,-0.3854285478591919,-0.014139855280518532,-0.46825191378593445,-0.11706297844648361,-0.08366172760725021,0.04213379696011543,-0.3075544834136963,-0.07688862085342407,-0.03797852247953415,0.08970170468091965,-0.9752383232116699,-0.24380958080291748,-0.024822307750582695,0.05928706005215645,0.12450633943080902,0.031126584857702255,0.01581311970949173,0.03265470266342163,0.7035434246063232,0.1758858561515808,0.24349437654018402,-0.06456863135099411,0.6441847085952759,0.16104617714881897,-0.1977517008781433,0.06699959188699722,-0.4664265215396881,-0.11660663038492203,0.010238934308290482,0.037541259080171585,0.0522577166557312,0.0130644291639328,0.010955346748232841,-0.04313153028488159,-0.1330200731754303,-0.033255018293857574,0.04126642644405365,-0.053255271166563034,0.03315289318561554,0.008288223296403885,0.03130204975605011,0.044699180871248245,0.855873167514801,0.21396829187870026,0.2480975240468979,0.039199817925691605,1.167646884918213,0.2919117212295532,0.266615629196167,-0.05667673423886299,0.0198129341006279,0.004953233525156975,-0.015272065997123718,0.06734879314899445,3.438467502593994,0.8596168756484985,0.876333475112915,0.029987741261720657,0.041908279061317444,0.010477069765329361,0.005838405340909958,0.023316407576203346,-0.07895320653915405,-0.019738301634788513,-0.005579659249633551,0.01001355703920126,-0.02744137868285179,-0.006860344670712948,0.0005826698616147041,-0.00018837452807929367,0.87229323387146,0.218073308467865,0.24632979929447174,-0.00400426983833313,-0.9986298084259033,-0.24965745210647583,-0.22652551531791687,0.011243301443755627,0.003017716109752655,0.0007544290274381638,0.01346045732498169,0.024543285369873047,3.2116057872772217,0.8029014468193054,0.8222691416740417,0.02972337044775486,0.08492358028888702,0.021230895072221756,0.004995457828044891,-0.04875844717025757,-0.10465401411056519,-0.026163503527641296,-0.00021858792752027512,0.0310805793851614,-0.0036913647782057524,-0.0009228411945514381,-0.0018453709781169891,0.03633467108011246,0,1,0
-1.010978102684021,-0.25274452567100525,-0.33297377824783325,0.007575476076453924,-0.09304384887218475,-0.02326096221804619,0.004456805065274239,-0.04277057573199272,-0.09195400774478912,-0.02298850193619728,-0.02539173699915409,-0.05218615010380745,2.5890815258026123,0.6472703814506531,0.7024090886116028,-0.044041622430086136,-1.2190406322479248,-0.3047601580619812,-0.3727004826068878,-0.03070046566426754,-0.5001461505889893,-0.12503653764724731,-0.10359364748001099,0.008652150630950928,-0.2371075451374054,-0.05927688628435135,-0.029406633228063583,0.10538255423307419,-0.8868975639343262,-0.22172439098358154,-0.03508824110031128,-0.06750568002462387,0.09522742033004761,0.023806855082511902,0.014064202085137367,0.0029722570907324553,0.6789654493331909,0.16974136233329773,0.21683867275714874,-0.07452920079231262,0.4684285521507263,0.11710713803768158,-0.20420801639556885,-0.0731707364320755,-0.37547776103019714,-0.09386944025754929,0.008803986012935638,-0.02049863338470459,-0.004291102290153503,-0.0010727755725383759,0.013627434149384499,0.048368941992521286,-0.0008100122213363647,-0.0002025030553340912,0.03837689012289047,-0.045219264924526215,-0.05964437127113342,-0.014911092817783356,0.03394829481840134,-0.04587719216942787,0.8903189301490784,0.2225797325372696,0.2476857751607895,-0.021388107910752296,1.2296793460845947,0.3074198365211487,0.2515740692615509,-0.04247454181313515,0.035298168659210205,0.008824542164802551,-0.010789953172206879,-0.06515320390462875,3.3994035720825195,0.8498508930206299,0.8870381712913513,0.07150808721780777,0.06349040567874908,0.01587260141968727,0.004217192530632019,0.0801595076918602,-0.013789396733045578,-0.0034473491832613945,-0.0012393603101372719,0.07766886800527573,-0.002353232353925705,-0.0005883080884814262,-0.0017197653651237488,0.05333530902862549,0.8214179277420044,0.2053544819355011,0.22887735068798065,-0.09060551226139069,-1.0330796241760254,-0.25826990604400635,-0.22761626541614532,-0.0030717195477336645,-0.007289320230484009,-0.0018223300576210022,0.007097063586115837,0.03199831396341324,3.2067809104919434,0.8016952276229858,0.8306013941764832,-0.014979839324951172,0.012006103992462158,0.0030015259981155396,0.0030091004446148872,0.00011224150512134656,-0.06530289351940155,-0.016325723379850388,-0.013484083116054535,0.025345683097839355,0.02259095385670662,0.005647738464176655,0.003605199046432972,0.07476754486560822,0,1,0
-1.1756136417388916,-0.2939034104347229,-0.3417024314403534,-0.020208394154906273,-0.03817032277584076,-0.00954258069396019,0.027338391169905663,0.008592212572693825,-0.08640433847904205,-0.021601084619760513,-0.04420410096645355,-0.09589507430791855,2.457331418991089,0.6143328547477722,0.6560011506080627,-0.1304028481245041,-1.1338025331497192,-0.2834506332874298,-0.353188157081604,0.12325872480869293,-0.4365845322608948,-0.1091461330652237,-0.11509425193071365,-0.027478283271193504,-0.10992683470249176,-0.02748170867562294,-0.001409837044775486,-0.015558934770524502,-0.7416427135467529,-0.18541067838668823,-0.03489302843809128,-0.044956207275390625,0.091672882437706,0.0229182206094265,0.007376579567790031,0.042568352073431015,0.7304524183273315,0.18261310458183289,0.20920957624912262,-0.059784021228551865,0.7249225974082947,0.18123064935207367,-0.21187575161457062,0.014585382305085659,-0.34692689776420593,-0.08673172444105148,0.014308841899037361,-0.06728454679250717,-0.008978843688964844,-0.002244710922241211,0.018079347908496857,-0.056193526834249496,-0.034162938594818115,-0.008540734648704529,0.03820888698101044,-0.020128905773162842,0.00170864537358284,0.00042716134339571,0.014697033911943436,-0.027218515053391457,0.9499517679214478,0.23748794198036194,0.2557564079761505,-0.009825807996094227,1.28920316696167,0.3223007917404175,0.25942763686180115,-0.06708086282014847,0.06108576059341431,0.015271440148353577,0.004302751272916794,-0.017734456807374954,3.4547510147094727,0.8636877536773682,0.8871902823448181,0.0073861065320670605,0.07077313959598541,0.017693284898996353,0.004270760342478752,0.05184606462717056,-0.04230016842484474,-0.010575042106211185,0.0044991252943873405,-0.07245822995901108,0.022359482944011688,0.005589870736002922,-0.013273339718580246,0.03635001182556152,0.7190037965774536,0.1797509491443634,0.22531965374946594,-0.09715788811445236,-1.0089547634124756,-0.2522386908531189,-0.2297590672969818,0.06752002239227295,-0.019023273140192032,-0.004755818285048008,-0.0030108424834907055,0.0208166241645813,3.1676979064941406,0.7919244766235352,0.8119633793830872,0.00591427693143487,0.0204705148935318,0.00511762872338295,-0.005996823310852051,-0.06398148089647293,-0.031540397554636,-0.007885099388659,-0.002529389224946499,0.07220194488763809,-0.055767741054296494,-0.013941935263574123,0.006442014127969742,-0.00021967291831970215,0,1,0
-1.0695717334747314,-0.26739293336868286,-0.33513084053993225,0.015616118907928467,-0.31130141019821167,-0.07782535254955292,0.03525954484939575,0.09334816038608551,-0.0767943412065506,-0.01919858530163765,-0.052642688155174255,-0.02817751280963421,2.390313148498535,0.5975782871246338,0.6244769096374512,-0.07366655021905899,-1.104614496231079,-0.2761536240577698,-0.3284461200237274,0.09964156150817871,-0.39990031719207764,-0.09997507929801941,-0.11030618846416473,0.0026265084743499756,-0.22334641218185425,-0.05583660304546356,0.013774305582046509,0.09619667381048203,-0.5793523192405701,-0.14483807981014252,-0.03425353765487671,0.0720180869102478,0.06459464132785797,0.016148660331964493,0.0022652745246887207,-0.02254697121679783,0.7025085687637329,0.17562714219093323,0.19301974773406982,0.014831758104264736,0.6698952317237854,0.16747380793094635,-0.20798899233341217,-0.00571209192276001,-0.21991053223609924,-0.05497763305902481,0.026514021679759026,0.07580038160085678,0.0438513457775116,0.0109628364443779,0.021130604669451714,0.008190685883164406,-0.09705835580825806,-0.024264588952064514,0.03384288400411606,0.062265969812870026,-0.012884311378002167,-0.0032210778445005417,0.012692594900727272,-0.07275529205799103,0.984737753868103,0.24618443846702576,0.25851136445999146,0.03433561325073242,1.293677568435669,0.32341939210891724,0.2621007263660431,-0.009516919031739235,0.04817190021276474,0.012042975053191185,-0.006595544517040253,-0.05623257905244827,3.4241886138916016,0.8560471534729004,0.8874838948249817,0.033940304070711136,0.04074283689260483,0.010185709223151207,0.007368247956037521,-0.026266545057296753,0.04385189712047577,0.010962974280118942,0.014241529628634453,0.012004375457763672,0.03767382726073265,0.009418456815183163,-0.009959511458873749,-0.030241329222917557,0.744608998298645,0.18615224957466125,0.20864784717559814,0.0029625475872308016,-1.0646611452102661,-0.26616528630256653,-0.22550632059574127,0.02308559976518154,-0.02064693719148636,-0.00516173429787159,0.012590298429131508,-0.010987001471221447,3.1992735862731934,0.7998183965682983,0.8278916478157043,-0.06953797489404678,0.06220312416553497,0.015550781041383743,0.006997024640440941,0.04682976007461548,-0.06279873102903366,-0.015699682757258415,-0.008347317576408386,-0.027403591200709343,0.013308624736964703,0.0033271561842411757,-0.004569660872220993,0.055267464369535446,0,1,0
-1.2534098625183105,-0.31335246562957764,-0.33976680040359497,-0.014659863896667957,-0.2823706269264221,-0.07059265673160553,0.0254464540630579,-0.05703148990869522,-0.05071048066020012,-0.01267762016505003,-0.05755405128002167,0.023931074887514114,2.249333143234253,0.5623332858085632,0.5922514796257019,-0.050157368183135986,-1.008080244064331,-0.25202006101608276,-0.30900800228118896,-0.03077594004571438,-0.36024415493011475,-0.09006103873252869,-0.11742597818374634,0.027401601895689964,-0.018347352743148804,-0.004586838185787201,0.020239707082509995,-0.044502973556518555,-0.6650263667106628,-0.1662565916776657,-0.018424298614263535,-0.044268541038036346,0.09216374158859253,0.023040935397148132,0.0006341235712170601,-0.040598709136247635,0.7793775200843811,0.19484438002109528,0.1819475144147873,-0.0167153961956501,1.0069665908813477,0.2517416477203369,-0.22533652186393738,-0.07887714356184006,-0.08360353112220764,-0.02090088278055191,0.028766484931111336,-0.013974255882203579,0.053546130657196045,0.013386532664299011,0.0184518713504076,-0.020862823352217674,-0.18009278178215027,-0.04502319544553757,0.040707074105739594,0.047766316682100296,0.06908877193927765,0.017272192984819412,-0.0041719297878444195,-0.039437733590602875,1.186476469039917,0.29661911725997925,0.26134011149406433,-0.015461004339158535,1.2330801486968994,0.30827003717422485,0.24927286803722382,0.05601778253912926,0.04967834800481796,0.01241958700120449,-0.0037402864545583725,-0.019201815128326416,3.465660572052002,0.8664151430130005,0.8910753726959229,-0.02851434424519539,0.07274819165468216,0.01818704791367054,0.017048703506588936,-0.039046477526426315,-0.05319599062204361,-0.013298997655510902,0.010894179344177246,0.027316201478242874,0.10142628848552704,0.02535657212138176,0.002744944766163826,-0.050653886049985886,0.6198930740356445,0.15497326850891113,0.20387038588523865,-0.09163031727075577,-1.0591012239456177,-0.2647753059864044,-0.23317435383796692,-0.08803167939186096,-0.02212575078010559,-0.005531437695026398,-2.8274953365325928e-05,0.04611445590853691,3.1124372482299805,0.7781093120574951,0.8251442313194275,0.014249873347580433,-0.03470730781555176,-0.00867682695388794,-0.0027774148620665073,-0.07371919602155685,-0.008101653307676315,-0.002025413326919079,-0.009006744250655174,-0.013982236385345459,-0.018246058374643326,-0.0045615145936608315,-0.0008564479649066925,-0.04762589931488037,0,1,0
-1.2980462312698364,-0.3245115578174591,-0.34325337409973145,-0.030501408502459526,0.050167515873909,0.01254187896847725,0.03626389056444168,0.03117079846560955,-0.08933572471141815,-0.022333931177854538,-0.05651143193244934,0.05928908661007881,2.0192909240722656,0.5048227310180664,0.5614830255508423,-0.07279985398054123,-1.0773239135742188,-0.2693309783935547,-0.2900126874446869,0.02817542664706707,-0.23882240056991577,-0.05970560014247894,-0.11808841675519943,-0.02411750517785549,0.15531963109970093,0.03882990777492523,0.03587491810321808,0.053236138075590134,-0.7070220708847046,-0.17675551772117615,-0.03457120805978775,0.03055681101977825,0.062359247356653214,0.015589811839163303,-0.006924900691956282,0.06651856005191803,1.0059118270874023,0.2514779567718506,0.18574844300746918,0.025353122502565384,1.2429665327072144,0.3107416331768036,-0.247574582695961,-0.11179459095001221,0.02139982581138611,0.005349956452846527,0.027758141979575157,0.02083524502813816,-0.07136912643909454,-0.017842281609773636,0.012457692995667458,0.06770316511392593,-0.338878870010376,-0.084719717502594,0.04328100383281708,0.005582094192504883,-0.02484038844704628,-0.00621009711176157,0.001196419820189476,-0.002936548087745905,1.0832246541976929,0.2708061635494232,0.2719096541404724,-0.022023756057024002,1.1012094020843506,0.27530235052108765,0.25283336639404297,-0.05514294654130936,-0.02582627534866333,-0.0064565688371658325,-0.00527306878939271,0.022681577131152153,3.502418041229248,0.875604510307312,0.8773273229598999,-0.016605287790298462,0.04031136631965637,0.010077841579914093,0.014249807223677635,-0.02041798271238804,-0.0064812637865543365,-0.0016203159466385841,-0.007552997209131718,0.014812678098678589,-0.009800847619771957,-0.0024502119049429893,-0.0020651808008551598,-0.030616959556937218,0.802901029586792,0.200725257396698,0.1875009983778,0.047335434705019,-0.9268665313720703,-0.23171663284301758,-0.24909251928329468,0.01339747291058302,0.0096634142100811,0.002415853552520275,0.0072577353566884995,0.06009405851364136,3.233637809753418,0.8084094524383545,0.8149225115776062,-0.02957257442176342,0.0735045075416565,0.018376126885414124,0.005795065313577652,-0.00487627973780036,0.026699643582105637,0.006674910895526409,0.0044277627021074295,-0.001187354326248169,0.00558099802583456,0.00139524950645864,-0.007222287356853485,0.03595409542322159,0,1,0
-1.2354686260223389,-0.3088671565055847,-0.3311396539211273,0.0114255016669631,0.06530733406543732,0.01632683351635933,0.0331268236041069,0.03992196545004845,-0.15327860414981842,-0.038319651037454605,-0.04814017564058304,0.11026952415704727,1.8460962772369385,0.4615240693092346,0.5197820067405701,-0.14302819967269897,-1.2794193029403687,-0.31985482573509216,-0.2939392030239105,-0.04169851541519165,-0.07952511310577393,-0.01988127827644348,-0.09999357908964157,0.07521563768386841,0.15823334455490112,0.03955833613872528,0.053255967795848846,-0.03298580273985863,-0.5560627579689026,-0.13901568949222565,-0.04244215041399002,-0.04321308806538582,0.005083639174699783,0.0012709097936749458,0.01147310808300972,0.001641267561353743,1.1927073001861572,0.2981768250465393,0.18757638335227966,-0.04709693044424057,1.4594765901565552,0.3648691475391388,-0.24830177426338196,-0.11428146809339523,-0.007050067186355591,-0.0017625167965888977,0.03744509816169739,-0.049527741968631744,-0.08794234693050385,-0.02198558673262596,0.01965847797691822,-0.07006564736366272,-0.3553581237792969,-0.08883953094482422,0.04107389599084854,-0.08552131801843643,-0.09412669390439987,-0.023531673476099968,-0.014396131038665771,-0.023497795686125755,1.0972912311553955,0.2743228077888489,0.28033947944641113,0.07855574041604996,1.1400233507156372,0.2850058376789093,0.24895234405994415,0.06792714446783066,-0.02607756108045578,-0.006519390270113945,-0.012687260285019875,-0.08095969259738922,3.4795761108398438,0.8698940277099609,0.8911157846450806,0.06794078648090363,0.03594140708446503,0.008985351771116257,0.008670629933476448,0.01795201376080513,0.007116787135601044,0.001779196783900261,0.00854523666203022,-0.022864151746034622,-0.0017215721309185028,-0.0004303930327296257,-0.005440898705273867,0.05173542723059654,0.8442162871360779,0.21105407178401947,0.17148426175117493,0.004010331816971302,-0.9599721431732178,-0.23999303579330444,-0.2542015314102173,0.0718512162566185,0.013027023524045944,0.003256755881011486,-0.002884293906390667,-0.01014401949942112,3.3047313690185547,0.8261828422546387,0.8237693309783936,-0.03167469799518585,-0.020680397748947144,-0.005170099437236786,0.0021861204877495766,0.06177039071917534,-0.019730787724256516,-0.004932696931064129,0.005236087366938591,-0.03861631825566292,-0.028518714010715485,-0.007129678502678871,0.001680975779891014,0.04717234522104263,0,1,0
-0.9991439580917358,-0.24978598952293396,-0.3278045952320099,-0.02076047658920288,0.15253229439258575,0.03813307359814644,0.013276301324367523,0.024809038266539574,-0.23484550416469574,-0.058711376041173935,-0.04969587177038193,0.006667816545814276,1.6671398878097534,0.41678497195243835,0.4880203902721405,0.01651848666369915,-1.4492098093032837,-0.3623024523258209,-0.28869426250457764,0.12491072714328766,0.08665943145751953,0.021664857864379883,-0.0704503282904625,0.09979774802923203,0.04813605546951294,0.012034013867378235,0.04859428107738495,0.056987464427948,-0.24943757057189941,-0.062359392642974854,-0.029776770621538162,0.029554545879364014,0.05221562087535858,0.013053905218839645,-0.0014781560748815536,0.04355816915631294,1.509271264076233,0.3773178160190582,0.20600669085979462,0.06056860834360123,1.4650074243545532,0.3662518560886383,-0.2757490277290344,-0.07373125106096268,-0.0006736218929290771,-0.0001684054732322693,0.03584897518157959,0.05120234563946724,-0.1918969303369522,-0.04797423258423805,0.012524371966719627,0.03769747167825699,-0.030893146991729736,-0.007723286747932434,0.03132355213165283,-0.050163161009550095,-0.12056649476289749,-0.030141623690724373,-0.025036493316292763,-0.06610580533742905,1.0098198652267456,0.2524549663066864,0.28121238946914673,-0.05827498435974121,1.1171938180923462,0.27929845452308655,0.26215630769729614,0.026877034455537796,-0.007318791933357716,-0.001829697983339429,-0.0009439149871468544,0.02659393660724163,3.5589864253997803,0.8897466063499451,0.8896338939666748,0.016881262883543968,0.0494379997253418,0.01235949993133545,0.004651559516787529,0.0568377748131752,-0.15309956669807434,-0.038274891674518585,-0.004086756147444248,-0.06452035903930664,0.018815435469150543,0.004703858867287636,0.007130363956093788,-0.03745834529399872,0.9665194153785706,0.24162985384464264,0.18277575075626373,-0.04829845950007439,-1.2126988172531128,-0.3031747043132782,-0.2433192878961563,-0.031196558848023415,-0.043484583497047424,-0.010871145874261856,-0.009919175878167152,0.0739249512553215,3.378607749938965,0.8446519374847412,0.820086658000946,0.023578036576509476,0.02047020196914673,0.005117550492286682,-0.004082438535988331,-0.054580237716436386,0.029223084449768066,0.007305771112442017,0.004132121801376343,-0.0067536234855651855,-0.11096663028001785,-0.027741657570004463,-0.010202635079622269,0.03190087154507637,0,1,0
-0.9529332518577576,-0.2382333129644394,-0.3283037543296814,-0.002343481872230768,0.3279878497123718,0.08199696242809296,0.004460077732801437,0.00370672345161438,-0.361151784658432,-0.090287946164608,-0.0402684286236763,0.012384242378175259,1.5409315824508667,0.3852328956127167,0.5030159950256348,0.0767911896109581,-1.568934679031372,-0.392233669757843,-0.2555907666683197,0.13261471688747406,0.2733164429664612,0.0683291107416153,-0.018712326884269714,-0.024754196405410767,0.023077666759490967,0.005769416689872742,0.05258140712976456,-0.0775643065571785,0.06880632042884827,0.017201580107212067,-0.046226345002651215,-0.02449594810605049,-0.03519172966480255,-0.008797932416200638,0.005051318556070328,-0.034994594752788544,1.886772632598877,0.47169315814971924,0.25072726607322693,0.1328689157962799,1.2426609992980957,0.3106652498245239,-0.31013455986976624,-0.09441087394952774,0.07657057046890259,0.019142642617225647,0.054902657866477966,-0.06363847106695175,-0.19456671178340912,-0.04864167794585228,0.01788969710469246,-0.08065483719110489,0.22503191232681274,0.056257978081703186,0.007417865097522736,0.013394713401794434,-0.06197935342788696,-0.01549483835697174,-0.02227817103266716,0.00709081906825304,1.16478431224823,0.2911960780620575,0.27051031589508057,-0.07187089323997498,1.0044496059417725,0.2511124014854431,0.25815463066101074,-0.006784498691558838,-0.086722232401371,-0.02168055810034275,-0.016189878806471825,0.01232330221682787,3.740262985229492,0.935065746307373,0.9051722884178162,0.0935664176940918,0.044180214405059814,0.011045053601264954,0.008870229125022888,-0.04789077863097191,-0.040928199887275696,-0.010232049971818924,-0.006220383103936911,-0.03158968314528465,0.03430740535259247,0.008576851338148117,-0.0005194544792175293,0.016875267028808594,0.9051210880279541,0.22628027200698853,0.17791323363780975,-0.07097776234149933,-1.1489131450653076,-0.2872282862663269,-0.23691414296627045,0.04333755001425743,-0.026288777589797974,-0.006572194397449493,0.010956402868032455,0.044709861278533936,3.462261438369751,0.8655653595924377,0.8426105380058289,-0.019448518753051758,0.04395654797554016,0.01098913699388504,0.007110601291060448,0.03901952505111694,0.020010612905025482,0.0050026532262563705,0.007316071540117264,-0.028863215819001198,-0.05174298956990242,-0.012935747392475605,-0.004235879518091679,-0.0299029853194952,0,0,1
-0.9750533699989319,-0.24376334249973297,-0.3116127848625183,-0.033582903444767,0.6942248940467834,0.17355622351169586,0.020361436530947685,-0.054297056049108505,-0.6385543942451477,-0.15963859856128693,-0.04026642441749573,-0.061695098876953125,1.5234241485595703,0.3808560371398926,0.5157430171966553,0.0344143770635128,-1.4917782545089722,-0.37294456362724304,-0.21647228300571442,-0.09904760122299194,0.4420832395553589,0.11052080988883972,-0.003251975402235985,-0.03045252338051796,-0.10329428315162659,-0.025823570787906647,0.04165595769882202,-0.07602638006210327,0.15285435318946838,0.038213588297367096,-0.0333721749484539,-0.010363221168518066,-0.004055272787809372,-0.001013818196952343,-0.0039591677486896515,-0.024120254442095757,2.3204760551452637,0.5801190137863159,0.3262679874897003,0.13959446549415588,0.07555989921092987,0.018889974802732468,-0.3155709505081177,-0.008721673861145973,-0.002805382013320923,-0.0007013455033302307,0.05558440089225769,0.07173261791467667,-0.206867054104805,-0.05171676352620125,0.0012155110016465187,-0.09962290525436401,0.300813764333725,0.07520344108343124,0.013049693778157234,-0.05997941642999649,-0.04958919435739517,-0.012397298589348793,-0.01770791783928871,-0.0054018436931073666,1.113054871559143,0.27826371788978577,0.2606489956378937,0.05502067878842354,1.0824542045593262,0.27061355113983154,0.24059663712978363,-0.03266674280166626,-0.05752364173531532,-0.01438091043382883,-0.02004159614443779,0.026163829490542412,3.8230323791503906,0.9557580947875977,0.9344263672828674,0.06464367359876633,0.0035598427057266235,0.0008899606764316559,0.013938682153820992,-0.03859228640794754,-0.0787167102098465,-0.019679177552461624,-0.00615741778165102,0.028027236461639404,0.04853063449263573,0.012132658623158932,0.0007691625505685806,0.05824701860547066,1.0646663904190063,0.2661665976047516,0.1750943809747696,-0.00508803129196167,-1.244818091392517,-0.3112045228481293,-0.24438807368278503,-0.0492156557738781,-0.04493771493434906,-0.011234428733587265,0.006267150864005089,-0.03456480801105499,3.5629844665527344,0.8907461166381836,0.8507041931152344,0.021810615435242653,-0.025101304054260254,-0.0062753260135650635,-0.009419577196240425,0.028637027367949486,-0.012409407645463943,-0.003102351911365986,0.0015881843864917755,-0.037471409887075424,-0.06386517733335495,-0.015966294333338737,-0.005672262981534004,-0.009793693199753761,0,0,1
-0.6633753180503845,-0.16584382951259613,-0.2976338863372803,0.05926184728741646,0.9254533648490906,0.23136334121227264,0.029272621497511864,-0.0014367878902703524,-0.8203226327896118,-0.20508065819740295,-0.04709755629301071,-0.08204174041748047,1.4714202880859375,0.3678550720214844,0.523605227470398,0.04881861433386803,-1.187546968460083,-0.29688674211502075,-0.2419484555721283,-0.04428273066878319,0.5704991221427917,0.14262478053569794,-0.010096521116793156,-0.028015166521072388,-0.5312014222145081,-0.13280035555362701,-0.0006795059889554977,-0.06630083918571472,0.09783446788787842,0.024458616971969604,-0.01627574861049652,-0.017392992973327637,-0.09585867822170258,-0.023964669555425644,0.0025453492999076843,-0.03092307224869728,2.6948533058166504,0.6737133264541626,0.42912277579307556,0.24406838417053223,-1.0044749975204468,-0.2511187493801117,-0.3098907470703125,0.11308180540800095,-0.004069119691848755,-0.0010172799229621887,0.06565072387456894,0.053589511662721634,-0.10660077631473541,-0.026650194078683853,-0.014659794047474861,-0.04377545043826103,0.36022984981536865,0.09005746245384216,0.011941062286496162,-0.024346118792891502,0.003579273819923401,0.0008948184549808502,0.00022624246776103973,-0.014600622467696667,0.9420549869537354,0.23551374673843384,0.270595520734787,-0.021350551396608353,1.2489709854125977,0.3122427463531494,0.2352142333984375,-0.0029410363640636206,-0.010935552418231964,-0.002733888104557991,-0.02700110338628292,-0.052424680441617966,3.840332508087158,0.9600831270217896,0.95491623878479,0.07596530765295029,0.011422738432884216,0.002855684608221054,0.010695135220885277,-0.015279245562851429,-0.1674204021692276,-0.0418551005423069,-0.006577460095286369,0.05237429216504097,0.03926900401711464,0.00981725100427866,0.005492979660630226,0.02905857563018799,1.1943402290344238,0.29858505725860596,0.18784362077713013,0.10982310026884079,-1.209059476852417,-0.30226486921310425,-0.25368809700012207,0.032246436923742294,-0.03989279270172119,-0.009973198175430298,0.0056502241641283035,-0.004541581962257624,3.6458425521850586,0.9114606380462646,0.8560891151428223,0.08074802160263062,0.03377909958362579,0.008444774895906448,-0.0028488291427493095,0.06287810951471329,0.0293373204767704,0.0073343301191926,-0.007784691639244556,0.04319290071725845,-0.01828191801905632,-0.00457047950476408,-0.00814888533204794,-0.020591169595718384,0,0,1
-0.5365931987762451,-0.13414829969406128,-0.2770445942878723,0.03061474673449993,0.9269111752510071,0.23172779381275177,0.021117186173796654,-0.06962193548679352,-0.832349419593811,-0.20808735489845276,-0.05880414694547653,-0.024724125862121582,1.5381332635879517,0.3845333158969879,0.544960618019104,-0.07254839688539505,-0.8569376468658447,-0.21423441171646118,-0.257200688123703,-0.050470441579818726,0.6859257817268372,0.1714814454317093,-0.001224428415298462,0.04613843187689781,-0.9728368520736694,-0.24320921301841736,-0.03029143624007702,-0.047168463468551636,0.07180288434028625,0.017950721085071564,-0.0075275832787156105,-0.04953931272029877,-0.05979309603571892,-0.01494827400892973,-0.0024272259324789047,-0.09239275753498077,2.9623427391052246,0.7405856847763062,0.549856424331665,0.36043688654899597,-1.5951727628707886,-0.39879319071769714,-0.27905309200286865,0.09025788307189941,0.08518189191818237,0.021295472979545593,0.047019436955451965,0.03187427669763565,0.0011765509843826294,0.00029413774609565735,-0.022396884858608246,0.02835913933813572,0.3973085880279541,0.09932714700698853,0.01812932826578617,-0.016355199739336967,0.048506274819374084,0.012126568704843521,-0.0011963266879320145,0.08507619053125381,0.8778226971626282,0.21945567429065704,0.2541164457798004,-0.059043385088443756,1.186680555343628,0.296670138835907,0.23706942796707153,-0.038872189819812775,0.019096195697784424,0.004774048924446106,-0.022712677717208862,-0.01604740135371685,3.836886405944824,0.959221601486206,0.9743999242782593,0.013254654593765736,-0.026192709803581238,-0.0065481774508953094,0.01534503884613514,-0.05209273844957352,-0.14430782198905945,-0.03607695549726486,-0.011805086396634579,0.010880780406296253,0.02732517197728157,0.006831292994320393,0.006343897432088852,0.045602310448884964,1.1226950883865356,0.2806737720966339,0.20155446231365204,0.07115192711353302,-1.2714898586273193,-0.31787246465682983,-0.2434435486793518,-0.05281977728009224,-0.036724209785461426,-0.009181052446365356,0.0008856644853949547,-0.023159444332122803,3.7186203002929688,0.9296550750732422,0.8914870023727417,-0.012269294820725918,-0.05362856388092041,-0.013407140970230103,0.003954377956688404,0.011076224036514759,-0.06662848591804504,-0.01665712147951126,0.0027265893295407295,-0.011551165953278542,-0.05760486423969269,-0.014401216059923172,-0.008994079194962978,-0.06299363821744919,0,0,1
-0.3492128252983093,-0.08730320632457733,-0.2473636418581009,0.005507349967956543,0.950465977191925,0.23761649429798126,0.03260622173547745,0.08922069519758224,-0.8243786096572876,-0.2060946524143219,-0.058965712785720825,-0.011885220184922218,1.6439836025238037,0.4109959006309509,0.5381948351860046,0.05069854483008385,-0.4778097867965698,-0.11945244669914246,-0.2723846137523651,-0.004829907324165106,0.6957537531852722,0.17393843829631805,-0.0034240633249282837,0.08431992679834366,-1.2046916484832764,-0.3011729121208191,-0.06741534173488617,-0.15779797732830048,0.11611267924308777,0.029028169810771942,-0.007638284936547279,0.04622260481119156,-0.14530953764915466,-0.036327384412288666,-0.0008141174912452698,0.046191491186618805,3.0838112831115723,0.7709528207778931,0.6604920029640198,0.3047533929347992,-1.756373643875122,-0.4390934109687805,-0.3237747550010681,-0.02498573064804077,0.08194530010223389,0.02048632502555847,0.027984077110886574,-0.05775994062423706,-0.040852293372154236,-0.010213073343038559,-0.025534849613904953,0.03617807850241661,0.19559024274349213,0.04889756068587303,0.002375197596848011,0.0314016118645668,0.06116805970668793,0.015292014926671982,0.00765407457947731,0.044873178005218506,0.8068928718566895,0.20172321796417236,0.24248777329921722,-0.04770512506365776,1.1288186311721802,0.28220465779304504,0.24717997014522552,0.006282395217567682,-0.01182778924703598,-0.002956947311758995,-0.02491218037903309,-0.023334039375185966,3.744560480117798,0.9361401200294495,0.9646567702293396,0.06483488529920578,-0.08136390149593353,-0.020340975373983383,0.006553100422024727,-0.017325658351182938,-0.07619740068912506,-0.019049350172281265,-0.004015887156128883,-0.03899966552853584,-0.037775371223688126,-0.009443842805922031,0.009924722835421562,-0.08440306037664413,1.174375057220459,0.29359376430511475,0.23609471321105957,0.15665686130523682,-1.1996325254440308,-0.2999081313610077,-0.25209566950798035,-0.03289037570357323,-0.02113606035709381,-0.005284015089273453,0.008508013561367989,0.07406427711248398,3.7972590923309326,0.9493147730827332,0.9050511121749878,0.07135965675115585,-0.028752923011779785,-0.007188230752944946,-0.002916065976023674,-0.06079508736729622,-0.020429495722055435,-0.005107373930513859,-0.0157463438808918,-0.0290000569075346,-0.01714351773262024,-0.00428587943315506,-0.009538451209664345,0.05866286903619766,1,0,0
-0.3998243510723114,-0.09995608776807785,-0.22621974349021912,0.04906674847006798,0.8124510645866394,0.20311276614665985,0.03135010600090027,-0.022675609216094017,-0.772607147693634,-0.1931517869234085,-0.05921640992164612,-0.06375502049922943,1.5998765230178833,0.3999691307544708,0.5097059011459351,-0.0580560527741909,-0.024559542536735535,-0.006139885634183884,-0.28855830430984497,0.051004182547330856,0.7391406893730164,0.1847851723432541,0.006062125787138939,0.0257406122982502,-1.1759202480316162,-0.29398006200790405,-0.11741515249013901,-0.14563500881195068,0.08389255404472351,0.020973138511180878,0.0037401150912046432,0.08782172203063965,-0.08623941242694855,-0.021559853106737137,-0.013309277594089508,-0.02535991184413433,3.1741514205932617,0.7935378551483154,0.7344428300857544,0.1421872228384018,-1.744828701019287,-0.4362071752548218,-0.3568023443222046,-0.07702171802520752,0.09006154537200928,0.02251538634300232,0.03589580953121185,-0.008085477165877819,-0.011333420872688293,-0.0028333552181720734,-0.013907525688409805,-0.021194983273744583,0.15790708363056183,0.03947677090764046,-0.0025921822525560856,-0.0019510090351104736,0.04858213663101196,0.01214553415775299,-0.00702506210654974,0.05734000355005264,0.7199386954307556,0.1799846738576889,0.21511098742485046,-0.06250651180744171,1.0242550373077393,0.2560637593269348,0.2551232576370239,-0.01277551706880331,-0.002810060977935791,-0.0007025152444839478,-0.007425288669764996,0.019608957692980766,3.7095696926116943,0.9273924231529236,0.9669517874717712,0.024623721837997437,-0.047199249267578125,-0.011799812316894531,0.005920665338635445,0.02032908797264099,-0.11991317570209503,-0.029978293925523758,-0.018985358998179436,-0.06466702371835709,-0.013643208891153336,-0.003410802222788334,-0.006251529790461063,0.006063616368919611,1.1971685886383057,0.2992921471595764,0.259959876537323,0.07152726501226425,-1.1846567392349243,-0.2961641848087311,-0.2558313012123108,-0.05522100254893303,-0.01166895404458046,-0.002917238511145115,-0.008956394158303738,-0.04273758456110954,3.8252594470977783,0.9563148617744446,0.9378517270088196,0.048351943492889404,-0.054036617279052734,-0.013509154319763184,-0.011093745008111,0.018536239862442017,0.04051286727190018,0.010128216817975044,-0.005302073433995247,0.005930614657700062,-0.08597050607204437,-0.021492626518011093,-0.01771755889058113,0.015968864783644676,1,0,0
-0.3370738923549652,-0.0842684730887413,-0.20055702328681946,0.0645194798707962,0.8124974966049194,0.20312437415122986,0.03618903458118439,-0.0718369334936142,-0.6056987047195435,-0.15142467617988586,-0.06303829699754715,-0.03430803120136261,1.5742378234863281,0.39355945587158203,0.5084664225578308,-0.06937380880117416,0.0662110298871994,0.01655275747179985,-0.2964900732040405,0.021982748061418533,0.678568422794342,0.1696421056985855,-0.0012607574462890625,0.04295961931347847,-1.2418655157089233,-0.31046637892723083,-0.1558871865272522,-0.14800985157489777,-0.029167860746383667,-0.007291965186595917,0.010010605677962303,0.006242096424102783,-0.17086441814899445,-0.04271610453724861,-0.016901589930057526,-0.07904006540775299,3.2342276573181152,0.8085569143295288,0.7771413922309875,0.050517406314611435,-1.6404210329055786,-0.41010525822639465,-0.38469037413597107,-0.027574455365538597,0.07496076822280884,0.01874019205570221,0.040611788630485535,-0.061944711953401566,0.027137115597724915,0.006784278899431229,-0.013737253844738007,-0.04552682861685753,0.12368643283843994,0.030921608209609985,0.00044681038707494736,-0.06646858900785446,0.024796612560749054,0.0061991531401872635,0.008380847051739693,0.03514937311410904,0.6716684699058533,0.16791711747646332,0.21387311816215515,-0.03955921158194542,0.9337806701660156,0.2334451675415039,0.2587152123451233,0.009764909744262695,-0.07009522616863251,-0.017523806542158127,-0.009706957265734673,-0.02844906412065029,3.6082963943481445,0.9020740985870361,0.9612181186676025,-0.010405385866761208,-0.10694283246994019,-0.026735708117485046,0.00034378282725811005,0.023793889209628105,-0.02808566391468048,-0.00702141597867012,-0.02105250209569931,-0.026010489091277122,-0.02836712822318077,-0.007091782055795193,-0.004616095684468746,-0.02259858325123787,1.2932264804840088,0.3233066201210022,0.28505739569664,0.07770713418722153,-1.0543676614761353,-0.2635919153690338,-0.2408744841814041,0.05564090237021446,0.029663871973752975,0.007415967993438244,0.0045121293514966965,-0.02744426764547825,3.929948329925537,0.9824870824813843,0.9525828957557678,0.0717606320977211,-0.01514849066734314,-0.003787122666835785,-0.012344516813755035,0.06800752133131027,-0.03177214041352272,-0.00794303510338068,-0.0017796661704778671,0.0401446707546711,0.007982266135513783,0.0019955665338784456,-0.012127850204706192,0.03011246956884861,1,0,0
-0.31138262152671814,-0.07784565538167953,-0.18421891331672668,0.05995617061853409,0.7649392485618591,0.19123481214046478,0.028671177104115486,-0.08303139358758926,-0.5341355204582214,-0.13353388011455536,-0.06592555344104767,-0.004286676645278931,1.53227698802948,0.38306924700737,0.4702218174934387,-0.01615256629884243,0.31780803203582764,0.07945200800895691,-0.29893574118614197,-0.006753760855644941,0.6392402052879333,0.15981005132198334,0.007720423862338066,-0.03203124180436134,-1.2389194965362549,-0.3097298741340637,-0.2037995606660843,-0.12461131811141968,0.03626364469528198,0.009065911173820496,0.013405976817011833,0.02092796564102173,-0.21833771467208862,-0.054584428668022156,-0.026582473888993263,-0.03640615567564964,3.220928192138672,0.805232048034668,0.7983050346374512,0.03733399137854576,-1.526421308517456,-0.381605327129364,-0.39092162251472473,0.03403211757540703,0.08305466175079346,0.020763665437698364,0.03285584598779678,0.019678115844726562,0.037947721779346466,0.009486930444836617,0.005118093453347683,0.04086489602923393,0.10712245106697083,0.026780612766742706,-0.007456470280885696,-0.07261292636394501,-0.008563362061977386,-0.0021408405154943466,0.015554917976260185,0.021146440878510475,0.5955035090446472,0.1488758772611618,0.19481413066387177,0.011004644446074963,0.948737382888794,0.2371843457221985,0.25619587302207947,-0.0326576828956604,-0.05086677521467209,-0.012716693803668022,-0.005491101182997227,0.03645126894116402,3.5066089630126953,0.8766522407531738,0.9438880681991577,-0.035828299820423126,-0.06251269578933716,-0.01562817394733429,-0.00905794370919466,-0.034288644790649414,-0.029264375567436218,-0.0073160938918590546,-0.006900074891746044,0.009798443876206875,-0.004929695278406143,-0.0012324238196015358,-0.0007389895617961884,-0.06160018593072891,1.4418540000915527,0.3604635000228882,0.31366029381752014,0.01602732017636299,-1.2356369495391846,-0.30890923738479614,-0.23389743268489838,-0.010818916372954845,-0.017895076423883438,-0.0044737691059708595,-0.0028205718845129013,0.039817728102207184,3.997927665710449,0.9994819164276123,0.986045777797699,0.032988548278808594,-0.0377352237701416,-0.0094338059425354,-0.021350350230932236,-0.0038369358517229557,-0.09328114241361618,-0.023320285603404045,-0.008795546367764473,0.033612705767154694,-0.03910703957080841,-0.009776759892702103,-0.0017039729282259941,0.053915251046419144,1,0,0
-0.39693310856819153,-0.09923327714204788,-0.14807666838169098,0.04918355867266655,0.8354157209396362,0.20885393023490906,0.038512587547302246,0.024969840422272682,-0.4746305048465729,-0.11865762621164322,-0.07604097574949265,0.07839657366275787,1.4349443912506104,0.3587360978126526,0.44072332978248596,-0.009304928593337536,0.33013248443603516,0.08253312110900879,-0.29508548974990845,0.06860142946243286,0.6142250895500183,0.15355627238750458,0.012394838035106659,-0.02929599955677986,-1.2728521823883057,-0.3182130455970764,-0.24061094224452972,-0.05263743922114372,0.025801479816436768,0.006450369954109192,0.015827713534235954,-0.089140884578228,-0.2366364449262619,-0.059159111231565475,-0.05388060212135315,0.01543351449072361,3.188239812850952,0.797059953212738,0.7978804707527161,-0.019277412444353104,-1.5665993690490723,-0.39164984226226807,-0.3843318223953247,-0.058069534599781036,0.15063613653182983,0.03765903413295746,0.0269989762455225,0.008198625408113003,0.062142930924892426,0.015535732731223106,0.009047061204910278,-0.02530638687312603,0.1556256115436554,0.03890640288591385,-0.010255197063088417,-0.07744819670915604,-0.018857363611459732,-0.004714340902864933,0.018025854602456093,0.031249284744262695,0.669556736946106,0.1673891842365265,0.17188230156898499,-0.0024680017959326506,1.0277312994003296,0.2569328248500824,0.24772320687770844,0.06628482788801193,-0.060701239854097366,-0.015175309963524342,-0.01956760138273239,0.03823990747332573,3.4199743270874023,0.8549935817718506,0.9079930186271667,-0.03268009051680565,-0.025924190878868103,-0.006481047719717026,-0.018258659169077873,-0.04526428133249283,-0.04833148419857025,-0.012082871049642563,0.002362975850701332,-0.05979333445429802,0.007747715339064598,0.0019369288347661495,-0.00783608853816986,0.030686354264616966,1.517012357711792,0.379253089427948,0.3528788685798645,-0.0005413532489910722,-1.1883200407028198,-0.29708001017570496,-0.2427743375301361,0.056191183626651764,-0.0169454887509346,-0.00423637218773365,-0.0005025304853916168,0.02275909297168255,4.035042762756348,1.008760690689087,0.9918943643569946,0.05645132064819336,0.0026313215494155884,0.0006578303873538971,-0.00441802479326725,0.017826789990067482,-0.06776916980743408,-0.01694229245185852,-0.006206575781106949,0.03024851158261299,-0.08838293701410294,-0.022095734253525734,-0.018909968435764313,-0.03604305163025856,1,0,0
-0.5308257937431335,-0.1327064484357834,-0.1260826736688614,0.09213399887084961,0.9540703892707825,0.23851759731769562,0.03167369216680527,0.03350412845611572,-0.5106168985366821,-0.12765422463417053,-0.06734447926282883,-0.029351279139518738,1.3121665716171265,0.3280416429042816,0.43032968044281006,-0.06899180263280869,0.23671774566173553,0.059179436415433884,-0.3003513514995575,-0.02069411240518093,0.7480379939079285,0.18700949847698212,0.024500304833054543,0.06750281900167465,-1.1741496324539185,-0.2935374081134796,-0.2811427712440491,-0.03651968762278557,-0.044413089752197266,-0.011103272438049316,0.006804799661040306,0.03478090837597847,-0.11821247637271881,-0.029553119093179703,-0.05387929826974869,-0.04422871395945549,3.0681166648864746,0.7670291662216187,0.781788170337677,-0.025425517931580544,-1.558702826499939,-0.38967570662498474,-0.3960501253604889,-0.014455211348831654,0.20306023955345154,0.050765059888362885,0.03935138136148453,0.03367117792367935,0.1253698766231537,0.03134246915578842,-0.004934988915920258,-0.0312601700425148,0.3607599437236786,0.09018998593091965,-0.02614138461649418,-0.08741962164640427,0.024971500039100647,0.006242875009775162,0.013830464333295822,0.018214447423815727,0.6701865196228027,0.16754662990570068,0.16390898823738098,-0.027439652010798454,0.9963540434837341,0.24908851087093353,0.2542385160923004,0.04476311430335045,-0.04567374289035797,-0.011418435722589493,-0.014569477178156376,-0.004563105292618275,3.3411173820495605,0.8352793455123901,0.8869611024856567,-0.10066161304712296,0.02649092674255371,0.006622731685638428,-0.0031753075309097767,-0.05878942087292671,-0.06188793480396271,-0.015471983700990677,-0.013210801407694817,-0.026589704677462578,-0.012437764555215836,-0.003109441138803959,-0.0073265316896140575,0.06754141300916672,1.4401977062225342,0.36004942655563354,0.36020445823669434,0.011277496814727783,-1.198391079902649,-0.29959776997566223,-0.23776128888130188,0.021962910890579224,-0.026479311287403107,-0.006619827821850777,0.011736508458852768,0.014922487549483776,3.9547438621520996,0.9886859655380249,1.0047340393066406,0.02259889803826809,-0.07947684824466705,-0.019869212061166763,-0.019187413156032562,0.015117257833480835,-0.14882966876029968,-0.03720741719007492,-0.008648695424199104,-0.004472923465073109,0.0011258230078965425,0.00028145575197413564,-0.010312858037650585,0.0749880000948906,1,0,0
-0.34705159068107605,-0.08676289767026901,-0.10148147493600845,0.007738447282463312,0.8935452103614807,0.22338630259037018,0.015565246343612671,0.02630378119647503,-0.4815722703933716,-0.1203930675983429,-0.0703672245144844,0.0633355975151062,1.2978248596191406,0.32445621490478516,0.40293750166893005,-0.07352534681558609,0.5220118761062622,0.13050296902656555,-0.304273396730423,-0.0668199211359024,0.7523018717765808,0.1880754679441452,0.02130242995917797,-0.040415145456790924,-1.2395031452178955,-0.3098757863044739,-0.31589457392692566,-0.11390183120965958,-0.14540216326713562,-0.036350540816783905,0.00696735642850399,0.056291162967681885,-0.15274609625339508,-0.03818652406334877,-0.048098765313625336,0.04834872484207153,2.9200472831726074,0.7300118207931519,0.7587834596633911,-0.06611824780702591,-1.4296964406967163,-0.3574241101741791,-0.3917623460292816,-0.0702490285038948,0.194307342171669,0.04857683554291725,0.05214894562959671,0.0758574977517128,0.11550493538379669,0.028876233845949173,0.009035179391503334,0.08239833265542984,0.28071683645248413,0.07017920911312103,-0.019758565351366997,0.08490234613418579,0.023312006145715714,0.005828001536428928,0.007110379636287689,0.0696432963013649,0.47750890254974365,0.11937722563743591,0.1570143848657608,-0.021790802478790283,0.9874997735023499,0.24687494337558746,0.23916730284690857,-0.09395922720432281,-0.06676774471998215,-0.016691936179995537,-0.01741236448287964,-0.010108363814651966,3.2109873294830322,0.8027468323707581,0.8712837100028992,-0.05116351321339607,-0.03184455633163452,-0.00796113908290863,-0.0039372798055410385,0.022689683362841606,-0.006544142961502075,-0.0016360357403755188,-0.0058813984505832195,0.06481964886188507,-0.0013570636510849,-0.000339265912771225,0.0016523003578186035,0.06948907673358917,1.5829026699066162,0.39572566747665405,0.38814014196395874,0.07491308450698853,-1.1667290925979614,-0.29168227314949036,-0.2482376992702484,-0.056055229157209396,-0.016574308276176453,-0.004143577069044113,0.010612018406391144,-0.06014850735664368,4.000527381896973,1.0001318454742432,1.002841591835022,-0.022882377728819847,0.004477828741073608,0.001119457185268402,-0.023269806057214737,-0.002402919577434659,-0.10665450990200043,-0.026663627475500107,-0.0061790719628334045,-0.03999648615717888,-0.041936878114938736,-0.010484219528734684,-0.006517869886010885,-0.05537286028265953,1,0,0
-0.3016321361064911,-0.07540803402662277,-0.08147408068180084,0.030448472127318382,0.9820361733436584,0.2455090433359146,0.008565457537770271,0.010172093287110329,-0.4598083198070526,-0.11495207995176315,-0.06983757019042969,0.01018226146697998,1.2032698392868042,0.30081745982170105,0.3898050785064697,-0.042371273040771484,0.8771694898605347,0.21929237246513367,-0.3096632957458496,0.004872673656791449,0.7480525374412537,0.18701313436031342,0.019228367134928703,0.038674261420965195,-1.3121460676193237,-0.32803651690483093,-0.33225688338279724,-0.10996651649475098,-0.010097980499267578,-0.0025244951248168945,0.007141249254345894,-0.047170545905828476,-0.16282902657985687,-0.04070725664496422,-0.059685371816158295,0.01605764590203762,2.78005313873291,0.6950132846832275,0.7243896722793579,-0.126556858420372,-1.302338719367981,-0.32558467984199524,-0.38688924908638,0.07024689763784409,0.14454306662082672,0.03613576665520668,0.04104769229888916,0.010349571704864502,0.11771340668201447,0.029428351670503616,0.004223254509270191,-0.04433631896972656,0.06495128571987152,0.01623782142996788,-0.030403729528188705,0.045923877507448196,-0.045212049037218094,-0.011303012259304523,0.010433189570903778,-0.03979330137372017,0.5727077126502991,0.14317692816257477,0.15399037301540375,-0.05343341454863548,1.2472190856933594,0.31180477142333984,0.242930069565773,-0.0677332654595375,-0.019647136330604553,-0.004911784082651138,-0.023782163858413696,0.010952484793961048,3.200040817260742,0.8000102043151855,0.8527190089225769,0.002031475305557251,-0.04083089530467987,-0.010207723826169968,-0.012147221714258194,-0.06626608222723007,-0.058366551995277405,-0.014591637998819351,-0.010620740242302418,0.0556289441883564,-0.03560138866305351,-0.008900347165763378,0.003120272420346737,-0.015636200085282326,1.4120539426803589,0.3530134856700897,0.3922801613807678,0.004986870568245649,-1.0908231735229492,-0.2727057933807373,-0.24723730981349945,0.03853340074419975,-0.022273898124694824,-0.005568474531173706,0.006528956815600395,-0.028242284432053566,3.874725341796875,0.9686813354492188,1.0102558135986328,-0.024300891906023026,-0.02104334533214569,-0.005260836333036423,-0.007600686512887478,-0.020659340545535088,-0.07670474797487259,-0.019176186993718147,-0.006898022256791592,0.008936220780014992,0.006787779740989208,0.001696944935247302,-0.006130165886133909,0.01250754576176405,1,0,0
-0.5978885293006897,-0.14947213232517242,-0.054353825747966766,0.06339090317487717,0.9935732483863831,0.24839331209659576,0.0022574402391910553,0.014403712935745716,-0.41904130578041077,-0.10476032644510269,-0.050504833459854126,0.03986188396811485,1.1193561553955078,0.27983903884887695,0.3653857111930847,-0.07459696382284164,1.0091873407363892,0.2522968351840973,-0.31863120198249817,-0.06239677220582962,0.7155457139015198,0.17888642847537994,0.032831452786922455,0.037762321531772614,-1.05845046043396,-0.26461261510849,-0.3535286784172058,-0.039036910980939865,0.11350253224372864,0.02837563306093216,0.011214658617973328,-0.043121401220560074,-0.21047963201999664,-0.05261990800499916,-0.05969575047492981,0.00344063644297421,2.641295909881592,0.660323977470398,0.6983697414398193,-0.07598601281642914,-1.2303926944732666,-0.30759817361831665,-0.35836759209632874,0.012227118015289307,0.16502434015274048,0.04125608503818512,0.0533333495259285,-0.020083023235201836,0.13681620359420776,0.03420405089855194,0.013072986155748367,0.04074035957455635,0.14715798199176788,0.03678949549794197,-0.027367455884814262,0.026356196030974388,-0.02311854436993599,-0.005779636092483997,0.016726359724998474,-0.004627251531928778,0.4318688213825226,0.10796720534563065,0.13664719462394714,-0.0782800167798996,1.268701195716858,0.3171752989292145,0.22856420278549194,0.07349971681833267,0.02127213031053543,0.005318032577633858,-0.028990643098950386,-0.0078452592715621,3.1595869064331055,0.7898967266082764,0.8282842636108398,0.027865612879395485,0.019211918115615845,0.004802979528903961,0.001853165216743946,0.05934791639447212,-0.044042013585567474,-0.011010503396391869,-0.01049421913921833,-0.019408810883760452,-0.008752241730690002,-0.0021880604326725006,0.0039888666942715645,-0.06559399515390396,1.3961701393127441,0.34904253482818604,0.4010064899921417,0.06303699314594269,-1.2035877704620361,-0.30089694261550903,-0.24845226109027863,-0.056414391845464706,-0.06725107133388519,-0.016812767833471298,-0.005751537624746561,0.06421314924955368,3.768519401550293,0.9421298503875732,1.0006017684936523,-0.03785800561308861,-0.05964946746826172,-0.01491236686706543,-0.012473558075726032,0.028447246178984642,-0.13376587629318237,-0.03344146907329559,-0.004667597822844982,0.012251275591552258,-0.07139138132333755,-0.01784784533083439,-0.014108024537563324,-0.0016718626720830798,1,0,0
-0.3824358284473419,-0.09560895711183548,-0.03644949942827225,-0.007052731700241566,1.026788592338562,0.2566971480846405,-0.00677631888538599,-0.03927414491772652,-0.3696570098400116,-0.0924142524600029,-0.06620444357395172,-0.0635724887251854,1.09065842628479,0.2726646065711975,0.35376638174057007,-0.07079452276229858,1.395953893661499,0.34898847341537476,-0.3088544011116028,0.040467988699674606,0.6754078269004822,0.16885195672512054,0.028475722298026085,-0.01691436767578125,-1.14729642868042,-0.286824107170105,-0.3547740578651428,-0.06270867586135864,0.016154319047927856,0.004038579761981964,0.00212814100086689,-0.003458768129348755,-0.2134914994239807,-0.05337287485599518,-0.05792304128408432,0.042767297476530075,2.62094783782959,0.6552369594573975,0.6495276093482971,-0.12279032915830612,-1.0155271291732788,-0.2538817822933197,-0.33861374855041504,0.009966856800019741,0.07872700691223145,0.01968175172805786,0.05270000547170639,0.07561959326267242,0.24585402011871338,0.061463505029678345,-0.009037716314196587,-0.044373657554388046,0.173721581697464,0.043430395424366,-0.021266451105475426,0.06996148824691772,0.0029265880584716797,0.0007316470146179199,0.011025523766875267,-0.03327525779604912,0.4255126118659973,0.10637815296649933,0.13582350313663483,-0.08147123456001282,1.091909646987915,0.27297741174697876,0.2488168627023697,-0.024204952642321587,-0.0063728876411914825,-0.0015932219102978706,-0.015514169819653034,-0.008863485418260098,3.1446118354797363,0.7861529588699341,0.8294462561607361,-0.044066376984119415,-0.07898126542568207,-0.019745316356420517,0.0019235406070947647,-0.035373520106077194,-0.05640336871147156,-0.01410084217786789,-0.007901249453425407,-0.04488172009587288,0.008670400828123093,0.002167600207030773,-0.0040470752865076065,-0.0025555312167853117,1.2736331224441528,0.3184082806110382,0.40822383761405945,0.053160618990659714,-1.0820282697677612,-0.2705070674419403,-0.2456240952014923,-0.04910065606236458,-0.02466544508934021,-0.0061663612723350525,0.0011840108782052994,-0.04452087730169296,3.6456186771392822,0.9114046692848206,0.9953821897506714,-0.030342185869812965,-0.037666648626327515,-0.009416662156581879,-0.020677030086517334,0.023270851001143456,-0.12598785758018494,-0.031496964395046234,-0.021276719868183136,0.06946100294589996,0.012460689060389996,0.003115172265097499,-0.0147336320951581,0.027111351490020752,1,0,0
-0.4401410222053528,-0.1100352555513382,0.002027020789682865,0.08378603309392929,1.067520022392273,0.26688000559806824,-0.016175605356693268,-0.0015382766723632812,-0.3981721103191376,-0.0995430275797844,-0.06555696576833725,-0.01616312377154827,1.0838704109191895,0.27096760272979736,0.3355543911457062,-0.05913933739066124,1.4782285690307617,0.36955714225769043,-0.3157077431678772,-0.02365364506840706,0.6330909132957458,0.15827272832393646,0.04416467994451523,-0.023047788068652153,-1.0228713750839233,-0.25571784377098083,-0.3613525629043579,0.028399204835295677,0.06507527828216553,0.016268819570541382,0.018460167571902275,0.01464096363633871,-0.20872145891189575,-0.05218036472797394,-0.04019636660814285,-0.020787501707673073,2.4520115852355957,0.6130028963088989,0.6359391808509827,-0.08735142648220062,-0.8245567679405212,-0.2061391919851303,-0.3160485029220581,0.08961544185876846,0.04733312129974365,0.011833280324935913,0.05263227969408035,0.03866741806268692,0.20552848279476166,0.051382120698690414,-0.00361871300265193,0.08564456552267075,0.05564792454242706,0.013911981135606766,-0.017491072416305542,-0.018093382939696312,-0.048223547637462616,-0.012055886909365654,0.00954989343881607,-0.014791774563491344,0.33138275146484375,0.08284568786621094,0.11133218556642532,0.021190453320741653,1.0435411930084229,0.2608852982521057,0.2596609890460968,-0.01829736866056919,-0.04593195766210556,-0.01148298941552639,-0.024330085143446922,-0.03803751990199089,3.131434440612793,0.7828586101531982,0.8155736327171326,-0.0327455997467041,-0.01686742901802063,-0.0042168572545051575,-0.004096936900168657,0.07284344732761383,-0.019756056368350983,-0.004939014092087746,-0.006301942281424999,-0.04500163719058037,-0.005666911602020264,-0.001416727900505066,-0.004975575953722,-0.02074567787349224,1.3082791566848755,0.32706978917121887,0.4090020954608917,-0.036824118345975876,-1.0049920082092285,-0.25124800205230713,-0.24973662197589874,-0.049012914299964905,-0.027773290872573853,-0.006943322718143463,0.0023262687027454376,0.059039294719696045,3.654226303100586,0.9135565757751465,0.9704986214637756,0.030174363404512405,0.004271611571311951,0.0010679028928279877,-0.010325219482183456,-0.03333526477217674,-0.11480852961540222,-0.028702132403850555,-0.013740263879299164,0.039246439933776855,0.018617529422044754,0.0046543823555111885,-0.009842609986662865,-0.05017384514212608,1,0,0
-0.06894123554229736,-0.01723530888557434,0.02382914535701275,0.07183399051427841,0.8402979373931885,0.21007448434829712,-0.014977029524743557,-0.06253170222043991,-0.32844778895378113,-0.08211194723844528,-0.0684785321354866,-0.0820540264248848,1.155328631401062,0.2888321578502655,0.3235403895378113,-0.10031161457300186,1.9726858139038086,0.49317145347595215,-0.3283305764198303,-0.06666243076324463,0.48989641666412354,0.12247410416603088,0.036133892834186554,-0.0517529733479023,-1.2176713943481445,-0.30441784858703613,-0.3653172254562378,0.019062412902712822,0.04214867949485779,0.010537169873714447,0.02141631953418255,-0.0481451079249382,-0.200895294547081,-0.05022382363677025,-0.0661577358841896,0.03741774708032608,2.2556650638580322,0.5639162659645081,0.5996415019035339,-0.09107161313295364,-0.6273883581161499,-0.15684708952903748,-0.28813600540161133,0.14006252586841583,-0.08540576696395874,-0.021351441740989685,0.0449465811252594,0.019667042419314384,0.13067284226417542,0.032668210566043854,0.0017901426181197166,-0.024537062272429466,0.1569221168756485,0.039230529218912125,-0.0183618925511837,-0.0019736767280846834,-0.035502463579177856,-0.008875615894794464,0.0009177792817354202,-0.06771431118249893,0.2145031988620758,0.05362579971551895,0.11300615221261978,-0.010067963972687721,1.107560396194458,0.2768900990486145,0.2612118124961853,0.06955372542142868,0.0028328150510787964,0.0007082037627696991,-0.015036657452583313,0.05299236997961998,3.019963502883911,0.7549908757209778,0.8122149109840393,-0.08892297744750977,-0.021491602063179016,-0.005372900515794754,-0.010693264193832874,-0.07141710817813873,-0.024458833038806915,-0.006114708259701729,0.0017693247646093369,0.06435023993253708,-0.007924530655145645,-0.0019811326637864113,-0.004897865932434797,0.031235551461577415,1.267579197883606,0.3168947994709015,0.39054104685783386,0.003161132335662842,-1.05966055393219,-0.2649151384830475,-0.2355487197637558,0.0663566142320633,-0.039303869009017944,-0.009825967252254486,-0.005223455838859081,0.075047567486763,3.613063097000122,0.9032657742500305,0.9555608034133911,-0.018109966069459915,-0.05411466956138611,-0.013528667390346527,-0.009161938913166523,-0.014768391847610474,-0.0812319964170456,-0.0203079991042614,-0.006348880939185619,-0.041096281260252,0.03184224292635918,0.007960560731589794,-0.005226434208452702,0.0026820958591997623,1,0,0
0.11064845323562622,0.027662113308906555,0.04726644605398178,0.0022769570350646973,0.7030808329582214,0.17577020823955536,-0.01653747633099556,-0.020748460665345192,-0.21859925985336304,-0.05464981496334076,-0.06520497798919678,0.03219928964972496,1.219085454940796,0.304771363735199,0.30257588624954224,0.008653849363327026,2.531538248062134,0.6328845620155334,-0.33195164799690247,-0.043909233063459396,0.3932532072067261,0.09831330180168152,0.03669353574514389,0.09310951083898544,-1.2893651723861694,-0.32234129309654236,-0.3676000237464905,-0.01353523787111044,0.12768927216529846,0.031922318041324615,0.028008854016661644,-0.0324389822781086,-0.28605011105537415,-0.07151252776384354,-0.06766113638877869,-0.05740199238061905,2.1311025619506836,0.5327756404876709,0.5571632385253906,-0.0731242224574089,-0.5129497647285461,-0.12823744118213654,-0.2485704869031906,0.05483529716730118,-0.09841826558113098,-0.024604566395282745,0.017951542511582375,-0.019310712814331055,0.1696859747171402,0.04242149367928505,0.02262735925614834,0.051025282591581345,0.2185581922531128,0.0546395480632782,-0.011530861258506775,-0.03523871302604675,-0.050509266555309296,-0.012627316638827324,-0.01838865876197815,-0.00945813674479723,0.24226054549217224,0.06056513637304306,0.09082376956939697,-0.020610857754945755,1.0220743417739868,0.2555185854434967,0.25152599811553955,0.01322448905557394,0.0037848874926567078,0.0009462218731641769,-0.013281615450978279,-0.05043356493115425,3.0246500968933105,0.7561625242233276,0.8034375905990601,-0.04381721466779709,0.017832040786743164,0.004458010196685791,-0.010200481861829758,-0.05882908031344414,-0.10407263040542603,-0.026018157601356506,-0.012570460326969624,0.034016575664281845,-0.02922758273780346,-0.007306895684450865,0.0038909725844860077,-0.024285906925797462,1.1883165836334229,0.2970791459083557,0.38427501916885376,-0.12517231702804565,-1.2555664777755737,-0.31389161944389343,-0.23104172945022583,0.05830339342355728,-0.08354413509368896,-0.02088603377342224,-0.01479372475296259,0.07388611137866974,3.575768232345581,0.8939420580863953,0.9443234801292419,-0.00011783242371166125,-0.1305515617132187,-0.03263789042830467,-0.02503770962357521,-0.057230789214372635,-0.031521085649728775,-0.007880271412432194,-0.006561238318681717,-0.06267458945512772,-0.036196742206811905,-0.009049185551702976,0.0015890737995505333,0.03525024652481079,1,0,0
0.14092206954956055,0.03523051738739014,0.06963004171848297,0.011805200949311256,0.553033173084259,0.13825829327106476,-0.012406297959387302,-0.07985183596611023,-0.15425974130630493,-0.03856493532657623,-0.061849094927310944,0.01618780568242073,1.2895843982696533,0.32239609956741333,0.26662692427635193,-0.05003509670495987,2.7197773456573486,0.6799443364143372,-0.33987152576446533,0.04971209913492203,0.19712764024734497,0.04928191006183624,0.03797115385532379,0.028870439156889915,-1.2458093166351318,-0.31145232915878296,-0.36017894744873047,-0.006632077973335981,0.1926267296075821,0.04815668240189552,0.019419744610786438,-0.01045255083590746,-0.2989361882209778,-0.07473404705524445,-0.06829995661973953,-0.028243083506822586,1.981671690940857,0.49541792273521423,0.5305317044258118,-0.13352686166763306,-0.4710671305656433,-0.11776678264141083,-0.20441032946109772,0.02566404454410076,-0.22071239352226257,-0.05517809838056564,0.00048239901661872864,0.03250772878527641,0.13081173598766327,0.03270293399691582,0.008450610563158989,-0.010979759506881237,0.28709015250205994,0.07177253812551498,-0.01192721538245678,-0.045970369130373,-0.07049699872732162,-0.017624249681830406,-0.007904620841145515,-0.0012809515465050936,0.34767988324165344,0.08691997081041336,0.07554388791322708,-0.05222543701529503,1.119458794593811,0.27986469864845276,0.25768429040908813,0.0533314011991024,0.04183201491832733,0.010458003729581833,0.006453106179833412,0.027922535315155983,3.0476884841918945,0.7619221210479736,0.7770630717277527,0.03178826719522476,0.01740799844264984,0.00435199961066246,-0.0035217045806348324,0.04354851320385933,-0.02912937104701996,-0.00728234276175499,-0.015742473304271698,-0.04287542775273323,-0.0894174575805664,-0.0223543643951416,-0.00972069427371025,0.00893673300743103,1.0260285139083862,0.25650712847709656,0.3487597405910492,-0.11722790449857712,-1.3125059604644775,-0.3281264901161194,-0.21955904364585876,-0.010385453701019287,-0.10477179288864136,-0.02619294822216034,-0.0032051834277808666,-0.012936186976730824,3.4978160858154297,0.8744540214538574,0.9260954856872559,-0.07795479148626328,-0.10138748586177826,-0.025346871465444565,-0.018094714730978012,0.004368049092590809,-0.0019257069798186421,-0.00048142674495466053,-0.010413836687803268,-0.030948353931307793,-0.07050078362226486,-0.017625195905566216,0.005934523418545723,0.01454693078994751,1,0,0
0.2950696647167206,0.07376741617918015,0.07158456742763519,-0.006474399473518133,0.535325825214386,0.1338314563035965,-0.020099135115742683,-0.034755807369947433,-0.19311590492725372,-0.04827897623181343,-0.06348089873790741,-0.03551690652966499,1.4905914068222046,0.37264785170555115,0.2685384750366211,0.018184607848525047,2.923856258392334,0.7309640645980835,-0.321422815322876,-0.009960639290511608,0.037706851959228516,0.009426712989807129,0.031332165002822876,-0.02646188996732235,-1.0668529272079468,-0.2667132318019867,-0.34126877784729004,0.06087697669863701,0.18201366066932678,0.045503415167331696,0.014644850045442581,0.002915459917858243,-0.3208230137825012,-0.0802057534456253,-0.0668683648109436,0.04131157323718071,1.7508158683776855,0.4377039670944214,0.5009252429008484,-0.020040346309542656,-0.41996699571609497,-0.10499174892902374,-0.16926325857639313,0.054683614522218704,-0.3435438573360443,-0.08588596433401108,-0.0034139417111873627,-0.009318149648606777,0.006157204508781433,0.0015393011271953583,0.015559282153844833,0.031399812549352646,0.2971220910549164,0.0742805227637291,-0.0029515447095036507,0.0018103182082995772,-0.138595312833786,-0.0346488282084465,-0.01698046363890171,0.03292660787701607,0.19753199815750122,0.049382999539375305,0.06801038980484009,0.024778777733445168,1.0122946500778198,0.25307366251945496,0.26329782605171204,0.0529865138232708,0.005947038531303406,0.0014867596328258514,0.007659435272216797,0.07558651268482208,3.0260424613952637,0.7565106153488159,0.7717649936676025,-0.036996226757764816,0.014026135206222534,0.0035065338015556335,-0.004396877251565456,-0.054201751947402954,-0.00496755912899971,-0.0012418897822499275,0.003192862495779991,0.051580872386693954,-0.014778073877096176,-0.003694518469274044,-0.012562228366732597,0.06743862479925156,1.1243274211883545,0.2810818552970886,0.3173883855342865,-0.07650548219680786,-1.2278542518615723,-0.30696356296539307,-0.23492607474327087,-0.0010361671447753906,-0.0842534750699997,-0.021063368767499924,-0.006651040632277727,0.022147340700030327,3.4206888675689697,0.8551722168922424,0.9083716869354248,-0.008942032232880592,-0.08887971937656403,-0.022219929844141006,-0.027529515326023102,0.054263580590486526,0.03255252167582512,0.00813813041895628,0.0015508420765399933,-0.05700927972793579,-0.06499969214200974,-0.016249923035502434,0.0017351098358631134,-0.020333534106612206,1,0,0
0.3479083478450775,0.08697708696126938,0.09124918282032013,0.07167031615972519,0.5051255822181702,0.12628139555454254,-0.03710167855024338,-0.09679348766803741,-0.25350138545036316,-0.06337534636259079,-0.050345420837402344,0.03502228483557701,1.6887056827545166,0.42217642068862915,0.28686845302581787,0.039855409413576126,2.6766152381896973,0.6691538095474243,-0.33207663893699646,0.0731518492102623,-0.06566494703292847,-0.016416236758232117,0.03816884011030197,-0.04268445819616318,-1.114919900894165,-0.27872997522354126,-0.31028008460998535,0.07751663029193878,-0.07369157671928406,-0.018422894179821014,0.00445361714810133,-0.06175366789102554,-0.15048637986183167,-0.037621594965457916,-0.0726146325469017,-0.0033855498768389225,1.457581877708435,0.36439546942710876,0.4579586684703827,-0.059234440326690674,-0.6447600722312927,-0.16119001805782318,-0.14924517273902893,0.10402105003595352,-0.3762534558773041,-0.09406336396932602,-0.024770792573690414,-0.06723637878894806,0.057803452014923096,0.014450863003730774,0.02538176439702511,-0.027569923549890518,0.2199344038963318,0.05498360097408295,-0.0014304537326097488,-0.05876857042312622,-0.17122520506381989,-0.04280630126595497,-0.032499298453330994,0.06408430635929108,0.36175212264060974,0.09043803066015244,0.06600070744752884,0.027289140969514847,1.0558547973632812,0.2639636993408203,0.25603485107421875,-0.06384686380624771,-0.01786486804485321,-0.004466217011213303,-0.005993914790451527,-0.02557218074798584,2.9792628288269043,0.7448157072067261,0.7834498286247253,0.006325561087578535,0.04291485995054245,0.010728714987635612,-0.0026910346932709217,-0.01973956823348999,-0.08618088066577911,-0.02154522016644478,0.004827480763196945,-0.027393728494644165,-0.031009595841169357,-0.007752398960292339,-0.010455560870468616,-0.008491969667375088,1.0095516443252563,0.2523879110813141,0.2861816883087158,-0.12475450336933136,-1.1617367267608643,-0.29043418169021606,-0.24458490312099457,0.03180098533630371,-0.06846413761377335,-0.017116034403443336,-0.0002517113462090492,-0.04289786145091057,3.3899736404418945,0.8474934101104736,0.8896821141242981,-0.09101905673742294,-0.09482832252979279,-0.023707080632448196,-0.03425302729010582,0.050637196749448776,0.012347813695669174,0.0030869534239172935,-0.001563485711812973,0.011481023393571377,-0.03068603202700615,-0.007671508006751537,-0.008159705437719822,-0.0715918242931366,1,0,0
0.4167923033237457,0.10419807583093643,0.08304157108068466,0.011128581129014492,0.17097888886928558,0.042744722217321396,-0.06344234198331833,-0.0009856403339654207,-0.13486339151859283,-0.03371584787964821,-0.06205492466688156,0.0521540641784668,1.927315354347229,0.48182883858680725,0.31720468401908875,0.04666510969400406,1.9645192623138428,0.4911298155784607,-0.3117816746234894,-0.036516305059194565,-0.13014835119247437,-0.03253708779811859,0.03969593346118927,-0.007491791155189276,-1.0642476081848145,-0.2660619020462036,-0.29532089829444885,0.029524588957428932,-0.326607346534729,-0.08165183663368225,0.007475884631276131,0.028986215591430664,0.03252222016453743,0.008130555041134357,-0.056645892560482025,-0.04124385118484497,1.2417153120040894,0.31042882800102234,0.4353907108306885,0.006492495536804199,-0.35751640796661377,-0.08937910199165344,-0.12882082164287567,-0.010553407482802868,-0.5354825258255005,-0.13387063145637512,-0.0369081124663353,-0.12014343589544296,0.09202490746974945,0.023006226867437363,-0.0010957960039377213,-0.055386483669281006,-0.03134913742542267,-0.007837284356355667,0.007077107205986977,-0.018120015040040016,-0.06286560744047165,-0.015716401860117912,-0.02615990675985813,0.030196452513337135,0.5888716578483582,0.14721791446208954,0.07000721246004105,0.10445307940244675,1.2803738117218018,0.32009345293045044,0.24795527756214142,-0.03242089971899986,0.06060290336608887,0.015150725841522217,-0.004505924414843321,-0.06558258831501007,2.9753243923187256,0.7438310980796814,0.7706676125526428,0.0010397970909252763,0.028192639350891113,0.007048159837722778,0.007188471034169197,0.06452085822820663,-0.04384922981262207,-0.010962307453155518,-0.015023626387119293,0.06144888326525688,-0.012880567461252213,-0.003220141865313053,-0.011557040736079216,0.013352668844163418,0.9559383392333984,0.2389845848083496,0.2648846507072449,-0.13526718318462372,-1.2453498840332031,-0.3113374710083008,-0.25860026478767395,0.03231206163764,-0.09233218431472778,-0.023083046078681946,-0.007224176079034805,0.014197379350662231,3.327162265777588,0.831790566444397,0.8695089817047119,-0.12014981359243393,-0.02917902171611786,-0.007294755429029465,-0.03490494191646576,0.05754474550485611,0.057409316301345825,0.014352329075336456,0.010724829509854317,0.04851696640253067,0.06352702528238297,0.01588175632059574,0.00577368400990963,-0.03265124931931496,1,0,0
0.1330183744430542,0.03325459361076355,0.0696374699473381,0.060535263270139694,-0.10539184510707855,-0.026347961276769638,-0.06380882114171982,-0.021577954292297363,-0.12372590601444244,-0.03093147650361061,-0.03895450755953789,0.08371025323867798,2.3195018768310547,0.5798754692077637,0.35478049516677856,0.2072337418794632,0.9177299737930298,0.22943249344825745,-0.29081568121910095,0.11550777405500412,-0.023174822330474854,-0.005793705582618713,0.03647296875715256,0.029228318482637405,-0.6282576322555542,-0.15706440806388855,-0.2774662375450134,0.13393700122833252,-0.7265647649765015,-0.18164119124412537,0.012942163273692131,0.04090174660086632,0.2957215905189514,0.07393039762973785,-0.040283653885126114,0.07588451355695724,1.1712369918823242,0.29280924797058105,0.41175228357315063,-0.06415397673845291,-0.09341080486774445,-0.02335270121693611,-0.14760027825832367,-0.023277604952454567,-0.6466778516769409,-0.16166946291923523,-0.036047421395778656,0.05522523075342178,-0.019271820783615112,-0.004817955195903778,0.0133302491158247,0.06643005460500717,-0.20731857419013977,-0.05182964354753494,0.03943999111652374,-0.01724097691476345,-0.11699989438056946,-0.029249973595142365,-0.030865231528878212,-0.034136343747377396,0.6279563903808594,0.15698909759521484,0.09346114844083786,0.009653854183852673,1.3287818431854248,0.3321954607963562,0.2523515224456787,-0.026544958353042603,0.08361076563596725,0.020902691408991814,0.003201734274625778,0.034210335463285446,2.9778246879577637,0.7444561719894409,0.7683058381080627,0.001144111156463623,-0.03638279438018799,-0.009095698595046997,0.010445453226566315,0.007651692721992731,-0.0032139644026756287,-0.0008034911006689072,-0.005833347328007221,-0.06022026017308235,0.09739074110984802,0.024347685277462006,-0.0003568893298506737,0.01691480353474617,1.1068882942199707,0.2767220735549927,0.234673410654068,-0.11583059281110764,-1.2400829792022705,-0.3100207448005676,-0.2714788317680359,-0.06743139028549194,-0.053761184215545654,-0.013440296053886414,-0.017788700759410858,-0.038874950259923935,3.364670991897583,0.8411677479743958,0.8526595234870911,-0.10703916847705841,0.010903239250183105,0.0027258098125457764,-0.030025267973542213,0.07330822199583054,0.02472088485956192,0.00618022121489048,0.01146477647125721,-0.017094707116484642,0.03537989407777786,0.008844973519444466,-0.006368615198880434,0.06524737179279327,0,0,1
-0.36936384439468384,-0.09234096109867096,0.04694125056266785,-0.10344889014959335,-0.12542031705379486,-0.031355079263448715,-0.0756412222981453,-0.01800677739083767,0.06980647146701813,0.017451617866754532,-0.03784339129924774,0.01284815650433302,2.6274282932281494,0.6568570733070374,0.431998610496521,0.27639636397361755,-0.19252420961856842,-0.048131052404642105,-0.24451807141304016,0.159697487950325,0.017120182514190674,0.0042800456285476685,0.04979020357131958,-0.04148416593670845,-0.3387778401374817,-0.08469446003437042,-0.22750474512577057,0.09739380329847336,-0.9002830982208252,-0.2250707745552063,0.014954457059502602,0.00438691396266222,0.48905646800994873,0.12226411700248718,-0.05193955451250076,0.06023038551211357,1.198007345199585,0.29950183629989624,0.392598956823349,-0.14248818159103394,0.08237390220165253,0.02059347555041313,-0.15765288472175598,0.022208048030734062,-0.7800376415252686,-0.19500941038131714,-0.05088934302330017,0.07134932279586792,-0.136634960770607,-0.03415874019265175,0.001292940229177475,-0.0422951877117157,-0.2575345039367676,-0.0643836259841919,0.03203184902667999,-0.04058709368109703,0.03401126712560654,0.008502816781401634,-0.021374013274908066,0.04517260938882828,0.9321045875549316,0.2330261468887329,0.11063357442617416,0.08848879486322403,1.1527307033538818,0.28818267583847046,0.2566986083984375,-0.03284403309226036,0.0071790385991334915,0.0017947596497833729,-0.007778035011142492,0.029197825118899345,3.0986366271972656,0.7746591567993164,0.7520988583564758,-0.04987239092588425,-0.0666709840297699,-0.016667746007442474,-0.004121170379221439,-0.054695975035429,0.07997311651706696,0.01999327912926674,-0.005979509092867374,0.03542574867606163,0.05369981750845909,0.013424954377114773,0.009893432259559631,-0.0062892138957977295,0.9992190003395081,0.24980475008487701,0.20139962434768677,0.027656614780426025,-1.0529812574386597,-0.2632453143596649,-0.2624298632144928,-0.024846697226166725,-0.004677627235651016,-0.001169406808912754,-0.01952928863465786,-0.0021453499794006348,3.3121285438537598,0.8280321359634399,0.8453727960586548,0.03115062788128853,0.1102316677570343,0.027557916939258575,-0.004751143045723438,0.06632641702890396,0.02701359987258911,0.006753399968147278,-0.0035835462622344494,-0.014677697792649269,0.03482748568058014,0.008706871420145035,0.002323577180504799,0.04018653556704521,0,0,1
-0.4308621287345886,-0.10771553218364716,0.005143735557794571,-0.043949730694293976,-0.1113266795873642,-0.02783166989684105,-0.0674004778265953,-0.04690655693411827,0.07134248316287994,0.017835620790719986,-0.004337719175964594,0.08875494450330734,2.8445112705230713,0.7111278176307678,0.5559486150741577,0.21962428092956543,-0.7500966787338257,-0.18752416968345642,-0.180448517203331,0.17224693298339844,-0.00824117660522461,-0.0020602941513061523,0.02345508523285389,-0.009724283590912819,-0.24960841238498688,-0.06240210309624672,-0.19145219027996063,0.1555088609457016,-0.7260464429855347,-0.18151161074638367,-0.001248546876013279,0.034318793565034866,0.27199721336364746,0.06799930334091187,-0.03944694250822067,0.07798688858747482,1.2120078802108765,0.3030019700527191,0.3662295937538147,-0.01801207661628723,0.2510865330696106,0.06277163326740265,-0.14878052473068237,-0.05729980021715164,-0.6811693906784058,-0.17029234766960144,-0.049326226115226746,0.05834026262164116,-0.054491326212882996,-0.013622831553220749,-0.006093211472034454,-0.015561294741928577,-0.02023439109325409,-0.005058597773313522,0.04368915408849716,-0.07471102476119995,-0.01668538898229599,-0.0041713472455739975,-0.022159423679113388,0.09585519880056381,0.9341251254081726,0.23353128135204315,0.14754649996757507,0.10216915607452393,1.1540864706039429,0.2885216176509857,0.2699350416660309,-0.003021240234375,0.03775235265493393,0.009438088163733482,-0.002972980961203575,-0.048255305737257004,3.160717010498047,0.7901792526245117,0.7725401520729065,0.02762429788708687,-0.028888478875160217,-0.007222119718790054,-0.004690864589065313,-0.06057213619351387,-0.005698900669813156,-0.001424725167453289,-0.007838621735572815,-0.04072307422757149,0.04483049735426903,0.011207624338567257,0.009066952392458916,0.040295135229825974,0.9691450595855713,0.24228626489639282,0.18523932993412018,0.009892142377793789,-1.0040457248687744,-0.2510114312171936,-0.2699681222438812,-0.01295211911201477,0.015101935714483261,0.0037754839286208153,0.00344257615506649,-0.049428023397922516,3.28922176361084,0.82230544090271,0.8360375761985779,-0.02008756995201111,0.09138394892215729,0.022845987230539322,-0.003346152137964964,0.006996536161750555,0.028446318581700325,0.007111579645425081,0.006106236949563026,-0.006749057676643133,0.02764291688799858,0.006910729221999645,0.008195804432034492,0.05793694406747818,0,0,1
-0.6993219256401062,-0.17483048141002655,-0.026088772341609,-0.1311141550540924,-0.016238853335380554,-0.0040597133338451385,-0.05265158414840698,0.04051722213625908,0.13826580345630646,0.034566450864076614,0.012140126898884773,-0.0003625810204539448,3.044588565826416,0.761147141456604,0.6346175670623779,0.22980999946594238,-0.8813610076904297,-0.22034025192260742,-0.18014612793922424,-0.013549786992371082,-0.12730973958969116,-0.03182743489742279,0.006384354084730148,0.04254646226763725,-0.20103171467781067,-0.05025792866945267,-0.16812480986118317,0.018851429224014282,-0.7181887626647949,-0.17954719066619873,0.006094500422477722,0.04349365457892418,0.17860589921474457,0.04465147480368614,-0.02337263524532318,0.03223339468240738,1.2127549648284912,0.3031887412071228,0.34097808599472046,-0.05155085399746895,0.2863691449165344,0.0715922862291336,-0.15007643401622772,-0.02115945890545845,-0.5865787267684937,-0.1466446816921234,-0.05004455894231796,-0.0598716214299202,-0.10161463916301727,-0.025403659790754318,-0.011964546516537666,0.011982971802353859,-0.08133655786514282,-0.020334139466285706,0.03917580097913742,0.06834124773740768,0.05043429136276245,0.012608572840690613,0.005705635994672775,0.007555448915809393,0.9944429397583008,0.2486107349395752,0.1600450873374939,0.01449158787727356,1.0780129432678223,0.26950323581695557,0.27036529779434204,-0.06667345017194748,0.033010467886924744,0.008252616971731186,-0.005624784622341394,-0.05886288359761238,3.233738899230957,0.8084347248077393,0.7803205847740173,-0.025639144703745842,-0.022718489170074463,-0.005679622292518616,-0.007771021220833063,-0.034134943038225174,0.054830312728881836,0.013707578182220459,-0.003539067693054676,-0.033390771597623825,-0.01052911952137947,-0.0026322798803448677,0.01137346401810646,0.034351229667663574,0.8841465711593628,0.2210366427898407,0.17386706173419952,0.03152940422296524,-0.9422478675842285,-0.23556196689605713,-0.24506717920303345,-0.027009448036551476,0.024042796343564987,0.006010699085891247,0.002517055720090866,-0.05908352881669998,3.244001865386963,0.8110004663467407,0.8302594423294067,-0.08734988421201706,0.115867018699646,0.0289667546749115,0.005045738071203232,-0.023840976879000664,0.003143521025776863,0.0007858802564442158,-0.001202407293021679,-0.07275450974702835,-0.01288751233369112,-0.00322187808342278,0.0054066115990281105,0.013000542297959328,0,1,0
-0.6601359844207764,-0.1650339961051941,-0.07074479758739471,-0.11749862879514694,-0.08931712806224823,-0.022329282015562057,-0.03858282417058945,-0.01941625587642193,0.12914101779460907,0.03228525444865227,0.0339738130569458,0.06433739513158798,3.2006921768188477,0.8001730442047119,0.7115819454193115,0.10711153596639633,-1.1370844841003418,-0.28427112102508545,-0.19807113707065582,-0.06594067066907883,-0.28068214654922485,-0.07017053663730621,-0.0014396952465176582,-0.07209911197423935,-0.27846574783325195,-0.06961643695831299,-0.14273908734321594,0.08504872769117355,-0.7390060424804688,-0.1847515106201172,0.008146766573190689,-0.06714176386594772,0.13704350590705872,0.03426087647676468,-0.025182031095027924,0.04045126587152481,1.1651315689086914,0.29128289222717285,0.3158304691314697,-0.008440637961030006,0.4098575711250305,0.10246439278125763,-0.1588214635848999,-0.04588351771235466,-0.43733200430870056,-0.10933300107717514,-0.039893005043268204,-0.05281014367938042,-0.07452119886875153,-0.01863029971718788,-0.004984592087566853,-0.020998341962695122,-0.10863876342773438,-0.027159690856933594,0.05399090796709061,0.0710541382431984,0.01851082220673561,0.004627705551683903,-0.00874869991093874,0.0400143526494503,1.030029535293579,0.2575073838233948,0.1897815614938736,0.04680037498474121,1.1983661651611328,0.2995915412902832,0.27566781640052795,-0.07056408375501633,0.0770043134689331,0.019251078367233276,-0.003622034564614296,0.0735795646905899,3.269463062286377,0.8173657655715942,0.79385906457901,0.0333639495074749,-0.01589132845401764,-0.00397283211350441,-0.005039194133132696,0.003600692842155695,0.02758878469467163,0.006897196173667908,0.0014935638755559921,-0.06636282801628113,-0.030488278716802597,-0.007622069679200649,0.01192040927708149,-0.06254430115222931,0.9114308953285217,0.22785772383213043,0.18359777331352234,-0.06310578435659409,-0.9761130213737488,-0.2440282553434372,-0.2334921509027481,0.05588185787200928,0.024296976625919342,0.0060742441564798355,-0.007298617623746395,0.06819901615381241,3.227290391921997,0.8068225979804993,0.8087188005447388,0.024958139285445213,0.0823822021484375,0.020595550537109375,-0.0009892042726278305,0.07316674292087555,0.06422547996044159,0.016056369990110397,0.006247235462069511,-0.021593039855360985,0.043641041964292526,0.010910260491073132,0.001267043873667717,0.07806064188480377,0,1,0
-0.8585759401321411,-0.21464398503303528,-0.09642278403043747,-0.055164773017168045,-0.01934085786342621,-0.004835214465856552,-0.025794360786676407,0.07000590860843658,0.14449505507946014,0.036123763769865036,0.04438711702823639,-0.0520251989364624,3.312530517578125,0.8281326293945312,0.7566002011299133,0.07794510573148727,-1.1857805252075195,-0.2964451313018799,-0.2178318202495575,-0.13184015452861786,-0.3740993142127991,-0.09352482855319977,-0.04278635233640671,-0.09908577054738998,-0.26825568079948425,-0.06706392019987106,-0.12767520546913147,0.0976681262254715,-0.8660883903503418,-0.21652209758758545,-0.003829983063042164,-0.008131283335387707,0.11414025723934174,0.028535064309835434,-0.03486732766032219,0.05096408352255821,1.0697380304336548,0.2674345076084137,0.3052609860897064,-0.005974453873932362,0.6475823521614075,0.16189558804035187,-0.17361049354076385,0.01056526880711317,-0.42565253376960754,-0.10641313344240189,-0.05755925178527832,-0.07060617208480835,-0.06954188644886017,-0.017385471612215042,-0.019648395478725433,-0.03467130661010742,-0.18280929327011108,-0.04570232331752777,0.04557383060455322,0.05951836332678795,0.08371926844120026,0.020929817110300064,0.00469385739415884,-0.01780146360397339,1.0399420261383057,0.2599855065345764,0.22460348904132843,0.08488490432500839,1.1618303060531616,0.2904575765132904,0.2717869281768799,-0.02711854875087738,0.03173470124602318,0.007933675311505795,0.009401245042681694,0.05666137859225273,3.310182809829712,0.827545702457428,0.8156788945198059,-0.018420100212097168,0.002624720335006714,0.0006561800837516785,-0.011146212927997112,-0.010741502046585083,0.019010990858078003,0.004752747714519501,0.0016087591648101807,0.003024166915565729,0.0031102560460567474,0.0007775640115141869,-0.0069793760776519775,0.003495287848636508,0.8451839685440063,0.2112959921360016,0.18197031319141388,0.09028544276952744,-1.0792685747146606,-0.26981714367866516,-0.24024178087711334,-0.03853059560060501,-0.0025389716029167175,-0.0006347429007291794,0.010938921943306923,-0.033971626311540604,3.213383436203003,0.8033458590507507,0.8175545930862427,0.0093386834487319,0.07814687490463257,0.019536718726158142,0.013331929221749306,0.07764414697885513,0.016478994861245155,0.004119748715311289,0.010801771655678749,0.0044710575602948666,-0.02508547529578209,-0.006271368823945522,0.011239541694521904,0.05649841949343681,0,1,0
-0.9523656964302063,-0.23809142410755157,-0.1473810076713562,-0.1653805375099182,-0.09992311894893646,-0.024980779737234116,-0.0288059264421463,0.09769894927740097,0.08249102532863617,0.020622756332159042,0.04145331680774689,0.02872239425778389,3.254953384399414,0.8137383460998535,0.7915141582489014,0.04651549085974693,-1.2954750061035156,-0.3238687515258789,-0.25429368019104004,-0.11149912327528,-0.5261737108230591,-0.13154342770576477,-0.06432174891233444,-0.0194994043558836,-0.1115787923336029,-0.027894698083400726,-0.10461818426847458,0.02480081282556057,-0.8035178184509277,-0.20087945461273193,0.013016143813729286,0.07219628244638443,-0.02481059357523918,-0.006202648393809795,-0.03330543637275696,0.018147749826312065,1.0382866859436035,0.2595716714859009,0.31106406450271606,-0.07365473359823227,0.6595799922943115,0.16489499807357788,-0.17258095741271973,0.04239540174603462,-0.3290983736515045,-0.08227459341287613,-0.046729348599910736,-0.07467915862798691,0.02210579812526703,0.005526449531316757,-0.011597704142332077,0.05759761482477188,-0.08883965015411377,-0.022209912538528442,0.04417480528354645,-0.02478051744401455,0.02412784844636917,0.006031962111592293,0.010280551388859749,-0.006100970786064863,1.0750068426132202,0.26875171065330505,0.2435244768857956,-0.004040747880935669,1.2274506092071533,0.30686265230178833,0.26441317796707153,0.014894360676407814,0.06323156505823135,0.01580789126455784,0.004950056783854961,0.03601568937301636,3.308116912841797,0.8270292282104492,0.8402976989746094,-0.04228119179606438,0.015131354331970215,0.0037828385829925537,-0.000680035911500454,0.019226158037781715,-0.02084687352180481,-0.005211718380451202,0.006022578105330467,0.0010972917079925537,0.04984986409544945,0.012462466023862362,0.0006744284182786942,0.08086687326431274,0.8071194291114807,0.20177985727787018,0.20436827838420868,-0.05453996732831001,-0.9208447933197021,-0.23021119832992554,-0.22651329636573792,0.011388427577912807,0.036036401987075806,0.009009100496768951,0.0054072430357337,-0.032777246087789536,3.2167763710021973,0.8041940927505493,0.8102753162384033,-0.040009208023548126,0.03689988702535629,0.009224971756339073,0.010493675246834755,-0.014216184616088867,-0.06366381049156189,-0.015915952622890472,-0.00037088990211486816,-0.01596388779580593,-0.014005099423229694,-0.0035012748558074236,0.009982757270336151,0.0337730310857296,0,1,0
-0.9091684222221375,-0.22729210555553436,-0.17490415275096893,-0.08462826907634735,-0.0866120308637619,-0.021653007715940475,-0.009958886541426182,-0.020046580582857132,0.13392479717731476,0.03348119929432869,0.029773803427815437,-0.08923178166151047,3.208308696746826,0.8020771741867065,0.8068546652793884,-0.04385562241077423,-1.2735109329223633,-0.3183777332305908,-0.2693803906440735,-0.12107323855161667,-0.5628992319107056,-0.1407248079776764,-0.07834750413894653,-0.03210332989692688,-0.18244364857673645,-0.04561091214418411,-0.07398941367864609,0.02527334727346897,-0.9943811893463135,-0.24859529733657837,0.0015096748247742653,0.01684786193072796,0.05154993012547493,0.012887482531368732,-0.0426119863986969,0.018766505643725395,1.0182586908340454,0.25456467270851135,0.28481805324554443,-0.0869894027709961,0.9079949259757996,0.2269987314939499,-0.19058555364608765,0.025632310658693314,-0.25074389576911926,-0.06268597394227982,-0.052141956984996796,-0.04332733154296875,0.01911751925945282,0.004779379814863205,-0.02222231961786747,0.06027034670114517,0.015867114067077637,0.003966778516769409,0.05620209127664566,0.003867596387863159,0.034551627933979034,0.008637906983494759,0.01905418373644352,0.07645674049854279,1.2386500835418701,0.30966252088546753,0.24998991191387177,0.057367920875549316,1.1163244247436523,0.2790811061859131,0.26654520630836487,-0.005340927746146917,0.046801116317510605,0.011700279079377651,0.009543143212795258,-0.03601163625717163,3.3266801834106445,0.8316700458526611,0.8323111534118652,0.01237258967012167,0.021829605102539062,0.005457401275634766,0.0020384779199957848,-0.04053834453225136,0.013619944453239441,0.0034049861133098602,0.005014536902308464,-0.010289209894835949,-0.027826912701129913,-0.006956728175282478,0.01035589911043644,-0.014094233512878418,0.7698757648468018,0.19246894121170044,0.21566250920295715,0.0005485654110088944,-1.0195081233978271,-0.2548770308494568,-0.21436843276023865,0.0826697126030922,0.019086848944425583,0.004771712236106396,0.0056551918387413025,-0.04639055207371712,3.1509077548980713,0.7877269387245178,0.8086133003234863,-0.03566291555762291,0.058289334177970886,0.014572333544492722,-0.00019688252359628677,-0.05469547584652901,0.051029596477746964,0.012757399119436741,0.003236595541238785,0.05999182537198067,0.000252406345680356,6.3101586420089e-05,0.001016952097415924,-0.037222616374492645,0,1,0
-1.0946394205093384,-0.2736598551273346,-0.21543708443641663,-0.10794506222009659,0.009637311100959778,0.0024093277752399445,-0.00922157522290945,0.05204658582806587,0.06816063821315765,0.017040159553289413,0.014739787206053734,0.06013510376214981,3.061194658279419,0.7652986645698547,0.7915656566619873,-0.0005747497198171914,-1.313765287399292,-0.328441321849823,-0.28412213921546936,-0.0678754448890686,-0.5828756093978882,-0.14571890234947205,-0.10695240646600723,-0.046893250197172165,-0.06244230270385742,-0.015610575675964355,-0.05741988867521286,0.08243333548307419,-1.0922666788101196,-0.2730666697025299,0.005682380869984627,0.08431553840637207,0.010381627827882767,0.0025954069569706917,-0.0545317605137825,0.01394578255712986,0.9091299176216125,0.22728247940540314,0.2885341942310333,0.030262066051363945,1.057702898979187,0.26442572474479675,-0.20339106023311615,-0.07108995318412781,-0.2675759494304657,-0.06689398735761642,-0.049289993941783905,-0.022863244637846947,-0.0700954794883728,-0.0175238698720932,-0.01894683763384819,0.07269056141376495,-0.09072089195251465,-0.022680222988128662,0.04444094002246857,-0.023555612191557884,-0.011625967919826508,-0.002906491979956627,0.027419371530413628,-0.0011738419998437166,1.1174405813217163,0.2793601453304291,0.27530258893966675,0.09396902471780777,1.1349130868911743,0.2837282717227936,0.24983598291873932,-0.07661625742912292,0.020184122025966644,0.005046030506491661,0.004608772695064545,-0.0038201212882995605,3.286216974258423,0.8215542435646057,0.8462868332862854,-0.05976036936044693,0.060645267367362976,0.015161316841840744,0.00894666463136673,-0.055952418595552444,-0.021338433027267456,-0.005334608256816864,0.008819261565804482,0.04571216180920601,-0.02667400985956192,-0.00666850246489048,-0.0089504923671484,0.01710149645805359,0.8454105854034424,0.2113526463508606,0.21585088968276978,0.062112655490636826,-1.088858962059021,-0.27221474051475525,-0.21940764784812927,-0.07021288573741913,-0.011544160544872284,-0.002886040136218071,0.01959914155304432,0.06906773149967194,3.1290409564971924,0.7822602391242981,0.8209036588668823,0.06306686252355576,0.06165257841348648,0.01541314460337162,0.011244093999266624,0.00415768614038825,-0.0778542309999466,-0.01946355774998665,0.0073355622589588165,0.0421067476272583,0.06311177462339401,0.015777943655848503,0.011755498126149178,0.05834481865167618,0,1,0
-1.0021766424179077,-0.25054416060447693,-0.2354968935251236,-0.03982790187001228,-0.047258421778678894,-0.011814605444669724,-0.002959804143756628,0.05891786888241768,0.08326469361782074,0.020816173404455185,-0.0010089874267578125,-0.03966708108782768,2.9777660369873047,0.7444415092468262,0.7720298171043396,-0.014307349920272827,-1.328060269355774,-0.3320150673389435,-0.29624974727630615,-0.06572165340185165,-0.568286120891571,-0.14207153022289276,-0.11881697177886963,-0.0693318173289299,-0.2009354531764984,-0.0502338632941246,-0.05143733322620392,0.11907805502414703,-1.081105351448059,-0.27027633786201477,0.022741423919796944,0.02939624898135662,-0.04481208696961403,-0.011203021742403507,-0.060961782932281494,-0.05390874296426773,0.828559160232544,0.207139790058136,0.27251484990119934,-0.07650772482156754,1.2697030305862427,0.31742575764656067,-0.1982717365026474,-0.08509784191846848,-0.04796522855758667,-0.011991307139396667,-0.0557565912604332,0.017191564664244652,0.047237567603588104,0.011809391900897026,-0.013136325404047966,0.052421677857637405,0.025062456727027893,0.006265614181756973,0.04914591461420059,0.05140203237533569,0.026691127568483353,0.006672781892120838,0.03334948420524597,-0.025162044912576675,1.2522560358047485,0.31306400895118713,0.2799133062362671,0.11442486196756363,1.2991909980773926,0.32479774951934814,0.24306444823741913,-0.04587173089385033,0.047873109579086304,0.011968277394771576,0.0029021073132753372,-0.08135446161031723,3.258732318878174,0.8146830797195435,0.8449102640151978,-0.007882154546678066,0.04978892207145691,0.012447230517864227,-0.0007925163954496384,0.05204447731375694,-0.04749004542827606,-0.011872511357069016,0.00754508376121521,-0.06503935903310776,0.06189916655421257,0.015474791638553143,0.007605589926242828,-0.017203224822878838,0.6673781275749207,0.16684453189373016,0.228069469332695,-0.018871838226914406,-0.9413878321647644,-0.2353469580411911,-0.21304525434970856,-0.033704690635204315,0.031110212206840515,0.007777553051710129,0.010271893814206123,-0.04873970150947571,3.088113307952881,0.7720283269882202,0.8101322054862976,0.04822833463549614,0.0029253587126731873,0.0007313396781682968,-0.0039304038509726524,-0.047247178852558136,-0.11212357878684998,-0.028030894696712494,-0.006653951480984688,0.012944377027451992,-0.015782054513692856,-0.003945513628423214,0.004040302708745003,-0.035157814621925354,0,1,0
-1.145044207572937,-0.28626105189323425,-0.28047943115234375,-0.1410193294286728,-0.16322068870067596,-0.04080517217516899,0.0014555640518665314,-0.0438082218170166,0.11727385222911835,0.029318463057279587,0.003244309686124325,0.00024396777735091746,2.8582770824432373,0.7145692706108093,0.7461721897125244,-0.024210942909121513,-1.324942946434021,-0.33123573660850525,-0.31563758850097656,-0.06514732539653778,-0.5028569102287292,-0.1257142275571823,-0.12655197083950043,-0.0005521416896954179,-0.024273663759231567,-0.006068415939807892,-0.03394114971160889,-0.028238046914339066,-0.9198966026306152,-0.2299741506576538,0.023056307807564735,0.07309912890195847,-0.06258074939250946,-0.015645187348127365,-0.05188417434692383,0.06831593811511993,0.8606605529785156,0.2151651382446289,0.24749992787837982,-0.10887549072504044,1.6670066118240356,0.4167516529560089,-0.20624519884586334,-0.03639485687017441,0.17138522863388062,0.042846307158470154,-0.06319788843393326,0.06353159248828888,0.07481631636619568,0.01870407909154892,-0.008580807596445084,0.045374978333711624,-0.023114711046218872,-0.005778677761554718,0.05675344914197922,0.017054636031389236,0.07156327366828918,0.017890818417072296,0.02304358221590519,-0.006844347808510065,1.33354914188385,0.3333872854709625,0.3105315864086151,0.006198608782142401,1.3534643650054932,0.3383660912513733,0.2426825314760208,0.06289643049240112,0.05282485485076904,0.01320621371269226,0.001052183099091053,-0.02671629562973976,3.233114719390869,0.8082786798477173,0.8326916694641113,0.04421287775039673,0.05695553869009018,0.014238884672522545,0.0031706131994724274,-0.04828585684299469,-0.0019250363111495972,-0.0004812590777873993,0.00023609958589076996,-0.027157673612236977,-0.00022399798035621643,-5.599949508905411e-05,0.002009997144341469,-0.03259816765785217,0.6109738349914551,0.15274345874786377,0.22969433665275574,-0.07058124989271164,-0.9958042502403259,-0.24895106256008148,-0.21684981882572174,-0.007373708765953779,0.0030323825776576996,0.0007580956444144249,0.011789945885539055,-0.028523435816168785,3.054544448852539,0.7636361122131348,0.816175103187561,0.01201280951499939,0.07773298025131226,0.019433245062828064,0.0017791511490941048,0.04883459955453873,-0.0427381731569767,-0.010684543289244175,0.0007963869720697403,-0.022923558950424194,0.07018419355154037,0.017546048387885094,-0.0002729929983615875,-0.03651643916964531,0,1,0
-1.0713794231414795,-0.2678448557853699,-0.29572492837905884,-0.1219276413321495,-0.11184994876384735,-0.027962487190961838,-0.0006317002698779106,-0.029443392530083656,0.09660203754901886,0.024150509387254715,0.0037840744480490685,-0.053687918931245804,2.728336811065674,0.6820842027664185,0.707912027835846,-0.024206234142184258,-1.2746355533599854,-0.31865888833999634,-0.3255046606063843,0.03901844099164009,-0.49497920274734497,-0.12374480068683624,-0.12815330922603607,0.06946541368961334,-0.0769052654504776,-0.0192263163626194,-0.0013374341651797295,0.0985497236251831,-0.918365478515625,-0.22959136962890625,0.027048343792557716,-0.012140554375946522,-0.11278162896633148,-0.02819540724158287,-0.05435251444578171,0.01583133451640606,0.7980228662490845,0.19950571656227112,0.2204439789056778,-0.06526482105255127,1.6594294309616089,0.4148573577404022,-0.2098075896501541,-0.06333377212285995,0.3092920482158661,0.07732301205396652,-0.049444735050201416,-0.07245631515979767,-0.06270565092563629,-0.015676412731409073,-0.002610260620713234,-0.006579542066901922,-0.11868387460708618,-0.029670968651771545,0.045984283089637756,0.06137406826019287,-0.055512260645627975,-0.013878065161406994,0.02833627723157406,-0.05383419618010521,1.2262275218963623,0.3065568804740906,0.32574227452278137,-0.045379042625427246,1.1716580390930176,0.2929145097732544,0.256769597530365,-0.037083327770233154,0.010659422725439072,0.002664855681359768,-0.006251390092074871,-0.02030668966472149,3.2140519618988037,0.8035129904747009,0.8381465673446655,-0.08001048862934113,0.0898936539888382,0.02247341349720955,0.020292414352297783,-0.01235111989080906,0.020293474197387695,0.005073368549346924,0.01443122886121273,-0.02080334536731243,0.018098320811986923,0.004524580202996731,-0.006210184656083584,-0.056586768478155136,0.7471229434013367,0.18678073585033417,0.21386350691318512,-0.04813731834292412,-1.0312690734863281,-0.25781726837158203,-0.226823091506958,-0.01840078830718994,0.009632200002670288,0.002408050000667572,0.005268396809697151,0.03244582563638687,3.103541851043701,0.7758854627609253,0.8057283163070679,0.05853792652487755,0.008844956755638123,0.0022112391889095306,0.007529003545641899,-0.05165252089500427,-0.05598995462059975,-0.013997488655149937,0.0003310786560177803,-0.022739797830581665,0.03793581202626228,0.00948395300656557,0.01098303310573101,-0.025156153365969658,0,1,0
-1.0871927738189697,-0.27179819345474243,-0.31429821252822876,0.006896770093590021,-0.0012551993131637573,-0.00031379982829093933,0.006203150376677513,-0.040505390614271164,0.11647249758243561,0.029118124395608902,-0.002217634581029415,0.06903939694166183,2.615424156188965,0.6538560390472412,0.6799281239509583,-0.1300446093082428,-1.123863697052002,-0.2809659242630005,-0.3099934458732605,-0.04019489511847496,-0.5007322430610657,-0.12518306076526642,-0.14401011168956757,0.02704160287976265,-0.08229278028011322,-0.020573195070028305,0.022840892896056175,-0.01760122738778591,-1.0060358047485352,-0.2515089511871338,0.023537157103419304,0.0574827678501606,-0.11524553596973419,-0.028811383992433548,-0.05403922498226166,-0.004207980819046497,0.7340471148490906,0.18351177871227264,0.20849651098251343,-0.046207357197999954,1.7814048528671265,0.4453512132167816,-0.2103646844625473,0.05914889648556709,0.4022789001464844,0.1005697250366211,-0.04871111363172531,-0.02714419923722744,-0.0653892457485199,-0.016347311437129974,0.012921588495373726,0.02606372907757759,-0.200528085231781,-0.05013202130794525,0.04223781079053879,0.000432926433859393,0.005314450711011887,0.0013286126777529716,0.02042207680642605,0.0019513607257977128,1.2705154418945312,0.3176288604736328,0.32417067885398865,-0.038695599883794785,1.1838648319244385,0.2959662079811096,0.25093963742256165,-0.0007755577680654824,-0.002175651490688324,-0.000543912872672081,-0.009871833957731724,-0.07804647088050842,3.2318928241729736,0.8079732060432434,0.838141143321991,-0.0403766892850399,0.04117283225059509,0.010293208062648773,0.016953205689787865,-0.0659351572394371,0.018463656306266785,0.004615914076566696,0.011319702491164207,0.06871630251407623,0.04749681428074837,0.011874203570187092,0.008990013971924782,0.006671398878097534,0.7130216360092163,0.17825540900230408,0.2130277156829834,0.021462321281433105,-1.0218522548675537,-0.2554630637168884,-0.24254241585731506,-0.05374562367796898,0.009988710284233093,0.0024971775710582733,0.009454557672142982,0.06135677173733711,3.189971923828125,0.7974929809570312,0.8133420944213867,-0.045704711228609085,0.024331621825695038,0.0060829054564237595,8.14627856016159e-05,0.01545937079936266,-0.06994976103305817,-0.01748744025826454,0.0033198054879903793,-0.024908769875764847,0.008890797384083271,0.0022226993460208178,0.014261353760957718,0.05926661565899849,0,1,0
-1.0812840461730957,-0.2703210115432739,-0.3292354643344879,-0.019147789105772972,-0.10451541841030121,-0.026128854602575302,-0.0015268083661794662,0.0327937975525856,0.20878256857395172,0.05219564214348793,0.017783140763640404,0.05278005823493004,2.436716079711914,0.6091790199279785,0.6397078633308411,-0.08967369794845581,-1.115763545036316,-0.278940886259079,-0.3061359226703644,0.02058461867272854,-0.3878628611564636,-0.0969657152891159,-0.12729455530643463,-0.046838801354169846,0.12637180089950562,0.031592950224876404,0.039667725563049316,0.02229536883533001,-0.8106205463409424,-0.2026551365852356,0.014290252700448036,-0.06591480225324631,-0.12249931693077087,-0.03062482923269272,-0.06245899200439453,-0.06834282726049423,0.8339613080024719,0.20849032700061798,0.188874751329422,-0.11044309288263321,2.0425853729248047,0.5106463432312012,-0.2169620841741562,0.02749708853662014,0.5253919959068298,0.13134799897670746,-0.057306915521621704,0.038462139666080475,0.04267210513353348,0.01066802628338337,0.01041683740913868,-0.07268010824918747,-0.10981959104537964,-0.02745489776134491,0.035683706402778625,-0.024081720039248466,-0.040920648723840714,-0.010230162180960178,0.028558170422911644,0.03786454349756241,1.3362624645233154,0.33406561613082886,0.33838826417922974,0.008649027906358242,1.2497074604034424,0.3124268651008606,0.2524144649505615,-0.07045850157737732,0.019480183720588684,0.004870045930147171,-0.019447334110736847,-0.02758815698325634,3.1840972900390625,0.7960243225097656,0.8377028703689575,0.021669810637831688,0.0633876770734787,0.015846919268369675,0.024741770699620247,0.059521641582250595,-0.036610983312129974,-0.009152745828032494,0.005587289109826088,-0.06304881721735,-0.0485096238553524,-0.0121274059638381,-0.003635942004621029,0.058752309530973434,0.6526410579681396,0.1631602644920349,0.19104667007923126,-0.09676767885684967,-1.0452762842178345,-0.2613190710544586,-0.2471248358488083,0.06335357576608658,0.0023037083446979523,0.0005759270861744881,0.012190612033009529,0.043325331062078476,3.1379380226135254,0.7844845056533813,0.8213791251182556,-0.04226063936948776,0.02800716459751129,0.007001791149377823,0.011364307254552841,-0.05397016927599907,-0.09441455453634262,-0.023603638634085655,0.004755259491503239,-0.002173441695049405,-0.03538057580590248,-0.00884514395147562,0.006228871643543243,-0.0489194355905056,0,1,0
-1.1263296604156494,-0.28158241510391235,-0.3343529999256134,0.06329741328954697,-0.11161307990550995,-0.027903269976377487,-0.01986883580684662,-0.0017753004794940352,0.23267938196659088,0.05816984549164772,0.0368892177939415,0.0784812793135643,2.1629064083099365,0.5407266020774841,0.6127647757530212,-0.08889538794755936,-1.0468026399612427,-0.26170065999031067,-0.306425541639328,0.04753844812512398,-0.32427847385406494,-0.08106961846351624,-0.13109458982944489,0.04286302253603935,0.2549535036087036,0.0637383759021759,0.054031163454055786,0.002810180187225342,-0.6758531332015991,-0.16896328330039978,0.014791518449783325,0.0037749826442450285,-0.18625037372112274,-0.046562593430280685,-0.05506613850593567,0.07427755743265152,0.9256417751312256,0.2314104437828064,0.1623505800962448,-0.07377944141626358,1.9553600549697876,0.4888400137424469,-0.21997612714767456,-0.056908465921878815,0.5063266754150391,0.12658166885375977,-0.048077791929244995,-0.032399892807006836,-0.11485697329044342,-0.028714243322610855,0.01615392230451107,0.022394275292754173,-0.12666764855384827,-0.03166691213846207,0.024834683164954185,-0.04685618355870247,-0.13260971009731293,-0.03315242752432823,0.018948646262288094,-0.07019487768411636,1.1797456741333008,0.2949364185333252,0.33228108286857605,-0.04358815774321556,1.2667306661605835,0.3166826665401459,0.25819745659828186,0.013751071877777576,0.01657791994512081,0.004144479986280203,-0.009383048862218857,0.05354190990328789,3.1523590087890625,0.7880897521972656,0.8298569321632385,-0.006811863277107477,0.058362334966659546,0.014590583741664886,0.019224653020501137,-0.0714353397488594,0.018501274287700653,0.004625318571925163,-0.00010514352470636368,0.001965767238289118,0.01989021524786949,0.004972553811967373,-0.008330114185810089,0.03033355437219143,0.7544717788696289,0.18861794471740723,0.17853574454784393,-0.03125888109207153,-1.1261101961135864,-0.2815275490283966,-0.23923715949058533,0.04263787344098091,-0.02482294663786888,-0.00620573665946722,0.009270474314689636,-0.06072868034243584,3.2245500087738037,0.8061375021934509,0.8100924491882324,-0.07512038201093674,0.04005149006843567,0.010012872517108917,0.0043431781232357025,0.0037685930728912354,-0.03097272291779518,-0.007743180729448795,-0.011384328827261925,0.002788674784824252,0.037477437406778336,0.009369359351694584,0.0037501752376556396,0.04354478046298027,0,1,0
-1.091083288192749,-0.27277082204818726,-0.32634037733078003,0.013136393390595913,0.12530817091464996,0.03132704272866249,-0.02115747518837452,-0.04331786558032036,0.2080228179693222,0.05200570449233055,0.04997949302196503,0.020549941807985306,2.0108370780944824,0.5027092695236206,0.5617672801017761,-0.11373748630285263,-1.0578157901763916,-0.2644539475440979,-0.286550372838974,0.05197092518210411,-0.2776702046394348,-0.0694175511598587,-0.11128721386194229,0.06575393676757812,0.07214820384979248,0.01803705096244812,0.06369350850582123,0.014767206273972988,-0.8541241884231567,-0.21353104710578918,-0.003944121766835451,-0.052345532923936844,-0.16737519204616547,-0.04184379801154137,-0.043728411197662354,0.04996910318732262,1.019534707069397,0.25488367676734924,0.1643459051847458,-0.025748616084456444,1.8254154920578003,0.4563538730144501,-0.21927134692668915,-0.013434297405183315,0.5032997131347656,0.1258249282836914,-0.03877149522304535,0.07135593891143799,-0.09255662560462952,-0.02313915640115738,0.023627204820513725,0.027268720790743828,-0.23910823464393616,-0.05977705866098404,0.024399274960160255,-0.013745146803557873,-0.0625331848859787,-0.015633296221494675,0.008569363504648209,0.01350793894380331,1.1586779356002808,0.2896694839000702,0.34354066848754883,0.018171805888414383,1.1143006086349487,0.2785751521587372,0.25205197930336,-0.047195255756378174,0.00555911660194397,0.0013897791504859924,-0.0018417108803987503,-0.01962651126086712,3.212564468383789,0.8031411170959473,0.8202390074729919,-0.026027917861938477,0.10563135147094727,0.026407837867736816,0.02035473845899105,-0.023993873968720436,0.03140724450349808,0.00785181112587452,0.001870867796242237,-0.00905388593673706,-0.01430479809641838,-0.003576199524104595,-0.0048164185136556625,-0.005985897965729237,0.7960228323936462,0.19900570809841156,0.18375615775585175,-0.020539773628115654,-1.121864676475525,-0.2804661691188812,-0.25487443804740906,0.04868915304541588,-0.020419154316186905,-0.005104788579046726,-0.0044737523421645164,-0.05517038702964783,3.2686848640441895,0.8171712160110474,0.8230870366096497,-0.03357481583952904,-0.007591873407363892,-0.001897968351840973,-0.0028199423104524612,-0.03200396150350571,0.009192708879709244,0.002298177219927311,-0.0009194128215312958,0.020934486761689186,-0.05461806431412697,-0.013654516078531742,0.0015728147700428963,-0.01994963362812996,0,1,0
-0.9905321598052979,-0.24763303995132446,-0.3351682424545288,0.061665426939725876,0.3155274987220764,0.0788818746805191,-0.016338184475898743,0.054986514151096344,0.15332232415676117,0.03833058103919029,0.0546310693025589,-0.02198043465614319,1.6966562271118164,0.4241640567779541,0.5177751183509827,-0.15877951681613922,-1.2416870594024658,-0.31042176485061646,-0.27585268020629883,-0.03255099803209305,-0.23430904746055603,-0.05857726186513901,-0.11051585525274277,0.09218382090330124,0.06301996111869812,0.01575499027967453,0.07220271229743958,-0.028308963403105736,-0.7598675489425659,-0.18996688723564148,0.005149513483047485,0.001332437968812883,-0.14851228892803192,-0.03712807223200798,-0.04945104569196701,-0.0760359838604927,1.1906356811523438,0.29765892028808594,0.17243218421936035,0.004971850197762251,1.5030549764633179,0.37576374411582947,-0.2493591606616974,-0.008569682016968727,0.3846854269504547,0.09617135673761368,-0.03851122409105301,0.05403667688369751,-0.1990891844034195,-0.049772296100854874,0.028977951034903526,-0.07345562428236008,-0.3778725266456604,-0.0944681316614151,0.007288644090294838,-0.07084151357412338,-0.11307795345783234,-0.028269488364458084,-0.008104363456368446,-0.056989140808582306,1.128434419631958,0.2821086049079895,0.34359410405158997,-0.07959498465061188,1.1540225744247437,0.2885056436061859,0.2492171972990036,0.006548506207764149,-0.027953550219535828,-0.006988387554883957,-0.009364058263599873,-0.03152354061603546,3.246802806854248,0.811700701713562,0.8328465819358826,0.01822851411998272,0.05790267884731293,0.014475669711828232,0.015811119228601456,0.07095392048358917,-0.014200843870639801,-0.0035502109676599503,0.00977570004761219,0.041534673422575,-0.027083929628133774,-0.0067709824070334435,-0.004521253518760204,0.008063632063567638,0.9303808212280273,0.23259520530700684,0.1667465716600418,0.04884561523795128,-1.0490423440933228,-0.2622605860233307,-0.25336554646492004,-0.018785053864121437,-0.013109736144542694,-0.0032774340361356735,-0.011222007684409618,-0.03688059374690056,3.4051287174224854,0.8512821793556213,0.8164849281311035,-0.01517604012042284,0.03402508795261383,0.008506271988153458,-0.007525421213358641,-0.05454070493578911,-0.015392374247312546,-0.0038480935618281364,-0.012862439267337322,0.017652511596679688,0.004634891636669636,0.001158722909167409,0.0017669107764959335,0.05963904783129692,0,1,0
-1.0724809169769287,-0.2681202292442322,-0.32451295852661133,0.02561497688293457,0.1636151224374771,0.04090378060936928,-0.021253133192658424,0.043582987040281296,0.0916493684053421,0.022912342101335526,0.06029115617275238,0.005509555339813232,1.5088446140289307,0.37721115350723267,0.4696638584136963,-0.21259339153766632,-1.4902621507644653,-0.37256553769111633,-0.28816792368888855,-0.01600586250424385,-0.14179480075836182,-0.035448700189590454,-0.09002891927957535,-0.002476656576618552,0.262543261051178,0.0656358152627945,0.07318593561649323,0.04326561838388443,-0.45474451780319214,-0.11368612945079803,0.009228657931089401,-0.05877509340643883,-0.1689276546239853,-0.04223191365599632,-0.06063533574342728,-0.015658622607588768,1.4816100597381592,0.3704025149345398,0.20386601984500885,0.10297086089849472,1.5013352632522583,0.3753338158130646,-0.26718243956565857,-0.08340083062648773,0.3508202135562897,0.08770505338907242,-0.024574069306254387,0.054615117609500885,-0.1288517862558365,-0.03221294656395912,0.0211141649633646,-0.049908824265003204,-0.03336267173290253,-0.008340667933225632,0.00907711312174797,0.000981497811153531,-0.10124747455120087,-0.025311868637800217,-0.009621884673833847,-0.0429176390171051,1.2078272104263306,0.30195680260658264,0.33555564284324646,0.002958273980766535,1.154681921005249,0.28867048025131226,0.24843226373195648,0.02986077032983303,0.002190828323364258,0.0005477070808410645,-0.0035652844235301018,0.05313302204012871,3.3787009716033936,0.8446752429008484,0.8437569737434387,-0.006150424480438232,0.04184402525424957,0.010461006313562393,0.027211351320147514,0.057804133743047714,-0.12240849435329437,-0.030602123588323593,-0.00036818068474531174,-0.09503161162137985,0.0001757889986038208,4.39472496509552e-05,7.779896259307861e-05,-0.04719891771674156,0.9234317541122437,0.2308579385280609,0.1661096215248108,0.009377086535096169,-1.0382111072540283,-0.2595527768135071,-0.2640860080718994,0.018202561885118484,-0.00396168977022171,-0.0009904224425554276,0.005719611421227455,0.02541942708194256,3.4301881790161133,0.8575470447540283,0.835296630859375,0.10273294895887375,0.04395250976085663,0.010988127440214157,-0.0022128596901893616,0.05922133848071098,0.0553365983068943,0.013834149576723576,-0.0007399134337902069,0.06624817848205566,-0.05045999959111214,-0.012614999897778034,-0.004117630422115326,0.06335359066724777,0,1,0
-1.079392910003662,-0.2698482275009155,-0.31376299262046814,0.047157276421785355,0.2352723926305771,0.05881809815764427,-0.01866036280989647,0.0533764623105526,0.03811486437916756,0.00952871609479189,0.06343275308609009,-0.02514706365764141,1.3819020986557007,0.34547552466392517,0.44504591822624207,-0.051104772835969925,-1.6712714433670044,-0.4178178608417511,-0.2709672152996063,0.12002735584974289,0.06504347920417786,0.016260869801044464,-0.05843742936849594,0.10620863735675812,0.29745835065841675,0.07436458766460419,0.05060926079750061,0.06339512020349503,-0.11269819736480713,-0.028174549341201782,0.014023436233401299,0.021477794274687767,-0.3052671253681183,-0.07631678134202957,-0.07425647228956223,0.010338532738387585,1.8118891716003418,0.45297229290008545,0.2403063029050827,0.07571601122617722,1.5713850259780884,0.3928462564945221,-0.3123016655445099,-0.12234576046466827,0.33889955282211304,0.08472488820552826,-0.021847708150744438,0.0017742514610290527,-0.09569013118743896,-0.02392253279685974,-0.006018761545419693,-0.10136345773935318,0.08687750995159149,0.021719377487897873,-0.0016198847442865372,0.042515624314546585,-0.09374263882637024,-0.02343565970659256,-0.023434005677700043,0.05595456436276436,1.2995702028274536,0.3248925507068634,0.32397758960723877,0.017765313386917114,1.0000829696655273,0.25002074241638184,0.24675877392292023,-0.03209836035966873,-0.05128314346075058,-0.012820785865187645,-0.0011913115158677101,0.021885503083467484,3.580585479736328,0.895146369934082,0.8637899160385132,0.07021971046924591,-0.020523101091384888,-0.005130775272846222,0.00822833925485611,0.03249550983309746,-0.051858484745025635,-0.012964621186256409,-0.0021867845207452774,0.03254946693778038,0.04483833536505699,0.011209583841264248,2.298504114151001e-05,0.06129572540521622,0.8446539640426636,0.2111634910106659,0.17741818726062775,-0.06487678736448288,-1.0642915964126587,-0.2660728991031647,-0.25419747829437256,-0.013379871845245361,0.008612953126430511,0.002153238281607628,-0.009514660574495792,0.05504654720425606,3.568143129348755,0.8920357823371887,0.8515180945396423,0.05897502973675728,0.04964370280504227,0.012410925701260567,0.010806787759065628,-0.01755165494978428,-0.04628137871623039,-0.011570344679057598,-0.0030871154740452766,0.00854427833110094,-0.019022662192583084,-0.004755665548145771,-0.005436944775283337,0.04881783947348595,0,1,0
-1.0004465579986572,-0.2501116394996643,-0.2963600158691406,0.044431041926145554,0.6579383015632629,0.16448457539081573,-0.010009745135903358,0.04992029815912247,-0.22360970079898834,-0.055902425199747086,0.06271693855524063,-0.0883122906088829,1.2642868757247925,0.3160717189311981,0.46128249168395996,-0.05996878072619438,-1.8922723531723022,-0.47306808829307556,-0.24315685033798218,0.1302347630262375,0.2784731388092041,0.06961828470230103,0.0075373779982328415,0.12167578190565109,0.04284697771072388,0.01071174442768097,0.053326644003391266,-0.05265967175364494,-0.013714969158172607,-0.003428742289543152,0.019413555040955544,0.08987820148468018,-0.4003315567970276,-0.1000828891992569,-0.0756298378109932,0.007328784558922052,2.153449535369873,0.5383623838424683,0.3113915026187897,0.24038293957710266,0.5470324158668518,0.13675810396671295,-0.3154553771018982,0.023690897971391678,0.32996252179145813,0.08249063044786453,-0.021180586889386177,-0.06727389246225357,-0.09525461494922638,-0.023813653737306595,-0.00846043135970831,-0.09393530339002609,0.21582195162773132,0.05395548790693283,0.008420895785093307,0.025995850563049316,-0.12207698822021484,-0.03051924705505371,-0.014941074885427952,-0.043797072023153305,1.1852883100509644,0.2963220775127411,0.3001016676425934,-0.045434560626745224,1.08706796169281,0.2717669904232025,0.2446182817220688,0.02109663560986519,-0.06536466628313065,-0.01634116657078266,-0.023957407101988792,-0.07205594331026077,3.742445230484009,0.9356113076210022,0.8806965947151184,0.13914179801940918,0.04302820563316345,0.010757051408290863,0.002376134507358074,0.0046765864826738834,-0.09050454199314117,-0.022626135498285294,-0.006146316882222891,0.02238559164106846,0.029373906552791595,0.007343476638197899,0.0039359452202916145,-0.0605628602206707,0.9668740034103394,0.24171850085258484,0.1808149516582489,0.0003827691252809018,-1.0465511083602905,-0.26163777709007263,-0.24878676235675812,0.03819870948791504,0.006478140130639076,0.001619535032659769,0.0013399384915828705,-0.05168362334370613,3.715808391571045,0.9289520978927612,0.8756164908409119,0.07674741744995117,-0.009775668382644653,-0.0024439170956611633,-0.001297730952501297,0.027123093605041504,0.0033009834587574005,0.0008252458646893501,0.0020843204110860825,-0.019990427419543266,0.006511564366519451,0.0016278910916298628,0.0043986085802316666,-0.0073989215306937695,0,0,1
-1.067970871925354,-0.2669927179813385,-0.2782582640647888,-0.02062019146978855,0.9801252484321594,0.24503131210803986,-0.006533960811793804,0.06711416691541672,-0.3344470262527466,-0.08361175656318665,0.05062229931354523,0.020670592784881592,1.1949753761291504,0.2987438440322876,0.4584057927131653,-0.013592910952866077,-2.0169429779052734,-0.5042357444763184,-0.221349835395813,0.11954648792743683,0.40389853715896606,0.10097463428974152,0.04076347500085831,-0.024595368653535843,-0.1990809142589569,-0.04977022856473923,0.036109551787376404,-0.145777627825737,0.05153501033782959,0.012883752584457397,0.0240990798920393,-0.0505201481282711,-0.4695659577846527,-0.11739148944616318,-0.08420821279287338,-0.08844941854476929,2.6247024536132812,0.6561756134033203,0.4007740020751953,0.2556398808956146,-0.85310298204422,-0.213275745511055,-0.31348705291748047,-0.031763955950737,0.2534130811691284,0.0633532702922821,-0.010845108889043331,-0.0281650610268116,-0.03599059581756592,-0.00899764895439148,-0.015224776230752468,-0.07011862099170685,0.25531378388404846,0.06382844597101212,0.005328153260052204,0.004217577166855335,0.010578859597444534,0.0026447148993611336,-0.013559713959693909,-0.08655112981796265,1.1513348817825317,0.28783372044563293,0.2710544764995575,-0.11626984179019928,1.1712898015975952,0.2928224503993988,0.2411430925130844,-0.05306999757885933,0.002261251211166382,0.0005653128027915955,-0.02017403021454811,-0.018163805827498436,3.835043430328369,0.9587608575820923,0.9132430553436279,0.054457616060972214,-0.009431019425392151,-0.0023577548563480377,0.016038337722420692,-0.024040663614869118,-0.04850663244724274,-0.012126658111810684,-0.002163679338991642,-0.03629264608025551,0.05445093289017677,0.013612733222544193,0.0017679175361990929,0.010234546847641468,1.0220670700073242,0.25551676750183105,0.18311767280101776,0.08151043951511383,-1.253379225730896,-0.313344806432724,-0.2477894127368927,0.06211761385202408,-0.037302032113075256,-0.009325508028268814,-0.005801609717309475,-0.044916391372680664,3.7758145332336426,0.9439536333084106,0.8940995931625366,0.042839791625738144,0.012077301740646362,0.0030193254351615906,0.0019761724397540092,-0.03018573857843876,-0.07452363520860672,-0.01863090880215168,-0.00827951543033123,0.05093273147940636,-0.08358973264694214,-0.020897433161735535,-0.00417279452085495,-0.033712662756443024,0,0,1
-1.1213408708572388,-0.2803352177143097,-0.2746070325374603,0.005047989077866077,1.04539954662323,0.2613498866558075,0.011828882619738579,-0.040104836225509644,-0.49709662795066833,-0.12427415698766708,0.04359930753707886,-0.08120414614677429,1.1366026401519775,0.2841506600379944,0.47519952058792114,0.05264955759048462,-1.9773387908935547,-0.49433469772338867,-0.20323792099952698,-0.009860974736511707,0.6297065615653992,0.1574266403913498,0.041946180164813995,-0.001049560378305614,-0.3904760181903839,-0.09761900454759598,-0.00851658545434475,-0.08256237953901291,0.04263734817504883,0.010659337043762207,0.031496427953243256,0.05557656288146973,-0.431916743516922,-0.1079791858792305,-0.09784702211618423,-0.011303871870040894,2.86207914352417,0.7155197858810425,0.5198825001716614,0.23271088302135468,-1.4067622423171997,-0.3516905605792999,-0.30054500699043274,0.12426412105560303,0.1449216902256012,0.0362304225564003,0.003086867742240429,0.12806692719459534,-0.007634654641151428,-0.001908663660287857,-0.019686296582221985,0.07277502119541168,0.24301108717918396,0.06075277179479599,0.02255450375378132,0.02422419749200344,0.1864144653081894,0.04660361632704735,-0.029761072248220444,-0.06592297554016113,1.1719847917556763,0.29299619793891907,0.27706167101860046,-0.08158059418201447,1.203577995300293,0.30089449882507324,0.2290542721748352,0.004829722922295332,-0.009208202362060547,-0.0023020505905151367,-0.026881160214543343,-0.055902596563100815,3.9192070960998535,0.9798017740249634,0.9498854875564575,0.12451479583978653,-0.01419501006603241,-0.0035487525165081024,0.00973440334200859,0.032763268798589706,-0.03029826283454895,-0.0075745657086372375,-0.015561915934085846,0.006810575723648071,0.025274399667978287,0.006318599916994572,0.00454339012503624,-0.04896119609475136,1.0838425159454346,0.27096062898635864,0.20297560095787048,0.010790431872010231,-1.2564258575439453,-0.31410646438598633,-0.2513381242752075,-0.06509271264076233,-0.053396083414554596,-0.013349020853638649,-0.005323650315403938,0.014866882935166359,3.784109592437744,0.946027398109436,0.9279450178146362,0.006421178579330444,0.05324321240186691,0.013310803100466728,0.00914919376373291,-0.026154467836022377,-0.021643463522195816,-0.005410865880548954,-0.006027156487107277,-0.0438152514398098,0.01768401637673378,0.004421004094183445,0.0013346057385206223,0.07791179418563843,0,0,1
-1.0299932956695557,-0.2574983239173889,-0.2531116008758545,0.11178230494260788,1.1501083374023438,0.28752708435058594,0.02371845208108425,0.07569771260023117,-0.5547791123390198,-0.13869477808475494,0.04413684457540512,0.006965470500290394,1.1306276321411133,0.2826569080352783,0.47771140933036804,-0.004200190305709839,-1.7391269207000732,-0.4347817301750183,-0.2157314270734787,-0.051628973335027695,0.6752380728721619,0.16880951821804047,0.03397015482187271,-0.024328792467713356,-0.6484954953193665,-0.1621238738298416,-0.044291719794273376,-0.02362130396068096,-0.03014889359474182,-0.007537223398685455,0.008965447545051575,-0.017883026972413063,-0.48855718970298767,-0.12213929742574692,-0.12271657586097717,-0.05944793298840523,3.0130534172058105,0.7532633543014526,0.6164615750312805,0.19251537322998047,-1.5749216079711914,-0.39373040199279785,-0.31752657890319824,-0.048307519406080246,0.14845192432403564,0.03711298108100891,0.030046528205275536,0.0015723168617114425,0.00957612693309784,0.00239403173327446,-0.025161441415548325,-0.04059615358710289,0.18111491203308105,0.045278728008270264,0.019187672063708305,0.014853310771286488,0.21519814431667328,0.05379953607916832,-0.028423307463526726,-0.045133478939533234,1.0806785821914673,0.2701696455478668,0.25613898038864136,-0.09703889489173889,1.1816914081573486,0.29542285203933716,0.24635206162929535,-0.004238772671669722,0.016544170677661896,0.004136042669415474,-0.011491136625409126,0.015699489042162895,3.969857692718506,0.9924644231796265,0.9650959968566895,0.09933673590421677,-0.04962928593158722,-0.012407321482896805,0.00995098426938057,-0.06761377304792404,0.01861134171485901,0.004652835428714752,-0.005473233759403229,-0.0232680793851614,0.04467819631099701,0.011169549077749252,0.012274861335754395,0.0031609416473656893,1.1518158912658691,0.2879539728164673,0.2391141802072525,0.10030082613229752,-1.153965711593628,-0.288491427898407,-0.24735043942928314,0.08402680605649948,-0.022389687597751617,-0.005597421899437904,8.301995694637299e-05,0.019820814952254295,3.7615575790405273,0.9403893947601318,0.9244731068611145,0.03350555896759033,0.03721265494823456,0.00930316373705864,0.007594317197799683,-0.058607008308172226,-0.0026925988495349884,-0.0006731497123837471,-0.011766218580305576,-0.023598486557602882,-0.09801612049341202,-0.024504030123353004,-0.011419447138905525,0.013450277037918568,0,0,1
-0.7579939961433411,-0.18949849903583527,-0.24226605892181396,-0.030290082097053528,1.10671865940094,0.276679664850235,0.012817738577723503,-0.007823521271348,-0.5539303421974182,-0.13848258554935455,0.042881034314632416,0.027509046718478203,1.306897521018982,0.3267243802547455,0.4852883219718933,0.08399617671966553,-0.6811038255691528,-0.1702759563922882,-0.23765845596790314,0.03600963577628136,0.8677497506141663,0.21693743765354156,0.038818344473838806,-0.05082054063677788,-0.9585757851600647,-0.23964394629001617,-0.07402285188436508,-0.024076586589217186,-0.023599445819854736,-0.005899861454963684,0.02152315340936184,-0.05852172523736954,-0.4151986539363861,-0.10379966348409653,-0.12074784189462662,-0.08315711468458176,3.049750804901123,0.7624377012252808,0.6968137621879578,0.13030055165290833,-1.6778028011322021,-0.41945070028305054,-0.34301522374153137,-0.0822865292429924,0.08966425061225891,0.022416062653064728,0.022898444905877113,0.07673759758472443,0.08733472228050232,0.02183368057012558,-0.024480972439050674,0.03762691095471382,0.2470480501651764,0.0617620125412941,0.008345482870936394,-0.015547669492661953,0.21697498857975006,0.054243747144937515,-0.02021457813680172,-0.023665184155106544,0.9437613487243652,0.2359403371810913,0.24341164529323578,0.04360009357333183,1.0551326274871826,0.26378315687179565,0.24810077250003815,-0.02791627310216427,-0.04178532958030701,-0.010446332395076752,-0.017307085916399956,-0.041297439485788345,3.9847466945648193,0.9961866736412048,0.9900996685028076,0.08632270246744156,-0.005006119608879089,-0.0012515299022197723,0.003132326528429985,-0.012371373362839222,-0.05222997069358826,-0.013057492673397064,-0.008256429806351662,-0.04165605455636978,-0.0546497218310833,-0.013662430457770824,0.0024964679032564163,-0.08247547596693039,1.2311232089996338,0.30778080224990845,0.26020094752311707,0.1449871063232422,-1.2547216415405273,-0.31368041038513184,-0.23949776589870453,-0.041733693331480026,-0.04898610711097717,-0.012246526777744293,-0.008587303571403027,-0.07082574814558029,3.77474308013916,0.94368577003479,0.9337038397789001,-0.02509276382625103,-0.023726612329483032,-0.005931653082370758,0.00404063705354929,-0.07339856773614883,-0.0029582567512989044,-0.0007395641878247261,-0.006718901451677084,-0.04389913007616997,-0.005770380608737469,-0.0014425951521843672,-0.016231117770075798,0.05462757498025894,1,0,0
-0.6937850117683411,-0.17344625294208527,-0.21397405862808228,0.03188767656683922,1.1893383264541626,0.29733458161354065,0.01624407060444355,0.0025841952301561832,-0.5027071833610535,-0.12567679584026337,0.03820359706878662,0.06102365255355835,1.3493850231170654,0.33734625577926636,0.4839383363723755,0.018262136727571487,-0.15585725009441376,-0.03896431252360344,-0.25691652297973633,0.0026323795318603516,0.984682023525238,0.2461705058813095,0.029504047706723213,0.044989027082920074,-1.0319715738296509,-0.2579928934574127,-0.09581222385168076,-0.020532691851258278,0.0052852630615234375,0.0013213157653808594,0.014630086719989777,-0.024097992107272148,-0.38501259684562683,-0.09625314921140671,-0.12373802810907364,0.025117075070738792,3.1305761337280273,0.7826440334320068,0.7393996715545654,0.1143428310751915,-1.7773154973983765,-0.4443288743495941,-0.3617723882198334,-0.034336354583501816,0.07266664505004883,0.018166661262512207,0.03210458904504776,-0.059022724628448486,0.017811283469200134,0.004452820867300034,-0.007558249868452549,-0.008498335257172585,0.3228037357330322,0.08070093393325806,0.009189415723085403,0.017036402598023415,0.13740910589694977,0.03435227647423744,-0.016274333000183105,0.04131524637341499,0.8681012988090515,0.21702532470226288,0.2262784093618393,0.02449101209640503,1.1505895853042603,0.28764739632606506,0.25407683849334717,0.06472382694482803,0.004272866994142532,0.001068216748535633,-0.013870873488485813,0.05122774839401245,4.012532711029053,1.0031331777572632,1.0014712810516357,0.028253650292754173,-0.02820168435573578,-0.007050421088933945,-0.008626241236925125,-0.01944124698638916,-0.07168036699295044,-0.01792009174823761,-0.0017727762460708618,0.030893241986632347,0.04476344585418701,0.011190861463546753,0.005964221432805061,0.026352977380156517,1.2381662130355835,0.3095415532588959,0.29683157801628113,0.04883139207959175,-1.067179799079895,-0.26679494976997375,-0.23794734477996826,-0.06271236389875412,-0.0011984407901763916,-0.0002996101975440979,0.004144315607845783,0.020084327086806297,3.7822999954223633,0.9455749988555908,0.9566318392753601,0.0968402549624443,0.02095779776573181,0.005239449441432953,0.006834434345364571,0.017764318734407425,-0.008017871528863907,-0.0020044678822159767,-0.0036292816512286663,-0.05292275547981262,-0.044027332216501236,-0.011006833054125309,-0.007589621935039759,0.06772094964981079,1,0,0
-0.30041927099227905,-0.07510481774806976,-0.21520273387432098,-0.01674695685505867,1.1001038551330566,0.27502596378326416,0.013418223708868027,0.05297309160232544,-0.45173636078834534,-0.11293409019708633,0.028077924624085426,-0.013490796089172363,1.468319058418274,0.3670797646045685,0.4693552851676941,-0.09058336168527603,0.39636099338531494,0.09909024834632874,-0.24413560330867767,-0.012277699075639248,0.9564091563224792,0.2391022890806198,0.037915490567684174,0.03339393064379692,-1.1245566606521606,-0.28113916516304016,-0.1341765969991684,-0.12513874471187592,0.04491680860519409,0.011229202151298523,0.02248380519449711,0.006879866123199463,-0.37591561675071716,-0.09397890418767929,-0.11647550016641617,-0.002259123371914029,3.035961389541626,0.7589903473854065,0.7566387057304382,0.08116623014211655,-1.7732280492782593,-0.4433070123195648,-0.38281339406967163,-0.11017058044672012,0.050509095191955566,0.012627273797988892,0.04017869383096695,-0.056744158267974854,0.012119099497795105,0.0030297748744487762,-0.01257244311273098,-0.04477281868457794,0.23061566054821014,0.057653915137052536,0.0014759190380573273,0.00033227205858565867,-0.004820339381694794,-0.0012050848454236984,-0.00603608600795269,0.06747567653656006,0.6989794373512268,0.1747448593378067,0.22162699699401855,0.005891138222068548,0.920447826385498,0.2301119565963745,0.2530764937400818,0.013329708948731422,-0.082698293030262,-0.0206745732575655,-0.007277936674654484,0.041793014854192734,3.866671562194824,0.966667890548706,1.011034369468689,0.04694850370287895,0.002202466130256653,0.0005506165325641632,-0.009196867235004902,-0.016588443890213966,-0.1276034265756607,-0.031900856643915176,-0.008984198793768883,-0.04761165753006935,-0.04344899579882622,-0.010862248949706554,-0.0018891766667366028,-0.06772945076227188,1.2651846408843994,0.31629616022109985,0.31120365858078003,0.10288701206445694,-1.0329108238220215,-0.25822770595550537,-0.23423531651496887,-0.05547523498535156,0.013813339173793793,0.003453334793448448,-0.0008011730387806892,0.06886402517557144,3.8729798793792725,0.9682449698448181,0.963446855545044,0.03731199726462364,-0.03131817281246185,-0.007829543203115463,0.0008936990052461624,-0.02845011092722416,0.01924614980816841,0.004811537452042103,0.003284430131316185,0.03686807304620743,-0.061389949172735214,-0.015347487293183804,-0.014847793616354465,-0.07694561779499054,1,0,0
-0.2770152986049652,-0.0692538246512413,-0.20269626379013062,0.055714428424835205,1.0038416385650635,0.25096040964126587,0.008052820339798927,0.05317152664065361,-0.3104386031627655,-0.07760965079069138,0.03130394220352173,-0.019051557406783104,1.4583088159561157,0.36457720398902893,0.46311700344085693,-0.08297698944807053,0.642135739326477,0.16053393483161926,-0.24351169168949127,0.04370402172207832,1.0003230571746826,0.25008076429367065,0.0414479523897171,-0.021634399890899658,-1.0118944644927979,-0.25297361612319946,-0.181406632065773,-0.11573189496994019,-0.0398901104927063,-0.009972527623176575,0.013834690675139427,-0.03833621367812157,-0.3399920165538788,-0.0849980041384697,-0.1100173145532608,0.05858863517642021,2.9990785121917725,0.7497696280479431,0.773781955242157,0.017524302005767822,-1.7022521495819092,-0.4255630373954773,-0.40623903274536133,-0.07925869524478912,0.04704669117927551,0.011761672794818878,0.031824931502342224,0.007187414448708296,-0.0025336742401123047,-0.0006334185600280762,-0.00731090409681201,0.024712521582841873,0.12796537578105927,0.031991343945264816,0.010014751926064491,-0.00936246570199728,-0.14866268634796143,-0.037165671586990356,0.006355965510010719,0.10866504907608032,0.6477692127227783,0.16194230318069458,0.21238604187965393,-0.10321474075317383,0.9880516529083252,0.2470129132270813,0.2570694088935852,-0.06081284210085869,-0.09877576678991318,-0.024693941697478294,-0.017814897000789642,-0.022678280249238014,3.7420854568481445,0.9355213642120361,0.9892712235450745,0.013218939304351807,-0.021180450916290283,-0.005295112729072571,0.0006133783608675003,-0.04250028729438782,-0.10017892718315125,-0.02504473179578781,-0.007059878669679165,-0.06286437809467316,0.02648095414042473,0.006620238535106182,0.005521446466445923,-0.0291193425655365,1.3392975330352783,0.3348243832588196,0.33432069420814514,-0.010982656851410866,-1.0653235912322998,-0.26633089780807495,-0.22579364478588104,0.05827443674206734,0.014778515323996544,0.003694628830999136,0.007455186918377876,-0.05369272455573082,3.971419334411621,0.9928548336029053,0.9861786961555481,0.03297072649002075,-0.013451069593429565,-0.0033627673983573914,0.0011841394007205963,0.0474887378513813,-0.08053065091371536,-0.02013266272842884,-0.0004675164818763733,-0.009368479251861572,0.026455748826265335,0.006613937206566334,-0.009745923802256584,0.061553169041872025,1,0,0
-0.3314650058746338,-0.08286625146865845,-0.16389203071594238,0.05756128951907158,0.9531946778297424,0.2382986694574356,0.022888770326972008,-0.04706425592303276,-0.23095251619815826,-0.057738129049539566,0.014887364581227303,-0.05620202422142029,1.3514316082000732,0.3378579020500183,0.44329971075057983,-0.07258561253547668,0.7874857187271118,0.19687142968177795,-0.23896712064743042,-0.03178210183978081,1.0027713775634766,0.25069284439086914,0.03554847091436386,-0.044037118554115295,-0.9500985145568848,-0.2375246286392212,-0.20346930623054504,-0.07216484099626541,0.04682868719100952,0.01170717179775238,0.01880742982029915,-0.02789364568889141,-0.2607407867908478,-0.06518519669771194,-0.08703365921974182,0.028971290215849876,2.84768009185791,0.7119200229644775,0.7457374334335327,-0.06553520262241364,-1.5309028625488281,-0.38272571563720703,-0.4124659299850464,-0.06022346019744873,0.06099584698677063,0.015248961746692657,0.026944095268845558,-0.018002117052674294,0.05349554121494293,0.013373885303735733,0.006050199270248413,0.06220151111483574,0.05439971387386322,0.013599928468465805,0.020779380574822426,-0.05850907042622566,-0.1532243937253952,-0.0383060984313488,0.012584930285811424,0.05436652898788452,0.6826469898223877,0.17066174745559692,0.19364069402217865,-0.027930378913879395,1.1221065521240234,0.28052663803100586,0.2503180205821991,0.05974398925900459,-0.04898643121123314,-0.012246607802808285,-0.028541984036564827,-0.08022118359804153,3.658812999725342,0.9147032499313354,0.9759470224380493,-0.09703829139471054,-0.004545867443084717,-0.0011364668607711792,0.0065491776913404465,0.0422874353826046,-0.07298728823661804,-0.01824682205915451,-0.008237520232796669,-0.035109784454107285,-0.05384663864970207,-0.013461659662425518,0.0031563108786940575,0.03140852600336075,1.3689398765563965,0.3422349691390991,0.33053579926490784,-0.032318755984306335,-1.2675909996032715,-0.31689774990081787,-0.23619462549686432,0.0744476243853569,-0.042955175042152405,-0.010738793760538101,0.005828453227877617,-0.030016232281923294,4.024083137512207,1.0060207843780518,0.9975593090057373,-0.017164910212159157,-0.04272840917110443,-0.010682102292776108,-0.015988778322935104,-0.005986309144645929,-0.04477579519152641,-0.011193948797881603,-0.009702453389763832,0.03451554849743843,-0.057767387479543686,-0.014441846869885921,-0.0058191088028252125,-0.012241375632584095,1,0,0
-0.24035239219665527,-0.06008809804916382,-0.15856792032718658,0.10396455973386765,0.8897889256477356,0.2224472314119339,0.011823907494544983,-0.020141972228884697,-0.15824399888515472,-0.03956099972128868,0.019895074889063835,-0.05333080515265465,1.3324975967407227,0.33312439918518066,0.40698888897895813,-0.12763525545597076,1.035919427871704,0.258979856967926,-0.23455606400966644,0.08547146618366241,0.9946696162223816,0.2486674040555954,0.03505750000476837,-0.0405593179166317,-1.046243667602539,-0.26156091690063477,-0.2406417280435562,-0.05194280669093132,-0.008747488260269165,-0.0021868720650672913,0.00024462584406137466,-0.07249002158641815,-0.16808100044727325,-0.042020250111818314,-0.07725965231657028,0.0414450541138649,2.6427254676818848,0.6606813669204712,0.7285336256027222,-0.0621173195540905,-1.3359633684158325,-0.33399084210395813,-0.41494399309158325,0.07520481199026108,0.050246089696884155,0.012561522424221039,0.03252760320901871,-0.061173487454652786,0.06817439198493958,0.017043597996234894,-0.0025923452340066433,-0.03780151531100273,0.15386390686035156,0.03846597671508789,0.015952197834849358,-0.06023741886019707,-0.015525724738836288,-0.003881431184709072,0.021618707105517387,0.056620921939611435,0.7517653703689575,0.18794134259223938,0.17905279994010925,0.027188671752810478,1.0966238975524902,0.27415597438812256,0.25262579321861267,0.05130360275506973,-0.026653215289115906,-0.0066633038222789764,-0.02902246080338955,0.049099814146757126,3.6003897190093994,0.9000974297523499,0.9498757719993591,-0.0472223237156868,-0.055357471108436584,-0.013839367777109146,0.0029905326664447784,-0.0058616758324205875,-0.06211811304092407,-0.015529528260231018,8.732825517654419e-05,0.005601555109024048,-0.012829001992940903,-0.0032072504982352257,-0.009231232106685638,-0.0518391989171505,1.3604631423950195,0.3401157855987549,0.3495520353317261,0.004961573984473944,-1.3182907104492188,-0.3295726776123047,-0.23105673491954803,0.03363565355539322,-0.05713929235935211,-0.014284823089838028,0.012281786650419235,0.06058553606271744,3.970363140106201,0.9925907850265503,1.0112652778625488,-0.04187263175845146,0.025637663900852203,0.006409415975213051,-0.01374405063688755,-0.046469032764434814,-0.04923158511519432,-0.01230789627879858,-0.0017213616520166397,0.031040001660585403,-0.01161524374037981,-0.0029038109350949526,-0.011566763743758202,0.06881338357925415,1,0,0
-0.25217846035957336,-0.06304461508989334,-0.12046432495117188,0.05423792824149132,0.8969958424568176,0.2242489606142044,-0.005195300560444593,0.041560303419828415,-0.10125221312046051,-0.025313053280115128,0.011418795213103294,0.044348884373903275,1.2980833053588867,0.3245208263397217,0.36755138635635376,-0.13625244796276093,0.9495985507965088,0.2373996376991272,-0.23928497731685638,-0.045196715742349625,1.0089256763458252,0.2522314190864563,0.04957684874534607,-0.058891166001558304,-0.9476324915885925,-0.23690812289714813,-0.25818800926208496,-0.02349965088069439,0.008551597595214844,0.002137899398803711,0.013575129210948944,0.03933114930987358,-0.1321771889925003,-0.033044297248125076,-0.07032722979784012,0.05308420583605766,2.466449737548828,0.616612434387207,0.6846898794174194,-0.08483017981052399,-1.2364195585250854,-0.30910488963127136,-0.3818177878856659,0.00455055246129632,0.10005782544612885,0.02501445636153221,0.016871266067028046,0.06993043422698975,0.042418353259563446,0.010604588314890862,-0.005838613957166672,-0.055077921599149704,0.1880825310945511,0.04702063277363777,0.007696323096752167,-0.038358211517333984,-0.15968115627765656,-0.03992028906941414,0.025234399363398552,-0.044605400413274765,0.5511420965194702,0.13778552412986755,0.18478716909885406,0.020542610436677933,1.0086774826049805,0.2521693706512451,0.2551710307598114,-0.06660425662994385,-0.08006128668785095,-0.020015321671962738,-0.013440348207950592,-0.04209001734852791,3.4807825088500977,0.8701956272125244,0.941497802734375,-0.08655976504087448,-0.01994137465953827,-0.004985343664884567,-0.010841021314263344,-0.0701151043176651,-0.10721495747566223,-0.026803739368915558,-0.004089992493391037,-0.06639321893453598,0.06403934955596924,0.01600983738899231,0.001978287473320961,-0.014597112312912941,1.5764516592025757,0.3941129148006439,0.3508046269416809,-0.0200925525277853,-1.2067523002624512,-0.3016880750656128,-0.22654680907726288,-0.0877813845872879,-0.023570768535137177,-0.005892692133784294,-0.00011616386473178864,0.06107247993350029,4.091588497161865,1.0228971242904663,1.014719009399414,-0.029043829068541527,0.010555639863014221,0.0026389099657535553,-0.01673569157719612,-0.04997687786817551,-0.12360838055610657,-0.030902095139026642,-0.00862400233745575,0.004255819600075483,-0.03852734714746475,-0.009631836786866188,-0.010570360347628593,0.027265025302767754,1,0,0
-0.28814154863357544,-0.07203538715839386,-0.09563855081796646,0.09418397396802902,0.933462917804718,0.2333657294511795,-0.00038614310324192047,0.04205421358346939,-0.11725634336471558,-0.029314085841178894,0.01129184290766716,0.0019480765331536531,1.1332542896270752,0.2833135724067688,0.35006654262542725,0.02440614067018032,1.05043625831604,0.26260906457901,-0.2309352606534958,0.051256027072668076,0.9107272028923035,0.22768180072307587,0.047706834971904755,-0.03171506151556969,-0.900268018245697,-0.22506700456142426,-0.263701856136322,-0.10532107204198837,-0.06390136480331421,-0.015975341200828552,0.00926927849650383,-0.013381719589233398,-0.08629646897315979,-0.021574117243289948,-0.046978242695331573,-0.00031722188577987254,2.2747349739074707,0.5686837434768677,0.6370181441307068,-0.06786048412322998,-0.9749612212181091,-0.24374030530452728,-0.3576761484146118,0.08330949395895004,0.03321912884712219,0.008304782211780548,0.03034563921391964,-0.0022535384632647038,0.10860535502433777,0.027151338756084442,0.0034709684550762177,-0.0688713937997818,0.2402416467666626,0.06006041169166565,-0.004161014687269926,-0.015732169151306152,-0.04519392549991608,-0.01129848137497902,0.02131483517587185,0.03559989854693413,0.6793100833892822,0.16982752084732056,0.16699373722076416,0.0578097365796566,1.1728094816207886,0.29320237040519714,0.23832915723323822,-0.03164398670196533,-0.06600739061832428,-0.01650184765458107,-0.027647128328680992,-0.030507156625390053,3.4783177375793457,0.8695794343948364,0.9233864545822144,0.02001706324517727,0.032812491059303284,0.008203122764825821,0.00951007753610611,-0.04567043483257294,-0.029026657342910767,-0.007256664335727692,-0.0002307659015059471,-0.015927661210298538,0.003780495375394821,0.0009451238438487053,0.008064402267336845,0.04785436391830444,1.4578347206115723,0.36445868015289307,0.3617183566093445,0.06122307851910591,-0.9581266045570374,-0.23953165113925934,-0.24532271921634674,-0.041555263102054596,0.002638421952724457,0.0006596054881811142,0.005878353491425514,0.024546165019273758,4.047101974487305,1.0117754936218262,1.0131785869598389,0.07788927853107452,0.023585788905620575,0.005896447226405144,-0.01282204408198595,0.04060196876525879,-0.0846070796251297,-0.021151769906282425,-0.016379937529563904,0.011577814817428589,0.012948381714522839,0.0032370954286307096,0.00088458601385355,0.06925953924655914,1,0,0
-0.33715391159057617,-0.08428847789764404,-0.08315975964069366,0.06689620018005371,0.6127496957778931,0.15318742394447327,-0.00839288905262947,-0.0784313902258873,-0.023449640721082687,-0.005862410180270672,0.006389949470758438,-0.0076983156614005566,1.1197162866592407,0.2799290716648102,0.33046847581863403,-0.07379351556301117,0.9550087451934814,0.23875218629837036,-0.23256546258926392,0.05754382535815239,0.7813320755958557,0.19533301889896393,0.044221431016922,0.046650659292936325,-0.7559940814971924,-0.1889985203742981,-0.27192795276641846,-0.059547990560531616,0.01003718376159668,0.00250929594039917,-0.006410615518689156,-0.03523605689406395,0.05075092241168022,0.012687730602920055,-0.03558695316314697,0.05866829305887222,2.0282793045043945,0.5070698261260986,0.5786252021789551,-0.17819230258464813,-0.5996410846710205,-0.14991027116775513,-0.31684431433677673,0.10738344490528107,0.046103835105895996,0.011525958776473999,0.0270822923630476,0.005911535117775202,0.23396432399749756,0.05849108099937439,0.0021698512136936188,-0.014524901285767555,0.2745380997657776,0.0686345249414444,0.004028752446174622,0.05564657598733902,-0.11289646476507187,-0.028224116191267967,0.02132742665708065,-0.016532886773347855,0.7301203608512878,0.18253009021282196,0.16632716357707977,-0.03092830255627632,1.2944071292877197,0.32360178232192993,0.25110071897506714,0.0751015692949295,-0.0008253119885921478,-0.00020632799714803696,-0.03316807746887207,0.06670085340738297,3.4869863986968994,0.8717465996742249,0.9070672988891602,-0.01008530892431736,-0.05842411518096924,-0.01460602879524231,0.004473140463232994,0.038979317992925644,-0.09100905060768127,-0.02275226265192032,-0.010057836771011353,0.06421933323144913,-0.04305098578333855,-0.010762746445834637,-0.005770136136561632,0.03920167684555054,1.2358201742172241,0.30895504355430603,0.38300207257270813,0.075913205742836,-1.0148236751556396,-0.2537059187889099,-0.23548200726509094,-0.03158007189631462,0.01089518889784813,0.0027237972244620323,-0.005076679401099682,-0.05582411214709282,3.939347982406616,0.984836995601654,1.0169247388839722,0.010018455795943737,-0.026377558708190918,-0.0065943896770477295,-0.004598959349095821,-0.07124800235033035,-0.101308174431324,-0.025327043607831,-0.012221684679389,-0.06990224868059158,-0.06282464414834976,-0.01570616103708744,-0.00500929169356823,-0.014703852124512196,1,0,0
-0.5530881881713867,-0.13827204704284668,-0.045670755207538605,0.09891103953123093,0.5198863744735718,0.12997159361839294,-0.01696138083934784,0.05727946758270264,0.02384902909398079,0.005962257273495197,0.01000618003308773,-0.04234585911035538,0.9871561527252197,0.24678903818130493,0.31298837065696716,-0.08155424892902374,0.8353570699691772,0.2088392674922943,-0.24875548481941223,-0.01897481642663479,0.6082625985145569,0.15206564962863922,0.04669063538312912,-0.023596500977873802,-0.4023420810699463,-0.10058552026748657,-0.26708850264549255,-0.0383475087583065,0.17019569873809814,0.042548924684524536,0.0055480701848864555,0.0030281187500804663,0.0759923905134201,0.018998097628355026,-0.011173414997756481,0.017523586750030518,1.7258734703063965,0.4314683675765991,0.5255920886993408,-0.2096441239118576,-0.13773633539676666,-0.034434083849191666,-0.26632773876190186,0.16560807824134827,-0.04096946120262146,-0.010242365300655365,0.02568979375064373,0.0011034131748601794,0.20970949530601501,0.052427373826503754,0.0010170601308345795,-0.0070095183327794075,0.11124762892723083,0.02781190723180771,0.004075130447745323,0.0033653259743005037,-0.19181640446186066,-0.047954101115465164,0.006206624209880829,0.03636840730905533,0.7858686447143555,0.19646716117858887,0.1541973203420639,0.05638251453638077,1.0946513414382935,0.27366283535957336,0.2453659623861313,-0.05458291247487068,-0.01762540265917778,-0.004406350664794445,-0.021899495273828506,-0.044773589819669724,3.5327420234680176,0.8831855058670044,0.9008496999740601,0.02167533151805401,-0.042816102504730225,-0.010704025626182556,-0.0019997870549559593,-0.010545355267822742,-0.0831228643655777,-0.020780716091394424,-0.01399045716971159,-0.0026878477074205875,0.031022772192955017,0.007755693048238754,0.0063959211111068726,-0.02746368758380413,1.1785609722137451,0.2946402430534363,0.3806517422199249,-0.07347133010625839,-1.0094170570373535,-0.2523542642593384,-0.24572144448757172,-0.04570002481341362,0.01016717404127121,0.0025417935103178024,0.00026582181453704834,0.032340992242097855,3.8373446464538574,0.9593361616134644,1.0232517719268799,-0.02916955016553402,0.021521836519241333,0.005380459129810333,-0.006045915186405182,-0.024655146524310112,-0.07863103598356247,-0.019657758995890617,-0.013549502938985825,0.059769392013549805,0.01607552170753479,0.0040188804268836975,-0.005559452343732119,-0.03377598151564598,1,0,0
-0.4960784912109375,-0.12401962280273438,-0.01682492159307003,0.1183035597205162,0.39866286516189575,0.09966571629047394,-0.02054062858223915,0.003356111003085971,0.06949116289615631,0.017372790724039078,0.008478429168462753,-0.06170216202735901,1.0477135181427002,0.26192837953567505,0.29264381527900696,-0.0469219908118248,1.0331110954284668,0.2582777738571167,-0.2559282183647156,-0.04014129564166069,0.5346043109893799,0.13365107774734497,0.03969310224056244,0.024846171960234642,-0.35217800736427307,-0.08804450184106827,-0.2596380114555359,0.018757415935397148,0.15894988179206848,0.03973747044801712,-0.010441313497722149,0.07243764400482178,0.046090755611658096,0.011522688902914524,0.024763548746705055,0.09850386530160904,1.5948503017425537,0.3987125754356384,0.4512106776237488,-0.19768404960632324,-0.23199190199375153,-0.05799797549843788,-0.1967545598745346,0.1294681578874588,-0.075855553150177,-0.01896388828754425,0.007259199395775795,-0.06045098975300789,0.22085082530975342,0.055212706327438354,0.016774507239460945,0.0070562721230089664,0.1951754093170166,0.04879385232925415,-0.010734260082244873,0.05421940237283707,-0.15743324160575867,-0.03935831040143967,0.0051147714257240295,-0.00346950301900506,0.7567998170852661,0.18919995427131653,0.1675497442483902,-0.004791140556335449,1.186333417892456,0.296583354473114,0.26809173822402954,-0.003539174795150757,-0.0013621002435684204,-0.0003405250608921051,-0.011487793177366257,-0.027126401662826538,3.4188742637634277,0.8547185659408569,0.884560763835907,0.009190988726913929,0.01964673399925232,0.00491168349981308,-0.011751757934689522,-0.007602590601891279,-0.03719714283943176,-0.00929928570985794,-0.003648235462605953,-0.03816720470786095,0.008651208132505417,0.0021628020331263542,-0.0021712249144911766,-0.05520886182785034,1.1640329360961914,0.29100823402404785,0.37625011801719666,-0.03284729644656181,-0.969744086265564,-0.242436021566391,-0.24185426533222198,0.047185637056827545,0.0014546588063240051,0.0003636647015810013,0.0016185883432626724,-0.06245681643486023,3.7133567333221436,0.9283391833305359,1.0083298683166504,-0.1057380959391594,0.03292444348335266,0.008231110870838165,-0.002830646000802517,0.03628815338015556,-0.09950173646211624,-0.02487543411552906,-0.005580433644354343,-0.05453198030591011,-0.007028703577816486,-0.0017571758944541216,0.0015611611306667328,-0.03653520718216896,1,0,0
-0.026576057076454163,-0.006644014269113541,0.0032873526215553284,0.051648784428834915,0.26011234521865845,0.06502808630466461,-0.03157879784703255,-0.01596529595553875,0.004436720162630081,0.0011091800406575203,0.01728110946714878,-0.00794674176722765,1.3309581279754639,0.33273953199386597,0.29213905334472656,-0.08352082222700119,1.5470678806304932,0.3867669701576233,-0.2735642194747925,0.0370519645512104,0.4408957362174988,0.1102239340543747,0.03749072551727295,-0.061582136899232864,-0.6291834712028503,-0.15729586780071259,-0.24327445030212402,0.08815141767263412,0.1414538472890854,0.03536346182227135,-0.015420876443386078,-0.07910114526748657,0.15889570116996765,0.03972392529249191,0.040673062205314636,0.03749644756317139,1.3364484310150146,0.33411210775375366,0.40598106384277344,-0.16369937360286713,-0.31967300176620483,-0.07991825044155121,-0.1459682732820511,0.03359551355242729,-0.14420127868652344,-0.03605031967163086,0.0045132506638765335,-0.034328289330005646,0.18811403214931488,0.04702850803732872,0.003972879610955715,-0.07039709389209747,0.1719883382320404,0.0429970845580101,-0.013329558074474335,0.052960898727178574,-0.12380538880825043,-0.030951347202062607,-0.011206025257706642,-0.08757667988538742,0.8317403793334961,0.20793509483337402,0.17650839686393738,0.03888946771621704,1.1770575046539307,0.29426437616348267,0.2608957886695862,-0.03079853765666485,0.011598125100135803,0.002899531275033951,-0.01733613759279251,0.004130804445594549,3.4122707843780518,0.8530676960945129,0.8852656483650208,-0.08803784847259521,0.03644648194313049,0.009111620485782623,-0.006438671611249447,0.07383697479963303,-0.054040662944316864,-0.013510165736079216,-0.003850512206554413,0.014362114481627941,0.04228499159216881,0.010571247898042202,-0.004908125847578049,0.0757337361574173,1.0913037061691284,0.2728259265422821,0.37353840470314026,-0.04155021533370018,-1.1219289302825928,-0.2804822325706482,-0.23486825823783875,-0.007519144099205732,-0.03310311585664749,-0.008275778964161873,-0.00544404610991478,-0.036849889904260635,3.6080830097198486,0.9020207524299622,0.9864321351051331,-0.11747338622808456,-0.0431588739156723,-0.010789718478918076,-0.008215634152293205,0.06429723650217056,-0.04101115092635155,-0.010252787731587887,-0.0024737557396292686,0.06115495041012764,-0.029047932475805283,-0.007261983118951321,-0.010819255374372005,0.049897219985723495,1,0,0
-0.08690248429775238,-0.021725621074438095,0.011727696284651756,-0.00427168607711792,0.10858757793903351,0.027146894484758377,-0.0325765386223793,-0.009159058332443237,0.0945184975862503,0.023629624396562576,0.013557380065321922,0.07525354623794556,1.4674580097198486,0.36686450242996216,0.2960372269153595,0.09674626588821411,1.5980262756347656,0.3995065689086914,-0.28263694047927856,-0.09086425602436066,0.3524884581565857,0.08812211453914642,0.03377220779657364,-0.03737436607480049,-0.6568440794944763,-0.16421101987361908,-0.20704829692840576,0.13083913922309875,0.07499608397483826,0.018749020993709564,-0.005834026262164116,-0.013520973734557629,0.1397140622138977,0.034928515553474426,0.045196399092674255,0.0031494260765612125,1.2195913791656494,0.30489784479141235,0.37486109137535095,-0.0635097548365593,-0.061425819993019104,-0.015356454998254776,-0.12908022105693817,-0.06083148717880249,-0.2742755711078644,-0.0685688927769661,0.008517531678080559,0.16021381318569183,-0.018319889903068542,-0.004579972475767136,0.01592327654361725,0.07287470251321793,-0.03953233361244202,-0.009883083403110504,-0.01257222518324852,0.02040109597146511,0.015867937356233597,0.003966984339058399,-0.031290940940380096,-0.05945000797510147,0.8650251030921936,0.2162562757730484,0.18906036019325256,0.014171398244798183,1.2931548357009888,0.3232887089252472,0.260728120803833,0.03731764480471611,0.026665829122066498,0.0066664572805166245,-0.01647348329424858,-0.015997087582945824,3.3011341094970703,0.8252835273742676,0.8767136335372925,-0.021721065044403076,-0.01882164180278778,-0.004705410450696945,0.003904363140463829,0.05593321472406387,-0.038378454744815826,-0.009594613686203957,-0.01586138643324375,-0.003203433705493808,0.0014156661927700043,0.00035391654819250107,0.003283240832388401,0.06567124277353287,1.1905732154846191,0.2976433038711548,0.3456573784351349,-0.04734142869710922,-1.1325249671936035,-0.2831312417984009,-0.22610044479370117,0.0031444074120372534,-0.04629868268966675,-0.011574670672416687,-0.0026798024773597717,0.06229386478662491,3.567683219909668,0.891920804977417,0.9536248445510864,-0.037774741649627686,-0.005547761917114258,-0.0013869404792785645,-0.016526779159903526,-0.042311571538448334,-0.07852772623300552,-0.01963193155825138,-0.0017022769898176193,-0.007939589209854603,-0.03614325076341629,-0.009035812690854073,-0.009004775434732437,0.02402481995522976,1,0,0
-0.0806768387556076,-0.0201692096889019,0.02959669940173626,0.024557435885071754,0.010116145014762878,0.0025290362536907196,-0.03168850392103195,0.01800386980175972,0.04689957574009895,0.011724893935024738,0.017602447420358658,0.01449806708842516,1.5158425569534302,0.37896063923835754,0.31021353602409363,0.004878306295722723,1.5292026996612549,0.3823006749153137,-0.2964155375957489,0.006613016128540039,0.1945926547050476,0.0486481636762619,0.045919060707092285,-0.09615383297204971,-0.7659361958503723,-0.19148404896259308,-0.17482447624206543,0.0045982482843101025,-0.2733469009399414,-0.06833672523498535,-0.004264804068952799,-0.0383702777326107,0.31454265117645264,0.07863566279411316,0.037890978157520294,0.047550130635499954,1.1162793636322021,0.27906984090805054,0.35747843980789185,0.011914468370378017,0.3272849917411804,0.0818212479352951,-0.14072933793067932,0.005421125795692205,-0.4563502371311188,-0.1140875592827797,0.029324324801564217,-0.06316479295492172,-0.05458080768585205,-0.013645201921463013,0.015872452408075333,-0.09150505065917969,-0.0024484097957611084,-0.0006121024489402771,0.023471983149647713,0.09430744498968124,0.09538209438323975,0.023845523595809937,-0.02560676820576191,0.03224111720919609,1.0238999128341675,0.25597497820854187,0.18689583241939545,0.004581552930176258,1.2348326444625854,0.30870816111564636,0.2655233144760132,-0.004186857026070356,0.030899792909622192,0.007724948227405548,-0.0022045644000172615,-0.031343575567007065,3.2306153774261475,0.8076538443565369,0.8498411774635315,0.004147887229919434,-0.01722140610218048,-0.00430535152554512,-0.005887473002076149,-0.03784055635333061,0.015094771981239319,0.0037736929953098297,-0.007090533617883921,0.005926311016082764,-0.05703217163681984,-0.01425804290920496,-0.00798908993601799,-0.07970225065946579,1.0246676206588745,0.25616690516471863,0.3282323181629181,-0.04238909110426903,-1.1941883563995361,-0.29854708909988403,-0.2353982925415039,0.034556902945041656,-0.0665234923362732,-0.0166308730840683,0.0002706395462155342,0.021578937768936157,3.475531578063965,0.8688828945159912,0.9350132942199707,-0.09335831552743912,0.00895673781633377,0.0022391844540834427,-0.009774643927812576,-0.031074529513716698,-0.029222480952739716,-0.007305620238184929,0.0007575880736112595,0.004115629475563765,0.004903952591121197,0.0012259881477802992,-0.006818637251853943,0.02569066360592842,0,0,1
-0.1562494933605194,-0.03906237334012985,0.025332150980830193,0.05481009557843208,0.1058199554681778,0.02645498886704445,-0.02908645011484623,-0.0345844067633152,0.016308505088090897,0.004077126272022724,0.0040767136961221695,-0.05466767027974129,1.6608810424804688,0.4152202606201172,0.33912575244903564,0.11349127441644669,0.9383385181427002,0.23458462953567505,-0.2924855351448059,-0.002979421755298972,0.19388264417648315,0.04847066104412079,0.0461757555603981,-0.0828290805220604,-0.587883472442627,-0.14697086811065674,-0.16535429656505585,-0.009450721554458141,-0.594426155090332,-0.148606538772583,-0.0013019638136029243,0.008594083599746227,0.4299403727054596,0.1074850931763649,0.02511669136583805,0.05586991459131241,1.1020115613937378,0.27550289034843445,0.35097500681877136,-0.03922267630696297,0.5527129173278809,0.13817822933197021,-0.13349194824695587,0.04098634794354439,-0.4673127830028534,-0.11682819575071335,0.028116708621382713,0.07640141248703003,-0.01843699812889099,-0.004609249532222748,-0.011941528879106045,-0.03398070111870766,-0.24882906675338745,-0.06220726668834686,0.02331792749464512,0.06882178783416748,0.02864208072423935,0.007160520181059837,-0.04103478416800499,-0.07226070761680603,0.9541288018226624,0.2385322004556656,0.21262148022651672,-0.000701135431881994,1.2184375524520874,0.30460938811302185,0.2677392065525055,0.006102949380874634,0.03746321052312851,0.009365802630782127,0.005341397598385811,0.01380583643913269,3.2542998790740967,0.8135749697685242,0.8364777565002441,-0.03240117430686951,-0.00022682547569274902,-5.6706368923187256e-05,0.007532311603426933,0.05177707597613335,-0.03720490261912346,-0.009301225654780865,-0.0060411193408071995,-0.0458618625998497,0.06640627980232239,0.016601569950580597,0.005713663995265961,-0.03478759154677391,1.0939500331878662,0.27348750829696655,0.2848348319530487,-0.14044076204299927,-1.2301133871078491,-0.3075283467769623,-0.23253250122070312,0.06440205872058868,-0.05678524076938629,-0.014196310192346573,0.004548991098999977,-0.033303402364254,3.4900853633880615,0.8725213408470154,0.9106553792953491,-0.07181275635957718,-0.07259728014469147,-0.018149320036172867,-0.018244624137878418,-0.027398651465773582,-0.05211315676569939,-0.013028289191424847,-0.013365896418690681,-0.040600039064884186,0.022635433822870255,0.005658858455717564,0.0022234898060560226,0.0038014829624444246,0,0,1
-0.31984183192253113,-0.07996045798063278,0.007004888728260994,-0.06639162451028824,0.1256357878446579,0.031408946961164474,-0.025929920375347137,0.040392424911260605,-0.042351823300123215,-0.010587955825030804,0.019268197938799858,0.0898187905550003,1.7779144048690796,0.4444786012172699,0.3747174143791199,0.027101028710603714,0.21812988817691803,0.05453247204422951,-0.26369959115982056,0.08664317429065704,0.175470232963562,0.0438675582408905,0.042659588158130646,-0.019703447818756104,-0.37373125553131104,-0.09343281388282776,-0.15110284090042114,0.003762072417885065,-0.7856752872467041,-0.19641882181167603,-0.009812207892537117,-0.018430590629577637,0.477527916431427,0.11938197910785675,0.04210197180509567,-0.044157322496175766,1.065256118774414,0.2663140296936035,0.3295176923274994,-0.0056911944411695,0.8562087416648865,0.21405218541622162,-0.13702189922332764,0.05695461109280586,-0.577189564704895,-0.14429739117622375,0.014969373121857643,0.0389770045876503,-0.06494694948196411,-0.016236737370491028,-0.011514915153384209,0.0556948184967041,-0.14120662212371826,-0.035301655530929565,0.04052741825580597,0.036098647862672806,0.09568138420581818,0.023920346051454544,-0.03830992430448532,0.03144761547446251,0.9898695349693298,0.24746738374233246,0.2267175167798996,-0.0014225662453100085,1.1456748247146606,0.28641870617866516,0.2807934284210205,0.05821192264556885,-0.03224438428878784,-0.00806109607219696,-0.008003508672118187,-0.038430679589509964,3.37917160987854,0.844792902469635,0.840147852897644,0.06993608921766281,-0.03883035480976105,-0.009707588702440262,0.0028738239780068398,0.01248703058809042,0.014079339802265167,0.003519834950566292,-0.0037212036550045013,-0.03343227133154869,-0.019890401512384415,-0.004972600378096104,0.009064357727766037,0.057179369032382965,1.0501413345336914,0.26253533363342285,0.24823124706745148,-0.051287293434143066,-1.1663429737091064,-0.2915857434272766,-0.22941766679286957,-0.011092853732407093,-0.04009544104337692,-0.01002386026084423,-0.009368956089019775,0.05740096792578697,3.458652973175049,0.8646632432937622,0.8836775422096252,-0.04623764753341675,0.026807323098182678,0.0067018307745456696,-0.0075721414759755135,-0.0003193080483470112,0.0947069600224495,0.023676740005612373,-0.011032329872250557,-0.0031876980792731047,-0.005735614337027073,-0.0014339035842567682,0.009120773524045944,0.04077109321951866,0,0,1
-0.413918673992157,-0.10347966849803925,-0.011282680556178093,-0.1151941567659378,0.04218025505542755,0.010545063763856888,-0.04794076085090637,-0.07166385650634766,0.003911662846803665,0.0009779157117009163,0.01095619797706604,0.06844216585159302,1.866882085800171,0.4667205214500427,0.41320517659187317,0.11985015869140625,-0.7673807144165039,-0.19184517860412598,-0.2466297447681427,0.13125339150428772,0.1272689700126648,0.0318172425031662,0.03904549032449722,0.000276029109954834,-0.2145182192325592,-0.0536295548081398,-0.13871264457702637,0.09262233972549438,-0.978461742401123,-0.24461543560028076,-0.01669420674443245,0.033509064465761185,0.6266261339187622,0.15665653347969055,0.03170967102050781,-0.03563305363059044,1.1537210941314697,0.28843027353286743,0.307009220123291,-0.11160381138324738,1.1831632852554321,0.29579082131385803,-0.1254754364490509,-0.04613390564918518,-0.5925425291061401,-0.14813563227653503,0.029710663482546806,-0.013060778379440308,-0.036744579672813416,-0.009186144918203354,-0.009374567307531834,-0.047420352697372437,-0.21009236574172974,-0.052523091435432434,0.02670207805931568,-0.044304944574832916,-0.0027552172541618347,-0.0006888043135404587,-0.028398742899298668,0.02394179068505764,1.0871062278747559,0.27177655696868896,0.2149350792169571,0.025652587413787842,1.0698583126068115,0.2674645781517029,0.269890159368515,0.06550998985767365,-0.016509149223566055,-0.004127287305891514,0.003485141322016716,-0.040898893028497696,3.4227242469787598,0.8556810617446899,0.8535507917404175,0.012257522903382778,-0.01003013551235199,-0.0025075338780879974,-0.004123757127672434,-0.06214327737689018,-0.008718878030776978,-0.0021797195076942444,-0.0010671177878975868,0.006224995944648981,-0.020826105028390884,-0.005206526257097721,-0.005267624277621508,0.041996169835329056,0.9320621490478516,0.2330155372619629,0.23096098005771637,-0.040197040885686874,-0.9517490863800049,-0.23793727159500122,-0.23996371030807495,-0.0482599250972271,0.03376832604408264,0.00844208151102066,0.0054689617827534676,-0.05334093049168587,3.4359984397888184,0.8589996099472046,0.8819056749343872,0.03990539535880089,0.02180580049753189,0.005451450124382973,3.5896897315979004e-05,0.014853519387543201,0.04034379497170448,0.01008594874292612,0.003522014245390892,-0.03541269898414612,0.035767022520303726,0.008941755630075932,0.004884587600827217,-0.04939321428537369,0,0,1
-0.5452438592910767,-0.13631096482276917,-0.01872892864048481,-0.0019664049614220858,0.1686694175004959,0.04216735437512398,-0.036966077983379364,0.025966597720980644,0.027093905955553055,0.006773476488888264,0.01851305551826954,0.05018211528658867,1.9316785335540771,0.4829196333885193,0.45486438274383545,0.007969713769853115,-1.30760657787323,-0.3269016444683075,-0.21180234849452972,-0.030325276777148247,0.1640750765800476,0.0410187691450119,0.037307217717170715,-0.05709168314933777,-0.08834396302700043,-0.022085990756750107,-0.11982639878988266,-0.05248028784990311,-1.2068440914154053,-0.3017110228538513,-0.01994818076491356,0.046480752527713776,0.5917666554450989,0.14794166386127472,0.04904045909643173,0.03472253307700157,1.2102642059326172,0.3025660514831543,0.28303420543670654,0.02874467335641384,1.498964548110962,0.3747411370277405,-0.12127094715833664,0.02562001906335354,-0.5593782663345337,-0.13984456658363342,0.022281384095549583,-0.016741812229156494,0.009239628911018372,0.002309907227754593,-0.006049917079508305,-0.056821998208761215,-0.04081606864929199,-0.010204017162322998,0.015489330515265465,-0.022040069103240967,-0.027007650583982468,-0.006751912645995617,-0.03671065717935562,0.03461427614092827,1.1543498039245605,0.28858745098114014,0.22122590243816376,-0.05371738597750664,0.9985122680664062,0.24962806701660156,0.2636851966381073,0.01177529152482748,-0.10318859666585922,-0.025797149166464806,-0.005404938478022814,-0.059656765311956406,3.4374547004699707,0.8593636751174927,0.8507717847824097,-0.02291928604245186,0.04353196918964386,0.010882992297410965,0.0027920808643102646,0.06190912798047066,-0.037363164126873016,-0.009340791031718254,-0.00010278448462486267,0.005363178439438343,0.04486297443509102,0.011215743608772755,0.009458011016249657,0.065895214676857,0.8734753727912903,0.21836884319782257,0.21336530148983002,-0.1226724162697792,-0.8019578456878662,-0.20048946142196655,-0.24605414271354675,0.005264270585030317,0.07712759077548981,0.019281897693872452,0.005673939362168312,0.004290634300559759,3.3739511966705322,0.8434877991676331,0.8564563989639282,-0.03247502073645592,0.03081992268562317,0.007704980671405792,-0.014184781350195408,-0.03468858078122139,-0.021378684788942337,-0.005344671197235584,-8.760020136833191e-06,0.05027961730957031,0.09632044285535812,0.02408011071383953,0.0105463657528162,-0.02640240266919136,0,0,1
-0.5142307877540588,-0.1285576969385147,-0.03973454236984253,-0.04304402694106102,0.18834997713565826,0.047087494283914566,-0.037621159106492996,0.06641460955142975,-0.1189974993467331,-0.029749374836683273,0.01453266479074955,0.03560831770300865,1.9188241958618164,0.4797060489654541,0.4775266647338867,0.061917223036289215,-1.4615566730499268,-0.3653891682624817,-0.2475568950176239,-0.027599966153502464,0.05083221197128296,0.01270805299282074,0.024172646924853325,0.06286416202783585,-0.1868797242641449,-0.046719931066036224,-0.12278232723474503,0.06270205229520798,-1.3833154439926147,-0.3458288609981537,-0.029849514365196228,0.02867654524743557,0.6737400889396667,0.1684350222349167,0.03966214507818222,0.06119535118341446,1.218309760093689,0.30457744002342224,0.276467502117157,-0.06355989724397659,1.4590078592300415,0.3647519648075104,-0.11781687289476395,0.044327545911073685,-0.6639035940170288,-0.1659758985042572,0.01876080222427845,-0.02586062252521515,0.01708860695362091,0.004272151738405228,0.004445897415280342,-0.01811465062201023,-0.12857091426849365,-0.03214272856712341,0.021997081115841866,0.0359039306640625,0.07639855891466141,0.019099639728665352,-0.015795182436704636,-0.010156089439988136,1.2610385417938232,0.3152596354484558,0.23671017587184906,-0.04933391138911247,1.1783232688903809,0.2945808172225952,0.2551215887069702,-0.07773879915475845,-0.0407610721886158,-0.01019026804715395,-0.010744214057922363,-0.06378396600484848,3.5269126892089844,0.8817281723022461,0.8541663885116577,0.05807427316904068,-0.020819708704948425,-0.005204927176237106,0.004268938675522804,-0.040689364075660706,0.04326435923576355,0.010816089808940887,0.001131393015384674,0.019257504492998123,-0.05224715545773506,-0.013061788864433765,-0.0024622143246233463,-0.0038011670112609863,0.8859078884124756,0.2214769721031189,0.19530044496059418,-0.03869805857539177,-0.8261569738388062,-0.20653924345970154,-0.2387663871049881,0.08279035240411758,0.06447723507881165,0.01611930876970291,0.010251475498080254,0.04077037796378136,3.371760368347168,0.842940092086792,0.8444358110427856,0.02067400887608528,0.07782275974750519,0.019455689936876297,-0.005144393537193537,0.07465936243534088,0.02564718946814537,0.006411797367036343,-0.010173963382840157,0.004751760046929121,0.07468484342098236,0.01867121085524559,0.009409353137016296,-0.039805956184864044,0,1,0
-0.46942558884620667,-0.11735639721155167,-0.06760244816541672,0.00917661190032959,0.16624493896961212,0.04156123474240303,-0.034640729427337646,-0.04080083593726158,-0.22225825488567352,-0.05556456372141838,0.017193246632814407,-0.028349751606583595,1.801270604133606,0.4503176510334015,0.4740428626537323,-0.007487702649086714,-1.390310525894165,-0.34757763147354126,-0.28557902574539185,-0.10157489776611328,0.019165992736816406,0.0047914981842041016,0.02647421322762966,0.008648795075714588,-0.21543993055820465,-0.05385998263955116,-0.10728377103805542,-0.008163618855178356,-1.2587018013000488,-0.3146754503250122,-0.016621183604002,-0.02812310867011547,0.5369048118591309,0.13422620296478271,0.05597461760044098,0.03425946459174156,1.1604082584381104,0.2901020646095276,0.26755157113075256,-0.013064599595963955,1.103542447090149,0.27588561177253723,-0.11724583804607391,-0.02163078263401985,-0.7367546558380127,-0.18418866395950317,0.029599396511912346,-0.03496504947543144,-0.009903505444526672,-0.002475876361131668,0.004813317209482193,0.04664900526404381,-0.15341711044311523,-0.03835427761077881,0.017017027363181114,-0.03184705600142479,0.08061248809099197,0.020153122022747993,-0.00979419145733118,0.038171399384737015,1.2798606157302856,0.3199651539325714,0.24526934325695038,-0.006198519375175238,1.3823814392089844,0.3455953598022461,0.2525702118873596,0.002826732350513339,0.041141729801893234,0.010285432450473309,-0.02333434484899044,-0.05514485761523247,3.6256277561187744,0.9064069390296936,0.8678348064422607,0.02775709703564644,0.019773364067077637,0.004943341016769409,-0.00612539891153574,-0.044436756521463394,-0.004069268703460693,-0.0010173171758651733,-0.0012149158865213394,0.06229429319500923,0.06363089382648468,0.01590772345662117,-0.00837802980095148,-0.052556585520505905,0.9016866087913513,0.22542165219783783,0.1702914535999298,-0.030177820473909378,-1.050701379776001,-0.26267534494400024,-0.22347033023834229,0.061424341052770615,-0.0008237287402153015,-0.00020593218505382538,0.0024825017899274826,0.055612124502658844,3.3680152893066406,0.8420038223266602,0.8318495750427246,-0.056795358657836914,-0.021161846816539764,-0.005290461704134941,0.00616544671356678,0.015153146348893642,0.05380668863654137,0.013451672159135342,-0.0037806592881679535,0.06896128505468369,0.07880385220050812,0.01970096305012703,0.019971119239926338,-0.04045901447534561,0,1,0
-0.4839646518230438,-0.12099116295576096,-0.08068735152482986,0.03627154976129532,0.07444693148136139,0.018611732870340347,-0.022759059444069862,0.02629990689456463,-0.2010652869939804,-0.0502663217484951,-0.016032766550779343,-0.017544258385896683,1.610798954963684,0.402699738740921,0.4751785695552826,-0.10440926998853683,-1.1212146282196045,-0.2803036570549011,-0.30020925402641296,-0.09915603697299957,-0.02002379298210144,-0.00500594824552536,0.010706551373004913,-0.06964894384145737,-0.23869425058364868,-0.05967356264591217,-0.09982974082231522,0.054178979247808456,-1.0930452346801758,-0.27326130867004395,-0.011180948466062546,0.027691006660461426,0.5852181911468506,0.14630454778671265,0.05426010489463806,-0.04515520855784416,1.155627965927124,0.288906991481781,0.2630193829536438,-0.010514819994568825,1.1547132730484009,0.2886783182621002,-0.12756799161434174,0.0017406344413757324,-0.6771889925003052,-0.1692972481250763,0.01663758046925068,-0.052634190768003464,-0.016329988837242126,-0.004082497209310532,0.005228351801633835,-0.015122586861252785,-0.13592803478240967,-0.03398200869560242,0.0237127598375082,0.044983815401792526,0.08638758957386017,0.021596897393465042,0.01880861446261406,0.10131795704364777,1.220038652420044,0.305009663105011,0.2446439117193222,0.0015221774810925126,1.3535089492797852,0.3383772373199463,0.2544558048248291,-0.058136582374572754,0.056066885590553284,0.014016721397638321,-0.012808796018362045,0.05978516489267349,3.5951881408691406,0.8987970352172852,0.879408597946167,0.006756443064659834,0.1079205721616745,0.026980143040418625,0.014890337362885475,0.08047761023044586,-0.04969218373298645,-0.012423045933246613,-0.011902747675776482,-0.028981560841202736,0.07101599872112274,0.017753999680280685,0.006548954173922539,-0.06426440179347992,0.9246475696563721,0.23116189241409302,0.16669930517673492,0.03891788795590401,-1.0995841026306152,-0.2748960256576538,-0.21043553948402405,-0.04358188435435295,-0.030940748751163483,-0.007735187187790871,-0.0009467368945479393,-0.0744023248553276,3.307063579559326,0.8267658948898315,0.8361399173736572,-0.029458610340952873,-0.02049417793750763,-0.005123544484376907,-0.011180724017322063,-0.0007595181814394891,0.04117250815033913,0.010293127037584782,-0.0051833586767315865,0.058579206466674805,-0.023411191999912262,-0.0058527979999780655,0.00527988001704216,-0.007913583889603615,0,1,0
-0.32387080788612366,-0.08096770197153091,-0.08287442475557327,0.017401760444045067,-0.16095267236232758,-0.040238168090581894,0.00015419814735651016,0.08107515424489975,-0.08902494609355927,-0.022256236523389816,-0.04890413582324982,-0.08124338835477829,1.4600508213043213,0.3650127053260803,0.4407896399497986,-0.06938676536083221,-0.8731192946434021,-0.21827982366085052,-0.29805538058280945,0.08248092979192734,0.0038497447967529297,0.0009624361991882324,-0.007269741501659155,-0.03130224719643593,-0.1616971641778946,-0.04042429104447365,-0.09920517355203629,-0.02873479388654232,-0.6605793237686157,-0.16514483094215393,-0.024380773305892944,-0.013488936237990856,0.48366454243659973,0.12091613560914993,0.058085180819034576,-0.034773603081703186,1.0895400047302246,0.27238500118255615,0.26699090003967285,0.024291856214404106,1.233289122581482,0.3083222806453705,-0.1471245139837265,0.03470461443066597,-0.5100785493850708,-0.1275196373462677,0.020539190620183945,0.013507271185517311,0.011800870299339294,0.0029502175748348236,0.006477510556578636,0.07654017210006714,-0.14553380012512207,-0.03638345003128052,0.009875526651740074,0.02604513242840767,-0.03087536245584488,-0.00771884061396122,0.029254348948597908,0.08525194227695465,1.2105852365493774,0.30264630913734436,0.27574440836906433,0.07421209663152695,1.247399091720581,0.31184977293014526,0.25774556398391724,0.060821451246738434,0.009525220841169357,0.0023813052102923393,-0.004399518482387066,0.07436975091695786,3.527782440185547,0.8819456100463867,0.8973338007926941,0.0004527568817138672,-0.01746232807636261,-0.0043655820190906525,0.014031760394573212,0.062479592859745026,-0.04859708622097969,-0.012149271555244923,0.003967796452343464,0.06513766199350357,0.020608123391866684,0.005152030847966671,0.005135742947459221,0.07399065792560577,0.8930757641792297,0.22326894104480743,0.16690468788146973,-0.0037550150882452726,-0.9266188144683838,-0.23165470361709595,-0.21055446565151215,-0.0494864396750927,0.024600930511951447,0.006150232627987862,0.006870189681649208,0.04074202850461006,3.3410911560058594,0.8352727890014648,0.8224553465843201,-0.04249660670757294,0.003917619585990906,0.0009794048964977264,-0.005568438675254583,0.024394143372774124,0.028000447899103165,0.007000111974775791,0.004740539938211441,-0.012690848670899868,0.0960473045706749,0.024011826142668724,0.016431285068392754,0.04453456401824951,0,1,0
-0.24428412318229675,-0.06107103079557419,-0.10569807887077332,0.039757322520017624,-0.24284742772579193,-0.06071185693144798,0.0033157775178551674,0.10838959366083145,-0.18019701540470123,-0.04504925385117531,-0.05800192803144455,0.005741530563682318,1.1973621845245361,0.29934054613113403,0.39609768986701965,-0.17995429039001465,-0.6744141578674316,-0.1686035394668579,-0.2682421803474426,0.00840216875076294,-0.0010181069374084473,-0.0002545267343521118,-0.011269384063780308,0.002931445837020874,-0.2712845504283905,-0.06782113760709763,-0.09554163366556168,0.03244505077600479,-0.3538687229156494,-0.08846718072891235,-0.004326377063989639,0.0059989094734191895,0.4840715527534485,0.12101788818836212,0.05088063329458237,0.04924429580569267,1.0613372325897217,0.2653343081474304,0.26291799545288086,-0.005665564443916082,0.7658013701438904,0.1914503425359726,-0.1411106139421463,0.030180025845766068,-0.48994681239128113,-0.12248670309782028,0.008521784096956253,0.02275419794023037,-0.13769249618053436,-0.03442312404513359,0.020253440365195274,-0.0470205619931221,-0.05765536427497864,-0.01441384106874466,0.01949942670762539,0.019592702388763428,-0.11497992277145386,-0.028744980692863464,0.04459141939878464,0.05272705480456352,1.1228984594345093,0.2807246148586273,0.28845804929733276,0.014512145891785622,1.0054576396942139,0.25136440992355347,0.25896865129470825,0.008947402238845825,-0.052053023129701614,-0.013013255782425404,-0.014542614109814167,-0.034466762095689774,3.412407875061035,0.8531019687652588,0.8968773484230042,0.0441896915435791,-0.0056364089250564575,-0.0014091022312641144,0.004465179517865181,0.04533126577734947,-0.13750921189785004,-0.03437730297446251,-0.011267166584730148,0.03343113884329796,-0.009865794330835342,-0.0024664485827088356,0.012324536219239235,-0.04275880008935928,0.927622377872467,0.23190559446811676,0.18956544995307922,0.0385923758149147,-0.8962776064872742,-0.22406940162181854,-0.21823927760124207,0.02649388276040554,0.03122488036751747,0.007806220091879368,0.004565820097923279,0.013527286238968372,3.386596202850342,0.8466490507125854,0.8429426550865173,-0.05107076093554497,0.028095439076423645,0.007023859769105911,-0.01121948566287756,-0.05754515156149864,0.05218467488884926,0.013046168722212315,-0.0015974808484315872,0.07745163887739182,0.002330723451450467,0.0005826808628626168,0.001577744260430336,0.04068116098642349,0,1,0
-0.1534130871295929,-0.038353271782398224,-0.09029928594827652,-0.05218902975320816,-0.1694895476102829,-0.042372386902570724,0.03564857691526413,0.042192768305540085,-0.17584942281246185,-0.04396235570311546,-0.06592026352882385,-0.09148000925779343,1.0668987035751343,0.26672467589378357,0.3473910093307495,-0.08656245470046997,-0.34307077527046204,-0.08576769381761551,-0.23737187683582306,0.050746943801641464,0.031499654054641724,0.007874913513660431,-0.010616570711135864,-0.015071505680680275,-0.2841046154499054,-0.07102615386247635,-0.08917873352766037,0.053312718868255615,-0.17195749282836914,-0.042989373207092285,-0.006480744108557701,0.05970463901758194,0.3152298331260681,0.07880745828151703,0.05866222083568573,-0.03491621091961861,1.0443118810653687,0.26107797026634216,0.27404171228408813,0.04691508039832115,0.39233869314193726,0.09808467328548431,-0.1398663967847824,-0.03183376416563988,-0.4904511868953705,-0.12261279672384262,0.009218642488121986,0.006943488027900457,-0.08642521500587463,-0.02160630375146866,0.027162542566657066,-0.05823282152414322,0.01543581485748291,0.0038589537143707275,0.026350734755396843,0.054344236850738525,-0.1498224437236786,-0.03745561093091965,0.04149773716926575,0.03141256794333458,1.090787410736084,0.272696852684021,0.31157052516937256,0.0047228396870195866,1.0632238388061523,0.2658059597015381,0.24452097713947296,-0.019473886117339134,-0.03249790146946907,-0.008124475367367268,-0.00557616725564003,-0.03955083712935448,3.4917588233947754,0.8729397058486938,0.8899447321891785,0.07243962585926056,0.06235979497432709,0.015589948743581772,0.008158249780535698,0.0470832958817482,-0.12612147629261017,-0.03153036907315254,-0.00788238923996687,0.023609144613146782,0.017049942165613174,0.004262485541403294,-0.005648760125041008,0.010138392448425293,0.8474599123001099,0.21186497807502747,0.19221021234989166,-0.034183766692876816,-1.1172505617141724,-0.2793126404285431,-0.22089053690433502,-0.021221309900283813,-0.03448265790939331,-0.008620664477348328,0.016303669661283493,0.06681732088327408,3.4056193828582764,0.8514048457145691,0.8521121144294739,0.07382909208536148,0.007523670792579651,0.0018809176981449127,0.0038526300340890884,0.0136271296069026,0.021216275170445442,0.0053040687926113605,0.006826326251029968,-0.05645393207669258,0.06799837946891785,0.01699959486722946,0.013332800939679146,0.07601914554834366,0,1,0
-0.18243440985679626,-0.045608602464199066,-0.10497399419546127,-0.025578517466783524,-0.10743473470211029,-0.026858683675527573,0.04495704174041748,0.046089209616184235,-0.23930002748966217,-0.05982500687241554,-0.0828910544514656,-0.013628638349473476,1.023647665977478,0.2559119164943695,0.3165672719478607,0.03213362768292427,0.042974963784217834,0.010743740946054459,-0.20268914103507996,-0.032733459025621414,0.11811667680740356,0.02952916920185089,-0.0403168722987175,-0.03760723024606705,-0.2659705877304077,-0.06649264693260193,-0.09276213496923447,-0.049015872180461884,-0.047561198472976685,-0.011890299618244171,-7.677450776100159e-05,-0.05160478502511978,0.3484209179878235,0.08710522949695587,0.04333677887916565,0.04441963508725166,1.1931003332138062,0.29827508330345154,0.2641980051994324,-0.06134140491485596,0.28462308645248413,0.07115577161312103,-0.1560230553150177,0.059352971613407135,-0.4922546446323395,-0.12306366115808487,0.026334797963500023,-0.015379237942397594,-0.052475571632385254,-0.013118892908096313,0.027216194197535515,-0.07673203945159912,0.019654899835586548,0.004913724958896637,0.032168276607990265,0.02096320502460003,-0.06925647705793381,-0.017314119264483452,0.04219259321689606,0.033538877964019775,1.1247568130493164,0.2811892032623291,0.3086587190628052,0.10378952324390411,1.1760830879211426,0.29402077198028564,0.23398171365261078,-0.0019351363880559802,-0.01622890867292881,-0.0040572271682322025,-0.01515362411737442,0.056668996810913086,3.4857876300811768,0.8714469075202942,0.9084224104881287,0.0141759580001235,0.041703492403030396,0.010425873100757599,0.0008524591103196144,-0.03350621089339256,-0.14115117490291595,-0.03528779372572899,-0.014370120130479336,0.05397350713610649,0.09781739115715027,0.024454347789287567,0.001339651644229889,0.06277111917734146,0.7519005537033081,0.18797513842582703,0.2076406031847,0.010205644182860851,-1.1330833435058594,-0.28327083587646484,-0.22681395709514618,-0.004036021418869495,-0.04128922522068024,-0.01032230630517006,0.010150816291570663,-0.0054638623259961605,3.434863328933716,0.858715832233429,0.8519392609596252,-0.01259313803166151,-0.06731158494949341,-0.016827896237373352,-0.011947417631745338,-0.04589415341615677,0.054972052574157715,0.013743013143539429,0.01791422627866268,-0.011163437739014626,-0.0480634979903698,-0.01201587449759245,0.018204713240265846,-0.044616345316171646,0,1,0
-0.3258882761001587,-0.08147206902503967,-0.08667731285095215,0.11811943352222443,-0.1308957189321518,-0.03272392973303795,0.04143034666776657,-0.08383431285619736,-0.2839699387550354,-0.07099248468875885,-0.06372561305761337,0.06827109307050705,1.0167174339294434,0.25417935848236084,0.3035222291946411,-0.04809435084462166,0.3872460126876831,0.09681150317192078,-0.20288610458374023,0.05925111845135689,0.12246972322463989,0.030617430806159973,-0.041257210075855255,-0.016468167304992676,-0.15358056128025055,-0.03839514032006264,-0.08761902153491974,-0.04172300174832344,0.15617510676383972,0.03904377669095993,0.009504187852144241,-0.013893437571823597,0.26896530389785767,0.06724132597446442,0.06044267117977142,-0.006740218494087458,1.2422066926956177,0.3105516731739044,0.27638623118400574,0.021902823820710182,0.17002730071544647,0.04250682517886162,-0.15693756937980652,-0.07726649194955826,-0.4657451808452606,-0.11643629521131516,0.025707362219691277,0.019346481189131737,-0.04028096795082092,-0.01007024198770523,0.016382267698645592,0.019521743059158325,0.1764683723449707,0.044117093086242676,0.03137838840484619,0.03550231456756592,-0.1406458020210266,-0.03516145050525665,0.035420700907707214,-0.0036926567554473877,0.9688138961791992,0.2422034740447998,0.3231864273548126,0.05510349199175835,1.157754898071289,0.28943872451782227,0.23616370558738708,0.004841333720833063,-0.05147980526089668,-0.01286995131522417,-0.013705658726394176,0.032280948013067245,3.5001718997955322,0.8750429749488831,0.9206985235214233,0.015681445598602295,0.11631041020154953,0.029077602550387383,0.010078361257910728,0.020682496950030327,-0.1352885365486145,-0.033822134137153625,-0.017352253198623657,-0.012639731168746948,0.0033822841942310333,0.0008455710485577583,-0.0005949661135673523,-0.05052965506911278,0.8035993576049805,0.20089983940124512,0.21113108098506927,-0.03418045863509178,-1.1848185062408447,-0.2962046265602112,-0.22698745131492615,0.0012336134677752852,-0.06519804894924164,-0.01629951223731041,0.00020644348114728928,-0.0643518790602684,3.454159736633301,0.8635399341583252,0.8684918880462646,0.06905239820480347,0.013032101094722748,0.003258025273680687,-0.016847817227244377,0.018253708258271217,-0.010604269802570343,-0.0026510674506425858,0.02079872041940689,-0.038807231932878494,-0.02456052228808403,-0.0061401305720210075,-0.004187706857919693,-0.07196915149688721,0,0,1
-0.39513352513313293,-0.09878338128328323,-0.059010475873947144,0.025861000642180443,0.04400055110454559,0.011000137776136398,0.030716238543391228,-0.09205610305070877,-0.24525602161884308,-0.06131400540471077,-0.07380456477403641,-0.0036200047470629215,1.0005981922149658,0.25014954805374146,0.28111928701400757,-0.10915950685739517,0.6077991724014282,0.15194979310035706,-0.20021593570709229,0.037917207926511765,0.12227225303649902,0.030568063259124756,-0.043734513223171234,0.005360627081245184,-0.23518703877925873,-0.05879675969481468,-0.08964776992797852,0.028955483809113503,0.043725013732910156,0.010931253433227539,-0.0052451761439442635,-0.07731346040964127,0.3668440878391266,0.09171102195978165,0.06524103879928589,-0.021465754136443138,1.189310908317566,0.2973277270793915,0.28202489018440247,0.07301511615514755,0.08580528199672699,0.021451320499181747,-0.16764701902866364,-0.07801180332899094,-0.44179877638816833,-0.11044969409704208,0.019299911335110664,0.031183278188109398,0.03672251105308533,0.009180627763271332,0.0013192389160394669,-0.03961017355322838,0.07985740900039673,0.019964352250099182,0.02082659862935543,0.02386256493628025,0.00580330565571785,0.0014508264139294624,0.01840633526444435,-0.032233912497758865,1.103825330734253,0.27595633268356323,0.3151143789291382,-0.07088920474052429,1.1982510089874268,0.2995627522468567,0.2442861646413803,-0.00438496470451355,-0.0173717699944973,-0.004342942498624325,-0.01525026187300682,0.025349533185362816,3.5812244415283203,0.8953061103820801,0.9208382368087769,0.08816355466842651,0.03978104889392853,0.009945262223482132,0.02345857582986355,0.07254492491483688,-0.08974310010671616,-0.02243577502667904,-0.016013063490390778,-0.0691564679145813,0.06658956408500671,0.01664739102125168,0.003359474241733551,-0.05477098748087883,0.7172203063964844,0.1793050765991211,0.2206098735332489,-0.0302740428596735,-1.116714358329773,-0.27917858958244324,-0.23200643062591553,-0.07599683105945587,-0.05044667422771454,-0.012611668556928635,-0.0048833065666258335,-0.026770934462547302,3.469369888305664,0.867342472076416,0.875991702079773,0.01795761100947857,0.005619719624519348,0.001404929906129837,0.0005617290735244751,0.052452683448791504,-0.06297190487384796,-0.01574297621846199,0.007554156705737114,-0.05938779190182686,0.04876880720257759,0.012192201800644398,0.006666978821158409,-0.02241012454032898,0,0,1
-0.1814900040626526,-0.04537250101566315,-0.056937336921691895,0.005723184440284967,0.1364745944738388,0.0341186486184597,0.01680370606482029,-0.03382444009184837,-0.3261299133300781,-0.08153247833251953,-0.062215656042099,-0.06811468303203583,0.9724840521812439,0.24312101304531097,0.2602909505367279,0.026763916015625,0.8137928247451782,0.20344820618629456,-0.1915295273065567,0.03345894813537598,0.18749850988388062,0.046874627470970154,-0.029468482360243797,-0.05753956362605095,-0.2360338270664215,-0.05900845676660538,-0.09295941144227982,0.0024742961395531893,0.08066178858280182,0.020165447145700455,-0.010282106697559357,0.03205480799078941,0.35467401146888733,0.08866850286722183,0.05254007875919342,0.030429983511567116,1.1808245182037354,0.29520612955093384,0.29527145624160767,0.002251189900562167,0.34260278940200806,0.08565069735050201,-0.18346735835075378,0.014172202907502651,-0.47507205605506897,-0.11876801401376724,0.00938500091433525,-0.05892833694815636,0.12652620673179626,0.031631551682949066,0.003260948695242405,-0.033671654760837555,-0.030881881713867188,-0.007720470428466797,0.0066039469093084335,0.041818201541900635,0.04243973642587662,0.010609934106469154,-0.0037896428257226944,-0.002447831677272916,1.1232120990753174,0.28080302476882935,0.30862125754356384,0.027788281440734863,1.1588245630264282,0.28970614075660706,0.2512773871421814,0.04648956283926964,-0.0031711701303720474,-0.0007927925325930119,-0.014347756281495094,0.0007672011852264404,3.669973373413086,0.9174933433532715,0.9278421401977539,0.03343571349978447,-0.018403246998786926,-0.004600811749696732,0.02161938138306141,0.035359300673007965,-0.08101896196603775,-0.020254740491509438,-0.013429515063762665,-0.03137798607349396,0.02691703662276268,0.00672925915569067,0.013291552662849426,0.027877463027834892,0.7310013175010681,0.18275032937526703,0.20935413241386414,-0.052221983671188354,-0.9978823661804199,-0.24947059154510498,-0.2415243536233902,-0.012047439813613892,-0.02026430517435074,-0.005066076293587685,-0.00582016259431839,0.02094219997525215,3.5350804328918457,0.8837701082229614,0.8823958039283752,-0.05166146904230118,-0.044521257281303406,-0.011130314320325851,-0.007872538641095161,0.011547482572495937,0.02852610871195793,0.007131527177989483,0.0028429441154003143,-0.03609533607959747,-0.00629409309476614,-0.001573523273691535,0.0018211835995316505,-0.046109434217214584,0,0,1
-0.11561116576194763,-0.028902791440486908,-0.050455451011657715,0.03422510623931885,0.07331524789333344,0.01832881197333336,0.025191491469740868,-0.03785024583339691,-0.2651490271091461,-0.06628725677728653,-0.05979052186012268,-0.04472992569208145,0.9035258889198303,0.22588147222995758,0.2448253184556961,0.005627739708870649,0.7859680652618408,0.1964920163154602,-0.1838713437318802,-0.027123451232910156,0.3133352994918823,0.07833382487297058,-0.03298487514257431,-0.040095265954732895,-0.18880042433738708,-0.04720010608434677,-0.08659201860427856,-0.012119335122406483,-0.005076229572296143,-0.0012690573930740356,-0.022315125912427902,-0.047863852232694626,0.31210705637931824,0.07802676409482956,0.05245242267847061,-0.01651838980615139,1.16746187210083,0.2918654680252075,0.28701308369636536,-0.06889285892248154,0.4562295079231262,0.11405737698078156,-0.1824484020471573,-0.0031865418422967196,-0.48126348853111267,-0.12031587213277817,0.008361151441931725,-0.03697352483868599,-0.03202490508556366,-0.008006226271390915,0.008819127455353737,0.03723493963479996,-0.00309714674949646,-0.000774286687374115,0.0019873175770044327,0.004340463783591986,-0.0073818787932395935,-0.0018454696983098984,0.0002638334408402443,-0.038995590060949326,1.1449193954467773,0.28622984886169434,0.29599520564079285,-0.09383231401443481,1.0575904846191406,0.26439762115478516,0.24373207986354828,-0.048884257674217224,-0.05815163254737854,-0.014537908136844635,-0.012307170778512955,0.025217104703187943,3.628490924835205,0.9071227312088013,0.928105354309082,0.025734055787324905,-0.023187026381492615,-0.005796756595373154,0.0075622256845235825,-0.05614710971713066,-0.050300419330596924,-0.012575104832649231,-0.019207388162612915,-0.06426092237234116,-0.006721619516611099,-0.0016804048791527748,0.0065237414091825485,-0.048806797713041306,0.7833729982376099,0.19584324955940247,0.2129671424627304,0.06227068975567818,-1.0277507305145264,-0.2569376826286316,-0.24042341113090515,-0.00015999078459572047,-0.021559447050094604,-0.005389861762523651,-0.009985901415348053,0.06589370220899582,3.5633487701416016,0.8908371925354004,0.8966845870018005,0.05494440719485283,-0.012890830636024475,-0.0032227076590061188,-0.0077303312718868256,-0.023885387927293777,0.07697295397520065,0.019243238493800163,0.011993912979960442,0.06354021281003952,0.02912048064172268,0.00728012016043067,0.00982263870537281,0.013727391138672829,0,0,1
-0.20675957202911377,-0.05168989300727844,-0.03325575217604637,-0.04234139993786812,-0.0721377581357956,-0.0180344395339489,0.011836813762784004,0.0663510113954544,-0.26929178833961487,-0.06732294708490372,-0.06371332705020905,-0.005113482475280762,0.8413780331611633,0.21034450829029083,0.23518060147762299,-0.029353434219956398,0.7100417613983154,0.17751044034957886,-0.1718960702419281,0.07083722203969955,0.2967088222503662,0.07417720556259155,-0.03202857822179794,-0.04124000295996666,-0.11180217564105988,-0.02795054391026497,-0.07004415988922119,0.05749157816171646,0.07222604751586914,0.018056511878967285,-0.028368329629302025,-0.07245364040136337,0.32653525471687317,0.08163381367921829,0.07104691863059998,0.06631016731262207,1.1265249252319336,0.2816312313079834,0.29056045413017273,-0.03885018453001976,0.261879563331604,0.065469890832901,-0.18826445937156677,0.07024978846311569,-0.5507364273071289,-0.13768410682678223,-0.0024556973949074745,-0.06526681780815125,0.006880998611450195,0.0017202496528625488,0.003076225519180298,0.04536719247698784,0.05866748094558716,0.01466687023639679,0.006588637828826904,0.0126053337007761,-0.01627161353826523,-0.004067903384566307,0.0035324394702911377,-0.060405876487493515,1.1588164567947388,0.2897041141986847,0.281804621219635,-0.08020355552434921,1.1833770275115967,0.29584425687789917,0.24753506481647491,0.07792758196592331,-0.02055174671113491,-0.005137936677783728,-0.02197243645787239,0.015036577358841896,3.582481861114502,0.8956204652786255,0.9162676334381104,-0.08859328180551529,0.06289032846689224,0.01572258211672306,0.014006627723574638,-0.026576433330774307,0.016891613602638245,0.004222903400659561,-0.01472520548850298,0.016794323921203613,0.019610833376646042,0.0049027083441615105,0.011603804305195808,-0.040798965841531754,0.7817325592041016,0.1954331398010254,0.20516133308410645,-0.08259332925081253,-1.0977234840393066,-0.27443087100982666,-0.23598089814186096,0.06375937908887863,-0.04189199209213257,-0.010472998023033142,-0.0027721901424229145,0.055278826504945755,3.5987048149108887,0.8996762037277222,0.9078035950660706,0.046805549412965775,-0.030941054224967957,-0.007735263556241989,-0.012639102526009083,0.06338971853256226,-0.08019359409809113,-0.02004839852452278,0.0021852878853678703,-0.06851223856210709,-0.019502956420183182,-0.0048757391050457954,-0.004667634144425392,-0.0360923670232296,0,0,1
-0.26605305075645447,-0.06651326268911362,-0.01136498898267746,-0.05091749504208565,-0.056534454226493835,-0.014133613556623459,0.025102032348513603,-0.012249118648469448,-0.2612471282482147,-0.06531178206205368,-0.068474180996418,0.043469905853271484,0.7834765315055847,0.19586913287639618,0.22392217814922333,0.029591893777251244,0.5059350728988647,0.1264837682247162,-0.18490692973136902,-0.042495131492614746,0.2494855523109436,0.0623713880777359,-0.02922673709690571,-0.03792882710695267,-0.12651383876800537,-0.03162845969200134,-0.06294942647218704,0.015822237357497215,0.14291343092918396,0.03572835773229599,-0.02197660133242607,0.024439871311187744,0.33170437812805176,0.08292609453201294,0.060563743114471436,-0.04403776675462723,1.1640191078186035,0.2910047769546509,0.2691088616847992,-0.07674281299114227,0.16177956759929657,0.04044489189982414,-0.18099616467952728,-0.021133899688720703,-0.6208277940750122,-0.15520694851875305,-0.018670130521059036,0.005397462751716375,0.028743788599967957,0.007185947149991989,-0.001459319144487381,-0.05406336858868599,-0.03799919784069061,-0.009499799460172653,-0.007006986066699028,-0.010834097862243652,0.07316140085458755,0.01829035021364689,-0.003139394335448742,-0.023759841918945312,1.1792761087417603,0.29481902718544006,0.26578569412231445,-0.04052549600601196,1.084231972694397,0.27105799317359924,0.24352483451366425,-0.0466231070458889,0.019404485821723938,0.0048511214554309845,-0.017642097547650337,0.010213381610810757,3.5275635719299316,0.8818908929824829,0.9184793829917908,-0.014613497070968151,0.03767945617437363,0.009419864043593407,0.016426408663392067,0.014481568709015846,-0.04568587616086006,-0.011421469040215015,-0.0013591460883617401,-0.009885734878480434,-0.005943190306425095,-0.0014857975766062737,-0.0028823809698224068,-0.04177393764257431,0.7983198165893555,0.19957995414733887,0.20446325838565826,0.024124223738908768,-1.2585772275924683,-0.31464430689811707,-0.23161830008029938,0.002440881682559848,-0.0835348591208458,-0.02088371478021145,0.0036998391151428223,-0.0730285570025444,3.6183347702026367,0.9045836925506592,0.9096493124961853,-0.007950502447783947,-0.0121784508228302,-0.00304461270570755,-0.012178543955087662,0.028873825445771217,0.07711879163980484,0.01927969790995121,-0.0009123533964157104,-0.013411271385848522,0.026152146980166435,0.006538036745041609,0.006150573492050171,-0.00019873380369972438,0,0,1
-0.07737192511558533,-0.019342981278896332,-0.007990524172782898,0.04490313678979874,-0.10409565269947052,-0.02602391317486763,0.01624959148466587,0.023420292884111404,-0.27858248353004456,-0.06964562088251114,-0.050356410443782806,0.0025173963513225317,0.8608862161636353,0.2152215540409088,0.2072349488735199,-0.009839648380875587,0.6646798253059387,0.16616995632648468,-0.18286466598510742,-0.021113693714141846,0.2940155863761902,0.07350389659404755,-0.019630685448646545,-0.05521682649850845,-0.08374303579330444,-0.02093575894832611,-0.06919491291046143,0.055593181401491165,0.09929829835891724,0.02482457458972931,-0.014604385942220688,0.04633510112762451,0.28046759963035583,0.07011689990758896,0.055829450488090515,-0.04845933988690376,1.1047134399414062,0.27617835998535156,0.2726396918296814,0.014695686288177967,0.3752405643463135,0.09381014108657837,-0.19818760454654694,-0.04998093470931053,-0.5924798250198364,-0.1481199562549591,-0.021630071103572845,0.009592062793672085,0.008318454027175903,0.002079613506793976,-0.001468074508011341,0.03668680414557457,0.07546057552099228,0.01886514388024807,0.0034106168895959854,-0.04350929707288742,0.050211623311042786,0.012552905827760696,-0.010041013360023499,0.05617234855890274,1.0977176427841187,0.27442941069602966,0.2689147889614105,-0.007020235061645508,1.2089844942092896,0.3022461235523224,0.25779205560684204,0.05941413715481758,0.0029023922979831696,0.0007255980744957924,-0.007458432577550411,0.050778985023498535,3.551433801651001,0.8878584504127502,0.9060249924659729,0.0030417086090892553,0.03399913012981415,0.008499782532453537,0.014130517840385437,-0.03263126686215401,-0.12383134663105011,-0.030957836657762527,-0.0033349664881825447,0.023232316598296165,0.098709836602211,0.02467745915055275,0.010708831250667572,-0.042341869324445724,0.8755757808685303,0.21889394521713257,0.19398334622383118,-0.0685848593711853,-1.1377627849578857,-0.28444069623947144,-0.25454622507095337,-0.03128516301512718,-0.056109316647052765,-0.014027329161763191,-0.005602717399597168,0.06646182388067245,3.605210781097412,0.901302695274353,0.9135319590568542,-0.05338085815310478,-0.016516640782356262,-0.0041291601955890656,-0.0041829608380794525,-0.05823901295661926,0.029837019741535187,0.007459254935383797,0.0022020339965820312,0.036791156977415085,-0.03697522357106209,-0.009243805892765522,-0.005313782021403313,0.04180021211504936,0,0,1
0.03484684228897095,0.008711710572242737,-0.00914667546749115,0.09282492846250534,-0.11041556298732758,-0.027603890746831894,0.006442388519644737,0.02605541981756687,-0.19731666147708893,-0.04932916536927223,-0.05355295538902283,-0.0068995775654911995,0.8586146235466003,0.21465365588665009,0.20711912214756012,0.020010722801089287,1.0560996532440186,0.26402491331100464,-0.17530536651611328,-0.011687517166137695,0.38498300313949585,0.09624575078487396,-0.02623259834945202,0.0012556075816974044,-0.0921022891998291,-0.023025572299957275,-0.04331611096858978,0.025922466069459915,0.032543301582336426,0.008135825395584106,-0.03002808801829815,-0.06206892058253288,0.28954365849494934,0.07238591462373734,0.05422326922416687,-0.08420830219984055,1.192012071609497,0.29800301790237427,0.2561068534851074,-0.0511152520775795,0.6878262162208557,0.17195655405521393,-0.1960926353931427,0.01685875654220581,-0.5133343935012817,-0.12833359837532043,-0.031088264659047127,0.013262557797133923,-0.02116166055202484,-0.00529041513800621,-0.010128539055585861,0.00971686840057373,0.03562290966510773,0.008905727416276932,-0.0037255105562508106,-0.05769466236233711,0.005602821707725525,0.0014007054269313812,0.004068506881594658,0.05330389738082886,1.036120057106018,0.2590300142765045,0.2590268850326538,0.03694187477231026,1.0322291851043701,0.25805729627609253,0.2631506621837616,0.07681357860565186,-0.04083689674735069,-0.010209224186837673,-0.016901979222893715,0.06751807779073715,3.451408863067627,0.8628522157669067,0.9048286080360413,-0.06634009629487991,0.04550563544034958,0.011376408860087395,0.0017698565497994423,-0.07129918038845062,-0.12014969438314438,-0.030037423595786095,-0.02057436853647232,-0.06794210523366928,0.02048015221953392,0.00512003805488348,0.006337836384773254,-0.06878156214952469,0.8834096789360046,0.22085241973400116,0.19706422090530396,-0.06772718578577042,-1.0293158292770386,-0.25732895731925964,-0.2503175437450409,-0.003392118262127042,-0.025727275758981705,-0.006431818939745426,-0.004302052780985832,0.06252547353506088,3.623338460922241,0.9058346152305603,0.9118497967720032,-0.031532809138298035,-0.01543530821800232,-0.00385882705450058,-0.013232849538326263,-0.05449629947543144,0.036245670169591904,0.009061417542397976,0.008227718994021416,-0.011956751346588135,0.03519054129719734,0.008797635324299335,-0.007843716070055962,-0.027460074052214622,0,0,1
-0.011118262074887753,-0.002779565518721938,0.007123304530978203,-0.03440529853105545,-0.09687663614749908,-0.02421915903687477,0.019311614334583282,-0.04907722398638725,-0.20090027153491974,-0.050225067883729935,-0.059481821954250336,-0.02646651677787304,0.8326337337493896,0.2081584334373474,0.1940239816904068,0.01612555980682373,1.085867166519165,0.27146679162979126,-0.17876926064491272,0.029716134071350098,0.31155431270599365,0.07788857817649841,-0.0211280956864357,0.056310154497623444,-0.030750274658203125,-0.007687568664550781,-0.05482377111911774,-0.00960051454603672,0.10470947623252869,0.02617736905813217,-0.03389590233564377,-0.05664478614926338,0.2902863323688507,0.07257158309221268,0.06968673318624496,0.07431747764348984,1.179419755935669,0.29485493898391724,0.25873586535453796,-0.015522057190537453,0.49474674463272095,0.12368668615818024,-0.18589970469474792,-0.043406564742326736,-0.6128678321838379,-0.15321695804595947,-0.033417411148548126,0.01634162664413452,-0.0827081948518753,-0.020677048712968826,-0.0006922725588083267,-0.04601963609457016,0.055776625871658325,0.013944156467914581,-0.01615026220679283,0.07145922631025314,-0.06023848056793213,-0.015059620141983032,0.004963742569088936,0.01726358011364937,0.9076787233352661,0.22691968083381653,0.24080832302570343,-0.007232076022773981,0.9361827969551086,0.23404569923877716,0.24826140701770782,-0.011716390028595924,-0.04185163602232933,-0.010462909005582333,-0.0034612128511071205,-0.06626234203577042,3.3216359615325928,0.8304089903831482,0.878849983215332,-0.0034793377853929996,0.09751175343990326,0.024377938359975815,0.02091495506465435,0.007860816083848476,-0.03814125806093216,-0.00953531451523304,-0.022853463888168335,0.07945286482572556,-0.005467507988214493,-0.0013668769970536232,0.007673965767025948,0.049430157989263535,0.9261271357536316,0.2315317839384079,0.19337616860866547,-0.005052679684013128,-1.0575920343399048,-0.2643980085849762,-0.23872098326683044,0.0041394950821995735,-0.04449407011270523,-0.011123517528176308,-0.0021144822239875793,0.004224199336022139,3.660963773727417,0.9152409434318542,0.9071246981620789,-0.014026010408997536,0.004612594842910767,0.0011531487107276917,-0.00839193630963564,-0.04039236158132553,0.022695237770676613,0.005673809442669153,0.010685538873076439,-0.07871425896883011,0.08544168621301651,0.021360421553254128,0.012243961915373802,0.044773221015930176,0,0,1
0.03307202458381653,0.008268006145954132,0.012845302000641823,0.015130817890167236,0.04038788378238678,0.010096970945596695,0.010632598772644997,-0.009542441926896572,-0.257142037153244,-0.064285509288311,-0.06278785318136215,0.050661515444517136,0.8432503342628479,0.21081258356571198,0.1909942775964737,0.010795635171234608,0.8840579986572266,0.22101449966430664,-0.1673995405435562,-0.006674528121948242,0.24778717756271362,0.061946794390678406,-0.022609565407037735,0.059761252254247665,-0.09551070630550385,-0.02387767657637596,-0.04843989014625549,-0.07726025581359863,0.1792054921388626,0.04480137303471565,-0.03421539440751076,-0.02846907451748848,0.32305896282196045,0.08076474070549011,0.06146076321601868,-0.007270181085914373,1.1385221481323242,0.28463053703308105,0.25728142261505127,-0.007799244020134211,0.27865320444107056,0.06966330111026764,-0.19665636122226715,-0.045854873955249786,-0.680683970451355,-0.17017099261283875,-0.03060249052941799,0.005039435811340809,0.009865298867225647,0.0024663247168064117,-0.002110622823238373,-0.06804226338863373,-0.0010530799627304077,-0.00026326999068260193,-0.007572251372039318,0.005434900522232056,-0.09442794322967529,-0.023606985807418823,0.015562409535050392,-0.06943852454423904,0.9285143613815308,0.2321285903453827,0.2356891632080078,-0.06524118036031723,1.1374809741973877,0.2843702435493469,0.2531191408634186,-0.035144638270139694,-0.03318548947572708,-0.00829637236893177,-0.009552942588925362,0.017777729779481888,3.3671836853027344,0.8417959213256836,0.8652046322822571,-0.006000006105750799,-0.0024586468935012817,-0.0006146617233753204,0.012961888685822487,-0.022602051496505737,-0.1052621379494667,-0.026315534487366676,-0.009813182055950165,-0.03945507854223251,-0.030814338475465775,-0.007703584618866444,0.01138235442340374,0.04665466770529747,0.833747386932373,0.20843684673309326,0.1961658000946045,0.05971914529800415,-1.1434556245803833,-0.2858639061450958,-0.25233548879623413,-0.07419220358133316,-0.054000891745090485,-0.013500222936272621,-0.01405060850083828,-0.04752146825194359,3.6560258865356445,0.9140064716339111,0.9260483980178833,-0.02777951955795288,-0.03044287860393524,-0.00761071965098381,-0.014669954776763916,0.0603458546102047,0.03211935982108116,0.00802983995527029,0.013348540291190147,-0.05730753019452095,-0.05628441646695137,-0.014071104116737843,-0.00531171727925539,0.02709066867828369,0,0,1
-0.07142606377601624,-0.01785651594400406,-0.004194236360490322,0.03096681833267212,0.12060265243053436,0.03015066310763359,0.007114330306649208,-0.04068972170352936,-0.28192782402038574,-0.07048195600509644,-0.06725350767374039,-0.03399903327226639,0.8270381689071655,0.20675954222679138,0.19070284068584442,0.04954710230231285,0.8476786613464355,0.2119196653366089,-0.16075976192951202,-0.00976639986038208,0.1344349980354309,0.03360874950885773,-0.011004475876688957,0.0007113456958904862,-0.022655576467514038,-0.0056638941168785095,-0.041180599480867386,-0.005827987100929022,0.16013078391551971,0.04003269597887993,-0.036828622221946716,0.059812843799591064,0.2984226942062378,0.07460567355155945,0.06690927594900131,0.05966353416442871,1.119685173034668,0.279921293258667,0.2685803472995758,-0.05925775691866875,0.19223754107952118,0.048059385269880295,-0.20148888230323792,0.02397018112242222,-0.6883836984634399,-0.17209592461585999,-0.05936313420534134,-0.10738445818424225,0.05934964120388031,0.014837410300970078,-0.012849601916968822,-0.026633042842149734,-0.023952439427375793,-0.005988109856843948,-0.00584087148308754,-0.014352316036820412,-0.02240503579378128,-0.00560125894844532,0.011560987681150436,-0.0668797641992569,0.9480299353599548,0.2370074838399887,0.23207788169384003,0.03813856840133667,1.2225948572158813,0.30564871430397034,0.24111057817935944,-0.02173822559416294,-0.017731303349137306,-0.0044328258372843266,-0.012681183405220509,-0.064211905002594,3.421137809753418,0.8552844524383545,0.8602703809738159,0.03412097692489624,0.07066930830478668,0.01766732707619667,0.01469007134437561,-0.004594683647155762,-0.07448121160268784,-0.01862030290067196,-0.019251633435487747,0.06306995451450348,-0.04146108403801918,-0.010365271009504795,0.007899276912212372,-0.03374510258436203,0.8197566866874695,0.20493917167186737,0.20338666439056396,-0.018660640344023705,-1.0621039867401123,-0.2655259966850281,-0.24564646184444427,-0.012101328931748867,-0.056862808763980865,-0.014215702190995216,-0.002758256159722805,0.015370315872132778,3.661346435546875,0.9153366088867188,0.923325777053833,-0.025878697633743286,-0.016795367002487183,-0.004198841750621796,-0.01958516612648964,0.0282332431524992,-0.006243240088224411,-0.0015608100220561028,0.005097504705190659,-0.028798764571547508,0.005297890864312649,0.0013244727160781622,0.0038079069927334785,-0.05407334119081497,0,0,1
-0.25120916962623596,-0.06280229240655899,0.000652192160487175,-0.004504698794335127,0.03494323790073395,0.008735809475183487,0.014011377468705177,-0.02439633570611477,-0.3077943027019501,-0.07694857567548752,-0.06416549533605576,-0.02060459926724434,0.7616521120071411,0.19041302800178528,0.19209270179271698,-0.02095705270767212,0.7553794384002686,0.18884485960006714,-0.17164847254753113,0.05680129677057266,0.1122274398803711,0.028056859970092773,-0.02180582657456398,-0.06760285049676895,0.028446733951568604,0.007111683487892151,-0.052197664976119995,0.011116355657577515,0.12838110327720642,0.032095275819301605,-0.01856275647878647,0.026262247934937477,0.31151023507118225,0.07787755876779556,0.07240350544452667,-0.007369745057076216,1.075442910194397,0.26886072754859924,0.25187212228775024,-0.06347936391830444,0.1191508024930954,0.02978770062327385,-0.18813017010688782,0.038628317415714264,-0.7017663717269897,-0.17544159293174744,-0.06229662150144577,-0.046792592853307724,-0.02801668643951416,-0.00700417160987854,-0.0014724712818861008,-0.02469618432223797,0.002350151538848877,0.0005875378847122192,-0.010525137186050415,0.019977837800979614,0.06721337139606476,0.01680334284901619,0.0017718058079481125,0.004097574856132269,0.8627614378929138,0.21569035947322845,0.21875913441181183,0.040450215339660645,1.2697596549987793,0.3174399137496948,0.25271376967430115,0.0047029973939061165,0.047170501202344894,0.011792625300586224,-0.011306356638669968,0.0489012710750103,3.434863805770874,0.8587159514427185,0.8697620034217834,-0.026542140170931816,0.020512714982032776,0.005128178745508194,0.014790235087275505,-0.0037220001686364412,-0.08916988968849182,-0.022292472422122955,-0.02181200683116913,0.020745832473039627,0.05295975133776665,0.013239937834441662,-0.011248047463595867,0.028500890359282494,0.9621411561965942,0.24053528904914856,0.20680460333824158,-0.030773192644119263,-1.139579176902771,-0.28489479422569275,-0.2506174147129059,0.002641880651935935,-0.0693482905626297,-0.017337072640657425,-0.002636875957250595,0.0002523362636566162,3.6440043449401855,0.9110010862350464,0.9299836754798889,0.05358980968594551,-0.00024956464767456055,-6.239116191864014e-05,-0.007192745804786682,0.04210317134857178,0.02510014921426773,0.006275037303566933,0.002470754086971283,-0.05412160977721214,-0.02646072953939438,-0.006615182384848595,0.005467562936246395,-0.00786824245005846,0,0,1
-0.20293645560741425,-0.05073411390185356,0.00013162009418010712,-0.06559213250875473,-0.010298892855644226,-0.0025747232139110565,0.011245766654610634,-0.05659734085202217,-0.22453494369983673,-0.05613373592495918,-0.06195618212223053,-0.03105098381638527,0.6956591606140137,0.17391479015350342,0.1856459379196167,0.05668994411826134,0.3173023462295532,0.0793255865573883,-0.16838937997817993,-0.0002695262373890728,0.12489515542984009,0.031223788857460022,-0.009722283110022545,-0.025959914550185204,-0.0890427678823471,-0.022260691970586777,-0.04563850909471512,-0.049911778420209885,0.006297886371612549,0.0015744715929031372,-0.035324789583683014,-0.04235351085662842,0.3585221469402313,0.08963053673505783,0.06020548939704895,-0.012562471441924572,1.0290907621383667,0.2572726905345917,0.2549014091491699,0.04256263002753258,-0.09803728759288788,-0.02450932189822197,-0.19957603514194489,0.044897545129060745,-0.6842395067214966,-0.17105987668037415,-0.08338836580514908,0.03577963262796402,0.06421990692615509,0.016054976731538773,-0.007793337572365999,-0.005319952964782715,0.08716586977243423,0.02179146744310856,-0.0009859167039394379,0.03961135074496269,0.034057632088661194,0.008514408022165298,0.0043707843869924545,-0.03320347145199776,0.9717894792556763,0.24294736981391907,0.20062822103500366,-0.03371892124414444,1.186354398727417,0.29658859968185425,0.2467270940542221,-0.014257228933274746,-0.015000659972429276,-0.003750164993107319,-0.013639354147017002,-0.05458585545420647,3.432891368865967,0.8582228422164917,0.8748398423194885,-0.04260646924376488,0.01770683377981186,0.004426708444952965,0.018938088789582253,-0.0073004188016057014,-0.05007968842983246,-0.012519922107458115,-0.024954937398433685,0.05795004591345787,0.06241079047322273,0.015602697618305683,-0.003195020370185375,-0.015301632694900036,0.8939146399497986,0.22347865998744965,0.21125219762325287,0.018411923199892044,-1.1150107383728027,-0.2787526845932007,-0.23871518671512604,0.055727388709783554,-0.04243491590023041,-0.010608728975057602,-0.014697727747261524,-0.02612007036805153,3.6235930919647217,0.9058982729911804,0.9285898208618164,0.03185330703854561,-0.024080798029899597,-0.006020199507474899,-0.0006066896021366119,0.06318139284849167,0.029138108715415,0.00728452717885375,0.004263179376721382,0.027757907286286354,-0.03383270278573036,-0.00845817569643259,0.0012883935123682022,-0.04795781522989273,0,0,1
-0.2859705686569214,-0.07149264216423035,0.0004780236631631851,-0.03649558871984482,0.00648808479309082,0.001622021198272705,0.012860957533121109,0.07323580235242844,-0.25593578815460205,-0.06398394703865051,-0.05431152135133743,0.03505369648337364,0.6316928863525391,0.15792322158813477,0.18713219463825226,-0.0400400310754776,-0.03577755391597748,-0.00894438847899437,-0.17586098611354828,0.040319301187992096,0.12261044979095459,0.030652612447738647,-0.014662881381809711,0.019466251134872437,-0.051770031452178955,-0.012942507863044739,-0.050970084965229034,-0.06535308808088303,0.13250014185905457,0.03312503546476364,-0.025029506534337997,-0.01999499276280403,0.31085434556007385,0.07771358639001846,0.0708446279168129,0.07561125606298447,0.9877067804336548,0.2469266951084137,0.2549417316913605,-0.022696716710925102,-0.18485529720783234,-0.046213824301958084,-0.18425408005714417,0.03033587895333767,-0.7263089418411255,-0.18157723546028137,-0.0895911157131195,-0.07447626441717148,0.027417615056037903,0.006854403764009476,-0.01419892068952322,0.046372223645448685,-0.02171143889427185,-0.005427859723567963,0.0063630156219005585,-0.0048982203006744385,0.04593707621097565,0.011484269052743912,-0.0057913511991500854,-0.017870813608169556,0.991058349609375,0.24776458740234375,0.2075166553258896,-0.07069531828165054,1.2385849952697754,0.30964624881744385,0.26827436685562134,-0.05687078833580017,0.01729891076683998,0.004324727691709995,-0.018533188849687576,-0.02159796468913555,3.469745635986328,0.867436408996582,0.8598695397377014,0.03243904188275337,0.027763627469539642,0.006940906867384911,0.005053604021668434,-0.018590951338410378,-0.03380493074655533,-0.008451232686638832,-0.006440258584916592,-0.01335300225764513,0.029423918575048447,0.007355979643762112,0.004067951813340187,0.03194756433367729,0.8673306107521057,0.21683265268802643,0.21747784316539764,-0.05372897535562515,-1.2183260917663574,-0.30458152294158936,-0.24106164276599884,-0.033444035798311234,-0.07737722992897034,-0.019344307482242584,-0.0063053760677576065,0.02049875818192959,3.599384307861328,0.899846076965332,0.9280619025230408,-0.048643406480550766,-0.036907270550727844,-0.009226817637681961,-0.01104070246219635,-0.04992610588669777,-0.05094772204756737,-0.012736930511891842,0.0023635756224393845,0.0039817155338823795,0.005198187194764614,0.0012995467986911535,0.004157703369855881,0.014781475067138672,0,0,1
-0.27269524335861206,-0.06817381083965302,-0.007875601761043072,-0.0034183680545538664,-0.03168170154094696,-0.00792042538523674,0.017588401213288307,0.059252288192510605,-0.2340637445449829,-0.05851593613624573,-0.0455351397395134,0.06297921389341354,0.6321079134941101,0.15802697837352753,0.1982882171869278,-0.017948998138308525,-0.014235720038414001,-0.0035589300096035004,-0.17129012942314148,0.01384733896702528,0.21602147817611694,0.054005369544029236,-0.004058225080370903,0.024518871679902077,0.012131184339523315,0.003032796084880829,-0.046216219663619995,-0.030260160565376282,0.18067915737628937,0.04516978934407234,-0.03211112320423126,-0.028833089396357536,0.30337968468666077,0.07584492117166519,0.07108820974826813,-0.026312971487641335,1.0186203718185425,0.2546550929546356,0.24310337007045746,0.03035447560250759,-0.17413508892059326,-0.043533772230148315,-0.18502482771873474,0.03636747598648071,-0.7275301218032837,-0.18188253045082092,-0.09304197877645493,0.03567761182785034,-0.018768101930618286,-0.0046920254826545715,-0.004049202892929316,0.017464561387896538,-0.0580407977104187,-0.014510199427604675,0.0024144407361745834,0.02024586871266365,0.08943086862564087,0.022357717156410217,-0.00419927341863513,0.03792541101574898,0.9974663853645325,0.24936659634113312,0.21277545392513275,-0.03569057211279869,1.2446268796920776,0.3111567199230194,0.2741839587688446,0.05855652317404747,0.016635634005069733,0.004158908501267433,-0.000614505261182785,-0.0006367504829540849,3.5655999183654785,0.8913999795913696,0.8655169010162354,0.07298773527145386,0.06864072382450104,0.01716018095612526,0.009951485320925713,0.028137696906924248,-0.03288286179304123,-0.008220715448260307,-0.01473037339746952,-0.05121680721640587,0.014166053384542465,0.0035415133461356163,-0.0037420415319502354,-0.045489680022001266,0.9644526243209839,0.24111315608024597,0.21886423230171204,-0.014072668738663197,-1.158988118171692,-0.289747029542923,-0.2343585342168808,-0.030157659202814102,-0.0741032138466835,-0.018525803461670876,-0.007047868799418211,-0.04939829930663109,3.575995445251465,0.8939988613128662,0.9155607223510742,-0.004486787598580122,0.03800483047962189,0.009501207619905472,-0.016744650900363922,0.04485008865594864,0.06604708731174469,0.016511771827936172,-0.001658744178712368,0.06273200362920761,-0.02910100668668747,-0.007275251671671867,-0.005999530199915171,0.011525112204253674,0,0,1
-0.2073802649974823,-0.051845066249370575,-0.005097503773868084,0.08234315365552902,-0.10889990627765656,-0.02722497656941414,0.015546923503279686,-0.054005689918994904,-0.21257419884204865,-0.05314354971051216,-0.05058632045984268,0.011278688907623291,0.6640986800193787,0.16602467000484467,0.19370268285274506,0.02792968787252903,0.04830656945705414,0.012076642364263535,-0.17306822538375854,0.04198009893298149,0.21293455362319946,0.053233638405799866,-0.011905645951628685,0.028659284114837646,0.009919971227645874,0.0024799928069114685,-0.049751438200473785,0.015821421518921852,0.15111394226551056,0.03777848556637764,-0.027671800926327705,-0.0586857795715332,0.3296441435813904,0.0824110358953476,0.07443404942750931,-0.03420219570398331,1.049673080444336,0.262418270111084,0.2355380654335022,0.015645110979676247,-0.11960169672966003,-0.02990042418241501,-0.1793026477098465,-0.005986964795738459,-0.7147202491760254,-0.17868006229400635,-0.08169142156839371,0.018689198419451714,0.005391061305999756,0.001347765326499939,-0.00913862232118845,-0.08618714660406113,-0.02132214605808258,-0.005330536514520645,0.0018508238717913628,-0.022134888917207718,0.025914601981639862,0.0064786504954099655,-0.00639260932803154,0.042085397988557816,0.999261200428009,0.24981530010700226,0.21030697226524353,-1.8531083696871065e-05,1.0399112701416016,0.2599778175354004,0.28016260266304016,0.060173749923706055,-0.04329488426446915,-0.010823721066117287,-0.010464292019605637,0.07612519711256027,3.6021766662597656,0.9005441665649414,0.8750894665718079,0.019947975873947144,0.03882862627506256,0.00970715656876564,0.013759111985564232,-0.006332218647003174,-0.054706450551748276,-0.013676612637937069,-0.00894023384898901,-0.017675966024398804,0.06567485630512238,0.016418714076280594,0.008577847853302956,0.07843176275491714,0.9558030962944031,0.23895077407360077,0.23634909093379974,-0.025973036885261536,-1.0435702800750732,-0.2608925700187683,-0.23285655677318573,0.06007585674524307,-0.029764845967292786,-0.007441211491823196,-0.0025101155042648315,0.03070082701742649,3.5978686809539795,0.8994671702384949,0.9081183671951294,0.04403716325759888,0.04811059683561325,0.012027649208903313,-0.013346802443265915,-0.016712551936507225,0.007067419588565826,0.0017668548971414566,0.01590842194855213,-0.016344821080565453,0.03738734871149063,0.009346837177872658,0.0012542372569441795,0.051287222653627396,0,0,1
-0.27912864089012146,-0.06978216022253036,-0.0034057600423693657,0.0623553991317749,-0.07985760271549225,-0.019964400678873062,0.008918080478906631,-0.0024544179905205965,-0.223637655377388,-0.055909413844347,-0.0450158566236496,0.06639540195465088,0.6676019430160522,0.16690048575401306,0.1809616982936859,-0.029042482376098633,0.07805885374546051,0.019514713436365128,-0.17285791039466858,-0.041319530457258224,0.16669994592666626,0.041674986481666565,-0.00954202190041542,-0.07691792398691177,0.038081228733062744,0.009520307183265686,-0.044323548674583435,-0.07119803875684738,0.17160853743553162,0.042902134358882904,-0.027709223330020905,0.030484843999147415,0.3575264811515808,0.0893816202878952,0.06994500011205673,0.013853395357728004,1.046962022781372,0.261740505695343,0.24136163294315338,-0.06403549015522003,-0.11002445220947266,-0.027506113052368164,-0.188935324549675,0.01716340146958828,-0.7014713287353516,-0.1753678321838379,-0.1025664284825325,-0.035179708153009415,-0.009737521409988403,-0.002434380352497101,-0.005212269723415375,0.023192930966615677,0.02834722399711609,0.007086805999279022,0.0059282779693603516,-0.004316204693168402,-0.0432690754532814,-0.01081726886332035,0.014953374862670898,-0.03978715091943741,0.8652658462524414,0.21631646156311035,0.22221986949443817,-0.05824393779039383,0.9342349171638489,0.23355872929096222,0.2744525372982025,0.005996400024741888,-0.08847318589687347,-0.02211829647421837,-0.017526879906654358,0.029403794556856155,3.551204204559326,0.8878010511398315,0.9043272733688354,-0.023381603881716728,0.06459477543830872,0.01614869385957718,0.011108256876468658,-0.015332693234086037,-0.08443611860275269,-0.02110902965068817,-0.006375163793563843,0.07328636944293976,-0.07399772107601166,-0.018499430269002914,0.012941261753439903,0.012118327431380749,1.0319172143936157,0.25797930359840393,0.24247001111507416,0.07245402783155441,-1.159772276878357,-0.28994306921958923,-0.2303214818239212,-0.05202382802963257,-0.05386219918727875,-0.013465549796819687,-0.010667690075933933,0.008744495920836926,3.6660399436950684,0.9165099859237671,0.9121837019920349,-0.00888708233833313,0.036441825330257416,0.009110456332564354,-0.003310765139758587,-0.042802389711141586,-0.023292627185583115,-0.005823156796395779,-0.0035812235437333584,-0.0038139938842505217,-0.035801369696855545,-0.008950342424213886,-0.006907463073730469,0.007036435883492231,0,0,1
-0.16170617938041687,-0.04042654484510422,-0.0031903679482638836,0.0050889672711491585,0.01467461884021759,0.0036686547100543976,0.008650623261928558,-0.028497977182269096,-0.18967460095882416,-0.04741865023970604,-0.04251024127006531,-0.06607076525688171,0.6740368008613586,0.16850920021533966,0.18681980669498444,-0.06976094096899033,0.13369180262088776,0.03342295065522194,-0.16259022057056427,0.05231583118438721,0.1816452145576477,0.045411303639411926,-0.007277552969753742,-0.042599279433488846,-0.044642940163612366,-0.011160735040903091,-0.04585243761539459,0.008555090986192226,0.1417674720287323,0.035441868007183075,-0.014907285571098328,-0.06229127570986748,0.29961031675338745,0.07490257918834686,0.0650114119052887,0.05715923383831978,0.991070032119751,0.24776750802993774,0.24488170444965363,-0.06794196367263794,-0.16225199401378632,-0.04056299850344658,-0.17746226489543915,-0.0016038119792938232,-0.6822552680969238,-0.17056381702423096,-0.09034886211156845,0.0578099861741066,0.09369899332523346,0.023424748331308365,-0.008316208608448505,-0.06717218458652496,0.028400838375091553,0.007100209593772888,0.005645271390676498,-0.055778492242097855,-0.03327370434999466,-0.008318426087498665,0.014152389019727707,-0.03535614162683487,1.0075278282165527,0.2518819570541382,0.22963429987430573,0.09216853231191635,1.123736023902893,0.28093400597572327,0.26385894417762756,-0.0007906794780865312,-0.0160425566136837,-0.004010639153420925,-0.008393669500946999,0.03638278320431709,3.60176420211792,0.90044105052948,0.8933020830154419,0.050351765006780624,0.0597415566444397,0.014935389161109924,0.006515316665172577,-0.021201563999056816,-0.09978045523166656,-0.02494511380791664,-0.017015531659126282,-0.05468084290623665,-0.008330430835485458,-0.0020826077088713646,0.005015697330236435,-0.06888271868228912,0.9017649292945862,0.22544123232364655,0.23889611661434174,0.0009738862863741815,-1.1268616914749146,-0.28171542286872864,-0.24400758743286133,0.008360248990356922,-0.0503174364566803,-0.012579359114170074,0.0009484868496656418,-0.07528331130743027,3.5983355045318604,0.8995838761329651,0.9220619201660156,0.03630277141928673,-0.02801486849784851,-0.007003717124462128,0.005405385047197342,0.013467025943100452,0.0011916215298697352,0.0002979053824674338,0.002777126617729664,0.07758926600217819,0.017705552279949188,0.004426388069987297,-0.002845269627869129,0.024644656106829643,0,0,1
-0.2607080638408661,-0.06517701596021652,-0.010067511349916458,0.025338267907500267,-0.05608801543712616,-0.01402200385928154,0.002929527312517166,0.038170408457517624,-0.16520656645298004,-0.04130164161324501,-0.053503990173339844,0.03448808193206787,0.6665229797363281,0.16663074493408203,0.18055763840675354,-0.06947050243616104,0.09449790418148041,0.023624476045370102,-0.17415307462215424,0.033908940851688385,0.21457338333129883,0.05364334583282471,-0.003617633134126663,-0.024440372362732887,0.04668217897415161,0.011670544743537903,-0.0479767769575119,0.005165589042007923,0.13303914666175842,0.033259786665439606,-0.02274336665868759,0.04966794326901436,0.30444222688674927,0.07611055672168732,0.0705917477607727,-0.03821883723139763,0.983551025390625,0.24588775634765625,0.23482051491737366,-0.021160542964935303,-0.17315234243869781,-0.043288085609674454,-0.19120635092258453,0.039976656436920166,-0.6456358432769775,-0.16140896081924438,-0.09476123005151749,-0.03818567097187042,0.014794349670410156,0.003698587417602539,-0.006023756694048643,0.08116930723190308,0.050067901611328125,0.012516975402832031,0.006825672462582588,0.051495637744665146,-0.002109929919242859,-0.0005274824798107147,0.010125501081347466,0.00846216082572937,0.9117861986160278,0.22794654965400696,0.2194330096244812,0.055215418338775635,1.130418062210083,0.28260451555252075,0.26350513100624084,0.0032843351364135742,-0.038650304079055786,-0.009662576019763947,-0.009493578225374222,-0.06729425489902496,3.5805552005767822,0.8951388001441956,0.907060980796814,-0.039557021111249924,0.08212295919656754,0.020530739799141884,0.008012223988771439,-0.05330115184187889,-0.05215559899806976,-0.01303889974951744,-0.005014822818338871,-0.03904424607753754,0.037877779453992844,0.009469444863498211,-0.006585396360605955,0.02755005471408367,0.9822126626968384,0.2455531656742096,0.25446173548698425,-0.022367967292666435,-1.0966371297836304,-0.2741592824459076,-0.251402348279953,-0.0686684399843216,-0.04641977697610855,-0.011604944244027138,-0.009402086958289146,-0.06737138330936432,3.6409313678741455,0.9102328419685364,0.9216954708099365,0.07652359455823898,0.007043391466140747,0.0017608478665351868,0.002918955869972706,-0.04741884768009186,-0.06388694047927856,-0.01597173511981964,-0.00367397116497159,-0.06410490721464157,-0.001032025320455432,-0.000258006330113858,-0.0016466602683067322,0.021710598841309547,0,0,1
-0.20693755149841309,-0.05173438787460327,0.0032718954607844353,0.05118147283792496,-0.06406484544277191,-0.016016211360692978,0.006291864439845085,-0.013968032784759998,-0.19235776364803314,-0.048089440912008286,-0.03900754824280739,-0.06414967030286789,0.6003888845443726,0.15009722113609314,0.18476714193820953,0.014230436645448208,-0.13542015850543976,-0.03385503962635994,-0.16028602421283722,-0.032060857862234116,0.23122864961624146,0.057807162404060364,-0.0043356893584132195,0.07046022266149521,-0.08538967370986938,-0.021347418427467346,-0.039554283022880554,-0.05825049430131912,0.08406014740467072,0.02101503685116768,-0.016414619982242584,-0.023948729038238525,0.32441070675849915,0.08110267668962479,0.07457858324050903,-0.039187364280223846,0.9116052389144897,0.22790130972862244,0.2433691769838333,-0.06331124901771545,-0.3456161916255951,-0.08640404790639877,-0.19186154007911682,0.03519827127456665,-0.6544917821884155,-0.16362294554710388,-0.09739695489406586,-0.007252991199493408,0.010191217064857483,0.0025478042662143707,-0.004884521011263132,0.00589442253112793,0.00791102647781372,0.00197775661945343,0.008977891877293587,-0.0092104971408844,7.776916027069092e-05,1.944229006767273e-05,-0.0010181646794080734,0.04434574767947197,1.0259579420089722,0.25648948550224304,0.23206280171871185,0.06337182968854904,1.2081892490386963,0.3020473122596741,0.25711044669151306,-0.07247884571552277,0.01259702816605568,0.00314925704151392,-0.009180519729852676,-0.05623989179730415,3.558993339538574,0.8897483348846436,0.9169366955757141,0.06708774715662003,0.041959360241889954,0.010489840060472488,0.020210595801472664,0.047234177589416504,-0.07196800410747528,-0.01799200102686882,-0.02044595032930374,0.04688974842429161,0.05012664571404457,0.012531661428511143,0.009028533473610878,0.07793015241622925,0.9159810543060303,0.22899526357650757,0.2581532895565033,-0.01255490817129612,-1.007660150527954,-0.2519150376319885,-0.23888099193572998,0.04111232981085777,-0.022185180336236954,-0.0055462950840592384,-0.004665505141019821,0.028085147961974144,3.6359429359436035,0.9089857339859009,0.9359776973724365,0.020122116431593895,0.0014720335602760315,0.0003680083900690079,-0.006584235467016697,0.006528645753860474,0.04554847255349159,0.011387118138372898,0.012470344081521034,0.0027923346497118473,0.05194902420043945,0.012987256050109863,0.003927352838218212,-0.05894726142287254,0,0,1
-0.09644055366516113,-0.024110138416290283,0.003018716350197792,-0.029483065009117126,-0.03119964897632599,-0.007799912244081497,-0.00013233721256256104,0.007628703024238348,-0.16122408211231232,-0.04030602052807808,-0.04060199111700058,-0.07342695444822311,0.6746671199798584,0.1686667799949646,0.17806090414524078,-0.013783288188278675,-0.05499948561191559,-0.013749871402978897,-0.1706257462501526,0.05225309357047081,0.323127806186676,0.080781951546669,-0.016188394278287888,-0.0008513868087902665,-0.09425842761993408,-0.02356460690498352,-0.0457906574010849,-0.019714534282684326,0.12945571541786194,0.032363928854465485,-0.03573709726333618,0.053666163235902786,0.34814873337745667,0.08703718334436417,0.07489028573036194,0.02683631144464016,0.9165502786636353,0.2291375696659088,0.22998811304569244,-0.06220916658639908,-0.2201920598745346,-0.05504801496863365,-0.17532140016555786,0.04420753940939903,-0.6666765213012695,-0.16666913032531738,-0.08887720853090286,-0.047243814915418625,-0.02294650673866272,-0.00573662668466568,0.005848627537488937,0.011450618505477905,0.0374312549829483,0.009357813745737076,-0.00042627379298210144,-0.015795523300766945,-0.030532002449035645,-0.007633000612258911,0.010812351480126381,0.0538182370364666,0.9465166330337524,0.2366291582584381,0.23031741380691528,0.0710657462477684,1.2603251934051514,0.31508129835128784,0.24965043365955353,0.03950406238436699,-0.010056598111987114,-0.0025141495279967785,-0.019575782120227814,-0.03616119176149368,3.573789119720459,0.8934472799301147,0.903870701789856,0.026325583457946777,0.010462641716003418,0.0026156604290008545,0.015525618568062782,-0.009031123481690884,-0.06758104264736176,-0.01689526066184044,-0.019268732517957687,-0.01970217190682888,-0.02959403768181801,-0.007398509420454502,0.009095730260014534,-0.04083428904414177,0.9327448606491089,0.23318621516227722,0.25889861583709717,-0.031547874212265015,-1.1561685800552368,-0.2890421450138092,-0.2402382642030716,0.07801856100559235,-0.05967146158218384,-0.01491786539554596,-0.017282158136367798,0.07309999316930771,3.679506301879883,0.9198765754699707,0.9316946268081665,0.009561354294419289,0.025609806180000305,0.006402451545000076,0.003039790317416191,1.913309097290039e-05,-0.07762908935546875,-0.019407272338867188,0.0097579937428236,0.05713702365756035,0.006622127257287502,0.0016555318143218756,-0.002406200859695673,0.003617191454395652,0,0,1
-0.07380491495132446,-0.018451228737831116,-0.012759486213326454,0.06291233748197556,-0.11286525428295135,-0.02821631357073784,0.0022246940061450005,-0.005812942981719971,-0.1670088917016983,-0.041752222925424576,-0.04090859368443489,-0.02100856974720955,0.6285276412963867,0.15713191032409668,0.17977683246135712,0.021388059481978416,-0.12062166631221771,-0.030155416578054428,-0.1758565604686737,-0.006465745158493519,0.3360551595687866,0.08401378989219666,-0.014896802604198456,0.05891059711575508,-0.0814807116985321,-0.020370177924633026,-0.037681855261325836,0.00976681150496006,0.1233769953250885,0.030844248831272125,-0.028077632188796997,-0.020629459992051125,0.3362942934036255,0.08407357335090637,0.07905843108892441,0.03768105432391167,0.8836402297019958,0.22091005742549896,0.22822429239749908,-0.06255728006362915,-0.29758572578430176,-0.07439643144607544,-0.18143068253993988,-0.021734995767474174,-0.6863915920257568,-0.1715978980064392,-0.08853919804096222,0.03002404049038887,-0.014235451817512512,-0.003558862954378128,0.0019663507118821144,0.031811535358428955,0.01822248101234436,0.00455562025308609,-0.005154733546078205,-0.004791945219039917,-0.07702328264713287,-0.01925582066178322,-0.0053276075050234795,-0.02396535873413086,0.9915361404418945,0.24788403511047363,0.23799405992031097,0.02198285423219204,1.2556462287902832,0.3139115571975708,0.25589337944984436,-0.040810734033584595,0.035122111439704895,0.008780527859926224,-0.018927572295069695,-0.022892599925398827,3.530888557434082,0.8827221393585205,0.9013533592224121,-0.04267494007945061,0.031166210770606995,0.007791552692651749,0.009283849969506264,0.04590953513979912,-0.04284629598259926,-0.010711573995649815,-0.01775365322828293,0.05379148945212364,0.05012887343764305,0.012532218359410763,-0.008006395772099495,-0.04634248465299606,0.9393936395645142,0.23484840989112854,0.2441617101430893,0.03524869680404663,-1.2850117683410645,-0.3212529420852661,-0.23165112733840942,-0.016694217920303345,-0.07730220258235931,-0.01932555064558983,-0.000821123830974102,0.05788936838507652,3.6562108993530273,0.9140527248382568,0.9272690415382385,0.055661022663116455,-0.051974087953567505,-0.012993521988391876,0.003222912549972534,-0.07976580411195755,-0.04408685863018036,-0.01102171465754509,-0.0068055433221161366,-0.03889178857207298,0.020998075604438782,0.0052495189011096954,0.011637954041361809,-0.03120892122387886,0,0,1
-0.16992245614528656,-0.04248061403632164,-0.00955325085669756,0.07334242016077042,-0.09157811105251312,-0.02289452776312828,0.005284958519041538,-0.032356686890125275,-0.15228278934955597,-0.03807069733738899,-0.050306983292102814,0.024577898904681206,0.6616032123565674,0.16540080308914185,0.1802261918783188,0.01421282347291708,-0.07816381752490997,-0.019540954381227493,-0.16512641310691833,0.00853507500141859,0.29014158248901367,0.07253539562225342,-0.00864393264055252,0.015511924400925636,-0.1653050035238266,-0.04132625088095665,-0.03418269753456116,-0.019522452726960182,0.20487481355667114,0.051218703389167786,-0.023026874288916588,-0.03551208972930908,0.33610647916793823,0.08402661979198456,0.08200936019420624,-0.04259132221341133,0.893303394317627,0.22332584857940674,0.21873444318771362,-0.06694453209638596,-0.31121015548706055,-0.07780253887176514,-0.1807151436805725,0.06845784187316895,-0.6661691665649414,-0.16654229164123535,-0.0831054151058197,-0.01701229251921177,0.026209473609924316,0.006552368402481079,-0.0059240153059363365,0.04483020305633545,0.06624794751405716,0.01656198687851429,0.008574044331908226,-0.03538921847939491,0.019571810960769653,0.004892952740192413,-0.00330935325473547,-0.0601520910859108,1.0692142248153687,0.26730355620384216,0.2569158375263214,0.04894061014056206,1.248487114906311,0.31212177872657776,0.2566463053226471,-0.053949128836393356,0.022267267107963562,0.0055668167769908905,-0.012864782474935055,0.04952296242117882,3.569779872894287,0.8924449682235718,0.9027551412582397,0.07098575681447983,0.0727032944560051,0.018175823614001274,0.017572397366166115,0.03148304298520088,-0.06226181983947754,-0.015565454959869385,-0.0026379264891147614,-0.014526325277984142,0.0661826878786087,0.016545671969652176,0.006187664344906807,-0.06544347107410431,0.8403773307800293,0.21009433269500732,0.2460910826921463,-0.08695834875106812,-1.1774810552597046,-0.29437026381492615,-0.2449585646390915,0.06312321871519089,-0.06733636558055878,-0.016834091395139694,-0.0007643988355994225,-0.01772143319249153,3.620128631591797,0.9050321578979492,0.9420435428619385,-0.012673205696046352,0.0033598318696022034,0.0008399579674005508,-0.010883824899792671,-0.06648695468902588,0.030302032828330994,0.007575508207082748,-0.00477947760373354,0.05965089797973633,-0.058793991804122925,-0.014698497951030731,0.008621616289019585,0.038563549518585205,0,0,1
-0.18300724029541016,-0.04575181007385254,-0.009456973522901535,-0.040995147079229355,-0.03220953047275543,-0.008052382618188858,0.0016472097486257553,-0.02383880689740181,-0.18333952128887177,-0.04583488032221794,-0.04631654918193817,0.04983466863632202,0.7096558213233948,0.1774139553308487,0.18689851462841034,-0.029876595363020897,0.1330007165670395,0.03325017914175987,-0.16868247091770172,0.06533517688512802,0.27802616357803345,0.06950654089450836,-0.004413130227476358,-0.04582910239696503,-0.07823896408081055,-0.019559741020202637,-0.03569836914539337,-0.0767267718911171,0.1828746348619461,0.045718658715486526,-0.017309824004769325,-0.045566584914922714,0.33686092495918274,0.08421523123979568,0.07411355525255203,0.015489554964005947,0.8976444005966187,0.22441110014915466,0.21491886675357819,0.029267191886901855,-0.19697926938533783,-0.04924481734633446,-0.17740894854068756,-0.051177073270082474,-0.6399216651916504,-0.1599804162979126,-0.08736003190279007,-0.004304015543311834,-0.09501375257968903,-0.023753438144922256,-0.005845991428941488,0.06702297925949097,0.02347646653652191,0.005869116634130478,0.002528575249016285,0.01705065928399563,0.02300560474395752,0.00575140118598938,-0.003937633708119392,-0.04334748536348343,0.9658359885215759,0.24145899713039398,0.25724324584007263,-0.05553453043103218,1.2405363321304321,0.31013408303260803,0.26183003187179565,0.002153110457584262,-0.0043252743780612946,-0.0010813185945153236,-0.013787612318992615,0.02786257304251194,3.5580058097839355,0.8895014524459839,0.9155293703079224,-0.058422744274139404,0.041289158165454865,0.010322289541363716,0.023826608434319496,0.07337838411331177,-0.09015407413244247,-0.02253851853311062,-0.015903983265161514,-0.034171950072050095,0.019490327686071396,0.004872581921517849,0.0005607698112726212,-0.0008058249950408936,0.9598676562309265,0.23996691405773163,0.2500874400138855,-0.04965948686003685,-1.2518866062164307,-0.31297165155410767,-0.25495007634162903,0.022255659103393555,-0.09066638350486755,-0.02266659587621689,-0.014269270934164524,-0.0215348731726408,3.6296770572662354,0.9074192643165588,0.9300311803817749,0.05240758880972862,0.04766666144132614,0.011916665360331535,-0.015466990880668163,-0.0462968610227108,-0.017782915383577347,-0.004445728845894337,0.0035035498440265656,-0.0014431417221203446,-0.07217464596033096,-0.01804366149008274,-0.004954515025019646,-0.009545308537781239,0,0,1
-0.21206218004226685,-0.05301554501056671,0.001660485751926899,-0.05504528433084488,-0.007757052779197693,-0.0019392631947994232,0.01132497563958168,0.02153482474386692,-0.15090546011924744,-0.03772636502981186,-0.04644584655761719,0.012376773171126842,0.6721223592758179,0.16803058981895447,0.17824606597423553,-0.019512249156832695,0.12072505056858063,0.030181262642145157,-0.17539383471012115,-0.08071687072515488,0.22586411237716675,0.05646602809429169,-0.008024478331208229,0.006713760085403919,-0.09715262055397034,-0.024288155138492584,-0.04327362775802612,-0.0076170326210558414,0.09592162072658539,0.023980405181646347,-0.02945013903081417,0.050167858600616455,0.32162752747535706,0.08040688186883926,0.08923143893480301,-0.07798529416322708,0.9454231262207031,0.23635578155517578,0.22438709437847137,-0.047505009919404984,-0.22941918671131134,-0.057354796677827835,-0.18716436624526978,-0.009861540980637074,-0.6444011926651001,-0.16110029816627502,-0.09191886335611343,0.07359617948532104,-0.025440886616706848,-0.006360221654176712,0.0007955934852361679,0.04934540018439293,0.019950002431869507,0.004987500607967377,-0.005383105482906103,-0.05639081075787544,0.018473416566848755,0.004618354141712189,-0.018222235143184662,0.07811295241117477,1.0491896867752075,0.2622974216938019,0.2528846263885498,0.07222732156515121,1.2360458374023438,0.30901145935058594,0.2616250813007355,-0.05002608522772789,-0.005646197125315666,-0.0014115492813289165,-0.009413202293217182,-0.06647045165300369,3.5897669792175293,0.8974417448043823,0.9125445485115051,0.06111028417944908,0.011581912636756897,0.0028954781591892242,0.008136458694934845,0.05353296920657158,-0.024546343833208084,-0.006136585958302021,-0.012640971690416336,0.04951922968029976,0.023997467011213303,0.005999366752803326,0.004469834268093109,0.031184924766421318,0.9167255163192749,0.22918137907981873,0.2339680790901184,0.011311650276184082,-1.1787958145141602,-0.29469895362854004,-0.2601402699947357,0.023776262998580933,-0.06440165638923645,-0.016100414097309113,-0.0194709412753582,0.048797931522130966,3.6235015392303467,0.9058753848075867,0.93085116147995,-0.03440506383776665,0.029969483613967896,0.007492370903491974,-0.01116919331252575,-0.03777746483683586,0.016503259539604187,0.004125814884901047,0.009635122492909431,0.024632876738905907,0.014569190330803394,0.0036422975827008486,0.006004692986607552,-0.0351421982049942,0,0,1
-0.12194198369979858,-0.030485495924949646,-0.0002896413207054138,-0.039958223700523376,-0.07192479074001312,-0.01798119768500328,0.001332579180598259,0.03771645948290825,-0.11253967881202698,-0.028134919703006744,-0.048485465347766876,-0.012783223763108253,0.6865904927253723,0.17164762318134308,0.18071503937244415,0.022350085899233818,-0.041372016072273254,-0.010343004018068314,-0.18065109848976135,0.00688629737123847,0.2175527811050415,0.054388195276260376,-0.008311081677675247,-0.025664804503321648,-0.19759546220302582,-0.049398865550756454,-0.04045427590608597,0.03929448127746582,0.15017324686050415,0.03754331171512604,-0.019085612148046494,0.05356363207101822,0.3935938775539398,0.09839846938848495,0.08495160192251205,0.058411527425050735,0.8629744052886963,0.21574360132217407,0.2301112562417984,0.08650743216276169,-0.28184419870376587,-0.07046104967594147,-0.18812529742717743,0.05679195001721382,-0.6357318162918091,-0.15893295407295227,-0.07509831339120865,0.06867539137601852,0.029742926359176636,0.007435731589794159,-0.01143437810242176,-0.02534203603863716,0.14846721291542053,0.03711680322885513,0.006786175072193146,-0.06327050179243088,-0.013505063951015472,-0.003376265987753868,-0.014979984611272812,0.022052139043807983,1.1579254865646362,0.28948137164115906,0.26642194390296936,0.0806671604514122,1.296595573425293,0.32414889335632324,0.27111387252807617,0.002994358539581299,0.026530452072620392,0.006632613018155098,-0.015158096328377724,-0.04524166136980057,3.6038448810577393,0.9009612202644348,0.9077603220939636,0.04076068475842476,0.06752578914165497,0.016881447285413742,0.0219580065459013,0.046493854373693466,-0.11723443120718002,-0.029308607801795006,-0.0076212650164961815,0.03814219310879707,0.008730288594961166,0.0021825721487402916,0.009775092825293541,-0.07508311420679092,0.8195505142211914,0.20488762855529785,0.22388242185115814,-0.06906130164861679,-1.1480379104614258,-0.28700947761535645,-0.2512359619140625,-0.04500555619597435,-0.06119811534881592,-0.01529952883720398,-0.01564132608473301,0.05685321241617203,3.535029172897339,0.8837572932243347,0.9168991446495056,0.026662742719054222,0.01008608192205429,0.0025215204805135727,-0.00542571721598506,-0.0329284630715847,-0.026049626991152763,-0.006512406747788191,0.004697643220424652,-0.005616736598312855,-0.02887784317135811,-0.007219460792839527,0.005435793660581112,0.05807142332196236,0,0,1
-0.031698256731033325,-0.007924564182758331,-0.009841001592576504,0.06901653856039047,-0.03693367540836334,-0.009233418852090836,0.005867527797818184,-0.018610507249832153,-0.16697384417057037,-0.04174346104264259,-0.04547424614429474,0.004834133666008711,0.752436637878418,0.1881091594696045,0.19116175174713135,0.007521712686866522,0.16286806762218475,0.04071701690554619,-0.17984598875045776,-0.040211256593465805,0.30298715829849243,0.07574678957462311,-0.007939225062727928,0.058991383761167526,-0.09471581876277924,-0.02367895469069481,-0.05328109860420227,0.0025856017600744963,0.12388941645622253,0.030972354114055634,-0.027593934908509254,-0.040743958204984665,0.35390833020210266,0.08847708255052567,0.09080525487661362,0.058519601821899414,0.9072242975234985,0.22680607438087463,0.2248811423778534,0.02310355380177498,-0.016290932893753052,-0.004072733223438263,-0.18678073585033417,-0.03457672894001007,-0.6130821704864502,-0.15327054262161255,-0.07459519058465958,-0.040812842547893524,-0.0957946926355362,-0.02394867315888405,0.0019665658473968506,0.07428985089063644,0.031556516885757446,0.007889129221439362,0.0011408114805817604,-0.035400133579969406,-0.04899956285953522,-0.012249890714883804,0.00065593421459198,-0.03007168136537075,1.0250236988067627,0.2562559247016907,0.2712891697883606,-0.05217275768518448,1.1887297630310059,0.29718244075775146,0.2881164848804474,-0.015157151035964489,0.0011602286249399185,0.00029005715623497963,-0.010372593067586422,-0.032755862921476364,3.526540756225586,0.8816351890563965,0.9120063781738281,0.0659920796751976,0.0043912529945373535,0.0010978132486343384,0.015070648863911629,-0.07097524404525757,-0.12148372083902359,-0.030370930209755898,-0.012081840075552464,0.035242628306150436,0.03823619708418846,0.009559049271047115,0.00848206877708435,0.03152972459793091,0.8695423007011414,0.21738557517528534,0.23113027215003967,0.03628149256110191,-1.1152445077896118,-0.27881112694740295,-0.2521960735321045,-0.07902561873197556,-0.04739201068878174,-0.011848002672195435,-0.0058822790160775185,-0.07628659158945084,3.583235025405884,0.895808756351471,0.9183655381202698,-0.014034968800842762,0.013060301542282104,0.003265075385570526,0.005289350636303425,-0.0580713152885437,0.020635263994336128,0.005158815998584032,0.010877629742026329,0.07172577828168869,-0.038372598588466644,-0.009593149647116661,-0.0001125875860452652,-0.07646632939577103,0,0,1
0.044957369565963745,0.011239342391490936,-0.008728628978133202,0.05137276649475098,-0.09563316404819489,-0.02390829101204872,0.011798033490777016,0.06972004473209381,-0.19375665485858917,-0.04843916371464729,-0.04764922708272934,-0.052653659135103226,0.7961772680282593,0.19904431700706482,0.179236501455307,-0.03445771336555481,0.45336198806762695,0.11334049701690674,-0.1847357600927353,0.0626063346862793,0.33351659774780273,0.08337914943695068,-0.009914718568325043,-0.018400520086288452,-0.07484704256057739,-0.018711760640144348,-0.03641851246356964,-0.027252444997429848,0.18289807438850403,0.04572451859712601,-0.01824745535850525,0.02462025359272957,0.408577561378479,0.10214439034461975,0.09198985248804092,-0.06669609993696213,0.9541134834289551,0.23852837085723877,0.22783136367797852,-0.06750374287366867,0.24262316524982452,0.06065579131245613,-0.17256923019886017,-0.06469032913446426,-0.6265764236450195,-0.15664410591125488,-0.0713428184390068,0.06328493356704712,-0.10454757511615753,-0.026136893779039383,-0.009844895452260971,0.018053103238344193,0.07459766417741776,0.01864941604435444,0.013409163802862167,0.07137397676706314,-0.054690539836883545,-0.013672634959220886,-0.014655262231826782,0.044352319091558456,1.0324997901916504,0.2581249475479126,0.26827380061149597,-0.0026346028316766024,1.1022465229034424,0.2755616307258606,0.28912198543548584,-0.048047568649053574,-0.025343790650367737,-0.006335947662591934,0.0020447587594389915,0.01815825141966343,3.535214900970459,0.8838037252426147,0.9028777480125427,0.014726745896041393,0.07117688655853271,0.01779422163963318,0.010901816189289093,0.05221444368362427,-0.09457284212112427,-0.023643210530281067,-0.007997763343155384,-0.06794280558824539,-0.007141593843698502,-0.0017853984609246254,-0.003908282611519098,-0.058207716792821884,0.8524617552757263,0.21311543881893158,0.21899178624153137,-0.026898816227912903,-0.9825655817985535,-0.24564139544963837,-0.25867152214050293,-0.02278878726065159,-0.023268677294254303,-0.005817169323563576,-0.01351570338010788,-0.03037843480706215,3.638418197631836,0.909604549407959,0.9182524681091309,-0.04583647847175598,-0.021085388958454132,-0.005271347239613533,-0.002536279149353504,-0.04735241457819939,-0.04566844552755356,-0.01141711138188839,0.004811528138816357,-0.0252221766859293,0.05946260318160057,0.014865650795400143,-0.012077724561095238,0.05475053936243057,0,0,1
-0.012526719830930233,-0.0031316799577325583,-0.006622933782637119,-0.025520263239741325,-0.0918959230184555,-0.022973980754613876,0.017475584521889687,-0.04215916246175766,-0.1848759800195694,-0.04621899500489235,-0.04076436907052994,0.05493737384676933,0.7806566953659058,0.19516417384147644,0.18944522738456726,0.05543030425906181,0.6007638573646545,0.15019096434116364,-0.18624500930309296,-0.024522840976715088,0.43523305654525757,0.10880826413631439,0.0010563666000962257,0.0037479938473552465,-0.06424054503440857,-0.016060136258602142,-0.028509395197033882,0.046894609928131104,0.08951574563980103,0.022378936409950256,-0.02320697344839573,0.035064827650785446,0.3764186203479767,0.09410465508699417,0.08221596479415894,0.02121431939303875,1.01055109500885,0.2526377737522125,0.2195284515619278,-0.032531943172216415,0.25491803884506226,0.06372950971126556,-0.17026816308498383,-0.04436657577753067,-0.5866622924804688,-0.1466655731201172,-0.0687544047832489,-0.021844370290637016,-0.06501954793930054,-0.016254886984825134,-0.0023048827424645424,-0.004344457294791937,-0.1347496509552002,-0.03368741273880005,0.021981047466397285,0.005562782287597656,-0.0644274353981018,-0.01610685884952545,-0.003733549267053604,0.07626787573099136,0.920234739780426,0.2300586849451065,0.2589752972126007,-0.02855553664267063,1.1146674156188965,0.2786668539047241,0.27516892552375793,-0.02908673696219921,-0.02645464614033699,-0.006613661535084248,-0.01210338156670332,0.06591182947158813,3.4455885887145996,0.8613971471786499,0.8965567350387573,0.005683600902557373,0.006454333662986755,0.0016135834157466888,0.010149979963898659,0.029950106516480446,-0.08838245272636414,-0.022095613181591034,-0.0036137085407972336,0.041477978229522705,0.07394985854625702,0.018487464636564255,0.01084180548787117,0.03379315137863159,0.9425078630447388,0.2356269657611847,0.20236968994140625,0.04553312063217163,-1.015486478805542,-0.2538716197013855,-0.2544495463371277,-0.03220553323626518,-0.023395352065563202,-0.0058488380163908005,-0.007425573654472828,-0.06168445944786072,3.67547345161438,0.918868362903595,0.9243606328964233,0.07751943171024323,0.00420098751783371,0.0010502468794584274,0.003941579721868038,0.04783099889755249,0.026845145970582962,0.0067112864926457405,0.0016421675682067871,0.008464676328003407,0.06578420102596283,0.016446050256490707,-0.006475061643868685,0.06297683715820312,0,0,1
0.19802416861057281,0.049506042152643204,0.009870432317256927,-0.03642115741968155,-0.0036075562238693237,-0.0009018890559673309,0.000490507110953331,-0.0069391787983477116,-0.23241159319877625,-0.05810289829969406,-0.037280045449733734,0.06341349333524704,0.8347909450531006,0.20869773626327515,0.18239599466323853,-0.055643707513809204,0.7821147441864014,0.19552868604660034,-0.1783854365348816,0.0687580332159996,0.44582700729370117,0.11145675182342529,0.0038027577102184296,-0.04549694433808327,-0.10519585013389587,-0.02629896253347397,-0.0284899715334177,-0.011715138331055641,0.10757981240749359,0.026894953101873398,-0.020020944997668266,0.022678464651107788,0.3395160138607025,0.08487900346517563,0.07659251242876053,0.008608180098235607,0.9567303657531738,0.23918259143829346,0.21607333421707153,0.00599782494828105,0.47115200757980347,0.11778800189495087,-0.1880648136138916,0.015221762470901012,-0.5417488813400269,-0.1354372203350067,-0.0705493614077568,0.08796636015176773,-0.004723340272903442,-0.0011808350682258606,-0.0017859656363725662,-0.037523530423641205,-0.042509302496910095,-0.010627325624227524,0.001087869517505169,-0.01850721798837185,-0.11829185485839844,-0.02957296371459961,0.003957660868763924,0.05866457149386406,0.8942786455154419,0.22356966137886047,0.24864597618579865,0.04018530994653702,1.1120741367340088,0.2780185341835022,0.2828215956687927,-0.03794065862894058,-0.06655672937631607,-0.016639182344079018,-0.012864403426647186,-0.05227480083703995,3.3912816047668457,0.8478204011917114,0.8877435922622681,0.01679409109055996,0.05463625490665436,0.01365906372666359,0.008768705651164055,-0.044594503939151764,-0.15431717038154602,-0.038579292595386505,-0.00671816524118185,0.020081251859664917,-0.01838580146431923,-0.004596450366079807,0.008125156164169312,-0.05749046802520752,0.8432661294937134,0.21081653237342834,0.21564392745494843,-0.07577845454216003,-1.0238157510757446,-0.25595393776893616,-0.2510039806365967,0.09502983093261719,-0.027249522507190704,-0.006812380626797676,-0.0019890405237674713,0.07275239378213882,3.747457981109619,0.9368644952774048,0.9242051243782043,0.09112826734781265,-0.05965130031108856,-0.01491282507777214,0.0019544847309589386,-0.04540925845503807,-0.00821615755558014,-0.002054039388895035,-0.009662018157541752,0.054669417440891266,0.0240932609885931,0.006023315247148275,0.003992271609604359,0.0027439475525170565,0,0,1
0.19426065683364868,0.04856516420841217,0.016282983124256134,0.005629175808280706,0.08349563181400299,0.020873907953500748,0.010086609050631523,0.04445023462176323,-0.15604038536548615,-0.039010096341371536,-0.04254133999347687,0.05245998129248619,0.8079062104225159,0.20197655260562897,0.18572182953357697,0.02579275332391262,0.7664408683776855,0.1916102170944214,-0.17120884358882904,0.06021425873041153,0.45471692085266113,0.11367923021316528,-0.011655712500214577,-0.0445062480866909,-0.01771646738052368,-0.00442911684513092,-0.0392666831612587,-0.02654646709561348,0.09500047564506531,0.023750118911266327,-0.03383955359458923,0.004776173736900091,0.3186962306499481,0.07967405766248703,0.08483383804559708,0.059976305812597275,0.9669644832611084,0.2417411208152771,0.2188590168952942,-0.06949684023857117,0.5113496780395508,0.1278374195098877,-0.1759365051984787,0.03103323094546795,-0.5507025718688965,-0.13767564296722412,-0.05840325355529785,-0.0181657075881958,0.01606304943561554,0.004015762358903885,-0.01641273871064186,0.07643065601587296,-0.027052685618400574,-0.006763171404600143,0.014932965859770775,-0.0738624557852745,-0.12772813439369202,-0.031932033598423004,-0.000655023381114006,-0.0017695665592327714,0.9534344673156738,0.23835861682891846,0.24339814484119415,-0.02056504599750042,1.237947940826416,0.309486985206604,0.27420109510421753,-0.03232547640800476,0.0020510926842689514,0.0005127731710672379,-0.004132245667278767,-0.032033320516347885,3.3686509132385254,0.8421627283096313,0.8766990900039673,-0.05054580047726631,0.06676900386810303,0.016692250967025757,0.006995724514126778,-0.049359869211912155,-0.13822200894355774,-0.034555502235889435,-0.016142651438713074,-0.0471610464155674,0.03546379134058952,0.00886594783514738,-0.00023957807570695877,-0.028447190299630165,0.7633252143859863,0.19083130359649658,0.19847019016742706,-0.03934619203209877,-1.229149580001831,-0.30728739500045776,-0.23581545054912567,0.044356297701597214,-0.08202169835567474,-0.020505424588918686,0.0002670995891094208,-0.049139395356178284,3.755927324295044,0.938981831073761,0.9268392324447632,0.08335806429386139,-0.02627570927143097,-0.006568927317857742,-0.019353952258825302,-0.05556715652346611,0.025374552235007286,0.0063436380587518215,0.0029054423794150352,0.06757988035678864,-0.021915409713983536,-0.005478852428495884,0.0026848167181015015,0.058036934584379196,0,0,1
0.06697539985179901,0.016743849962949753,0.009537365287542343,0.04395799711346626,-0.06485362350940704,-0.01621340587735176,0.009152943268418312,-0.050239112228155136,-0.14614032208919525,-0.03653508052229881,-0.04644322395324707,-0.05693133547902107,0.7473115921020508,0.1868278980255127,0.1675046682357788,-0.07666220515966415,0.40133965015411377,0.10033491253852844,-0.17506952583789825,0.062297165393829346,0.42204898595809937,0.10551224648952484,-0.011084377765655518,-0.02344837225973606,-0.12551361322402954,-0.031378403306007385,-0.029065022245049477,-0.03939959034323692,0.13502702116966248,0.03375675529241562,-0.024060947820544243,0.018157316371798515,0.3531585931777954,0.08828964829444885,0.08400487154722214,-0.0012155891163274646,0.842115581035614,0.2105288952589035,0.21566614508628845,-0.01778348721563816,0.22327516973018646,0.055818792432546616,-0.17420566082000732,0.049124907702207565,-0.6019304990768433,-0.15048262476921082,-0.058183491230010986,-0.030719920992851257,-0.015712246298789978,-0.0039280615746974945,-0.003542349673807621,0.011110263876616955,0.0032586753368377686,0.0008146688342094421,0.001290053129196167,-0.003361564828082919,-0.03200533241033554,-0.008001333102583885,-0.0004797382280230522,-0.0034244179259985685,1.0035748481750488,0.2508937120437622,0.2370930165052414,-0.006921446416527033,1.2817189693450928,0.3204297423362732,0.27131035923957825,0.04642912372946739,0.016639648005366325,0.004159912001341581,-0.016712889075279236,-0.016828542575240135,3.3554019927978516,0.8388504981994629,0.8707188367843628,-0.10392492264509201,0.09607116878032684,0.02401779219508171,0.021120382472872734,-0.042319733649492264,0.0021987855434417725,0.0005496963858604431,-0.008216073736548424,0.036573734134435654,0.025673281401395798,0.006418320350348949,0.00758354552090168,0.03737374767661095,0.738008975982666,0.1845022439956665,0.20880134403705597,-0.026411522179841995,-1.2957062721252441,-0.32392656803131104,-0.23826991021633148,0.04526294395327568,-0.1036456823348999,-0.025911420583724976,-0.011261885054409504,0.03271372243762016,3.7291202545166016,0.9322800636291504,0.9444110989570618,0.04980091005563736,0.0008877962827682495,0.00022194907069206238,-0.016134927049279213,-0.05004343390464783,-0.04257004335522652,-0.01064251083880663,-0.0021398458629846573,-0.07123661786317825,-0.035489678382873535,-0.008872419595718384,0.008588885888457298,0.05522780492901802,0,0,1
-0.02521967887878418,-0.006304919719696045,0.013150990009307861,0.005493879318237305,-0.11996223032474518,-0.029990557581186295,0.0063880253583192825,0.07796625047922134,-0.13138489425182343,-0.032846223562955856,-0.03672577440738678,-0.05226466804742813,0.719284176826477,0.17982104420661926,0.17402175068855286,0.07713842391967773,0.2594377398490906,0.06485943496227264,-0.1792864203453064,0.0012406110763549805,0.4127270579338074,0.10318176448345184,-0.014844716526567936,-0.07092063874006271,-0.10597489774227142,-0.026493724435567856,-0.021372925490140915,0.05613873153924942,0.06138068437576294,0.015345171093940735,-0.029842982068657875,-0.012171733193099499,0.36700668931007385,0.09175167232751846,0.09292831271886826,-0.05829542875289917,0.8257268667221069,0.20643171668052673,0.21272093057632446,-0.04749048873782158,0.008382096886634827,0.0020955242216587067,-0.1872536987066269,0.029731202870607376,-0.5923804044723511,-0.14809510111808777,-0.057387784123420715,-0.02717977575957775,-0.05338497459888458,-0.013346243649721146,0.005006099119782448,-0.007296091411262751,-0.0037901103496551514,-0.0009475275874137878,0.010561304166913033,0.026662815362215042,0.000773988664150238,0.0001934971660375595,0.002158896066248417,-0.009380114264786243,0.9871718883514404,0.2467929720878601,0.2310720980167389,0.03678964450955391,1.2268126010894775,0.3067031502723694,0.2729514539241791,-0.0538475401699543,0.026333261281251907,0.006583315320312977,-0.010708837769925594,0.07257761806249619,3.3423609733581543,0.8355902433395386,0.8616792559623718,-0.021556932479143143,-0.0038281232118606567,-0.0009570308029651642,0.02258571796119213,-0.053094346076250076,-0.09474854171276093,-0.02368713542819023,-0.005816418677568436,-0.009609746746718884,0.000947859138250351,0.00023696478456258774,0.011732788756489754,0.06145594269037247,0.8288849592208862,0.20722123980522156,0.21289877593517303,-0.05126387998461723,-1.276741623878479,-0.31918540596961975,-0.23087140917778015,-0.07307381927967072,-0.08157558739185333,-0.020393896847963333,-0.013904904015362263,0.051437973976135254,3.719008445739746,0.9297521114349365,0.9518250226974487,-0.006685024593025446,0.008012816309928894,0.0020032040774822235,-0.01493404246866703,-0.04606657847762108,0.049774639308452606,0.012443659827113152,0.010855916887521744,0.042526353150606155,-0.04658876731991768,-0.01164719182997942,0.007688442245125771,0.05813558027148247,0,0,1
0.007156849838793278,0.0017892124596983194,0.01316489651799202,-0.04380384087562561,-0.06669001281261444,-0.01667250320315361,0.012361353263258934,-0.027053892612457275,-0.18167634308338165,-0.04541908577084541,-0.04905444383621216,-0.07026827335357666,0.6977725028991699,0.17444312572479248,0.1701866090297699,-0.05141947418451309,0.34531843662261963,0.08632960915565491,-0.17586307227611542,0.021366029977798462,0.3426634669303894,0.08566586673259735,-0.010527318343520164,0.0052832248620688915,-0.069175586104393,-0.01729389652609825,-0.02966630645096302,0.05111253261566162,0.18486997485160828,0.04621749371290207,-0.019321953877806664,-0.05365408584475517,0.35015103220939636,0.08753775805234909,0.08145281672477722,-0.03639936447143555,0.8915280699729919,0.22288201749324799,0.20165172219276428,-0.07983168214559555,0.044575974345207214,0.011143993586301804,-0.17610999941825867,-0.0627870187163353,-0.6174712181091309,-0.15436780452728271,-0.039305321872234344,0.02755134180188179,-0.09542123973369598,-0.023855309933423996,0.009227119386196136,0.047621797770261765,0.006535053253173828,0.001633763313293457,0.00924098864197731,0.019362855702638626,0.05044330656528473,0.012610826641321182,-0.0037100808694958687,-0.07928907871246338,0.890482485294342,0.2226206213235855,0.24022991955280304,-0.06363192200660706,1.1824045181274414,0.29560112953186035,0.2545206546783447,-0.019857019186019897,-0.03157118335366249,-0.007892795838415623,-0.0033756764605641365,-0.04830149933695793,3.328648805618286,0.8321622014045715,0.8537082672119141,0.04761986806988716,0.03054206818342209,0.007635517045855522,0.010322509333491325,0.010213494300842285,-0.06324829906225204,-0.01581207476556301,-0.02057371288537979,-0.05946230888366699,-0.020220909267663956,-0.005055227316915989,0.007940433919429779,-0.028777945786714554,0.9023544788360596,0.2255886197090149,0.2094254195690155,0.006120651960372925,-1.0620237588882446,-0.26550593972206116,-0.2510991394519806,0.03004387579858303,-0.04807887226343155,-0.012019718065857887,-0.007638180628418922,-0.01104674395173788,3.779710054397583,0.9449275135993958,0.9474309086799622,-0.040076564997434616,0.01892046630382538,0.004730116575956345,-0.0038915867917239666,0.033589910715818405,-0.01413797028362751,-0.0035344925709068775,-0.002422308549284935,-0.0523558035492897,-0.027356993407011032,-0.006839248351752758,-0.006229406222701073,-0.03999932110309601,0,0,1
0.0255395770072937,0.006384894251823425,0.018178122118115425,-0.00602756766602397,-0.074030801653862,-0.0185077004134655,0.007429547607898712,0.021102046594023705,-0.17995555698871613,-0.04498888924717903,-0.03609608858823776,0.0505787618458271,0.7438788414001465,0.18596971035003662,0.16701315343379974,-0.05793276056647301,0.41269731521606445,0.10317432880401611,-0.1753353327512741,-0.054625410586595535,0.41485685110092163,0.10371421277523041,0.0006955768913030624,-0.06338589638471603,-0.0737358033657074,-0.01843395084142685,-0.016369935125112534,-0.03839986398816109,0.15444515645503998,0.038611289113759995,-0.0170905701816082,0.04582856968045235,0.36327680945396423,0.09081920236349106,0.08358478546142578,-0.05419335514307022,0.9192636609077454,0.22981591522693634,0.21025748550891876,-0.03485388681292534,0.2005913108587265,0.050147827714681625,-0.17720305919647217,0.06240041181445122,-0.5568115711212158,-0.13920289278030396,-0.05435890704393387,-0.062392331659793854,0.023546531796455383,0.005886632949113846,-0.009206455200910568,-0.02488783560693264,0.034641653299331665,0.008660413324832916,0.01251840591430664,0.07018662989139557,0.051227010786533356,0.012806752696633339,-0.020206695422530174,-0.030909879133105278,0.9936297535896301,0.24840743839740753,0.22203469276428223,0.06490049511194229,1.2079713344573975,0.30199283361434937,0.2723076641559601,-0.016616785898804665,0.005047459155321121,0.0012618647888302803,-0.015969524160027504,0.036090340465307236,3.402785301208496,0.850696325302124,0.8463970422744751,0.0700652152299881,0.05068978667259216,0.01267244666814804,0.009151143953204155,-0.016172850504517555,-0.04104690998792648,-0.01026172749698162,-0.008248435333371162,-0.04925384372472763,0.05125581845641136,0.01281395461410284,0.004520431160926819,0.05780571699142456,0.8306924700737,0.207673117518425,0.19693930447101593,-0.04012259840965271,-1.0741385221481323,-0.2685346305370331,-0.24712790548801422,-0.05362100154161453,-0.04875482618808746,-0.012188706547021866,-0.017658550292253494,0.0001290381042053923,3.7145543098449707,0.9286385774612427,0.9397618174552917,-0.016797496005892754,-0.032821640372276306,-0.008205410093069077,-0.008486413396894932,-0.063515804708004,0.05271701142191887,0.013179252855479717,0.005395516753196716,-0.05730951577425003,0.04733707383275032,0.01183426845818758,-0.00926134642213583,0.026393605396151543,0,0,1
0.030101150274276733,0.007525287568569183,0.02616163156926632,0.04544125869870186,-0.08091200888156891,-0.020228002220392227,0.016617780551314354,-0.034269168972969055,-0.138164684176445,-0.03454117104411125,-0.032536350190639496,-0.0394226536154747,0.7017959356307983,0.17544898390769958,0.166033074259758,-0.05918754264712334,0.45841532945632935,0.11460383236408234,-0.1834317445755005,-0.011936509981751442,0.45357269048690796,0.11339317262172699,-0.007526852190494537,0.05547938495874405,-0.10261978209018707,-0.025654945522546768,-0.014437566511332989,0.04523835331201553,0.04832559823989868,0.01208139955997467,-0.024860389530658722,0.007577717304229736,0.32747820019721985,0.08186955004930496,0.07540792971849442,0.004096090793609619,0.885346531867981,0.22133663296699524,0.21349722146987915,-0.028241408988833427,0.15325488150119781,0.038313720375299454,-0.18664447963237762,-0.0034871220123022795,-0.5367056131362915,-0.13417640328407288,-0.05059853941202164,0.022028876468539238,-0.026130303740501404,-0.006532575935125351,-0.0025654854252934456,0.06026029586791992,-0.07655256986618042,-0.019138142466545105,0.004755460657179356,0.06476732343435287,0.02936476469039917,0.0073411911725997925,-0.015657339245080948,0.05088651180267334,0.8729644417762756,0.2182411104440689,0.23002652823925018,-0.010137802921235561,1.2168606519699097,0.3042151629924774,0.2745034396648407,0.03287726640701294,-0.011132970452308655,-0.0027832426130771637,-0.009522412903606892,0.04363652691245079,3.3825395107269287,0.8456348776817322,0.8612199425697327,-0.0437438078224659,0.028714455664157867,0.007178613916039467,0.022721363231539726,0.04784194380044937,-0.08496865630149841,-0.021242164075374603,-0.014510606415569782,-0.002894675824791193,0.024787183851003647,0.006196795962750912,0.009517744183540344,0.07083519548177719,0.9411109685897827,0.23527774214744568,0.2091931402683258,0.026174474507570267,-1.058510661125183,-0.2646276652812958,-0.25426217913627625,-0.029558388516306877,-0.04346509277820587,-0.010866273194551468,-0.0022515198215842247,-0.014109260402619839,3.7534148693084717,0.9383537173271179,0.9328714609146118,0.050199951976537704,0.019267156720161438,0.0048167891800403595,-0.01136329397559166,0.041548993438482285,0.030051857233047485,0.007512964308261871,-0.0009239697828888893,0.042461659759283066,0.04324290156364441,0.010810725390911102,0.00034274253994226456,-0.044907961040735245,0,0,1
0.09889112412929535,0.024722781032323837,0.022955546155571938,0.06601516157388687,-0.10752363502979279,-0.026880908757448196,0.011820532381534576,0.031916916370391846,-0.15719790756702423,-0.03929947689175606,-0.039511941373348236,0.018383895978331566,0.6743590831756592,0.1685897707939148,0.16891109943389893,0.008594381622970104,0.45832711458206177,0.11458177864551544,-0.18073740601539612,-0.04797229915857315,0.40344709157943726,0.10086177289485931,-0.007085895165801048,0.029266512021422386,-0.12183555960655212,-0.03045888990163803,-0.02134106308221817,0.05480606481432915,0.03615415096282959,0.009038537740707397,-0.020155880600214005,0.00406872620806098,0.3429751396179199,0.08574378490447998,0.09646786004304886,0.03465622663497925,0.8671474456787109,0.21678686141967773,0.20620718598365784,-0.05850762128829956,0.11428172886371613,0.02857043221592903,-0.19140209257602692,0.010876387357711792,-0.555461049079895,-0.13886526226997375,-0.04184021055698395,-0.0028042972553521395,-0.0013261288404464722,-0.00033153221011161804,-0.006934020668268204,-0.07625233381986618,-0.02538856863975525,-0.006347142159938812,0.010129718109965324,-0.001833623624406755,0.022903665900230408,0.005725916475057602,-0.0002923347055912018,0.0026307047810405493,0.9348922967910767,0.23372307419776917,0.22192397713661194,0.06052969768643379,1.091507911682129,0.2728769779205322,0.26899588108062744,-0.06355448812246323,-0.049613773822784424,-0.012403443455696106,-0.016169654205441475,-0.004847162868827581,3.3658530712127686,0.8414632678031921,0.8545990586280823,0.06169663742184639,-0.02328406274318695,-0.005821015685796738,0.019203854724764824,0.027003301307559013,-0.04674205929040909,-0.011685514822602272,-0.021394355222582817,-0.01942383125424385,-0.014678839594125748,-0.003669709898531437,0.00808504968881607,0.0506737120449543,0.8566129207611084,0.2141532301902771,0.21306104958057404,0.0361999049782753,-0.9978240132331848,-0.2494560033082962,-0.24810323119163513,-0.023312820121645927,-0.014626745134592056,-0.003656686283648014,-0.001078745350241661,0.026989376172423363,3.7597808837890625,0.9399452209472656,0.9343108534812927,-0.05732305720448494,0.004553020000457764,0.001138255000114441,-0.0037548369728028774,-0.044320207089185715,-0.01347326673567295,-0.0033683166839182377,-0.002318235579878092,0.005466562695801258,0.05183007940649986,0.012957519851624966,-0.0019278395920991898,0.0717829093337059,0,0,1
0.04988081753253937,0.012470204383134842,0.027079155668616295,0.014568949118256569,-0.04603274166584015,-0.011508185416460037,0.016521869227290154,-0.06586513668298721,-0.2168203443288803,-0.05420508608222008,-0.037331484258174896,-0.006584143731743097,0.704409122467041,0.17610228061676025,0.15978018939495087,-0.01826317422091961,0.4274190664291382,0.10685476660728455,-0.17579390108585358,0.03652014955878258,0.38815122842788696,0.09703780710697174,-0.013565338216722012,-0.007117945235222578,-0.01687467098236084,-0.00421866774559021,-0.0187846589833498,0.06550033390522003,0.16305632889270782,0.040764082223176956,-0.026449160650372505,-0.05317055806517601,0.368883341550827,0.09222083538770676,0.08320136368274689,0.021688265725970268,0.8819831013679504,0.2204957753419876,0.21984314918518066,0.04017292335629463,0.034962937235832214,0.008740734308958054,-0.17632721364498138,-0.05624387413263321,-0.5616058111190796,-0.1404014527797699,-0.031089963391423225,0.06840210407972336,0.01667843759059906,0.004169609397649765,-0.014285250566899776,0.049093425273895264,0.00973859429359436,0.00243464857339859,-0.0010691937059164047,0.022155165672302246,-0.0406394898891449,-0.010159872472286224,0.006435995921492577,0.07443802803754807,0.8159231543540955,0.20398078858852386,0.20517407357692719,0.04002112150192261,1.2152230739593506,0.30380576848983765,0.2694670557975769,-0.0527326725423336,-0.00034317560493946075,-8.579390123486519e-05,-0.022047262638807297,0.04150083288550377,3.362682819366455,0.8406707048416138,0.8479148149490356,-0.032069671899080276,0.043955057859420776,0.010988764464855194,0.014937790110707283,0.026710176840424538,-0.07103393971920013,-0.017758484929800034,-0.003010348416864872,-0.052298326045274734,0.005145367234945297,0.0012863418087363243,-0.0022907620295882225,0.05322296544909477,0.9042540788650513,0.22606351971626282,0.21083541214466095,0.04163787513971329,-1.0827056169509888,-0.2706764042377472,-0.2432122528553009,0.03324716165661812,-0.04621303826570511,-0.011553259566426277,-0.005722893867641687,0.03529081493616104,3.742680549621582,0.9356701374053955,0.9531979560852051,-0.04444225877523422,-0.018364906311035156,-0.004591226577758789,-0.011904781684279442,-0.04511528089642525,0.025575727224349976,0.006393931806087494,-0.001732601784169674,-0.060879141092300415,-0.01519398856908083,-0.0037984971422702074,-0.005075923167169094,-0.08073706924915314,0,0,1
-0.06186822056770325,-0.015467055141925812,0.0299155842512846,0.05024517700076103,-0.07822073996067047,-0.019555184990167618,0.011706426739692688,-0.001021653413772583,-0.1558067947626114,-0.03895169869065285,-0.03957288712263107,0.021265095099806786,0.6336082220077515,0.15840205550193787,0.15357224643230438,-0.017711682245135307,0.19636644423007965,0.04909161105751991,-0.17245030403137207,0.06031922250986099,0.3275633454322815,0.08189083635807037,-0.017471985891461372,-0.07497041672468185,-0.04178449511528015,-0.010446123778820038,-0.025680331513285637,-0.0053327917121350765,0.1866358369588852,0.0466589592397213,-0.030231008306145668,0.07552142441272736,0.35967445373535156,0.08991861343383789,0.09370659291744232,-0.05672900751233101,0.8917492628097534,0.22293731570243835,0.2174936980009079,-0.034935612231492996,-0.08741390705108643,-0.021853476762771606,-0.17901605367660522,0.0713958665728569,-0.5850925445556641,-0.14627313613891602,-0.03300360590219498,-0.056959450244903564,0.014188051223754883,0.0035470128059387207,-0.009136050939559937,-0.009819435887038708,0.0180356502532959,0.004508912563323975,-0.008418874815106392,-0.05466815456748009,-0.04964090883731842,-0.012410227209329605,0.00447593629360199,-0.005241298582404852,0.8768129944801331,0.21920324862003326,0.20466651022434235,-0.04294157773256302,1.2764848470687866,0.31912121176719666,0.27285775542259216,-0.051347460597753525,-0.006431061774492264,-0.001607765443623066,-0.018625199794769287,0.05509243160486221,3.3547065258026123,0.8386766314506531,0.8649603128433228,-0.018865002319216728,0.048635780811309814,0.012158945202827454,0.016961466521024704,0.07601646333932877,-0.12105759978294373,-0.03026439994573593,-0.011637546122074127,0.026949716731905937,0.04348249360918999,0.010870623402297497,-0.004235684871673584,0.008634239435195923,0.9046787619590759,0.22616969048976898,0.22244618833065033,0.0867597684264183,-1.182607650756836,-0.295651912689209,-0.24351347982883453,-0.047820307314395905,-0.06975197792053223,-0.017437994480133057,-0.010279607959091663,0.03705405071377754,3.6814351081848145,0.9203587770462036,0.9526734948158264,0.0028070807456970215,0.021889105439186096,0.005472276359796524,-0.0036215591244399548,-0.047318603843450546,0.03216511756181717,0.008041279390454292,0.01196579821407795,-0.011624837294220924,0.053916506469249725,0.013479126617312431,0.00548134557902813,-0.0517379455268383,0,0,1
0.018943071365356445,0.004735767841339111,0.013110268861055374,-0.057309456169605255,-0.11811594665050507,-0.029528986662626266,0.00609530508518219,0.06387187540531158,-0.1617349535226822,-0.04043373838067055,-0.03815370053052902,0.0024055601097643375,0.6879504919052124,0.1719876229763031,0.17043502628803253,-0.0007261753198690712,0.1952148824930191,0.048803720623254776,-0.1720353364944458,0.008251381106674671,0.3282506465911865,0.08206266164779663,-0.0033647799864411354,0.0002074658841593191,-0.01151934266090393,-0.0028798356652259827,-0.030789179727435112,-0.011977637186646461,0.10816964507102966,0.027042411267757416,-0.014640677720308304,0.08273334801197052,0.3819957673549652,0.0954989418387413,0.07983594387769699,0.058207906782627106,0.8899339437484741,0.22248348593711853,0.21248403191566467,-0.0015313149197027087,-0.09602664411067963,-0.024006661027669907,-0.1813991367816925,-0.007545745465904474,-0.5751471519470215,-0.14378678798675537,-0.05101993680000305,0.05174628645181656,0.05214289575815201,0.013035723939538002,-0.013499312102794647,0.02567598782479763,0.09228341281414032,0.02307085320353508,-0.0010331068187952042,0.05303100496530533,-0.03559824824333191,-0.008899562060832977,-0.008484551683068275,-0.05993915721774101,0.9093552827835083,0.22733882069587708,0.20605215430259705,0.029073787853121758,1.2727758884429932,0.3181939721107483,0.26637688279151917,0.018513334915041924,0.009257443249225616,0.002314360812306404,-0.005185854621231556,-0.036308132112026215,3.396798610687256,0.849199652671814,0.8661810159683228,0.06523474305868149,0.010037854313850403,0.0025094635784626007,0.01958572305738926,0.03790074586868286,-0.0693095400929451,-0.017327385023236275,-0.007513144053518772,-0.000251835590461269,0.07028268277645111,0.017570670694112778,-0.002723041921854019,0.071230448782444,0.9044952392578125,0.22612380981445312,0.23917202651500702,-0.053337037563323975,-1.102648138999939,-0.27566203474998474,-0.2404109388589859,-0.06460463255643845,-0.03916563838720322,-0.009791409596800804,-0.004149025771766901,0.014205629006028175,3.703373908996582,0.9258434772491455,0.9522415995597839,0.04005711153149605,-0.009450484067201614,-0.0023626210168004036,0.00251743383705616,0.0644267350435257,-0.05927571281790733,-0.014818928204476833,-0.0011853575706481934,-0.0682760551571846,-0.006060292012989521,-0.0015150730032473803,0.01543443650007248,-0.032425813376903534,0,0,1
-0.06471860408782959,-0.016179651021957397,0.021504318341612816,-0.05934794619679451,-0.10987178981304169,-0.027467947453260422,0.012090632691979408,0.0720725879073143,-0.19607363641262054,-0.049018409103155136,-0.03614922612905502,-0.03751442953944206,0.6743655204772949,0.16859138011932373,0.1662243902683258,0.05300537496805191,0.23291732370853424,0.05822933092713356,-0.17822009325027466,-0.07309169322252274,0.3760450482368469,0.09401126205921173,-0.01570710726082325,-0.006887680385261774,-0.018792152404785156,-0.004698038101196289,-0.03198504447937012,0.023405535146594048,0.021121680736541748,0.005280420184135437,-0.02615799382328987,-0.04914136603474617,0.31727057695388794,0.07931764423847198,0.08464445918798447,-0.011617148295044899,0.8701283931732178,0.21753209829330444,0.20722392201423645,-0.04972259700298309,0.04978029429912567,0.012445073574781418,-0.17053890228271484,0.06098214536905289,-0.5869883298873901,-0.14674708247184753,-0.042534686625003815,-0.0012409150367602706,-0.03290759027004242,-0.008226897567510605,0.0022239377722144127,0.04573332145810127,-0.0036973506212234497,-0.0009243376553058624,-0.00905906967818737,-0.019513262435793877,0.010525226593017578,0.0026313066482543945,-0.004896597936749458,-0.00820884108543396,0.8552974462509155,0.21382436156272888,0.2138771414756775,0.05096546560525894,1.1743522882461548,0.2935880720615387,0.278795450925827,-0.01045320089906454,-0.02231490984559059,-0.005578727461397648,-0.013554822653532028,0.06464778631925583,3.4427428245544434,0.8606857061386108,0.8713135123252869,-0.00552484393119812,0.004432991147041321,0.0011082477867603302,0.009045397862792015,0.05746116861701012,-0.08870580792427063,-0.022176451981067657,-0.008915441110730171,0.03315814957022667,0.03532744571566582,0.008831861428916454,0.0061220526695251465,0.026495158672332764,0.9589533805847168,0.2397383451461792,0.24242769181728363,0.07941731065511703,-1.068485140800476,-0.267121285200119,-0.23109202086925507,-0.030973220244050026,-0.030802644789218903,-0.007700661197304726,-0.0015112720429897308,0.009132814593613148,3.7315144538879395,0.9328786134719849,0.9494335651397705,0.041639234870672226,-0.03347395360469818,-0.008368488401174545,-0.003141714259982109,-0.07379647344350815,0.05689831078052521,0.014224577695131302,-0.0048959446139633656,0.03365302085876465,-0.018773559480905533,-0.004693389870226383,0.012967033311724663,-0.06318830698728561,0,0,1
-0.04574921727180481,-0.011437304317951202,0.02089662104845047,0.029027188196778297,-0.1662793606519699,-0.04156984016299248,0.01968109793961048,0.057790886610746384,-0.13840252161026,-0.034600630402565,-0.051728665828704834,-0.0027466178871691227,0.6169452667236328,0.1542363166809082,0.17597053945064545,0.06429558247327805,0.08506502211093903,0.021266255527734756,-0.17916209995746613,0.012253767810761929,0.3197399377822876,0.0799349844455719,-0.005530813708901405,-0.027220284566283226,-0.1445903480052948,-0.0361475870013237,-0.025658108294010162,0.061431027948856354,0.1687530279159546,0.04218825697898865,-0.01890816166996956,0.042596545070409775,0.3359314501285553,0.08398286253213882,0.09020603448152542,-0.011787855997681618,0.8824220299720764,0.2206055074930191,0.21753649413585663,-0.03953848034143448,-0.1739916354417801,-0.04349790886044502,-0.184263214468956,-0.0011578977573662996,-0.6473414897918701,-0.16183537244796753,-0.05679292231798172,0.040725160390138626,0.022305920720100403,0.005576480180025101,0.001072704792022705,-0.07245343923568726,0.0568230077624321,0.014205751940608025,-0.004903273656964302,0.07996324449777603,-0.0014442205429077148,-0.0003610551357269287,-0.014604007825255394,-0.00505409250035882,0.9150180816650391,0.22875452041625977,0.21175305545330048,0.04237495735287666,1.1582467555999756,0.2895616888999939,0.2685876488685608,-0.07448478043079376,-0.025064559653401375,-0.006266139913350344,-0.009263155981898308,-0.014715755358338356,3.404024839401245,0.8510062098503113,0.868896484375,0.004068642854690552,0.05183938890695572,0.01295984722673893,0.017435753718018532,0.06029028818011284,-0.08988837152719498,-0.022472092881798744,-0.00743764266371727,-0.0010017872555181384,-0.007590163499116898,-0.0018975408747792244,-0.0022445209324359894,-0.017979944124817848,0.8685319423675537,0.21713298559188843,0.23345914483070374,-0.008370297960937023,-1.0791348218917847,-0.26978370547294617,-0.22992292046546936,-0.0681038647890091,-0.03902749717235565,-0.009756874293088913,-0.001966421492397785,0.01935446262359619,3.718761444091797,0.9296903610229492,0.9423519968986511,-0.05684622749686241,0.01911947876214981,0.004779869690537453,-0.0036703459918498993,0.02626066282391548,-0.006049163639545441,-0.0015122909098863602,-0.0018449435010552406,-0.017871106043457985,0.012191369198262691,0.003047842299565673,8.828192949295044e-05,-0.04080938547849655,0,0,1
0.03994637727737427,0.009986594319343567,0.010599663481116295,-0.0471072681248188,-0.11644198000431061,-0.029110495001077652,0.006771288812160492,-0.056319255381822586,-0.20451363921165466,-0.051128409802913666,-0.04098314791917801,0.07850375026464462,0.7423489093780518,0.18558722734451294,0.16281473636627197,0.006409072782844305,0.12344898283481598,0.030862245708703995,-0.1681138277053833,-0.011761224828660488,0.384361207485199,0.09609030187129974,-0.00848704855889082,-0.07796236127614975,-0.15788012742996216,-0.03947003185749054,-0.03195250779390335,-0.09679266810417175,0.17428511381149292,0.04357127845287323,-0.022200381383299828,0.058918166905641556,0.36851009726524353,0.09212752431631088,0.07870720326900482,-0.053388018161058426,0.8471880555152893,0.21179701387882233,0.20587502419948578,0.03306321054697037,-0.050333842635154724,-0.012583460658788681,-0.16960053145885468,-0.02845754101872444,-0.5875016450881958,-0.14687541127204895,-0.04895712435245514,-0.051309771835803986,0.03813440352678299,0.009533600881695747,-0.007235055789351463,0.07274025678634644,-0.01827758550643921,-0.004569396376609802,0.004822865128517151,-0.047645874321460724,0.017644748091697693,0.004411187022924423,-0.003082133363932371,-0.004245191812515259,0.937055766582489,0.23426394164562225,0.20863400399684906,-0.05947098881006241,1.2710484266281128,0.3177621066570282,0.27327847480773926,-0.07190339267253876,0.015056103467941284,0.003764025866985321,-0.01981053128838539,-0.07430720329284668,3.422322988510132,0.855580747127533,0.8714119791984558,-0.023551374673843384,-0.00829075276851654,-0.002072688192129135,0.006648903712630272,-0.04339157044887543,-0.09313813596963882,-0.023284533992409706,-0.01597762107849121,0.06255493313074112,0.08133426308631897,0.020333565771579742,0.008285224437713623,0.04263150691986084,0.8877692222595215,0.22194230556488037,0.2352132499217987,-0.00105379824526608,-1.067107081413269,-0.26677677035331726,-0.23281218111515045,-0.06547261029481888,-0.03778230398893356,-0.00944557599723339,-0.014600014314055443,0.05545070394873619,3.7004499435424805,0.9251124858856201,0.9432821273803711,0.03454658016562462,-0.022062227129936218,-0.0055155567824840546,-0.016804637387394905,0.05686330795288086,0.013745767064392567,0.0034364417660981417,0.003785792738199234,0.011555683799088001,0.015873905271291733,0.003968476317822933,-0.004529214464128017,-0.015318900346755981,0,0,1
0.03384330868721008,0.00846082717180252,0.019957298412919044,-0.07458635419607162,-0.01310698688030243,-0.0032767467200756073,0.01644403301179409,-0.06553349643945694,-0.1832454353570938,-0.04581135883927345,-0.05084992200136185,0.03408172354102135,0.6493738889694214,0.16234347224235535,0.165710911154747,0.0448010228574276,0.17534135282039642,0.043835338205099106,-0.1786605268716812,0.026673508808016777,0.4008409380912781,0.10021023452281952,-0.02443782426416874,-0.042106401175260544,-0.0879225879907608,-0.0219806469976902,-0.03059907630085945,0.07225187867879868,0.05468429625034332,0.01367107406258583,-0.013941312208771706,-0.06252133101224899,0.34332358837127686,0.08583089709281921,0.08621805906295776,0.06445318460464478,0.8723649382591248,0.2180912345647812,0.215231791138649,0.012796175666153431,-0.11581945419311523,-0.02895486354827881,-0.17006517946720123,-0.05131096392869949,-0.6187373399734497,-0.15468433499336243,-0.05236188322305679,0.0027205587830394506,-0.024749815464019775,-0.006187453866004944,-0.007657844107598066,0.07676994055509567,-0.045565977692604065,-0.011391494423151016,-0.00814343523234129,0.027483368292450905,-0.029671043157577515,-0.007417760789394379,-0.005198911298066378,0.0787651315331459,0.9741615056991577,0.24354037642478943,0.2174401432275772,0.02288786880671978,1.3081610202789307,0.32704025506973267,0.26660728454589844,0.07426825910806656,-0.007041119039058685,-0.0017602797597646713,-0.021359257400035858,0.003261953592300415,3.443164348602295,0.8607910871505737,0.8614385724067688,0.07617052644491196,0.0686553344130516,0.0171638336032629,0.0020390329882502556,0.05594853311777115,-0.03153093159198761,-0.007882732897996902,-0.02229548990726471,0.013609903864562511,0.010314833372831345,0.002578708343207836,0.0035397913306951523,-0.0634753480553627,0.9230717420578003,0.23076793551445007,0.22938895225524902,-0.01961544156074524,-1.0591117143630981,-0.26477792859077454,-0.23865565657615662,-0.04858371242880821,-0.045887477695941925,-0.011471869423985481,-0.000762060284614563,0.03293466567993164,3.7297537326812744,0.9324384331703186,0.9360612034797668,0.03009769879281521,0.03336352854967117,0.008340882137417793,-0.013819226995110512,0.03941019997000694,-0.012448442168533802,-0.0031121105421334505,0.004563093185424805,0.04849083349108696,0.054241638630628586,0.013560409657657146,0.005185568705201149,0.06042816862463951,0,0,1
-0.030369386076927185,-0.007592346519231796,0.007719587534666061,0.03287246450781822,-0.07218827307224274,-0.018047068268060684,0.013275863602757454,-0.02611427940428257,-0.1841660887002945,-0.046041522175073624,-0.04160714149475098,0.06875184923410416,0.670293927192688,0.167573481798172,0.16649380326271057,0.02432858943939209,0.1580462008714676,0.0395115502178669,-0.1764066368341446,0.046339262276887894,0.3488321304321289,0.08720803260803223,-0.02514103800058365,0.0438876636326313,-0.10978728532791138,-0.027446821331977844,-0.03091302327811718,-0.05419492721557617,0.1322888880968094,0.03307222202420235,-0.01912681758403778,0.022211451083421707,0.37990131974220276,0.09497532993555069,0.0945035070180893,-0.041746508330106735,0.8203426003456116,0.2050856500864029,0.20725463330745697,-0.003628331469371915,-0.05620810389518738,-0.014052025973796844,-0.17986594140529633,0.021429402753710747,-0.5823780298233032,-0.1455945074558258,-0.05173327028751373,0.0681336298584938,-0.045631155371665955,-0.011407788842916489,-0.007562926504760981,-0.06931614130735397,0.06524137407541275,0.016310343518853188,0.005718560889363289,-0.011378973722457886,0.009253859519958496,0.002313464879989624,-0.001034589484333992,0.0053421976044774055,0.9097775220870972,0.2274443805217743,0.22176732122898102,0.021663833409547806,1.143804669380188,0.285951167345047,0.2641232907772064,-0.001975423190742731,-0.025912702083587646,-0.006478175520896912,-0.011172769591212273,-0.0667479857802391,3.4049243927001953,0.8512310981750488,0.8776031732559204,0.06457103788852692,0.06470937281847,0.0161773432046175,0.007913338020443916,-0.06012681871652603,-0.05848821997642517,-0.014622054994106293,-0.006885268725454807,0.02671569585800171,0.06745545566082001,0.016863863915205002,0.00539768859744072,-0.0007698953268118203,0.9174547791481018,0.22936369478702545,0.23918192088603973,-0.020060837268829346,-1.0250643491744995,-0.2562660872936249,-0.24381156265735626,-0.012205290608108044,-0.030987627804279327,-0.007746906951069832,-0.000978650525212288,-0.035311948508024216,3.6798458099365234,0.9199614524841309,0.941752016544342,-0.03381681814789772,0.02050013095140457,0.005125032737851143,0.00276311207562685,-0.06651829928159714,-0.009242928586900234,-0.0023107321467250586,0.0028102509677410126,0.047112252563238144,-0.057881321758031845,-0.014470330439507961,0.009984567761421204,-0.06845032423734665,0,0,1
-0.10782110691070557,-0.02695527672767639,0.007939973846077919,-0.020609809085726738,0.03590713441371918,0.008976783603429794,0.013961242511868477,-0.0642383024096489,-0.18514202535152435,-0.04628550633788109,-0.04621628671884537,0.0019093037117272615,0.6651143431663513,0.16627858579158783,0.17646557092666626,-0.04642637446522713,-0.055803462862968445,-0.013950865715742111,-0.17251311242580414,0.03379453346133232,0.3127822279930115,0.07819555699825287,-0.015212020836770535,0.048697151243686676,-0.020734459161758423,-0.005183614790439606,-0.023891087621450424,-0.02468847669661045,0.13400328159332275,0.03350082039833069,-0.011215172708034515,-0.036306094378232956,0.40318378806114197,0.10079594701528549,0.09205874055624008,0.015554988756775856,0.8575682044029236,0.2143920511007309,0.20535942912101746,0.02458100952208042,-0.1996374875307083,-0.04990937188267708,-0.16954830288887024,0.05016026645898819,-0.5943843126296997,-0.14859607815742493,-0.04433612525463104,0.03200962767004967,-0.017526045441627502,-0.004381511360406876,-0.00577994529157877,0.030535448342561722,-0.00018399953842163086,-4.5999884605407715e-05,0.01102411188185215,0.033120717853307724,-0.05504275858402252,-0.01376068964600563,-0.005814533680677414,-0.03080345131456852,0.8870390057563782,0.22175975143909454,0.22137117385864258,0.010346836410462856,1.1728825569152832,0.2932206392288208,0.27185139060020447,-0.06502760946750641,-0.03488193452358246,-0.008720483630895615,-0.020594483241438866,0.049542199820280075,3.4378089904785156,0.8594522476196289,0.8688833117485046,0.06780005991458893,0.06110699474811554,0.015276748687028885,0.005309227854013443,0.044763755053281784,-0.12661798298358917,-0.03165449574589729,-0.017052195966243744,-0.020502125844359398,0.0008916519582271576,0.0002229129895567894,0.0016090283170342445,0.01519958395510912,0.9718829393386841,0.24297073483467102,0.24798952043056488,-0.007293516304343939,-1.0869190692901611,-0.2717297673225403,-0.22620205581188202,0.05551007017493248,-0.04659610986709595,-0.011649027466773987,-0.014727788977324963,0.010034114122390747,3.6699655055999756,0.9174913763999939,0.9324825406074524,-0.044851940125226974,0.0022712424397468567,0.0005678106099367142,-0.010056394152343273,-0.04332657530903816,-0.008043752051889896,-0.002010938012972474,0.009996457025408745,0.016661668196320534,0.0011220343876630068,0.0002805085969157517,0.0060425493866205215,0.03575921058654785,0,0,1
-0.13858357071876526,-0.034645892679691315,0.005362325347959995,0.019142990931868553,0.02120383083820343,0.0053009577095508575,0.006702462211251259,0.03363729640841484,-0.17201443016529083,-0.04300360754132271,-0.035100873559713364,0.009174597449600697,0.6304566264152527,0.15761415660381317,0.17334167659282684,0.07195758074522018,-0.04424522817134857,-0.011061307042837143,-0.16700847446918488,-0.041389502584934235,0.27553069591522217,0.06888267397880554,-0.0120785441249609,-0.03770129755139351,-0.07348372042179108,-0.01837093010544777,-0.022444775328040123,0.02100312151014805,0.12777355313301086,0.031943388283252716,-0.018644563853740692,0.04063699394464493,0.39805057644844055,0.09951264411211014,0.07827790826559067,0.01868804730474949,0.8581728935241699,0.21454322338104248,0.2034500539302826,0.05117594078183174,-0.24752117693424225,-0.06188029423356056,-0.17999213933944702,0.06600256264209747,-0.6128528118133545,-0.15321320295333862,-0.044213585555553436,-0.06151428818702698,-0.003636568784713745,-0.0009091421961784363,-0.016145089641213417,-0.04303532466292381,-0.08631512522697449,-0.021578781306743622,0.010444113984704018,-0.00013877749734092504,-0.004106402397155762,-0.0010266005992889404,-0.0037697413936257362,-0.0683043971657753,0.9299638867378235,0.23249097168445587,0.23235134780406952,0.022078150883316994,1.2817776203155518,0.32044440507888794,0.2705572247505188,-0.020201129838824272,-0.009253494441509247,-0.0023133736103773117,-0.005784834735095501,0.04361177608370781,3.506471633911133,0.8766179084777832,0.8766661882400513,0.013087260536849499,0.06814169883728027,0.01703542470932007,0.018228357657790184,-0.007621717639267445,-0.0569266676902771,-0.014231666922569275,-0.02255951054394245,0.007545769214630127,0.027198825031518936,0.006799706257879734,0.008587837219238281,-0.06683243811130524,0.9414654970169067,0.23536637425422668,0.24292193353176117,-0.05089324712753296,-1.293569803237915,-0.32339245080947876,-0.22467200458049774,0.035862136632204056,-0.09783251583576202,-0.024458128958940506,-0.013563165441155434,-0.04027194902300835,3.6294898986816406,0.9073724746704102,0.9311076402664185,-0.0583316795527935,0.014137335121631622,0.0035343337804079056,-0.004199611488729715,-0.038291290402412415,-0.03353201970458031,-0.008383004926145077,0.007261592894792557,0.022561848163604736,-0.06522525101900101,-0.016306312754750252,0.0007864860817790031,0.04645625501871109,0,0,1
-0.1011098176240921,-0.025277454406023026,0.0015759356319904327,0.06077847629785538,-0.018120184540748596,-0.004530046135187149,0.008618537336587906,0.021277254447340965,-0.16015847027301788,-0.04003961756825447,-0.042549990117549896,-0.041094809770584106,0.6470706462860107,0.16176766157150269,0.1640758067369461,0.06974916905164719,0.13580669462680817,0.03395167365670204,-0.1648501753807068,-0.032011233270168304,0.2982177138328552,0.0745544284582138,-0.009221727028489113,0.01296170987188816,-0.08240798115730286,-0.020601995289325714,-0.036645930260419846,0.023754073306918144,0.11879819631576538,0.029699549078941345,-0.026381490752100945,0.027725208550691605,0.3003093898296356,0.0750773474574089,0.07728733867406845,0.05269055441021919,0.8712549209594727,0.21781373023986816,0.2125571072101593,0.062001194804906845,-0.1353103667497635,-0.03382759168744087,-0.17136481404304504,-0.017449790611863136,-0.6550990343093872,-0.1637747585773468,-0.05726420879364014,0.056050848215818405,-0.05661672353744507,-0.014154180884361267,-0.0013982802629470825,-0.02869662642478943,-0.0436592698097229,-0.010914817452430725,-6.109476089477539e-07,0.025222361087799072,0.06139229238033295,0.015348073095083237,-0.0011338312178850174,-0.02738948166370392,0.8658231496810913,0.21645578742027283,0.2251707911491394,-0.06999178975820541,1.2676618099212646,0.31691545248031616,0.26887765526771545,-0.0066734193824231625,0.014028944075107574,0.0035072360187768936,-0.005207718349993229,0.03595950827002525,3.471912384033203,0.8679780960083008,0.8835507035255432,-0.027203384786844254,0.03494352847337723,0.008735882118344307,0.011636914685368538,-0.07586099952459335,-0.05455105006694794,-0.013637762516736984,-0.02042776346206665,0.06730867922306061,0.025249134749174118,0.0063122836872935295,0.008369553834199905,-0.07018189877271652,1.0124319791793823,0.2531079947948456,0.2527945041656494,-0.028603726997971535,-1.3252334594726562,-0.33130836486816406,-0.23811471462249756,-0.03718896582722664,-0.10647791624069214,-0.026619479060173035,-0.005495176184922457,0.01545175351202488,3.6241090297698975,0.9060272574424744,0.9371395111083984,-0.05686211585998535,-0.03206804394721985,-0.008017010986804962,0.002769162878394127,0.04290410503745079,0.00766788050532341,0.0019169701263308525,-0.003177536651492119,0.037747230380773544,-0.05205308273434639,-0.013013270683586597,-0.006271631456911564,-0.010912525467574596,0,0,1
-0.04436385631561279,-0.011090964078903198,0.004043560475111008,-0.03282247111201286,-0.0685892254114151,-0.017147306352853775,0.007267771288752556,-0.0066551268100738525,-0.17327548563480377,-0.04331887140870094,-0.03689874708652496,-0.010749131441116333,0.6806206703186035,0.17015516757965088,0.18138989806175232,-0.0640513002872467,0.2404777556657791,0.06011943891644478,-0.17487473785877228,0.05352233722805977,0.312846839427948,0.078211709856987,-0.024129994213581085,-0.013483143411576748,-0.09831511974334717,-0.024578779935836792,-0.038596924394369125,-0.034469425678253174,0.09470248222351074,0.023675620555877686,-0.013389854691922665,0.04043339565396309,0.3478489816188812,0.0869622454047203,0.08407105505466461,0.0033514858223497868,0.9348404407501221,0.23371011018753052,0.19967108964920044,-0.05500955134630203,-0.02892221510410309,-0.007230553776025772,-0.17091472446918488,-0.07530024647712708,-0.7064634561538696,-0.1766158640384674,-0.060690537095069885,-0.0615161769092083,-0.012640327215194702,-0.0031600818037986755,0.0002918075770139694,0.032104577869176865,0.041445717215538025,0.010361429303884506,0.0026521235704421997,-0.05487453565001488,0.04902380704879761,0.012255951762199402,0.0020044930279254913,0.061664629727602005,0.9192352294921875,0.22980880737304688,0.22300240397453308,0.06837665289640427,1.1677534580230713,0.2919383645057678,0.28056108951568604,-0.03863319009542465,-0.01601245254278183,-0.0040031131356954575,-0.0037991106510162354,-0.050582826137542725,3.468916893005371,0.8672292232513428,0.8908669948577881,0.012623406015336514,0.05843538045883179,0.014608845114707947,0.018809335306286812,0.02918391302227974,-0.07908087223768234,-0.019770218059420586,-0.01958109810948372,-0.05216944217681885,0.030654381960630417,0.007663595490157604,0.0013482160866260529,0.02274387516081333,0.9852449893951416,0.2463112473487854,0.24418945610523224,0.032232191413640976,-1.1144325733184814,-0.27860814332962036,-0.2389897257089615,0.032914984971284866,-0.05475810170173645,-0.013689525425434113,-0.0039049340412020683,-0.045420560985803604,3.5919079780578613,0.8979769945144653,0.9245227575302124,-0.019607925787568092,-0.04875671863555908,-0.01218917965888977,0.0001594899222254753,0.025721300393342972,0.019612032920122147,0.004903008230030537,0.004700355231761932,-0.007791364099830389,0.02147301286458969,0.005368253216147423,-0.008789454586803913,0.020021533593535423,0,0,1
0.05275103449821472,0.01318775862455368,0.015965135768055916,0.058483995497226715,-0.07765237987041473,-0.019413094967603683,0.01692662388086319,0.06809872388839722,-0.12124134600162506,-0.030310336500406265,-0.039104122668504715,0.06538510322570801,0.6906244158744812,0.1726561039686203,0.1795906275510788,0.04880663380026817,0.15794460475444794,0.039486151188611984,-0.17413648962974548,0.07277264446020126,0.39066028594970703,0.09766507148742676,-0.009652119129896164,0.027271462604403496,-0.21987713873386383,-0.05496928468346596,-0.04293105751276016,-0.06616333872079849,0.03973191976547241,0.009932979941368103,-0.012080436572432518,-0.034891631454229355,0.3714500963687897,0.09286252409219742,0.09098735451698303,0.05947960540652275,0.8687780499458313,0.21719451248645782,0.21340788900852203,0.029797708615660667,-0.08968053758144379,-0.022420134395360947,-0.17339622974395752,0.012205016799271107,-0.684828519821167,-0.17120712995529175,-0.05664486438035965,-0.0004303395689930767,0.03947696089744568,0.00986924022436142,-0.015772216022014618,0.03289172798395157,0.03958436846733093,0.009896092116832733,0.010986333712935448,-0.037580277770757675,-0.034338563680648804,-0.008584640920162201,-0.0002240259200334549,0.056245602667331696,0.9917766451835632,0.2479441612958908,0.23617364466190338,-0.014162534847855568,1.2243101596832275,0.3060775399208069,0.28583136200904846,-0.017117416486144066,-0.0015052352100610733,-0.0003763088025152683,-0.009407277218997478,0.04927357658743858,3.473444938659668,0.868361234664917,0.8942387700080872,0.022896457463502884,0.0074242353439331055,0.0018560588359832764,0.006015006452798843,0.029657280072569847,-0.04701561480760574,-0.011753903701901436,-0.016888979822397232,0.007897472940385342,0.023683365434408188,0.005920841358602047,0.0023307353258132935,0.019854223355650902,0.8775961399078369,0.21939903497695923,0.23572462797164917,-0.0817323550581932,-1.138275146484375,-0.28456878662109375,-0.24535997211933136,0.012860000133514404,-0.04637131094932556,-0.01159282773733139,-0.009667858481407166,-0.07416151463985443,3.5683040618896484,0.8920760154724121,0.9268414974212646,-0.001944124698638916,-0.036001890897750854,-0.009000472724437714,-0.017379341647028923,-0.057999879121780396,-0.042482588440179825,-0.010620647110044956,-0.001141505315899849,-0.023047596216201782,0.042319927364587784,0.010579981841146946,0.0021414468064904213,-0.03353444114327431,0,0,1
-0.06381610035896301,-0.015954025089740753,0.007700152695178986,-0.04158267378807068,-0.10502539575099945,-0.026256348937749863,0.019470717757940292,-0.053142108023166656,-0.11825118958950043,-0.029562797397375107,-0.03721790388226509,0.004938840866088867,0.7060749530792236,0.1765187382698059,0.1631295382976532,0.042711805552244186,0.005786582827568054,0.0014466457068920135,-0.16892172396183014,0.07250360399484634,0.3843945860862732,0.0960986465215683,-0.016797803342342377,-0.059575051069259644,-0.1617366075515747,-0.04043415188789368,-0.031647030264139175,0.016126835718750954,0.08947546780109406,0.022368866950273514,-0.014518451876938343,0.06499709188938141,0.40718063712120056,0.10179515928030014,0.08895886689424515,-0.06030471995472908,0.8522018194198608,0.2130504548549652,0.21859143674373627,-0.026461292058229446,-0.2132694274187088,-0.0533173568546772,-0.18622656166553497,-0.012073713354766369,-0.6400456428527832,-0.1600114107131958,-0.06903395801782608,0.009892857633531094,-0.05254372954368591,-0.013135932385921478,3.685615956783295e-05,-0.045252714306116104,0.02807629108428955,0.007019072771072388,0.011347830295562744,-0.007690418045967817,-0.01408107578754425,-0.0035202689468860626,0.00018610060214996338,-0.049067046493291855,0.9536342620849609,0.23840856552124023,0.23169662058353424,-0.049683984369039536,1.146371603012085,0.28659290075302124,0.28312352299690247,-0.037436697632074356,-0.036661744117736816,-0.009165436029434204,-0.0017196303233504295,-0.043057169765233994,3.507619857788086,0.8769049644470215,0.8918408751487732,0.03396120294928551,0.07603160291910172,0.01900790072977543,0.004032954573631287,0.058933891355991364,-0.05876229703426361,-0.014690574258565903,-0.011983230710029602,0.04686061292886734,0.0032711736857891083,0.0008177934214472771,-0.004362774081528187,0.019994331523776054,0.9414931535720825,0.23537328839302063,0.24009259045124054,-0.06748905032873154,-1.1349120140075684,-0.2837280035018921,-0.25386831164360046,-0.051655370742082596,-0.05876420438289642,-0.014691051095724106,-0.01525510847568512,0.006893277168273926,3.584465980529785,0.8961164951324463,0.9181880950927734,0.009902703575789928,0.07907357811927795,0.01976839452981949,-0.009367721155285835,0.08835162222385406,0.04728751257061958,0.011821878142654896,0.005939306691288948,0.020158201456069946,0.0066172415390610695,0.0016543103847652674,6.519164890050888e-05,-0.037125758826732635,0,0,1
-0.07672387361526489,-0.019180968403816223,-0.006790632847696543,0.01583130471408367,-0.027329400181770325,-0.006832350045442581,0.017781905829906464,0.02290983311831951,-0.16980735957622528,-0.04245183989405632,-0.03603004664182663,-0.062380462884902954,0.6839391589164734,0.17098478972911835,0.17269055545330048,0.04131503030657768,0.03821878135204315,0.009554695338010788,-0.16473650932312012,0.0225713849067688,0.34258848428726196,0.08564712107181549,-0.020828308537602425,-0.06889154762029648,-0.10274836421012878,-0.025687091052532196,-0.04459823668003082,0.0027303099632263184,0.09840922057628632,0.02460230514407158,-0.02321791648864746,0.03141365200281143,0.3860224783420563,0.09650561958551407,0.08682405948638916,-0.035233091562986374,0.847467303276062,0.2118668258190155,0.23159293830394745,-0.07130656391382217,-0.14736826717853546,-0.036842066794633865,-0.18595220148563385,0.059731364250183105,-0.5939379930496216,-0.1484844982624054,-0.06493662297725677,0.060842882841825485,-0.08851328492164612,-0.02212832123041153,0.000555046834051609,-0.017620796337723732,0.05488003045320511,0.013720007613301277,0.002374577336013317,-0.02165207825601101,0.061850741505622864,0.015462685376405716,0.0091847013682127,-0.05492961034178734,0.9320603013038635,0.23301507532596588,0.23221343755722046,0.03827477619051933,1.1870689392089844,0.2967672348022461,0.26973384618759155,-0.07439213246107101,-0.043352872133255005,-0.010838218033313751,-0.01609921269118786,0.04181349277496338,3.5208966732025146,0.8802241683006287,0.883698582649231,0.08229944854974747,0.049671679735183716,0.012417919933795929,0.013652646914124489,-0.023703856393694878,-0.06692159175872803,-0.016730397939682007,-0.006682521663606167,-0.06258654594421387,0.054791029542684555,0.013697757385671139,0.014658639207482338,0.01568634621798992,1.0410306453704834,0.26025766134262085,0.23734048008918762,0.06819123029708862,-1.0155550241470337,-0.2538887560367584,-0.26686549186706543,-0.0749899372458458,-0.03179561346769333,-0.007948903366923332,-0.00469967070966959,0.005629032850265503,3.620433807373047,0.9051084518432617,0.9228275418281555,0.0552830807864666,0.0017333924770355225,0.0004333481192588806,-0.010848104022443295,-0.014229548163712025,-0.012209245935082436,-0.003052311483770609,0.00016526225954294205,-0.063294418156147,0.0055870553478598595,0.0013967638369649649,0.0017814729362726212,0.06133660301566124,0,0,1
-0.11651331186294556,-0.02912832796573639,0.0004877997562289238,0.0027850510086864233,-0.0624379962682724,-0.0156094990670681,0.01087508350610733,0.030257010832428932,-0.16483527421951294,-0.041208818554878235,-0.05170927941799164,-0.06506963819265366,0.6411891579627991,0.16029728949069977,0.16865605115890503,0.07258091121912003,0.0607573539018631,0.015189338475465775,-0.18168160319328308,0.06064711883664131,0.34880250692367554,0.08720062673091888,-0.012054046615958214,-0.024697327986359596,-0.08746212720870972,-0.02186553180217743,-0.038204193115234375,0.03313218429684639,0.137441486120224,0.034360371530056,-0.024499904364347458,-0.0633992925286293,0.3799019455909729,0.09497548639774323,0.0893862396478653,0.0003347814199514687,0.93788743019104,0.23447185754776,0.22388017177581787,-0.028574848547577858,-0.2259535938501358,-0.05648839846253395,-0.18091358244419098,0.06787966936826706,-0.6242077350616455,-0.15605193376541138,-0.05259859561920166,0.017397720366716385,0.019299045205116272,0.004824761301279068,0.0037078633904457092,-0.07643415778875351,0.0879361629486084,0.0219840407371521,-0.0018946509808301926,-0.06290382146835327,-0.005827680230140686,-0.0014569200575351715,0.003171756863594055,-0.0564870648086071,0.9380866289138794,0.23452165722846985,0.22938771545886993,0.020809639245271683,1.2757761478424072,0.3189440369606018,0.266490638256073,0.046163272112607956,-0.0043221935629844666,-0.0010805483907461166,-0.006161202676594257,-0.04371348395943642,3.51120662689209,0.8778016567230225,0.8858115077018738,0.04259132221341133,0.030378833413124084,0.007594708353281021,0.007765626534819603,-0.029972536489367485,-0.07526155561208725,-0.018815388903021812,-0.012913079932332039,-0.04546184465289116,-0.012240368872880936,-0.003060092218220234,-0.0003779623657464981,-0.062746562063694,0.984933614730835,0.24623340368270874,0.23521186411380768,0.000476473564049229,-0.9868890643119812,-0.2467222660779953,-0.26108720898628235,0.03505298122763634,-0.021825525909662247,-0.005456381477415562,-0.008822527714073658,-0.0316816084086895,3.6441092491149902,0.9110273122787476,0.9107145071029663,0.0667257085442543,0.03827488422393799,0.009568721055984497,-0.012507929466664791,-0.06015986204147339,0.019597128033638,0.0048992820084095,-0.0004654042422771454,-0.06625057756900787,-0.004750327207148075,-0.0011875818017870188,-0.002791755832731724,0.0016226768493652344,0,0,1
-0.3572833836078644,-0.0893208459019661,0.006894256919622421,-0.045133378356695175,-0.1275261789560318,-0.03188154473900795,0.026426585391163826,-0.014076209627091885,-0.1417936086654663,-0.03544840216636658,-0.034321531653404236,-0.0037424624897539616,0.6000171899795532,0.1500042974948883,0.18026454746723175,0.059252213686704636,-0.11685167253017426,-0.029212918132543564,-0.16482321918010712,0.055188536643981934,0.28399157524108887,0.07099789381027222,-0.025360681116580963,-0.011521351523697376,-0.059151679277420044,-0.014787919819355011,-0.044001854956150055,-0.0014054179191589355,0.22900037467479706,0.057250093668699265,-0.008453592658042908,-0.06703613698482513,0.39010748267173767,0.09752687066793442,0.08397788554430008,0.01840183138847351,0.963724672794342,0.2409311681985855,0.2175298035144806,0.07022646814584732,-0.3645724058151245,-0.09114310145378113,-0.17927409708499908,1.227259690494975e-05,-0.6496928930282593,-0.16242322325706482,-0.06709147244691849,0.022208435460925102,0.04009762406349182,0.010024406015872955,-0.0035033784806728363,0.06072809919714928,0.1388443410396576,0.0347110852599144,-0.00029621832072734833,0.018984854221343994,0.08452699333429337,0.02113174833357334,0.007245061919093132,-0.005855673458427191,0.9957730770111084,0.2489432692527771,0.23601289093494415,0.03852255269885063,1.135925054550171,0.2839812636375427,0.2614315450191498,0.00033475758391432464,0.007325824350118637,0.0018314560875296593,-0.005034953355789185,0.0668259859085083,3.5390071868896484,0.8847517967224121,0.8988136649131775,-0.020253736525774002,0.08115620911121368,0.02028905227780342,0.007082412019371986,-0.04031733423471451,-0.05545108765363693,-0.013862771913409233,-0.01899617537856102,0.0473366379737854,0.06111527606844902,0.015278819017112255,0.005150375887751579,-0.060133010149002075,0.9527803063392639,0.23819507658481598,0.24553827941417694,0.027074337005615234,-1.144057273864746,-0.2860143184661865,-0.2408004105091095,0.07568275183439255,-0.05953045189380646,-0.014882612973451614,-0.013418944552540779,-0.05266336724162102,3.6012911796569824,0.9003227949142456,0.9076866507530212,0.05831892415881157,0.04155653715133667,0.010389134287834167,0.003279866650700569,0.012665832415223122,-1.3940123608335853e-05,-3.485030902083963e-06,0.004215877503156662,0.05973341688513756,0.0011861540842801332,0.0002965385210700333,0.0072780996561050415,0.03262174129486084,0,0,1
-0.2709181606769562,-0.06772954016923904,-0.00774468295276165,-0.02160007320344448,-0.18696682155132294,-0.046741705387830734,0.016566352918744087,0.07268502563238144,-0.10227613151073456,-0.02556903287768364,-0.046360112726688385,-0.02159859612584114,0.6521113514900208,0.1630278378725052,0.18391649425029755,0.07834916561841965,-0.11751444637775421,-0.029378611594438553,-0.16483011841773987,0.04998946189880371,0.2935154438018799,0.07337886095046997,-0.01461307518184185,-0.0020953656639903784,0.002181023359298706,0.0005452558398246765,-0.04788196086883545,-0.04138555750250816,0.16200581192970276,0.04050145298242569,-0.019482776522636414,0.07138943672180176,0.39705318212509155,0.09926329553127289,0.08748230338096619,-0.01794951595366001,0.9664034247398376,0.2416008561849594,0.22269001603126526,-0.05486832931637764,-0.17447499930858612,-0.04361874982714653,-0.17923803627490997,0.04874463006854057,-0.6245771646499634,-0.15614429116249084,-0.0713583454489708,-0.0004602372646331787,-0.007474914193153381,-0.0018687285482883453,-0.0037152431905269623,-0.05696197226643562,0.03599327802658081,0.008998319506645203,0.013568038120865822,0.05139153078198433,-0.01046745479106903,-0.0026168636977672577,-0.005770727526396513,0.003627872560173273,1.0106462240219116,0.2526615560054779,0.24599392712116241,-0.014031576924026012,1.154421091079712,0.288605272769928,0.25691211223602295,-0.07701283693313599,-0.03504132479429245,-0.008760331198573112,-0.005621379241347313,0.035606276243925095,3.562290906906128,0.890572726726532,0.8896180987358093,0.02232910506427288,0.06776342540979385,0.016940856352448463,0.01303098164498806,-0.057541340589523315,-0.09591669589281082,-0.023979173973202705,-0.008051788434386253,0.06817896664142609,0.02840903028845787,0.007102257572114468,0.009804211556911469,0.006402486469596624,0.8706511855125427,0.21766279637813568,0.24055878818035126,0.003284967038780451,-1.2367074489593506,-0.30917686223983765,-0.24143090844154358,-0.04245252162218094,-0.07053785026073456,-0.01763446256518364,-0.014389505609869957,-0.044917259365320206,3.6026670932769775,0.9006667733192444,0.9207398891448975,-0.058083709329366684,-0.025052890181541443,-0.006263222545385361,-0.0010559167712926865,0.05898139625787735,-0.09143292903900146,-0.022858232259750366,0.009088177233934402,-0.036783523857593536,-0.059735022485256195,-0.014933755621314049,-0.0047983345575630665,0.06180967018008232,0,0,1
-0.15757912397384644,-0.03939478099346161,-0.011550955474376678,-0.07089986652135849,-0.011696293950080872,-0.002924073487520218,0.013071717694401741,0.0288222786039114,-0.2178560048341751,-0.05446400120854378,-0.045718833804130554,0.02626108005642891,0.653328537940979,0.16333213448524475,0.17521558701992035,-0.023590445518493652,-0.15990619361400604,-0.03997654840350151,-0.16681510210037231,0.06256697326898575,0.2948700785636902,0.07371751964092255,-0.028593776747584343,0.007994264364242554,-0.05413295328617096,-0.01353323832154274,-0.06387581676244736,-0.04260247200727463,0.16883301734924316,0.04220825433731079,-0.0066313594579696655,-0.07049662619829178,0.3393833041191101,0.08484582602977753,0.09813108295202255,-0.007053691428154707,0.9615647196769714,0.24039117991924286,0.221818208694458,0.03449063375592232,-0.33135461807250977,-0.08283865451812744,-0.18245504796504974,0.02911611832678318,-0.6857081651687622,-0.17142704129219055,-0.06005232781171799,0.04170476272702217,0.0007555633783340454,0.00018889084458351135,0.0012533916160464287,-0.01574344001710415,-0.08750149607658386,-0.021875374019145966,0.016946887597441673,0.030502665787935257,-0.02190519869327545,-0.005476299673318863,-0.0039531877264380455,-0.04793758690357208,0.9579215049743652,0.2394803762435913,0.2392362654209137,-0.03202493116259575,1.290576696395874,0.3226441740989685,0.2562390863895416,0.018002623692154884,-0.009910812601447105,-0.0024777031503617764,-0.010981502942740917,-0.00477948784828186,3.5247254371643066,0.8811813592910767,0.910934567451477,-0.006118971388787031,0.03984769433736801,0.009961923584342003,0.020276406779885292,0.055342044681310654,-0.11485518515110016,-0.02871379628777504,-0.013881539925932884,-0.019626086577773094,0.018999528139829636,0.004749882034957409,0.005077887326478958,-0.06132035329937935,0.9832762479782104,0.2458190619945526,0.2468828707933426,0.043780531734228134,-1.1649258136749268,-0.2912314534187317,-0.24930936098098755,0.0016328692436218262,-0.0642138421535492,-0.0160534605383873,0.0008398834615945816,-0.033021919429302216,3.5961475372314453,0.8990368843078613,0.9226290583610535,-0.02655204012989998,-0.02052176743745804,-0.00513044185936451,0.0039615631103515625,-0.06288156658411026,0.008779048919677734,0.0021947622299194336,0.006220882758498192,-0.01831124536693096,0.008913370780646801,0.0022283426951617002,-0.010019573383033276,-0.052930962294340134,0,0,1
-0.18268945813179016,-0.04567236453294754,-0.0047226399183273315,0.052595701068639755,0.004604056477546692,0.001151014119386673,0.026136452332139015,-0.037570979446172714,-0.14213332533836365,-0.03553333133459091,-0.039312757551670074,-0.05917401239275932,0.6228554248809814,0.15571385622024536,0.18505920469760895,-0.0388559065759182,-0.20489324629306793,-0.05122331157326698,-0.17028620839118958,-0.047224368900060654,0.3141480088233948,0.0785370022058487,-0.021206725388765335,-0.05834713205695152,-0.11761020123958588,-0.02940255030989647,-0.05958997458219528,0.014394968748092651,0.19532600045204163,0.048831500113010406,-0.020858295261859894,0.00644420413300395,0.39857545495033264,0.09964386373758316,0.09340684860944748,0.018611526116728783,0.9741936922073364,0.2435484230518341,0.23618033528327942,0.015410554595291615,-0.34933197498321533,-0.08733299374580383,-0.19413506984710693,-0.04004764184355736,-0.6525689363479614,-0.16314223408699036,-0.06787722557783127,0.03596372529864311,0.08447392284870148,0.02111848071217537,0.0016351612284779549,0.043144550174474716,-0.05245140194892883,-0.013112850487232208,0.021117037162184715,0.012677699327468872,-0.0272042378783226,-0.00680105946958065,0.0028490740805864334,0.030050206929445267,1.0351941585540771,0.2587985396385193,0.24235887825489044,0.005998033564537764,1.2258875370025635,0.30647188425064087,0.26523587107658386,0.06053359434008598,-0.02062893472611904,-0.00515723368152976,-0.02461162768304348,0.0661175400018692,3.5611348152160645,0.8902837038040161,0.9067951440811157,-0.03480947017669678,0.014074116945266724,0.003518529236316681,0.007774317637085915,-0.0059413970448076725,-0.06750382483005524,-0.01687595620751381,-0.009364359080791473,0.06230653449892998,0.05552374944090843,0.013880937360227108,0.002930043265223503,0.0298128854483366,0.8959560394287109,0.22398900985717773,0.2492702454328537,-0.059224601835012436,-1.151114583015442,-0.2877786457538605,-0.24460004270076752,-0.06292422860860825,-0.05377862602472305,-0.013444656506180763,-0.014545723795890808,-0.06117558479309082,3.5652592182159424,0.8913148045539856,0.9065126776695251,0.06550659984350204,0.026399381458759308,0.006599845364689827,-0.007755224127322435,0.07694540172815323,-0.057173892855644226,-0.014293473213911057,-0.00832593534141779,0.03859969601035118,0.06805058568716049,0.017012646421790123,-0.006612671539187431,0.0505969300866127,0,0,1
-0.10614623129367828,-0.02653655782341957,-0.0027235825546085835,-0.0390462800860405,-0.08011837303638458,-0.020029593259096146,0.012231575325131416,-0.01004704274237156,-0.12344984710216522,-0.030862461775541306,-0.045053765177726746,0.08506887406110764,0.634661078453064,0.158665269613266,0.17053258419036865,-0.08625669032335281,-0.07941596210002899,-0.019853990525007248,-0.17958685755729675,-0.03617194667458534,0.326646625995636,0.081661656498909,-0.020867668092250824,0.004293960519134998,-0.16496795415878296,-0.04124198853969574,-0.05673146992921829,-0.049815792590379715,0.17586590349674225,0.04396647587418556,-0.021182725206017494,0.005754732992500067,0.4284980893135071,0.10712452232837677,0.08673011511564255,-0.005340212490409613,0.9036706686019897,0.22591766715049744,0.23624618351459503,0.06573357433080673,-0.23090322315692902,-0.057725805789232254,-0.19973473250865936,-0.06120842695236206,-0.6378239393234253,-0.15945598483085632,-0.06562501937150955,-0.03705495223402977,0.04301139712333679,0.010752849280834198,-0.001295424997806549,-0.0018151224358007312,-0.058771222829818726,-0.014692805707454681,0.0057897139340639114,0.03197939321398735,0.01763710379600525,0.004409275949001312,-0.0064981859177351,0.02973555400967598,1.1144126653671265,0.2786031663417816,0.23714353144168854,-0.05066058039665222,1.1207568645477295,0.2801892161369324,0.269783079624176,-0.009433269500732422,-0.015033324249088764,-0.003758331062272191,-0.02154872938990593,0.08326144516468048,3.552361011505127,0.8880902528762817,0.9061556458473206,0.05684923008084297,0.036154717206954956,0.009038679301738739,0.010061398148536682,-0.0180306788533926,-0.11511301249265671,-0.028778253123164177,-0.021049968898296356,0.061437930911779404,0.010383587330579758,0.0025958968326449394,0.010671606287360191,-0.07694119215011597,0.8289560079574585,0.20723900198936462,0.2384692281484604,-0.0037927806843072176,-1.0741996765136719,-0.26854991912841797,-0.24169547855854034,-0.00970083475112915,-0.036255061626434326,-0.009063765406608582,-0.012755759060382843,0.028468847274780273,3.596360683441162,0.8990901708602905,0.9161996841430664,0.06194319948554039,0.016324035823345184,0.004081008955836296,-0.010338205844163895,0.014640438370406628,0.004315026104450226,0.0010787565261125565,0.008302930742502213,0.009644770994782448,-0.013691483996808529,-0.0034228709992021322,-0.002848813310265541,0.032346583902835846,0,0,1
-0.026555269956588745,-0.006638817489147186,-0.008881916292011738,-0.04764890298247337,-0.005980268120765686,-0.0014950670301914215,0.027093013748526573,0.05288248136639595,-0.18547160923480988,-0.04636790230870247,-0.035763923078775406,0.051964640617370605,0.6864999532699585,0.17162498831748962,0.18141679465770721,0.04180727154016495,0.19832275807857513,0.049580689519643784,-0.1678503453731537,0.06744042783975601,0.3266841173171997,0.08167102932929993,-0.022811710834503174,-0.052926696836948395,-0.09912216663360596,-0.02478054165840149,-0.06555309891700745,0.07493507862091064,0.13539735972881317,0.03384933993220329,-0.016576793044805527,0.07721614092588425,0.3928823471069336,0.0982205867767334,0.09244311600923538,0.06955903768539429,0.9928771257400513,0.24821928143501282,0.22883723676204681,0.03902244567871094,-0.11294828355312347,-0.02823707088828087,-0.18208609521389008,0.02831425704061985,-0.6809802055358887,-0.17024505138397217,-0.06731963157653809,0.050322260707616806,-0.033348530530929565,-0.008337132632732391,-0.0015760287642478943,-0.03491624817252159,-0.05162447690963745,-0.012906119227409363,0.00858583115041256,0.006793343927711248,-0.038829684257507324,-0.009707421064376831,0.002838275395333767,0.0005368709680624306,1.0001392364501953,0.25003480911254883,0.2507638931274414,0.0826714038848877,1.0685182809829712,0.2671295702457428,0.2561316192150116,-0.0549212209880352,-0.06213183328509331,-0.015532958321273327,-0.01774262636899948,-0.003130620811134577,3.534209728240967,0.8835524320602417,0.8949835300445557,0.04633769020438194,0.034563302993774414,0.008640825748443604,0.0030588405206799507,-0.00584031967446208,-0.0878952369093895,-0.021973809227347374,-0.009006546810269356,0.027585161849856377,0.007461678236722946,0.0018654195591807365,0.00016035046428442,0.04775523021817207,0.8255887031555176,0.2063971757888794,0.2323627769947052,-0.03538205847144127,-1.0549105405807495,-0.2637276351451874,-0.2459418773651123,-0.010242474265396595,-0.03286517411470413,-0.008216293528676033,0.00303479190915823,-0.02244720421731472,3.654236316680908,0.913559079170227,0.9174580574035645,0.012591088190674782,0.013833492994308472,0.003458373248577118,-0.013832811266183853,0.03321082517504692,-0.028344187885522842,-0.007086046971380711,-0.003297125454992056,-0.012464368715882301,0.017510458827018738,0.0043776147067546844,-0.0014220941811800003,-0.04528418555855751,0,0,1
-0.0559135377407074,-0.01397838443517685,0.0015851808711886406,0.03906608745455742,-0.13204552233219147,-0.03301138058304787,0.03119613043963909,0.04273021221160889,-0.16865681111812592,-0.04216420277953148,-0.03481832146644592,-0.0528375506401062,0.7047032117843628,0.1761758029460907,0.16430090367794037,0.020639849826693535,0.15468524396419525,0.03867131099104881,-0.1765141487121582,-0.03900216892361641,0.36970871686935425,0.09242717921733856,-0.027812980115413666,0.017039049416780472,-0.10325229167938232,-0.02581307291984558,-0.05577319860458374,-0.019237076863646507,0.109731525182724,0.027432881295681,-0.012796730734407902,0.03141455724835396,0.40807095170021057,0.10201773792505264,0.0902285948395729,-0.07471387833356857,0.9305868744850159,0.23264671862125397,0.23385202884674072,0.0712728276848793,0.018013939261436462,0.004503484815359116,-0.18558399379253387,0.017958033829927444,-0.6266707181930542,-0.15666767954826355,-0.07265271246433258,-0.060903966426849365,-0.0543980747461319,-0.013599518686532974,-0.0038851164281368256,0.0468340627849102,-0.005236372351646423,-0.0013090930879116058,0.0033314134925603867,-0.05172460153698921,-0.08063092082738876,-0.02015773020684719,0.008229956030845642,-0.02929409220814705,0.9305504560470581,0.23263761401176453,0.2629316449165344,0.03612951189279556,1.234199047088623,0.30854976177215576,0.26617932319641113,-0.06435557454824448,-0.016422316431999207,-0.004105579107999802,-0.022517327219247818,0.017809731885790825,3.465989589691162,0.8664973974227905,0.8963703513145447,-0.04069305956363678,0.07706673443317413,0.019266683608293533,0.019220585003495216,0.06028720363974571,-0.14629311859607697,-0.03657327964901924,-0.02698931284248829,-0.06505831331014633,0.04994646832346916,0.01248661708086729,0.015603359788656235,0.04200340434908867,0.8875689506530762,0.22189223766326904,0.2340979427099228,-0.07766318321228027,-1.1297165155410767,-0.28242912888526917,-0.23158495128154755,0.027504874393343925,-0.05511859059333801,-0.013779647648334503,-0.0017890287563204765,0.06682131439447403,3.6449337005615234,0.9112334251403809,0.9222621321678162,0.06262814253568649,0.0007471591234207153,0.00018678978085517883,-0.01089304219931364,-0.0016439557075500488,0.03144598752260208,0.00786149688065052,0.008686129003763199,-0.026681024581193924,0.018311776220798492,0.004577944055199623,0.00166398286819458,-0.02843991294503212,0,0,1
-0.01727651059627533,-0.004319127649068832,0.011029504239559174,-0.06635873764753342,-0.1855621188879013,-0.04639052972197533,0.020558441057801247,0.05835914611816406,-0.11924673616886139,-0.029811684042215347,-0.04300488531589508,-0.02808489464223385,0.685364305973053,0.17134107649326324,0.17129309475421906,0.022070055827498436,0.19362999498844147,0.04840749874711037,-0.17021982371807098,-0.07851846516132355,0.4125654101371765,0.10314135253429413,-0.0142300333827734,0.03206607326865196,-0.18285372853279114,-0.045713432133197784,-0.055449195206165314,0.013933337293565273,0.08089987933635712,0.02022496983408928,-0.010127070359885693,-0.016897190362215042,0.4190346896648407,0.10475867241621017,0.08412177115678787,-0.050346460193395615,0.9207245707511902,0.23018114268779755,0.23070092499256134,0.059030938893556595,-0.07247166335582733,-0.018117915838956833,-0.18325498700141907,0.04210614040493965,-0.6947041749954224,-0.1736760437488556,-0.06437405198812485,0.06713097542524338,-0.028592020273208618,-0.0071480050683021545,-0.002368680201470852,0.030353570356965065,0.045349106192588806,0.011337276548147202,0.009663281962275505,0.004769617225974798,0.0029934197664260864,0.0007483549416065216,0.0023825932294130325,-0.05912086367607117,1.0222713947296143,0.25556784868240356,0.2547559440135956,0.018511349335312843,1.3574548959732056,0.3393637239933014,0.27275508642196655,0.010328108444809914,0.059719815850257874,0.014929953962564468,-0.014785481616854668,0.07862259447574615,3.413440704345703,0.8533601760864258,0.8945841193199158,-0.040349092334508896,-0.005450800061225891,-0.0013627000153064728,0.004996417090296745,-0.013406562618911266,0.004632055759429932,0.001158013939857483,-0.022160856053233147,-0.003957885783165693,-0.019454453140497208,-0.004863613285124302,0.013546399772167206,-0.0007647931925021112,0.8450005054473877,0.21125012636184692,0.21665142476558685,0.0507889986038208,-1.2837189435958862,-0.32092973589897156,-0.24189366400241852,-0.05772092565894127,-0.08205445110797882,-0.020513612776994705,-0.011480886489152908,-0.04261788725852966,3.6324992179870605,0.9081248044967651,0.9257996082305908,0.021767783910036087,-0.01929476484656334,-0.004823691211640835,-0.005435713101178408,0.06246737390756607,-0.04088451340794563,-0.010221128351986408,0.007673213258385658,0.007452595513314009,0.008065090514719486,0.0020162726286798716,-0.004262309521436691,0.013233291916549206,0,0,1
0.12169831991195679,0.030424579977989197,0.010474391281604767,-0.04262826219201088,-0.1377275139093399,-0.034431878477334976,0.020888416096568108,0.024354076012969017,-0.12712185084819794,-0.031780462712049484,-0.049023404717445374,0.011524212546646595,0.7414427995681763,0.18536069989204407,0.17134496569633484,-0.001881378935649991,0.21675746142864227,0.05418936535716057,-0.1696241796016693,0.07081979513168335,0.4567464590072632,0.1141866147518158,-0.012278471142053604,-0.04178544878959656,-0.23128683865070343,-0.05782170966267586,-0.05289328843355179,0.07343462854623795,0.09118421375751495,0.02279605343937874,-0.0210995115339756,-0.02786662057042122,0.37878361344337463,0.09469590336084366,0.07827368378639221,0.062262821942567825,0.9119829535484314,0.22799573838710785,0.23251265287399292,0.061880409717559814,0.05441330373287201,0.013603325933218002,-0.19808055460453033,0.06107764318585396,-0.6661739349365234,-0.16654348373413086,-0.05187045782804489,0.03493622690439224,0.029740795493125916,0.007435198873281479,-0.008218995295464993,-0.03568162024021149,0.02134169638156891,0.005335424095392227,-0.008194107562303543,-0.07458622008562088,0.004867687821388245,0.0012169219553470612,0.006551463156938553,-0.021226614713668823,1.0759165287017822,0.26897913217544556,0.2570459544658661,0.07328491657972336,1.179255485534668,0.294813871383667,0.2752379775047302,0.043330203741788864,-0.013841858133673668,-0.003460464533418417,-0.02105063386261463,0.005804604385048151,3.3892993927001953,0.8473248481750488,0.8914861083030701,-0.09677813202142715,0.06939806789159775,0.017349516972899437,0.006307298317551613,-0.057391297072172165,-0.062325552105903625,-0.015581388026475906,-0.0025422973558306694,0.04219775274395943,0.03749014064669609,0.009372535161674023,0.007882991805672646,-0.0006871044752188027,0.7530958652496338,0.18827396631240845,0.2208995670080185,0.05288238450884819,-1.0981721878051758,-0.27454304695129395,-0.2408725619316101,0.008517074398696423,-0.04632890224456787,-0.011582225561141968,0.003566882573068142,0.05697309970855713,3.5946099758148193,0.8986524939537048,0.9214524626731873,-0.055842604488134384,-0.026566334068775177,-0.006641583517193794,-0.008304789662361145,0.047382283955812454,-0.03787419572472572,-0.00946854893118143,0.006678493693470955,-0.03834151849150658,0.03562411293387413,0.008906028233468533,0.00020905211567878723,-0.05251668766140938,0,0,1
-0.08653159439563751,-0.021632898598909378,0.00889500230550766,0.05242720991373062,-0.20602594316005707,-0.05150648579001427,0.016105184331536293,0.00993814505636692,-0.1555500477552414,-0.03888751193881035,-0.052295982837677,0.057024240493774414,0.6788823008537292,0.1697205752134323,0.1568387746810913,-0.019454414024949074,0.09091506898403168,0.02272876724600792,-0.17000386118888855,-0.08113174885511398,0.40149909257888794,0.10037477314472198,-0.023309053853154182,0.08380722254514694,-0.12302356958389282,-0.030755892395973206,-0.04150223731994629,-0.031360916793346405,0.1391647905111313,0.03479119762778282,-0.005944021977484226,-0.05496591329574585,0.34357723593711853,0.08589430898427963,0.09017201513051987,0.014966077171266079,0.9325229525566101,0.23313073813915253,0.22723525762557983,0.038102973252534866,-0.0943765640258789,-0.023594141006469727,-0.1940847635269165,-0.05878859758377075,-0.677414059638977,-0.16935351490974426,-0.06346926838159561,0.028875423595309258,-0.04592296481132507,-0.011480741202831268,0.0014138277620077133,-0.001175183104351163,0.056439824402332306,0.014109956100583076,0.0003375699743628502,-0.013399064540863037,0.020282581448554993,0.005070645362138748,-0.0041521331295371056,-0.03830626979470253,1.0315816402435303,0.25789541006088257,0.2576862573623657,-0.020664233714342117,1.0732519626617432,0.2683129906654358,0.2708111107349396,0.03128396347165108,-0.018260568380355835,-0.004565142095088959,-0.016553401947021484,-0.06104859709739685,3.3125462532043457,0.8281365633010864,0.8773853778839111,-0.07880539447069168,0.04236214607954025,0.010590536519885063,0.01356733962893486,0.061088886111974716,-0.11227387934923172,-0.02806846983730793,-0.008909295313060284,0.06166199594736099,0.027155499905347824,0.006788874976336956,-0.004445490427315235,0.033853936940431595,0.8536367416381836,0.2134091854095459,0.20573538541793823,-0.02676326036453247,-1.0845365524291992,-0.2711341381072998,-0.24207773804664612,-0.062010932713747025,-0.03816848248243332,-0.00954212062060833,-0.005674631800502539,-0.04313964769244194,3.54913330078125,0.8872833251953125,0.9088354110717773,-0.021176064386963844,0.008946135640144348,0.002236533910036087,-0.0018239924684166908,0.07508333772420883,-0.0013810211094096303,-0.0003452552773524076,-0.003248220309615135,0.04048724099993706,0.04156118258833885,0.010390295647084713,0.013369498774409294,0.00752375740557909,0,0,1
-0.06787092983722687,-0.016967732459306717,0.015599353238940239,-0.07431914657354355,-0.13691483438014984,-0.03422870859503746,0.020701775327324867,-0.06914280354976654,-0.17237740755081177,-0.04309435188770294,-0.04152099788188934,-0.04923764988780022,0.7168622612953186,0.17921556532382965,0.17950080335140228,0.08224611729383469,0.3215276002883911,0.08038190007209778,-0.18567396700382233,0.03248333930969238,0.3458492159843445,0.08646230399608612,-0.014483504928648472,0.07282226532697678,-0.12282112240791321,-0.030705280601978302,-0.03553240746259689,-0.03504171594977379,0.14733989536762238,0.036834973841905594,-0.019938025623559952,-0.030680328607559204,0.39971765875816345,0.09992941468954086,0.07857317477464676,0.02137257531285286,0.964813232421875,0.24120330810546875,0.22509430348873138,-0.005196374841034412,0.04648081958293915,0.011620204895734787,-0.18964482843875885,0.02583780325949192,-0.6607521772384644,-0.1651880443096161,-0.06343506276607513,-0.06592061370611191,-0.04175718128681183,-0.010439295321702957,-0.009464703500270844,0.012486124411225319,0.02548310160636902,0.006370775401592255,0.005787715315818787,0.029068708419799805,0.09327970445156097,0.023319926112890244,6.747804582118988e-05,-0.03947697952389717,1.0806840658187866,0.27017101645469666,0.25966060161590576,0.003727304982021451,1.1164463758468628,0.2791115939617157,0.26626351475715637,-0.08558284491300583,-0.0038225073367357254,-0.0009556268341839314,-0.014970730058848858,0.02901066653430462,3.3933589458465576,0.8483397364616394,0.8753993511199951,-0.04735222086310387,0.016850359737873077,0.004212589934468269,0.016733018681406975,-0.06477569043636322,-0.08812958002090454,-0.022032395005226135,-0.0197724848985672,0.046500541269779205,0.038203176110982895,0.009550794027745724,0.0051298439502716064,-0.04319675639271736,0.8051683902740479,0.20129209756851196,0.2041684240102768,-0.0702817365527153,-1.0578131675720215,-0.26445329189300537,-0.24009154736995697,0.03724627569317818,-0.03754746913909912,-0.00938686728477478,-0.0005654748529195786,-0.05327398702502251,3.544647216796875,0.8861618041992188,0.9157878160476685,-0.0885273739695549,-0.0030406340956687927,-0.0007601585239171982,-0.0030475109815597534,0.012325269170105457,0.014945536851882935,0.0037363842129707336,-0.007785151246935129,0.06446146219968796,-0.08211813122034073,-0.020529532805085182,0.007580272853374481,-0.07690439373254776,0,0,1
0.0036476561799645424,0.0009119140449911356,0.010284040123224258,0.02831949107348919,0.0005730539560317993,0.00014326348900794983,0.014354972168803215,-0.029020193964242935,-0.1677684485912323,-0.041942112147808075,-0.05463077872991562,-0.05980931594967842,0.7262323498725891,0.18155808746814728,0.17567825317382812,-0.04839954897761345,0.4441092610359192,0.1110273152589798,-0.17826791107654572,-0.01514164824038744,0.32713109254837036,0.08178277313709259,-0.017669741064310074,-0.022705018520355225,-0.12084680795669556,-0.03021170198917389,-0.04564373195171356,-0.0037373960949480534,0.17152656614780426,0.042881641536951065,-0.018438875675201416,-0.005430018994957209,0.3376447260379791,0.08441118150949478,0.08182681351900101,-0.07209567725658417,0.9914659261703491,0.24786648154258728,0.2361290007829666,0.03425734117627144,0.12145499885082245,0.030363749712705612,-0.19147822260856628,-0.04705820977687836,-0.670430064201355,-0.16760751605033875,-0.05606941878795624,0.019626248627901077,-0.04437248408794403,-0.011093121021986008,-0.013190309517085552,0.04890871047973633,-0.07859218120574951,-0.019648045301437378,0.013417758047580719,0.0702778697013855,0.03626193106174469,0.009065482765436172,0.0019362308084964752,0.001165503286756575,0.9902136325836182,0.24755340814590454,0.26566535234451294,-0.0461733303964138,1.2669425010681152,0.3167356252670288,0.25519853830337524,0.018634622916579247,0.005126185715198517,0.0012815464287996292,-0.020787551999092102,0.012986165471374989,3.344928503036499,0.8362321257591248,0.8617488741874695,0.04819537326693535,0.042846716940402985,0.010711679235100746,0.007964890450239182,0.03620241954922676,-0.05769057944417,-0.0144226448610425,-0.014967174269258976,-0.018479008227586746,0.03150602802634239,0.007876507006585598,-0.0004066918045282364,-0.04668186232447624,0.9240630865097046,0.23101577162742615,0.20015019178390503,0.020088572055101395,-1.1742558479309082,-0.29356396198272705,-0.25431960821151733,0.007040959782898426,-0.08125413209199905,-0.020313533022999763,-0.01628660038113594,0.000977766583673656,3.5522408485412598,0.8880602121353149,0.8937932252883911,-0.005489480681717396,-0.02869422733783722,-0.007173556834459305,-0.003651238977909088,-0.02745397388935089,0.03375386819243431,0.008438467048108578,0.002998979762196541,0.02820723131299019,0.018478993326425552,0.004619748331606388,0.0005077319219708443,0.05365874990820885,0,0,1
0.07069222629070282,0.017673056572675705,0.005858488380908966,-0.0588621161878109,-0.0008857995271682739,-0.00022144988179206848,0.02076794020831585,0.009758442640304565,-0.18977193534374237,-0.04744298383593559,-0.0538574680685997,-0.0720493420958519,0.7481837868690491,0.18704594671726227,0.1664496660232544,-0.03423852100968361,0.7642602920532227,0.19106507301330566,-0.18172390758991241,-0.0414123572409153,0.3872831463813782,0.09682078659534454,-0.033793263137340546,-0.021550917997956276,-0.083167165517807,-0.02079179137945175,-0.046053484082221985,0.03979439660906792,0.13254085183143616,0.03313521295785904,-0.017191145569086075,0.05508330091834068,0.3865857422351837,0.09664643555879593,0.09079720079898834,0.05677955225110054,1.0215063095092773,0.25537657737731934,0.23804624378681183,-0.04224969819188118,0.24685092270374298,0.061712730675935745,-0.20795297622680664,0.06434956938028336,-0.6521066427230835,-0.16302666068077087,-0.051940739154815674,-0.07570700347423553,-0.0556364506483078,-0.01390911266207695,-0.003663035575300455,0.04471835121512413,-0.1378512680530548,-0.0344628170132637,-0.004834646824747324,-0.041544266045093536,0.006309233605861664,0.001577308401465416,0.006762241944670677,-0.025083646178245544,0.9922442436218262,0.24806106090545654,0.257068008184433,0.04877401515841484,1.2315911054611206,0.30789777636528015,0.2612321674823761,0.033395614475011826,0.025133401155471802,0.0062833502888679504,-0.0028682155534625053,0.014189588837325573,3.3540093898773193,0.8385023474693298,0.8596555590629578,0.026171673089265823,0.02429378777742386,0.006073446944355965,0.020252378657460213,-0.05132022127509117,-0.09927276521921158,-0.024818191304802895,-0.0172385536134243,0.06854810565710068,0.08093185722827911,0.02023296430706978,-0.002393115311861038,-0.058704521507024765,0.8626773953437805,0.21566934883594513,0.1951512098312378,-0.042735036462545395,-1.167375922203064,-0.291843980550766,-0.25938332080841064,0.015062582679092884,-0.07305902987718582,-0.018264757469296455,-0.019477587193250656,-0.0007237493991851807,3.570950508117676,0.892737627029419,0.8892781138420105,0.04516608640551567,-0.008062884211540222,-0.0020157210528850555,-0.015588280744850636,0.04414445161819458,-0.010553952306509018,-0.0026384880766272545,0.0034366920590400696,0.006066733505576849,-0.00527640525251627,-0.0013191013131290674,0.010102866217494011,0.06126462295651436,0,0,1
0.13939933478832245,0.03484983369708061,0.01919625885784626,-0.052324265241622925,-0.13045774400234222,-0.032614436000585556,0.021992234513163567,-0.04556524381041527,-0.1516803354024887,-0.03792008385062218,-0.05371022969484329,0.04883430153131485,0.7536894083023071,0.18842235207557678,0.16353777050971985,0.031512558460235596,0.5701966285705566,0.14254915714263916,-0.18224740028381348,-0.023436153307557106,0.4111143946647644,0.1027785986661911,-0.01968708634376526,0.06646449863910675,-0.168065145611763,-0.04201628640294075,-0.03727928549051285,0.01667075790464878,0.12219496071338654,0.030548740178346634,-0.015122923068702221,-0.04300520941615105,0.3986980617046356,0.0996745154261589,0.07244445383548737,0.02774806134402752,0.9421247243881226,0.23553118109703064,0.23589985072612762,-0.009609753265976906,0.185608372092247,0.04640209302306175,-0.19552433490753174,0.05400433763861656,-0.6276935338973999,-0.15692338347434998,-0.05916759371757507,0.011656343936920166,0.02022622525691986,0.005056556314229965,0.0004410604014992714,-0.0031919123139232397,0.10165238380432129,0.025413095951080322,0.0073738377541303635,0.013600087724626064,-0.03365723788738251,-0.008414309471845627,0.01754768006503582,0.08657290786504745,1.0047180652618408,0.2511795163154602,0.24856652319431305,0.02682933770120144,1.1045558452606201,0.27613896131515503,0.2516527771949768,-0.04344524070620537,-0.020884713158011436,-0.005221178289502859,-0.013601950369775295,-0.06825849413871765,3.324112892150879,0.8310282230377197,0.8617665767669678,-0.03636044263839722,-0.0054381489753723145,-0.0013595372438430786,0.013615690171718597,0.049955226480960846,-0.1132458969950676,-0.0283114742487669,-0.008922941982746124,-0.0209608506411314,0.06887084245681763,0.017217710614204407,0.013500325381755829,0.04724046215415001,0.7642887830734253,0.19107219576835632,0.19988057017326355,-0.0535384900867939,-1.117868423461914,-0.2794671058654785,-0.2442568838596344,-0.009214621968567371,-0.03404708206653595,-0.008511770516633987,-0.0018483949825167656,0.041522979736328125,3.563143253326416,0.890785813331604,0.8918153643608093,-0.015969395637512207,-0.031800732016563416,-0.007950183004140854,-0.004067700356245041,0.009138769470155239,-0.0056331567466259,-0.001408289186656475,0.006764503195881844,0.0039032341446727514,-0.05454004555940628,-0.01363501138985157,0.004375489428639412,0.028517544269561768,0,0,1
0.21145418286323547,0.05286354571580887,0.020428216084837914,0.028101254254579544,-0.04742629826068878,-0.011856574565172195,0.020377932116389275,0.03676995262503624,-0.18405508995056152,-0.04601377248764038,-0.05287458747625351,0.012558883987367153,0.7622652053833008,0.1905663013458252,0.16554594039916992,0.020379114896059036,0.5020484924316406,0.12551212310791016,-0.1832771748304367,-0.05635886266827583,0.39024996757507324,0.09756249189376831,-0.02168416790664196,0.005797469522804022,-0.08976846933364868,-0.02244211733341217,-0.03654790297150612,-0.008927220478653908,0.16038312017917633,0.04009578004479408,-0.01679820939898491,-0.009490317665040493,0.3293021619319916,0.0823255404829979,0.07692576944828033,-0.02563234604895115,0.8880287408828735,0.22200718522071838,0.2312384992837906,-0.06057773903012276,0.2145414799451828,0.0536353699862957,-0.1935105323791504,-0.04916708171367645,-0.6306498050689697,-0.15766245126724243,-0.04681182652711868,-0.063602514564991,-0.08848699927330017,-0.022121749818325043,-0.004861409775912762,-0.05248871073126793,0.004196569323539734,0.0010491423308849335,-0.0018732436001300812,-0.024848712608218193,-0.0792074054479599,-0.019801851361989975,0.020631643012166023,-0.01669142208993435,1.0193696022033691,0.2548424005508423,0.2335265576839447,-0.05252949520945549,1.2213222980499268,0.3053305745124817,0.2582472264766693,-0.06837949901819229,-0.0036467034369707108,-0.0009116758592426777,-0.0175086110830307,-0.030094487592577934,3.3193159103393555,0.8298289775848389,0.859869658946991,0.05420997366309166,0.04249848425388336,0.01062462106347084,0.006110319867730141,0.036568738520145416,-0.09018589556217194,-0.022546473890542984,-0.02193964645266533,0.040534473955631256,-0.026226434856653214,-0.006556608714163303,0.007681572809815407,0.04806632921099663,0.7462542057037354,0.18656355142593384,0.1937904953956604,0.010265118442475796,-1.1599787473678589,-0.2899946868419647,-0.25571921467781067,0.025078797712922096,-0.06826469302177429,-0.017066173255443573,-0.012561396695673466,-0.07594694942235947,3.565685987472534,0.8914214968681335,0.9087581038475037,0.039933908730745316,-0.018776684999465942,-0.004694171249866486,-0.002171063795685768,-0.022738521918654442,0.022637318819761276,0.005659329704940319,0.005555428564548492,-0.053603291511535645,-0.008072772063314915,-0.0020181930158287287,-0.009269523434340954,0.040541328489780426,0,0,1
0.1899128556251526,0.04747821390628815,0.021901624277234077,-0.04300889000296593,-0.08706532418727875,-0.021766331046819687,0.028031127527356148,0.013477790169417858,-0.23323480784893036,-0.05830870196223259,-0.04020686447620392,-0.03163972869515419,0.8319406509399414,0.20798516273498535,0.15581157803535461,0.06576033681631088,0.9849472045898438,0.24623680114746094,-0.16986040771007538,0.056576598435640335,0.42299938201904297,0.10574984550476074,-0.015996010974049568,-0.032196443527936935,0.010622888803482056,0.002655722200870514,-0.03770575672388077,0.1005406603217125,0.16676688194274902,0.041691720485687256,-0.004918502643704414,0.04098578914999962,0.32017794251441956,0.08004448562860489,0.07749976962804794,0.029413236305117607,1.0104420185089111,0.2526105046272278,0.22386018931865692,-0.002745127771049738,0.4064112901687622,0.10160282254219055,-0.18941549956798553,-0.02309848740696907,-0.5932149887084961,-0.14830374717712402,-0.04853850603103638,0.024965232238173485,-0.08094315230846405,-0.020235788077116013,0.005184309557080269,0.005947995465248823,0.041866376996040344,0.010466594249010086,-0.005220734979957342,-0.049614209681749344,-0.036804042756557465,-0.009201010689139366,0.007620753720402718,0.06653811037540436,0.7937560677528381,0.19843901693820953,0.2386019080877304,0.022915279492735863,1.2816956043243408,0.3204239010810852,0.2656167149543762,0.0774037167429924,0.0289328470826149,0.007233211770653725,-0.013230433687567711,-0.0634630098938942,3.3016726970672607,0.8254181742668152,0.8568600416183472,-0.032109569758176804,0.08655630052089691,0.021639075130224228,0.018742533400654793,0.03085792064666748,-0.11260122060775757,-0.028150305151939392,-0.007577827200293541,0.016665756702423096,0.039329852908849716,0.009832463227212429,0.013393010944128036,0.032950665801763535,0.8970332145690918,0.22425830364227295,0.18640977144241333,-0.016808945685625076,-1.1428457498550415,-0.2857114374637604,-0.25691285729408264,0.057900022715330124,-0.07083459943532944,-0.01770864985883236,-0.018049288541078568,0.01098528504371643,3.638030767440796,0.909507691860199,0.9028548002243042,-0.00631604203954339,-0.04223175346851349,-0.010557938367128372,-0.004088420420885086,0.004775208421051502,0.03513951972126961,0.008784879930317402,0.010728895664215088,-0.042684461921453476,0.017330244183540344,0.004332561045885086,0.006434919312596321,0.017756199464201927,0,0,1
0.11360463500022888,0.02840115875005722,0.028337707743048668,-0.05227518081665039,-0.17783911526203156,-0.04445977881550789,0.02805815078318119,0.040304649621248245,-0.14007426798343658,-0.035018566995859146,-0.054178185760974884,-0.0013954282039776444,0.7368568181991577,0.18421420454978943,0.16737650334835052,0.06952684372663498,0.7354860305786133,0.18387150764465332,-0.1715792715549469,-0.02543587051331997,0.4062299132347107,0.10155747830867767,-0.031077714636921883,0.03494303300976753,-0.11980554461479187,-0.029951386153697968,-0.02030710130929947,-0.006069892551749945,0.048610568046569824,0.012152642011642456,-0.01980924978852272,-0.06215139850974083,0.35816314816474915,0.08954078704118729,0.0771142914891243,-0.030608415603637695,0.9903476238250732,0.2475869059562683,0.21459519863128662,-0.03175174817442894,0.3300454616546631,0.08251136541366577,-0.19025149941444397,-0.030628984794020653,-0.5590900182723999,-0.13977250456809998,-0.050160132348537445,0.006009054370224476,0.043774813413619995,0.010943703353404999,0.0002613356336951256,0.016542810946702957,0.09988124668598175,0.024970311671495438,-0.006791660562157631,-0.04614243283867836,-0.03033357858657837,-0.007583394646644592,0.020336592569947243,-0.009071958251297474,0.9261795282363892,0.2315448820590973,0.23930536210536957,-0.04590989276766777,1.111509084701538,0.2778772711753845,0.2728862762451172,-0.05412226542830467,-0.002480696886777878,-0.0006201742216944695,-0.01771439053118229,-0.03476225212216377,3.3114051818847656,0.8278512954711914,0.8607010841369629,-0.014761633239686489,0.001514434814453125,0.00037860870361328125,0.008340045809745789,-0.07353024184703827,-0.1442793309688568,-0.0360698327422142,-0.017390040680766106,-0.03068670444190502,0.0014998428523540497,0.0003749607130885124,-0.004359516780823469,-0.04962226375937462,0.801198422908783,0.20029960572719574,0.20618590712547302,0.004903465509414673,-1.173492431640625,-0.29337310791015625,-0.2600124478340149,-0.033779725432395935,-0.0457477867603302,-0.01143694669008255,-0.002184618264436722,-0.024998068809509277,3.6063714027404785,0.9015928506851196,0.9139630198478699,0.03344365581870079,-0.039833225309848785,-0.009958306327462196,-0.006878780201077461,0.05966910347342491,0.026237964630126953,0.006559491157531738,0.004991557449102402,-0.05142753943800926,-0.03594566881656647,-0.008986417204141617,-0.008351718075573444,-0.04874024540185928,0,0,1
0.0683874636888504,0.0170968659222126,0.01735679991543293,-0.024801552295684814,-0.12959431111812592,-0.03239857777953148,0.020009510219097137,-0.055270373821258545,-0.18494434654712677,-0.04623608663678169,-0.045140765607357025,-0.04243246838450432,0.811617910861969,0.20290447771549225,0.1495371013879776,0.041859712451696396,0.7371585965156555,0.18428964912891388,-0.18423427641391754,0.03377654775977135,0.363014817237854,0.0907537043094635,-0.01265152357518673,0.07414328306913376,0.00627821683883667,0.0015695542097091675,-0.021942870691418648,0.0049724578857421875,0.17534886300563812,0.04383721575140953,-0.0036371368914842606,0.04109381511807442,0.35464099049568176,0.08866024762392044,0.08848699182271957,0.053953755646944046,0.9741290211677551,0.24353225529193878,0.21816228330135345,-0.010959160514175892,0.3693816065788269,0.09234540164470673,-0.1877119243144989,-0.024374043568968773,-0.6276276111602783,-0.15690690279006958,-0.056508369743824005,0.018199319019913673,-0.06243745982646942,-0.015609364956617355,-0.013287666253745556,-0.03551945835351944,0.10248122364282608,0.02562030591070652,-0.0021174484863877296,-0.0031228780280798674,0.0035484731197357178,0.0008871182799339294,0.019761396571993828,-0.04223330318927765,0.9188182353973389,0.22970455884933472,0.22601832449436188,-0.05772082880139351,1.1834080219268799,0.29585200548171997,0.2561485767364502,0.03409600257873535,0.016469066962599754,0.004117266740649939,-0.0021232031285762787,0.0539005771279335,3.343672513961792,0.835918128490448,0.8515315651893616,-0.029373610392212868,0.09649527072906494,0.024123817682266235,0.009756514802575111,-0.03668401762843132,-0.0747579038143158,-0.01868947595357895,-0.02560802921652794,-0.007864445447921753,0.07193166017532349,0.01798291504383087,0.015216348692774773,0.05989109352231026,0.8374847173690796,0.2093711793422699,0.20457987487316132,0.02469596266746521,-1.0766725540161133,-0.2691681385040283,-0.2584470212459564,0.032268594950437546,-0.05363829433917999,-0.013409573584794998,-0.016530290246009827,-0.06938339024782181,3.6083292961120605,0.9020823240280151,0.9101043343544006,0.030005335807800293,-0.03367205709218979,-0.008418014273047447,-0.009690807200968266,0.04104917123913765,0.0007383952615782619,0.00018459881539456546,0.009408017620444298,-0.06401153653860092,0.06221408024430275,0.015553520061075687,0.006088567897677422,-0.03736019507050514,0,0,1
0.07045179605484009,0.017612949013710022,0.02355843223631382,-0.06908277422189713,-0.007531508803367615,-0.0018828772008419037,0.029777703806757927,-0.024405980482697487,-0.24170739948749542,-0.060426849871873856,-0.052191510796546936,0.002485251519829035,0.8098707795143127,0.20246769487857819,0.1523313969373703,0.07418852299451828,1.0073853731155396,0.2518463432788849,-0.18209178745746613,0.06497079133987427,0.319560706615448,0.079890176653862,-0.015422292053699493,-0.009330821223556995,0.07161793112754822,0.017904482781887054,-0.03242902457714081,-0.03708043694496155,0.13837724924087524,0.03459431231021881,-0.020769082009792328,-0.027966860681772232,0.339540958404541,0.08488523960113525,0.07075836509466171,-0.08541865646839142,1.0795049667358398,0.26987624168395996,0.22935697436332703,-0.05765943601727486,0.4217507839202881,0.10543769598007202,-0.1890316754579544,-0.0626242384314537,-0.6120325326919556,-0.1530081331729889,-0.04621452838182449,-0.057861316949129105,-0.053073033690452576,-0.013268258422613144,-0.00894040148705244,-0.07028402388095856,-0.00408780574798584,-0.00102195143699646,0.0059900060296058655,0.0031774460803717375,-0.04752802103757858,-0.011882005259394646,0.016365142539143562,-0.015704631805419922,0.7479565739631653,0.18698914349079132,0.222763791680336,-0.050441961735486984,1.0896797180175781,0.27241992950439453,0.2592526078224182,-0.058497823774814606,-0.07283448427915573,-0.018208621069788933,-0.004024176858365536,-0.015327805653214455,3.316803216934204,0.829200804233551,0.8506807088851929,-0.03374696150422096,0.05804603546857834,0.014511508867144585,0.020653991028666496,-0.058527808636426926,-0.06945041567087173,-0.017362603917717934,-0.024909818544983864,0.05153834819793701,-0.051043782383203506,-0.012760945595800877,0.009689100086688995,0.011018747463822365,0.9681100845336914,0.24202752113342285,0.19713889062404633,0.05858972296118736,-1.1365281343460083,-0.2841320335865021,-0.24504420161247253,0.02711968496441841,-0.06290798634290695,-0.015726996585726738,-0.01338539831340313,0.0048375907354056835,3.6655051708221436,0.9163762927055359,0.9182369112968445,-0.03578048199415207,0.009405463933944702,0.0023513659834861755,-0.021626785397529602,-0.008076739497482777,0.029804743826389313,0.007451185956597328,0.0040041375905275345,-0.0349571518599987,-0.01556542981415987,-0.0038913574535399675,0.005823196843266487,-0.042988311499357224,0,0,1
-0.0756249725818634,-0.01890624314546585,0.022193802520632744,0.016232937574386597,0.005982205271720886,0.0014955513179302216,0.016698060557246208,0.04990830644965172,-0.22110499441623688,-0.05527624860405922,-0.05636638402938843,-0.00823886413127184,0.7248528003692627,0.18121320009231567,0.16911934316158295,-0.058361202478408813,0.7450538873672485,0.18626347184181213,-0.17800500988960266,-0.021560896188020706,0.3073006272315979,0.07682515680789948,-0.017600782215595245,-0.00513114919885993,0.0040514469146728516,0.0010128617286682129,-0.03253774717450142,-0.01801181398332119,0.17172552645206451,0.04293138161301613,-0.022435050457715988,0.016439242288470268,0.32655495405197144,0.08163873851299286,0.07913219183683395,-0.0637236163020134,1.0250846147537231,0.2562711536884308,0.23018309473991394,-0.03124108910560608,0.22119154036045074,0.055297885090112686,-0.18961423635482788,-0.07122878730297089,-0.6297153234481812,-0.1574288308620453,-0.039934080094099045,0.04044323042035103,0.034048259258270264,0.008512064814567566,-0.0014622807502746582,-0.05687355995178223,-0.0825715959072113,-0.020642898976802826,0.0040582455694675446,0.03748660162091255,0.0010841116309165955,0.00027102790772914886,0.0020089028403162956,-0.036174532026052475,0.7888976335525513,0.19722440838813782,0.21080420911312103,-0.0998975858092308,1.2419540882110596,0.3104885220527649,0.26169949769973755,0.02038661204278469,-0.002217378467321396,-0.000554344616830349,-0.01747126504778862,-0.0691402330994606,3.3230035305023193,0.8307508826255798,0.8576604127883911,0.061142969876527786,0.039104923605918884,0.009776230901479721,0.012509897351264954,-0.032992538064718246,-0.08064717054367065,-0.020161792635917664,-0.01026797853410244,0.019807064905762672,0.011711832135915756,0.002927958033978939,-0.0064902338199317455,0.05662666633725166,0.9783434867858887,0.24458587169647217,0.2070075422525406,-0.05278119444847107,-1.2043031454086304,-0.3010757863521576,-0.25372523069381714,-0.014463305473327637,-0.08081426471471786,-0.020203566178679466,-0.01446755975484848,-0.0149763822555542,3.6450209617614746,0.9112552404403687,0.9181867241859436,0.01769953966140747,-0.006972037255764008,-0.001743009313941002,-0.01972528174519539,0.015150988474488258,0.008827274665236473,0.0022068186663091183,0.008075302466750145,-0.03533676639199257,-0.008774076588451862,-0.0021935191471129656,0.002691039815545082,-0.022458558902144432,0,0,1
-0.015087305568158627,-0.0037718263920396566,0.02228737436234951,-0.02881484664976597,0.1228555291891098,0.03071388229727745,0.015919191762804985,0.023541098460555077,-0.2459801584482193,-0.061495039612054825,-0.06927154213190079,-0.020482677966356277,0.7648987770080566,0.19122469425201416,0.17588530480861664,-0.01875218190252781,0.9391828775405884,0.2347957193851471,-0.1802385002374649,0.02165946364402771,0.3057214617729187,0.07643036544322968,-0.032203495502471924,-0.04080713912844658,-0.011571139097213745,-0.0028927847743034363,-0.03163943439722061,-0.039114635437726974,0.12422606348991394,0.031056515872478485,-0.023714814335107803,-0.06204672530293465,0.3351871967315674,0.08379679918289185,0.06222407519817352,-0.06565249711275101,1.0576246976852417,0.2644061744213104,0.2316654920578003,-0.014153259806334972,0.29247957468032837,0.07311989367008209,-0.1955762803554535,-0.06971275806427002,-0.6537481546401978,-0.16343703866004944,-0.045252442359924316,0.011667067185044289,0.05378512293100357,0.013446280732750893,0.006819121539592743,0.07441826909780502,-0.0900036096572876,-0.0225009024143219,0.0024015940725803375,0.03262137249112129,0.07133284956216812,0.01783321239054203,0.014795603230595589,-0.021465230733156204,0.8438774347305298,0.21096935868263245,0.19857251644134521,-0.008229196071624756,1.1888184547424316,0.2972046136856079,0.2651767134666443,-0.004423338454216719,0.017154015600681305,0.004288503900170326,-0.012565592303872108,-0.024611616507172585,3.406251907348633,0.8515629768371582,0.845862865447998,-0.003788471221923828,0.03040829300880432,0.00760207325220108,0.01976769044995308,0.03214476257562637,-0.12010505795478821,-0.030026264488697052,-0.013999536633491516,-0.01595141924917698,0.0350971557199955,0.008774288929998875,0.0021079955622553825,0.005533492658287287,0.9262040853500366,0.23155102133750916,0.22661970555782318,0.053585171699523926,-1.1685363054275513,-0.2921340763568878,-0.24943695962429047,-0.039002224802970886,-0.07862740755081177,-0.019656851887702942,-0.00416935607790947,0.004527706187218428,3.6551401615142822,0.9137850403785706,0.9182161092758179,-0.01856987550854683,0.014553830027580261,0.0036384575068950653,-0.00044548604637384415,0.0355035774409771,0.0037371721118688583,0.0009342930279672146,0.01143798977136612,0.01791589893400669,-0.020257342606782913,-0.005064335651695728,0.003525977022945881,0.05324878916144371,0,0,1
-0.0013348450884222984,-0.0003337112721055746,0.024486860260367393,0.0829886719584465,-0.01896505057811737,-0.004741262644529343,0.01521240547299385,-0.004038214683532715,-0.2702673673629761,-0.06756684184074402,-0.056683145463466644,0.02628025971353054,0.7795261144638062,0.19488152861595154,0.16290926933288574,0.0646873489022255,0.9261701107025146,0.23154252767562866,-0.185306578874588,-0.030315155163407326,0.2916540503501892,0.0729135125875473,-0.021284721791744232,-0.07745411247015,0.06907802820205688,0.01726950705051422,-0.021982038393616676,0.01525039691478014,0.15548710525035858,0.038871776312589645,-0.01573104038834572,0.039269864559173584,0.3186664879322052,0.0796666219830513,0.0777691900730133,0.024002229794859886,1.0699729919433594,0.26749324798583984,0.2472967654466629,-0.031946104019880295,0.4214624762535095,0.10536561906337738,-0.209434375166893,0.047005392611026764,-0.6364237070083618,-0.15910592675209045,-0.057936713099479675,0.022754013538360596,0.022138789296150208,0.005534697324037552,-0.0064301383681595325,-0.043129295110702515,-0.03952200710773468,-0.00988050177693367,0.000952734611928463,-0.0341867171227932,5.330890417098999e-06,1.3327226042747498e-06,0.016347208991646767,-0.05701415613293648,0.8177080154418945,0.20442700386047363,0.19243398308753967,0.05384631082415581,1.1034557819366455,0.2758639454841614,0.25860750675201416,0.06405197829008102,-0.013021523132920265,-0.0032553807832300663,-0.013491326943039894,-0.05347390100359917,3.389662981033325,0.8474157452583313,0.8617665767669678,0.0420244000852108,0.013719573616981506,0.0034298934042453766,0.020470233634114265,-0.04265230521559715,-0.08232592046260834,-0.020581480115652084,-0.026421189308166504,-0.006271988153457642,0.011670093983411789,0.0029175234958529472,-0.000780126079916954,0.04171024635434151,0.8562377095222473,0.21405942738056183,0.221536785364151,0.07044938951730728,-1.085921049118042,-0.2714802622795105,-0.2576124370098114,-0.05581546947360039,-0.04310685396194458,-0.010776713490486145,-0.005818935111165047,-0.054180409759283066,3.656186103820801,0.9140465259552002,0.9315696954727173,-0.055396415293216705,-0.05896952748298645,-0.014742381870746613,-0.01979895308613777,-0.021696537733078003,-0.03954499587416649,-0.009886248968541622,-0.005539621226489544,-0.023450583219528198,-0.031314682215452194,-0.007828670553863049,-0.004901149310171604,-0.009637284092605114,0,0,1
-0.034848153591156006,-0.008712038397789001,0.015678372234106064,-0.03607675060629845,-0.10030223429203033,-0.025075558573007584,0.024500517174601555,0.06861436367034912,-0.243704691529274,-0.0609261728823185,-0.053301334381103516,-0.009313237853348255,0.7538967132568359,0.18847417831420898,0.16663643717765808,-0.007435506675392389,0.8847835063934326,0.22119587659835815,-0.18867750465869904,0.07050144672393799,0.2898065447807312,0.0724516361951828,-0.034930676221847534,0.0657091960310936,0.07705509662628174,0.019263774156570435,-0.0180752482265234,0.07262388616800308,0.10201215744018555,0.025503039360046387,-0.008567762561142445,0.033683598041534424,0.31982359290122986,0.07995589822530746,0.078444704413414,0.009977459907531738,1.0419236421585083,0.2604809105396271,0.24061362445354462,-0.0002202510804636404,0.3891535997390747,0.09728839993476868,-0.20802125334739685,0.04305552318692207,-0.614915132522583,-0.15372878313064575,-0.05706349015235901,-0.05018971115350723,0.03597276657819748,0.00899319164454937,0.007841162383556366,-0.07171349227428436,0.045889973640441895,0.011472493410110474,0.00494685024023056,-0.003521186066791415,0.0035383254289627075,0.0008845813572406769,0.016645412892103195,0.06690406799316406,0.7063701152801514,0.17659252882003784,0.18146012723445892,-0.07940810173749924,1.037246823310852,0.259311705827713,0.25727608799934387,-0.021725935861468315,-0.020222382619976997,-0.005055595654994249,0.00018505100160837173,0.017476368695497513,3.3704781532287598,0.8426195383071899,0.8589560389518738,0.03750387579202652,0.027775831520557404,0.006943957880139351,0.0027632350102066994,-0.04764373227953911,-0.08426657319068909,-0.02106664329767227,-0.016382472589612007,0.04899395629763603,0.0351245291531086,0.00878113228827715,0.005046125501394272,0.03396207094192505,0.9712183475494385,0.24280458688735962,0.21947485208511353,0.00028182865935377777,-1.0155158042907715,-0.25387895107269287,-0.24265159666538239,0.01833932474255562,-0.029196277260780334,-0.007299069315195084,-0.012459144927561283,0.03903011232614517,3.6666951179504395,0.9166737794876099,0.9298613667488098,-0.03150775656104088,0.03501908481121063,0.008754771202802658,-0.01233735866844654,-0.04768630862236023,0.03318273648619652,0.00829568412154913,0.0021402407437562943,0.06157886981964111,0.045548029243946075,0.011387007310986519,0.003057987429201603,-0.003640592098236084,0,0,1
0.007397384382784367,0.0018493460956960917,0.024945424869656563,-0.026516878977417946,-0.12689773738384247,-0.03172443434596062,0.030093921348452568,-0.03462424874305725,-0.2225155383348465,-0.055628884583711624,-0.06031183898448944,0.04885309934616089,0.715038537979126,0.1787596344947815,0.16152440011501312,0.02600172720849514,0.5420687794685364,0.1355171948671341,-0.18211710453033447,-0.053543150424957275,0.3194400668144226,0.07986001670360565,-0.02146461047232151,-0.07321003079414368,0.04020798206329346,0.010051995515823364,-0.017596572637557983,-0.0031915963627398014,0.04486161470413208,0.01121540367603302,-0.008071697317063808,0.03798937797546387,0.3551945090293884,0.0887986272573471,0.06877824664115906,-0.019659852609038353,1.0266273021697998,0.25665682554244995,0.24110613763332367,0.05193617567420006,0.1976424902677536,0.0494106225669384,-0.21383681893348694,0.051337480545043945,-0.6030817031860352,-0.1507704257965088,-0.050741225481033325,0.036839284002780914,0.10626493394374847,0.02656623348593712,-0.0044805509969592094,-0.02400723658502102,0.01038716733455658,0.002596791833639145,-0.006391211412847042,-0.0657447800040245,-0.04835907369852066,-0.012089768424630165,0.006811680272221565,-0.0067490278743207455,0.8055075407028198,0.20137688517570496,0.1757798045873642,0.06333346664905548,1.0949339866638184,0.2737334966659546,0.2617049515247345,-0.02196020446717739,-0.043293192982673645,-0.010823298245668411,-0.004751047119498253,-0.07408454269170761,3.4231345653533936,0.8557836413383484,0.8530222773551941,-0.06291704624891281,0.07752931118011475,0.019382327795028687,0.009032806381583214,-0.025049645453691483,-0.10633675009012222,-0.026584187522530556,-0.022772889584302902,0.022577857598662376,0.006300818175077438,0.0015752045437693596,0.006709624081850052,0.06210578605532646,0.9228837490081787,0.23072093725204468,0.22303076088428497,0.07352893799543381,-1.1201362609863281,-0.28003406524658203,-0.24724261462688446,0.07635922729969025,-0.040616728365421295,-0.010154182091355324,-0.00013164523988962173,-0.026754289865493774,3.686201572418213,0.9215503931045532,0.9356290102005005,0.06008240208029747,-0.04415806382894516,-0.01103951595723629,-0.0009157285094261169,-0.02343684993684292,-0.028820263221859932,-0.007205065805464983,0.008615298196673393,-0.026610998436808586,0.01685177907347679,0.004212944768369198,0.0004548700526356697,-0.03650984913110733,0,0,1
-0.03600236773490906,-0.009000591933727264,0.012880899012088776,0.0014158189296722412,-0.17938141524791718,-0.044845353811979294,0.01747223548591137,-0.03882700949907303,-0.22788910567760468,-0.05697227641940117,-0.0700494572520256,0.06649432331323624,0.6916760206222534,0.17291900515556335,0.16123713552951813,-0.018229162320494652,0.4388355016708374,0.10970887541770935,-0.1884656846523285,0.053989578038454056,0.3559359908103943,0.08898399770259857,-0.03312072157859802,-0.013111019507050514,-0.004571467638015747,-0.0011428669095039368,-0.02045193873345852,0.047467220574617386,0.06896324455738068,0.01724081113934517,-0.01981622353196144,-0.030190784484148026,0.31704795360565186,0.07926198840141296,0.06723630428314209,-0.017124652862548828,0.921070396900177,0.23026759922504425,0.23132529854774475,0.059184443205595016,0.15032394230365753,0.03758098557591438,-0.20633284747600555,0.0507143996655941,-0.5863401889801025,-0.14658504724502563,-0.04982919991016388,0.015041577629745007,0.07314319908618927,0.018285799771547318,0.0031954683363437653,-0.05220844969153404,0.07264168560504913,0.018160421401262283,0.005350522696971893,0.03446313366293907,0.03414250910282135,0.008535627275705338,0.013235127553343773,-0.01203169859945774,0.8180824518203735,0.20452061295509338,0.18203602731227875,0.07085686177015305,1.2550420761108398,0.31376051902770996,0.24517180025577545,-0.02546173892915249,0.018029693514108658,0.0045074233785271645,-0.006370995193719864,0.03408043459057808,3.3919878005981445,0.8479969501495361,0.8567163348197937,-0.029127825051546097,0.07287149876356125,0.018217874690890312,0.00832895003259182,-0.015100687742233276,-0.07294601947069168,-0.01823650486767292,-0.018375389277935028,-0.02517569623887539,0.023035507649183273,0.005758876912295818,0.012468639761209488,0.04967693239450455,0.8730617761611938,0.21826544404029846,0.2420796900987625,0.06578375399112701,-1.2484668493270874,-0.31211671233177185,-0.22864092886447906,0.025918101891875267,-0.08119611442089081,-0.020299028605222702,-0.006166799925267696,-0.05195635184645653,3.660527229309082,0.9151318073272705,0.9355906844139099,0.0649033933877945,-0.04852433502674103,-0.012131083756685257,-0.007669043727219105,0.02924819104373455,-0.03773623704910278,-0.009434059262275696,0.006024423986673355,-0.052838344126939774,0.008666147477924824,0.002166536869481206,-0.0026991688646376133,0.06473363935947418,0,0,1
-0.023535221815109253,-0.005883805453777313,0.017699340358376503,-0.009821504354476929,-0.018296673893928528,-0.004574168473482132,0.02287221886217594,0.006523936986923218,-0.30681467056274414,-0.07670366764068604,-0.05565108358860016,0.028917504474520683,0.6954854726791382,0.17387136816978455,0.17159731686115265,0.049514949321746826,0.4114052653312683,0.10285131633281708,-0.1825104057788849,0.052696872502565384,0.3137696385383606,0.07844240963459015,-0.024999652057886124,0.004357540514320135,0.03552624583244324,0.00888156145811081,-0.03673086687922478,-0.0036661685444414616,0.15404337644577026,0.038510844111442566,-0.0034255729988217354,0.03662934526801109,0.30264517664909363,0.07566129416227341,0.07749377191066742,-0.06272835284471512,0.9638365507125854,0.24095913767814636,0.23202507197856903,0.019804000854492188,0.010541394352912903,0.0026353485882282257,-0.19046665728092194,-0.025623036548495293,-0.6670882701873779,-0.16677206754684448,-0.04382807016372681,0.0597202442586422,-0.009720712900161743,-0.002430178225040436,0.008676931262016296,-0.01900867186486721,-0.08445385098457336,-0.02111346274614334,-0.006888700649142265,-0.04370706155896187,-0.03967588394880295,-0.009918970987200737,0.006430016830563545,0.06930984556674957,0.7474735975265503,0.18686839938163757,0.18062663078308105,0.033503081649541855,1.298266887664795,0.32456672191619873,0.2604618966579437,-0.016032064333558083,-0.008550342172384262,-0.0021375855430960655,-0.022266935557127,-0.029618961736559868,3.3405771255493164,0.8351442813873291,0.860256016254425,0.06747958809137344,0.07945190370082855,0.019862975925207138,0.012142045423388481,-0.0641680359840393,-0.08638899028301239,-0.021597247570753098,-0.024528875946998596,-0.03647185489535332,-0.0009893812239170074,-0.00024734530597925186,0.004296446219086647,-0.016821706667542458,0.901465892791748,0.225366473197937,0.2329992800951004,0.04547048732638359,-1.3066691160202026,-0.32666727900505066,-0.23089075088500977,0.05273757129907608,-0.10313007235527039,-0.025782518088817596,-0.010664030909538269,0.039592158049345016,3.687100410461426,0.9217751026153564,0.9269737005233765,0.04243521764874458,-0.028026506304740906,-0.0070066265761852264,-0.018051011487841606,-0.052938103675842285,-0.00749177485704422,-0.001872943714261055,0.00818752683699131,-0.0646013468503952,-0.020375076681375504,-0.005093769170343876,-0.0030228691175580025,0.01432802714407444,0,0,1
0.037178248167037964,0.009294562041759491,0.013111770153045654,-0.03435656800866127,-0.08974413573741913,-0.022436033934354782,0.02253137342631817,0.06163562461733818,-0.21893496811389923,-0.05473374202847481,-0.06567437946796417,-0.036197688430547714,0.7080791592597961,0.17701978981494904,0.16839636862277985,0.024223119020462036,0.2573552131652832,0.0643388032913208,-0.16729745268821716,-0.018994158133864403,0.37147438526153564,0.09286859631538391,-0.03156561031937599,-0.011777973733842373,0.014479756355285645,0.003619939088821411,-0.020277947187423706,0.006645298097282648,0.07109227776527405,0.017773069441318512,-0.02187263034284115,-0.018094122409820557,0.3948453366756439,0.09871133416891098,0.05666410177946091,-0.054136890918016434,0.9413103461265564,0.2353275865316391,0.2258048951625824,0.05086476728320122,0.024247214198112488,0.006061803549528122,-0.18621863424777985,0.01480567455291748,-0.6250026226043701,-0.15625065565109253,-0.04231153428554535,-0.02986179292201996,0.05763991177082062,0.014409977942705154,0.0018361369147896767,-0.09501538425683975,0.061193883419036865,0.015298470854759216,-0.0022182101383805275,0.010773974470794201,-0.10250438749790192,-0.02562609687447548,0.014379670843482018,0.055358778685331345,0.8339096307754517,0.20847740769386292,0.18528814613819122,0.011561405844986439,1.271810531616211,0.31795263290405273,0.25954627990722656,0.05257124826312065,0.008204583078622818,0.0020511457696557045,-0.02083229087293148,-0.0051871477626264095,3.389737606048584,0.847434401512146,0.867651104927063,-0.031343214213848114,0.07348798215389252,0.01837199553847313,0.01619652844965458,-0.007004499435424805,-0.09165583550930023,-0.022913958877325058,-0.024874506518244743,0.030977893620729446,0.07220734655857086,0.018051836639642715,0.002437768504023552,-0.01614900305867195,0.8547658324241638,0.21369145810604095,0.23475682735443115,-0.048333730548620224,-1.2727313041687012,-0.3181828260421753,-0.2572830021381378,0.04614974185824394,-0.08253991603851318,-0.020634979009628296,-0.002924596890807152,0.01811823807656765,3.6759796142578125,0.9189949035644531,0.9479700326919556,0.008235245943069458,0.00351627916097641,0.0008790697902441025,-0.01489337719976902,0.031119847670197487,-0.004115704447031021,-0.0010289261117577553,-0.006048412993550301,0.044249940663576126,-0.0024703003000468016,-0.0006175750750117004,0.006818881258368492,0.06995441019535065,0,0,1
-0.023789912462234497,-0.005947478115558624,0.016608038917183876,-0.07331802695989609,-0.1274956613779068,-0.0318739153444767,0.01712394692003727,0.008482808247208595,-0.24984993040561676,-0.06246248260140419,-0.06244434416294098,0.012463259510695934,0.6618654727935791,0.16546636819839478,0.17180587351322174,-0.049723051488399506,0.12823326885700226,0.032058317214250565,-0.1655503660440445,-0.008846110664308071,0.3830452561378479,0.09576131403446198,-0.03584035485982895,-0.05346496030688286,0.05145588517189026,0.012863971292972565,-0.03465399891138077,-0.03710963949561119,0.08893175423145294,0.022232938557863235,-0.006828851066529751,-0.047524869441986084,0.27459239959716797,0.06864809989929199,0.07623667269945145,-0.02049875259399414,0.8837315440177917,0.22093288600444794,0.22859551012516022,0.05940286070108414,-0.020374998450279236,-0.005093749612569809,-0.19952857494354248,0.023149913176894188,-0.6463068723678589,-0.16157671809196472,-0.046505801379680634,0.011065310798585415,0.02933473140001297,0.0073336828500032425,0.000776560977101326,-0.02335033379495144,-0.023040741682052612,-0.005760185420513153,-0.0035921381786465645,0.0049745142459869385,-0.06407235562801361,-0.016018088907003403,-0.0034881928004324436,-0.046844467520713806,0.802466869354248,0.200616717338562,0.18495090305805206,-0.0403057299554348,1.144927740097046,0.2862319350242615,0.2580908238887787,-0.013742816634476185,-0.003731478936970234,-0.0009328697342425585,-0.023243635892868042,-0.014443027786910534,3.3799712657928467,0.8449928164482117,0.8560405969619751,0.006758308503776789,0.03380484879016876,0.00845121219754219,0.0117543525993824,0.0401294119656086,-0.08996094018220901,-0.022490235045552254,-0.01938338577747345,0.043014515191316605,0.03992369398474693,0.009980923496186733,0.008342847228050232,0.07481630146503448,0.9109744429588318,0.22774361073970795,0.23153971135616302,0.0039344667457044125,-1.2256578207015991,-0.3064144551753998,-0.25124168395996094,0.022867495194077492,-0.062243640422821045,-0.015560910105705261,-0.0014272872358560562,-0.04938738793134689,3.6924972534179688,0.9231243133544922,0.9325560331344604,-0.009049820713698864,-0.027214370667934418,-0.006803592666983604,-0.01190281007438898,0.015790779143571854,-0.012797233648598194,-0.0031993084121495485,0.003155369311571121,0.007701951544731855,-0.024993889033794403,-0.006248472258448601,-0.003936299588531256,-0.05465846136212349,0,0,1
-0.08181671798229218,-0.020454179495573044,0.025284500792622566,-0.07049502432346344,-0.17633552849292755,-0.04408388212323189,0.017228299751877785,0.05293568596243858,-0.19255433976650238,-0.048138584941625595,-0.06851397454738617,0.026344550773501396,0.6382738947868347,0.15956847369670868,0.15891776978969574,-0.03280816599726677,0.022118553519248962,0.005529638379812241,-0.18517251312732697,0.025800442323088646,0.37244898080825806,0.09311224520206451,-0.03184661641716957,0.04741876199841499,-0.13748425245285034,-0.034371063113212585,-0.027913972735404968,0.07399658113718033,0.1339799165725708,0.0334949791431427,-0.01066344603896141,-0.017939193174242973,0.346823513507843,0.08670587837696075,0.05834197998046875,-0.07872998714447021,0.8847798109054565,0.22119495272636414,0.22321395576000214,-0.03645305708050728,-0.13756266236305237,-0.03439066559076309,-0.19498640298843384,-0.06120314821600914,-0.6297174692153931,-0.15742936730384827,-0.037945330142974854,-0.07064305990934372,0.006309628486633301,0.0015774071216583252,0.007359817624092102,-0.005166840739548206,-0.02688726782798767,-0.006721816956996918,0.01222962699830532,-0.0018050313228741288,0.07765790820121765,0.019414477050304413,-0.00029775965958833694,0.061532795429229736,0.8733919262886047,0.21834798157215118,0.19947466254234314,-0.05111146718263626,1.2058682441711426,0.30146706104278564,0.2702719271183014,-0.03353939205408096,-0.014844516292214394,-0.0037111290730535984,-0.010611133649945259,-0.02900565043091774,3.3978490829467773,0.8494622707366943,0.8717273473739624,0.05155379697680473,0.04673554003238678,0.011683885008096695,0.018224157392978668,-0.04706877842545509,-0.06631685048341751,-0.016579212620854378,-0.025642316788434982,-0.015105712227523327,-0.005704451352357864,-0.001426112838089466,0.0007843365892767906,-0.07196808606386185,0.879166841506958,0.2197917103767395,0.23661907017230988,0.044514335691928864,-1.1637287139892578,-0.29093217849731445,-0.27268099784851074,0.04474088177084923,-0.06661738455295563,-0.016654346138238907,-0.007493024691939354,0.04031480476260185,3.647491216659546,0.9118728041648865,0.9350654482841492,-0.0019328355556353927,0.015529505908489227,0.003882376477122307,-0.006798631511628628,-0.01888744905591011,0.0028114020824432373,0.0007028505206108093,0.006406335160136223,0.01621033065021038,0.05025650933384895,0.012564127333462238,-0.00012633297592401505,0.016131598502397537,0,0,1
0.06247541308403015,0.015618853271007538,0.019351933151483536,-0.03787856921553612,-0.08798505365848541,-0.021996263414621353,0.02791382558643818,0.02438444457948208,-0.2662750482559204,-0.0665687620639801,-0.06487022340297699,-0.02409231662750244,0.7096931338310242,0.17742328345775604,0.16158686578273773,0.05644570663571358,0.25652945041656494,0.06413236260414124,-0.17466941475868225,-0.02087460272014141,0.4446331858634949,0.11115829646587372,-0.01765204221010208,-0.01118468027561903,-0.03843027353286743,-0.009607568383216858,-0.024044005200266838,-0.01068142056465149,0.16999487578868866,0.042498718947172165,-0.019151978194713593,-0.02599562145769596,0.2727660536766052,0.0681915134191513,0.06839702278375626,-0.046432700008153915,0.9025574922561646,0.22563937306404114,0.21098704636096954,0.07788369804620743,0.06956590712070465,0.017391476780176163,-0.18259567022323608,0.0009281217935495079,-0.5570305585861206,-0.13925763964653015,-0.03734723478555679,0.06665396690368652,0.007307723164558411,0.0018269307911396027,0.01051265001296997,-0.05644183233380318,-0.047151148319244385,-0.011787787079811096,-0.0003424696624279022,0.06285031139850616,0.011347085237503052,0.002836771309375763,-0.0028222291730344296,-0.02919064462184906,0.8622142672538757,0.21555356681346893,0.20917299389839172,0.025433946400880814,1.1745601892471313,0.29364004731178284,0.2711806893348694,-0.04020049422979355,-0.011772245168685913,-0.0029430612921714783,-0.020603906363248825,-0.03476795554161072,3.4504687786102295,0.8626171946525574,0.8657901287078857,-0.015318376012146473,0.03281879425048828,0.00820469856262207,0.018854225054383278,-0.018786782398819923,-0.04007290303707123,-0.010018225759267807,-0.02425517700612545,0.010618007741868496,0.08966781198978424,0.02241695299744606,0.012774253264069557,0.04289799928665161,0.9045311212539673,0.22613278031349182,0.22476744651794434,-0.0670049861073494,-1.1473792791366577,-0.28684481978416443,-0.26989924907684326,-0.061192166060209274,-0.05376891791820526,-0.013442229479551315,-0.007473296485841274,-0.005938678979873657,3.6714205741882324,0.9178551435470581,0.92864590883255,0.027340412139892578,-0.026690594851970673,-0.006672648712992668,-0.012512488290667534,-0.006535327527672052,-0.0373302698135376,-0.0093325674533844,-0.0033272169530391693,-0.07245966047048569,-0.0018721937667578459,-0.00046804844168946147,0.0036596544086933136,-0.06322076171636581,0,0,1
-0.01795828342437744,-0.00448957085609436,0.020428461953997612,0.04509564861655235,-0.16150616109371185,-0.04037654027342796,0.024927763268351555,0.0610981248319149,-0.2237735539674759,-0.05594338849186897,-0.057563379406929016,-0.06839422881603241,0.6640403270721436,0.1660100817680359,0.16292338073253632,-0.012369400821626186,0.21138761937618256,0.05284690484404564,-0.16696710884571075,0.03603888675570488,0.4379064440727234,0.10947661101818085,-0.02574308030307293,-0.0385018065571785,-0.04068112373352051,-0.010170280933380127,-0.012007921934127808,-0.004532897379249334,0.15818360447883606,0.039545901119709015,-0.0070631252601742744,-0.021152788773179054,0.31388774514198303,0.07847193628549576,0.0738920345902443,-0.01082389336079359,0.8880701661109924,0.2220175415277481,0.21148787438869476,-0.0393284447491169,0.04289187490940094,0.010722968727350235,-0.18099480867385864,0.0575132854282856,-0.5846621990203857,-0.14616554975509644,-0.03875678777694702,0.08104932308197021,0.00266343355178833,0.0006658583879470825,0.009174356237053871,-0.061069756746292114,-0.07104936242103577,-0.01776234060525894,0.008795954287052155,-0.029327457770705223,0.0005698353052139282,0.00014245882630348206,-0.01168190035969019,0.047599077224731445,0.907664954662323,0.22691623866558075,0.21907822787761688,-0.0064885737374424934,1.2301338911056519,0.30753347277641296,0.2798672020435333,0.030888915061950684,-0.010800875723361969,-0.0027002189308404922,-0.011117021553218365,-0.05416698381304741,3.4306540489196777,0.8576635122299194,0.8741769194602966,-0.018320178613066673,0.022871695458889008,0.005717923864722252,0.011755203828215599,0.030053211376070976,-0.07236751914024353,-0.018091879785060883,-0.012221196666359901,0.03995543718338013,-0.005626890808343887,-0.0014067227020859718,0.0024936795234680176,-0.009511077776551247,0.9321106672286987,0.23302766680717468,0.21871790289878845,0.044578492641448975,-1.0550836324691772,-0.2637709081172943,-0.2713729739189148,-0.020329732447862625,-0.040123507380485535,-0.010030876845121384,-0.024430740624666214,-0.044302716851234436,3.6984593868255615,0.9246148467063904,0.9321133494377136,0.06930642575025558,0.03578581660985947,0.008946454152464867,-0.012059614062309265,-0.05199885368347168,0.0702141672372818,0.01755354180932045,-0.0006112409755587578,-0.0040701450780034065,0.04392271488904953,0.010980678722262383,0.0037797819823026657,-0.03136078268289566,0,0,1
0.019431978464126587,0.004857994616031647,0.019654499366879463,-0.059244196861982346,-0.22365246713161469,-0.05591311678290367,0.012342875823378563,-0.04139186069369316,-0.16849185526371002,-0.042122963815927505,-0.05835818499326706,-0.013191557489335537,0.641677737236023,0.16041943430900574,0.16288092732429504,0.006587732117623091,0.07293291389942169,0.018233228474855423,-0.1795356273651123,0.07291638851165771,0.43410128355026245,0.10852532088756561,-0.009495679289102554,-0.013621128164231777,-0.09894934296607971,-0.024737335741519928,-0.02610318921506405,0.016057342290878296,0.15343521535396576,0.03835880383849144,-0.016282254830002785,0.017380893230438232,0.3073216676712036,0.0768304169178009,0.07227330654859543,0.053120292723178864,0.8622853755950928,0.2155713438987732,0.22429482638835907,-0.0061609032563865185,-0.12919552624225616,-0.03229888156056404,-0.1905297338962555,0.0725681409239769,-0.5669256448745728,-0.1417314112186432,-0.0446256548166275,0.025488782674074173,0.09712990373373032,0.02428247593343258,-0.0069711701944470406,0.03582864999771118,-0.020874083042144775,-0.005218520760536194,-0.0051294295117259026,-0.07401423901319504,0.006639376282691956,0.001659844070672989,-0.006493079476058483,-0.07329123467206955,0.9771170020103455,0.24427925050258636,0.21735039353370667,-0.040572118014097214,1.1117041110992432,0.2779260277748108,0.2699223458766937,-0.03681127354502678,-0.006468115374445915,-0.0016170288436114788,-0.012902222573757172,-0.041770435869693756,3.4121785163879395,0.8530446290969849,0.8697421550750732,0.052361536771059036,0.026822589337825775,0.006705647334456444,0.015612604096531868,-0.03020525351166725,-0.08301970362663269,-0.020754925906658173,-0.014022985473275185,0.02090078592300415,0.059770066291093826,0.014942516572773457,0.0012443074956536293,-0.0025766908656805754,0.8287453651428223,0.20718634128570557,0.227486714720726,0.007185906171798706,-1.026590347290039,-0.25664758682250977,-0.25585025548934937,0.008901453576982021,-0.021490249782800674,-0.005372562445700169,-0.02060723677277565,-0.0034572482109069824,3.6791536808013916,0.9197884202003479,0.9397556185722351,0.041212297976017,0.026732198894023895,0.006683049723505974,-0.011620040982961655,-0.014664954505860806,-0.03965270146727562,-0.009913175366818905,0.004459122195839882,0.03160589933395386,0.05230050906538963,0.013075127266347408,0.004290024749934673,-0.040793873369693756,0,0,1
-0.1556771695613861,-0.03891929239034653,0.013744823634624481,-0.028950581327080727,-0.25988972187042236,-0.06497243046760559,0.0149385966360569,-0.0628158450126648,-0.17279331386089325,-0.04319832846522331,-0.058886028826236725,0.015667134895920753,0.5656344890594482,0.14140862226486206,0.15438637137413025,-0.04265499860048294,-0.17667056620121002,-0.044167641550302505,-0.17374926805496216,0.016788149252533913,0.3431863784790039,0.08579659461975098,-0.009875635616481304,0.01461881399154663,-0.10962378978729248,-0.02740594744682312,-0.02455010451376438,0.06499899923801422,0.13365371525287628,0.03341342881321907,-0.0104252640157938,-0.016935283318161964,0.2939431965351105,0.07348579913377762,0.07862655073404312,-0.026530785486102104,0.8437075614929199,0.21092689037322998,0.2318655401468277,0.016830194741487503,-0.4091343581676483,-0.10228358954191208,-0.19878171384334564,0.06216231733560562,-0.6037710905075073,-0.15094277262687683,-0.030264848843216896,0.07756280899047852,0.03875996172428131,0.009689990431070328,-0.0024795709177851677,0.05732959508895874,0.05720975250005722,0.014302438125014305,-0.008522316813468933,0.059542953968048096,0.07069411873817444,0.01767352968454361,0.0037885205820202827,-0.06582247465848923,1.0460102558135986,0.26150256395339966,0.21834629774093628,0.019214099273085594,1.2308454513549805,0.3077113628387451,0.27545273303985596,-0.041921909898519516,0.007058881223201752,0.001764720305800438,-0.005804680287837982,0.028801191598176956,3.4590907096862793,0.8647726774215698,0.8639078736305237,0.054402291774749756,0.038201168179512024,0.009550292044878006,0.016820000484585762,-0.06475680321455002,-0.019540291279554367,-0.004885072819888592,-0.014853538945317268,-0.016071278601884842,0.057091157883405685,0.014272789470851421,0.015539946034550667,0.018363570794463158,0.8740703463554382,0.21851758658885956,0.21351346373558044,-0.027463344857096672,-1.1143569946289062,-0.27858924865722656,-0.25683265924453735,0.09499998390674591,-0.04486972093582153,-0.011217430233955383,-0.0010992586612701416,0.053368378430604935,3.6721715927124023,0.9180428981781006,0.9295523762702942,-0.005616968963295221,0.029951289296150208,0.007487822324037552,-0.007169961463660002,0.035940077155828476,-0.04425870627164841,-0.011064676567912102,-0.0019359542056918144,-0.012358486652374268,0.03063090890645981,0.007657727226614952,0.006112655624747276,0.052695382386446,0,0,1
-0.1304488480091095,-0.032612212002277374,0.016985436901450157,-0.029548583552241325,-0.15283901989459991,-0.03820975497364998,0.02915680967271328,-0.019063962623476982,-0.1954972892999649,-0.048874322324991226,-0.054434120655059814,0.07182299345731735,0.6099076867103577,0.15247692167758942,0.16095903515815735,0.05506780371069908,-0.11834616959095001,-0.029586542397737503,-0.1785198301076889,-0.05890614539384842,0.3312390446662903,0.08280976116657257,-0.01790759712457657,0.04898202419281006,-0.07933498919010162,-0.019833747297525406,-0.02716050110757351,-0.0699613019824028,0.17619986832141876,0.04404996708035469,-0.00267644040286541,-0.008305013179779053,0.3415536880493164,0.0853884220123291,0.07012054324150085,-0.013515609316527843,0.8305883407592773,0.20764708518981934,0.21967990696430206,-0.025720803067088127,-0.3224007785320282,-0.08060019463300705,-0.19604429602622986,0.019812507554888725,-0.5928972959518433,-0.14822432398796082,-0.035388000309467316,0.0005428433651104569,-0.08122727274894714,-0.020306818187236786,0.007639193907380104,0.02823634259402752,-0.00830899178981781,-0.0020772479474544525,-0.009907878004014492,-0.0642724260687828,0.08394405245780945,0.020986013114452362,-0.01168388593941927,0.028066052123904228,1.046671748161316,0.261667937040329,0.23906764388084412,-0.03994889184832573,1.2688790559768677,0.3172197639942169,0.2659323513507843,0.029177391901612282,-0.010534264147281647,-0.0026335660368204117,-0.010037261061370373,-0.019445789977908134,3.4806711673736572,0.8701677918434143,0.8820068836212158,0.049716174602508545,0.05387125909328461,0.013467814773321152,0.01199943758547306,0.063520148396492,-0.059695400297641754,-0.014923850074410439,-0.003967771306633949,0.07352925837039948,-0.0022567547857761383,-0.0005641886964440346,0.010844318196177483,-0.06770043820142746,0.8505328893661499,0.21263322234153748,0.21498176455497742,-0.07002758234739304,-1.2925487756729126,-0.32313719391822815,-0.25160086154937744,-0.03282150253653526,-0.0993606448173523,-0.024840161204338074,-0.0005180547013878822,-0.023155296221375465,3.6200790405273438,0.9050197601318359,0.921999990940094,0.02392619289457798,-0.001500159502029419,-0.00037503987550735474,-0.013127677142620087,-0.04591740295290947,0.030175166204571724,0.007543791551142931,0.010635493323206902,0.07618395239114761,-0.06243659183382988,-0.01560914795845747,0.011848507449030876,0.04052773863077164,0,0,1
-0.03890153765678406,-0.009725384414196014,0.018168477341532707,0.055524494498968124,-0.28900378942489624,-0.07225094735622406,0.018505515530705452,0.05735243484377861,-0.14844314754009247,-0.03711078688502312,-0.0608704537153244,0.023737192153930664,0.6571024060249329,0.16427560150623322,0.1720556616783142,0.07641871273517609,-0.0979575365781784,-0.0244893841445446,-0.17834697663784027,-0.06776496022939682,0.36380642652511597,0.09095160663127899,-0.027383863925933838,-0.029832396656274796,-0.12141916155815125,-0.03035479038953781,-0.0311096403747797,0.02680155076086521,0.15649954974651337,0.03912488743662834,-0.009693440981209278,-0.052175916731357574,0.3071073889732361,0.07677684724330902,0.0778978168964386,-0.0670929029583931,0.7935962677001953,0.19839906692504883,0.21403004229068756,-0.011649823747575283,-0.2470589131116867,-0.06176472827792168,-0.18708933889865875,0.004517924971878529,-0.5373868942260742,-0.13434672355651855,-0.026173194870352745,0.0003214299795217812,0.02454899251461029,0.006137248128652573,-0.0020560212433338165,0.01426764763891697,0.10265291482210159,0.025663228705525398,0.0038997316733002663,0.009159475564956665,0.04891425371170044,0.01222856342792511,-0.0048094261437654495,-0.01890798844397068,1.0830121040344238,0.27075302600860596,0.2510673403739929,-0.00707632303237915,1.2491216659545898,0.31228041648864746,0.28212594985961914,0.015085495077073574,0.0023808758705854416,0.0005952189676463604,-0.004580393433570862,0.02852393500506878,3.5438647270202637,0.8859661817550659,0.8772568106651306,0.05851569399237633,0.0477336049079895,0.011933401226997375,0.01271756924688816,0.06956451386213303,-0.11769333481788635,-0.029423333704471588,-0.007713915780186653,-0.01760886423289776,0.08464905619621277,0.021162264049053192,0.016224345192313194,0.0757945328950882,0.8409724235534668,0.2102431058883667,0.2163514792919159,-0.041159894317388535,-1.1599653959274292,-0.2899913489818573,-0.24754691123962402,0.018277538940310478,-0.05419239401817322,-0.013548098504543304,-0.006470194086432457,-0.02831716649234295,3.573465347290039,0.8933663368225098,0.9203102588653564,-0.09479491412639618,0.026191994547843933,0.006547998636960983,-0.012292678467929363,-0.018285786733031273,-0.030631262809038162,-0.0076578157022595406,0.007314199581742287,0.05322307348251343,-0.06824199110269547,-0.017060497775673866,0.006063427776098251,-0.01418216247111559,0,0,1
-0.0810641348361969,-0.020266033709049225,0.008675379678606987,-0.035290684551000595,-0.16412301361560822,-0.041030753403902054,0.01704387366771698,-0.06292768567800522,-0.197812020778656,-0.049453005194664,-0.060563720762729645,0.005524343345314264,0.6520991325378418,0.16302478313446045,0.16258344054222107,0.07878756523132324,-0.028379812836647034,-0.007094953209161758,-0.17723822593688965,-0.011127847246825695,0.3476759195327759,0.08691897988319397,-0.015191860496997833,0.05218110233545303,-0.17068487405776978,-0.042671218514442444,-0.015143778175115585,0.008350086398422718,0.14136794209480286,0.035341985523700714,-0.014680713415145874,0.016042513772845268,0.3421708047389984,0.0855427011847496,0.07904409617185593,-0.007866871543228626,0.7899043560028076,0.1974760890007019,0.21617251634597778,-0.04064158722758293,-0.2873261570930481,-0.07183153927326202,-0.1780804991722107,0.028143608942627907,-0.5767793655395508,-0.1441948413848877,-0.0299674104899168,0.049800898879766464,-0.03762724995613098,-0.009406812489032745,-0.002368357963860035,0.0594409704208374,-0.020172178745269775,-0.005043044686317444,0.007735896855592728,0.04480936750769615,0.06590981781482697,0.01647745445370674,0.0017486698925495148,-0.06264759600162506,1.0264673233032227,0.25661683082580566,0.25671303272247314,-0.05506556108593941,1.1276311874389648,0.2819077968597412,0.26665157079696655,0.06192415952682495,-0.02813900262117386,-0.007034750655293465,-0.012521985918283463,0.033938873559236526,3.527090311050415,0.8817725777626038,0.8917315602302551,-0.01742485724389553,0.04657508432865143,0.011643771082162857,0.0116764847189188,-0.00962650217115879,-0.056709613651037216,-0.014177403412759304,-0.0207198578864336,0.07937584072351456,-0.04841235652565956,-0.01210308913141489,0.004745720885694027,-0.012902403250336647,0.8910534977912903,0.22276337444782257,0.22629304230213165,-0.06511955708265305,-1.1611826419830322,-0.29029566049575806,-0.24352674186229706,0.0073854983784258366,-0.06357766687870026,-0.015894416719675064,-0.012126194313168526,-0.052444446831941605,3.5968692302703857,0.8992173075675964,0.911070704460144,-0.07981745898723602,0.021923385560512543,0.005480846390128136,-0.007364577613770962,0.0464683435857296,0.00020086384029127657,5.0215960072819144e-05,0.0049432143568992615,0.06919985264539719,0.003512887516990304,0.000878221879247576,-0.0070318360812962055,0.035926319658756256,0,0,1
-0.07263654470443726,-0.018159136176109314,0.012729113921523094,0.006724637933075428,-0.05396260321140289,-0.013490650802850723,0.03248339891433716,-0.04717667028307915,-0.22502495348453522,-0.056256238371133804,-0.0695360079407692,-0.02525537647306919,0.6265705823898315,0.15664264559745789,0.1727176159620285,-0.046971485018730164,-0.036202773451805115,-0.009050693362951279,-0.17553627490997314,0.05388737842440605,0.2953067421913147,0.07382668554782867,-0.01536901667714119,-0.015042483806610107,-0.14426864683628082,-0.036067161709070206,-0.019961560145020485,-0.026912644505500793,0.11567685008049011,0.028919212520122528,-0.0019009839743375778,-0.008715266361832619,0.3224427402019501,0.08061068505048752,0.06308188289403915,0.059633493423461914,0.8113971948623657,0.20284929871559143,0.20536990463733673,-0.044350337237119675,-0.34902703762054443,-0.08725675940513611,-0.19030679762363434,0.009464300237596035,-0.631279468536377,-0.15781986713409424,-0.03749062120914459,-0.06598047912120819,-0.07049360871315002,-0.017623402178287506,-0.00011881347745656967,-0.02762668766081333,-0.05634903907775879,-0.014087259769439697,0.005578590556979179,-0.03777742385864258,0.07683423906564713,0.01920855976641178,-0.008795859292149544,-0.04473534971475601,1.025253415107727,0.25631335377693176,0.2629006803035736,0.048815228044986725,1.0982069969177246,0.27455174922943115,0.2729351818561554,0.0581873320043087,-0.05364716798067093,-0.013411791995167732,-0.011156229302287102,0.02584667317569256,3.5010180473327637,0.8752545118331909,0.8884954452514648,0.00014938115782570094,0.04843059182167053,0.012107647955417633,0.017730319872498512,-0.004391402006149292,-0.03261920437216759,-0.008154801093041897,-0.009583979845046997,-0.006267833989113569,0.04513278231024742,0.011283195577561855,0.001654190942645073,0.05066942051053047,0.9422176480293274,0.23555441200733185,0.22303244471549988,0.06095700338482857,-1.1522525548934937,-0.2880631387233734,-0.2513525187969208,0.02919834852218628,-0.061940908432006836,-0.015485227108001709,-0.0018176743760704994,0.06436975300312042,3.5806775093078613,0.8951693773269653,0.9128915667533875,0.05809657648205757,0.003838963806629181,0.0009597409516572952,-0.010763832367956638,0.06446661055088043,-0.004471005871891975,-0.0011177514679729939,-0.008205201476812363,-0.034137506037950516,-0.00408110860735178,-0.001020277151837945,-0.010621442459523678,-0.04122587665915489,0,0,1
-0.058812156319618225,-0.014703039079904556,0.011313123628497124,0.041423119604587555,-0.1709444373846054,-0.04273610934615135,0.031645648181438446,-0.06624292582273483,-0.1919332891702652,-0.0479833222925663,-0.05809853971004486,0.03347557783126831,0.6845093965530396,0.1711273491382599,0.16020040214061737,-0.009603363461792469,0.017492815852165222,0.0043732039630413055,-0.1667538434267044,-0.047393374145030975,0.4001629948616028,0.1000407487154007,-0.033435456454753876,-0.07081633061170578,-0.12395232915878296,-0.03098808228969574,-0.030578138306736946,0.01684185303747654,0.11819183826446533,0.029547959566116333,-0.006160829681903124,-0.048531606793403625,0.3217826783657074,0.08044566959142685,0.06909490376710892,-0.06314920634031296,0.7754912972450256,0.1938728243112564,0.20667529106140137,-0.04074757918715477,-0.209164559841156,-0.052291139960289,-0.18095633387565613,-0.05779202654957771,-0.5481400489807129,-0.13703501224517822,-0.033635132014751434,0.01641663908958435,0.03298516571521759,0.008246291428804398,-0.005311281885951757,0.03319915756583214,0.01936875283718109,0.004842188209295273,0.01768837496638298,-0.06251911073923111,0.04498910903930664,0.01124727725982666,0.005287744104862213,-0.005123126786202192,1.0387485027313232,0.2596871256828308,0.2679455578327179,0.01848217286169529,1.0769619941711426,0.26924049854278564,0.26804864406585693,-0.052752960473299026,-0.045567769557237625,-0.011391942389309406,-0.012929672375321388,0.06214410066604614,3.5147995948791504,0.8786998987197876,0.9067973494529724,-0.052463460713624954,0.023325473070144653,0.005831368267536163,0.008200893178582191,-0.055575210601091385,-0.09040980041027069,-0.022602450102567673,-0.010097923688590527,0.0524701364338398,0.008089598268270493,0.002022399567067623,0.009680639952421188,0.005197191145271063,0.8614797592163086,0.21536993980407715,0.2105148434638977,0.014954906888306141,-1.1677323579788208,-0.2919330894947052,-0.2633846700191498,0.020444929599761963,-0.053914912045001984,-0.013478728011250496,-0.0034690629690885544,-0.05499015003442764,3.584775924682617,0.8961939811706543,0.9036253690719604,0.06863715499639511,-0.0015272274613380432,-0.0003818068653345108,-0.000261443667113781,-0.03725318983197212,0.02111721597611904,0.00527930399402976,-0.0069984374567866325,-0.05182613059878349,0.033201590180397034,0.008300397545099258,-0.001962076872587204,-0.06265726685523987,0,0,1
0.11232389509677887,0.028080973774194717,0.0058129411190748215,0.03971448168158531,-0.19304226338863373,-0.04826056584715843,0.01713341288268566,-0.03960244357585907,-0.1660754233598709,-0.04151885583996773,-0.07064761966466904,0.012117958627641201,0.6795485019683838,0.16988712549209595,0.16778145730495453,0.04531971365213394,0.17626385390758514,0.044065963476896286,-0.15973088145256042,-0.05826947093009949,0.4530733823776245,0.11326834559440613,-0.0332384929060936,0.012885498814284801,-0.1621275544166565,-0.040531888604164124,-0.03884650394320488,0.01500288862735033,0.11116737127304077,0.027791842818260193,-0.017653202638030052,-0.0011969984043389559,0.3535299003124237,0.08838247507810593,0.07059314846992493,0.025151241570711136,0.7975597381591797,0.19938993453979492,0.2099573314189911,-0.013272947631776333,-0.10005632042884827,-0.025014080107212067,-0.16882379353046417,-0.035074710845947266,-0.5316449403762817,-0.13291123509407043,-0.02750406600534916,0.00832783617079258,0.00631791353225708,0.00157947838306427,-0.01142987422645092,-0.045685213059186935,-0.019848555326461792,-0.004962138831615448,0.008606920018792152,-0.0026328563690185547,-0.03702257573604584,-0.00925564393401146,0.005831750109791756,-0.04909932240843773,1.0823696851730347,0.27059242129325867,0.2713828384876251,-0.03318307176232338,1.2241973876953125,0.3060493469238281,0.24533091485500336,0.022683126851916313,-0.007101759314537048,-0.001775439828634262,-0.01671157032251358,-0.04446859285235405,3.4859395027160645,0.8714848756790161,0.8966823220252991,0.011711335740983486,0.09767359495162964,0.02441839873790741,0.023121314123272896,0.03207648918032646,-0.11184520274400711,-0.027961300686001778,-0.01715860515832901,0.02427070215344429,0.022529926151037216,0.005632481537759304,0.007671862840652466,0.06749167293310165,0.7968533039093018,0.19921332597732544,0.21734501421451569,0.006488508079200983,-1.1624943017959595,-0.29062357544898987,-0.25904637575149536,-0.04668489843606949,-0.06484799087047577,-0.016211997717618942,-0.014932780526578426,0.007072246167808771,3.6364026069641113,0.9091006517410278,0.9057251811027527,-0.011559522710740566,0.0009599663317203522,0.00023999158293008804,-0.0005367174744606018,-0.044122740626335144,0.011330903507769108,0.002832725876942277,0.0024224529042840004,-0.06404181569814682,0.050592683255672455,0.012648170813918114,0.011297576129436493,0.013013887219130993,0,0,1
0.09198328852653503,0.02299582213163376,-0.0003871908411383629,0.07394657284021378,-0.06463097035884857,-0.016157742589712143,0.031704388558864594,-0.048061616718769073,-0.28584885597229004,-0.07146221399307251,-0.06398441642522812,0.017132658511400223,0.708861231803894,0.1772153079509735,0.1600666493177414,-0.003375786589458585,0.3999307155609131,0.09998267889022827,-0.16357167065143585,-0.05566314607858658,0.4138564467430115,0.10346411168575287,-0.021047167479991913,0.029259348288178444,-0.09807345271110535,-0.024518363177776337,-0.028446679934859276,0.015505022369325161,0.15091483294963837,0.03772870823740959,-0.020813405513763428,-0.0427432581782341,0.2894251346588135,0.07235628366470337,0.06675392389297485,-0.019304055720567703,0.8770239353179932,0.2192559838294983,0.20278844237327576,-0.07932578772306442,-0.06885989010334015,-0.017214972525835037,-0.17281584441661835,-0.031753528863191605,-0.595359206199646,-0.1488398015499115,-0.03225948289036751,0.08377745002508163,-0.02009221911430359,-0.005023054778575897,0.0039708856493234634,0.07032927125692368,0.0018816590309143066,0.00047041475772857666,-0.00248032808303833,-0.06087375432252884,-0.036684468388557434,-0.009171117097139359,0.0055964235216379166,-0.019035279750823975,0.9349038004875183,0.23372595012187958,0.26397138833999634,-0.0686860904097557,1.2250001430511475,0.30625003576278687,0.2608262300491333,-0.010668731294572353,-0.00014167837798595428,-3.541959449648857e-05,-0.01235083770006895,-0.007389819715172052,3.4451873302459717,0.8612968325614929,0.8928534388542175,0.02925567701458931,0.0013086795806884766,0.00032716989517211914,0.009879009798169136,0.001646453165449202,-0.05289560556411743,-0.013223901391029358,-0.0036573680117726326,-0.027109159156680107,0.00026209279894828796,6.552319973707199e-05,0.008275188505649567,-0.050287749618291855,0.8613481521606445,0.21533703804016113,0.21069326996803284,0.07359454780817032,-1.120650291442871,-0.2801625728607178,-0.2511431872844696,0.06274693459272385,-0.050137609243392944,-0.012534402310848236,-0.010175631381571293,0.0014347732067108154,3.6574509143829346,0.9143627285957336,0.9221615791320801,0.055404018610715866,-0.005485765635967255,-0.0013714414089918137,-0.004154046066105366,-0.03442702814936638,0.01734047383069992,0.00433511845767498,-0.000378401018679142,-0.05523858219385147,-0.02944348379969597,-0.007360870949923992,0.0018701106309890747,-0.06250254064798355,0,0,1
-0.03942060470581055,-0.009855151176452637,0.012047279626131058,0.03966942057013512,-0.19326947629451752,-0.04831736907362938,0.0177617110311985,-0.0381343849003315,-0.19781045615673065,-0.04945261403918266,-0.06322796642780304,-0.0513174906373024,0.7108054161071777,0.17770135402679443,0.16612468659877777,-0.0005884945276193321,0.4813833236694336,0.1203458309173584,-0.15560664236545563,-0.03499489277601242,0.36970603466033936,0.09242650866508484,-0.016100957989692688,0.016649728640913963,-0.05466341972351074,-0.013665854930877686,-0.042269960045814514,0.04462122917175293,0.18003568053245544,0.04500892013311386,-0.015168058685958385,-0.044316615909338,0.3474261462688446,0.08685653656721115,0.06946495920419693,0.03473395109176636,0.9010858535766602,0.22527146339416504,0.2152000516653061,0.044760990887880325,-0.06656357645988464,-0.01664089411497116,-0.16405747830867767,0.03019789420068264,-0.6149600744247437,-0.1537400186061859,-0.02465577982366085,-0.08405476808547974,0.03266584128141403,0.008166460320353508,0.007482877001166344,-0.0073157609440386295,0.11299613118171692,0.02824903279542923,0.007071640342473984,0.03448617458343506,-0.003705531358718872,-0.000926382839679718,0.016652589663863182,0.018928056582808495,1.0812830924987793,0.2703207731246948,0.2712441086769104,-0.003838908625766635,1.1721466779708862,0.29303666949272156,0.25320857763290405,-0.005718827247619629,-0.003368627279996872,-0.000842156819999218,-0.019108276814222336,-0.009700424037873745,3.5332717895507812,0.8833179473876953,0.891818642616272,0.07335498183965683,0.09070183336734772,0.02267545834183693,0.005774950608611107,-0.024478131905198097,-0.11777421087026596,-0.02944355271756649,-0.006565988063812256,0.0023503899574279785,0.02528274431824684,0.00632068607956171,-0.0061202701181173325,-0.015162301249802113,0.7763723731040955,0.19409309327602386,0.2098105549812317,0.05226990208029747,-1.22592031955719,-0.3064800798892975,-0.25369390845298767,-0.05540021136403084,-0.07535406947135925,-0.018838517367839813,-0.01475747674703598,0.024827003479003906,3.6231796741485596,0.9057949185371399,0.9176039099693298,0.06586002558469772,-0.003552362322807312,-0.000888090580701828,-0.011274384334683418,-0.07232794165611267,0.011951380409300327,0.002987845102325082,0.014232972636818886,-0.03606060892343521,0.015146792866289616,0.003786698216572404,0.010012302547693253,0.0477430485188961,0,0,1
0.05719462037086487,0.014298655092716217,0.005110600963234901,0.0012235463364049792,-0.036070868372917175,-0.009017717093229294,0.026727406308054924,-0.036051955074071884,-0.21228203177452087,-0.05307050794363022,-0.06395062804222107,-0.02597830258309841,0.726744532585144,0.181686133146286,0.15547987818717957,-0.013478702865540981,0.5092366337776184,0.1273091584444046,-0.16812598705291748,0.030187034979462624,0.3216184973716736,0.0804046243429184,-0.026341374963521957,-0.01060950756072998,-0.10920900106430054,-0.027302250266075134,-0.03622247278690338,0.03326835855841637,0.1818644255399704,0.0454661063849926,-0.015477608889341354,-0.07388407737016678,0.31668341159820557,0.07917085289955139,0.06992087513208389,-0.063667893409729,0.9217413663864136,0.2304353415966034,0.20300009846687317,0.029962409287691116,-0.059164151549339294,-0.014791037887334824,-0.17782261967658997,0.0001234829396707937,-0.5960342884063721,-0.14900857210159302,-0.02889561466872692,-0.0013977885246276855,0.09489995241165161,0.023724988102912903,0.013265682384371758,-0.03267675265669823,-0.029273584485054016,-0.007318396121263504,0.006109718233346939,0.006320595741271973,-0.10043791681528091,-0.02510947920382023,0.013462161645293236,-0.0643731877207756,1.0824437141418457,0.2706109285354614,0.2570815086364746,-0.03709724172949791,1.2420167922973633,0.3105041980743408,0.25810277462005615,-0.06267108768224716,0.010219667106866837,0.002554916776716709,-0.009772230871021748,0.053796377032995224,3.5637855529785156,0.8909463882446289,0.905768871307373,-0.002602183958515525,0.06605261564254761,0.016513153910636902,0.01628943718969822,-0.040377795696258545,-0.10669189691543579,-0.026672974228858948,-0.008075954392552376,-0.028295164927840233,0.07565967738628387,0.01891491934657097,0.009793287143111229,0.024072354659438133,0.720845103263855,0.18021127581596375,0.21934939920902252,-0.00943781714886427,-1.18156898021698,-0.295392245054245,-0.2622186839580536,-0.06259278953075409,-0.06387414783239365,-0.01596853695809841,-0.018775055184960365,0.058740198612213135,3.6916511058807373,0.9229127764701843,0.9286481738090515,0.0508548878133297,-0.007058821618556976,-0.001764705404639244,-0.01318205427378416,-0.019500423222780228,-0.0831659585237503,-0.020791489630937576,0.006033733487129211,-0.008455204777419567,-0.047543060034513474,-0.011885765008628368,-0.0011893101036548615,-0.07994524389505386,0,0,1
-0.09382346272468567,-0.023455865681171417,-0.005667480640113354,-0.06958901137113571,-0.05767051875591278,-0.014417629688978195,0.01958486996591091,-0.020836109295487404,-0.2251220941543579,-0.05628052353858948,-0.07158609479665756,-0.0006690204027108848,0.6817214488983154,0.17043036222457886,0.1659475713968277,0.057014644145965576,0.45537424087524414,0.11384356021881104,-0.1591484695672989,-0.05118609592318535,0.2842934727668762,0.07107336819171906,-0.028034288436174393,0.022760791704058647,7.88271427154541e-05,1.9706785678863525e-05,-0.053168706595897675,-0.031055135652422905,0.18160338699817657,0.045400846749544144,-0.006023355759680271,0.03386214002966881,0.35671013593673706,0.08917753398418427,0.0826159343123436,0.03148293495178223,0.9730033278465271,0.24325083196163177,0.21590706706047058,-0.048121124505996704,-0.06744541227817535,-0.01686135306954384,-0.17025472223758698,0.05269983038306236,-0.6264785528182983,-0.15661963820457458,-0.03538516163825989,0.05213361978530884,-0.02225545048713684,-0.00556386262178421,-0.0010517686605453491,0.05517451837658882,-0.03406207263469696,-0.00851551815867424,0.001664949581027031,0.07328009605407715,-0.008877277374267578,-0.0022193193435668945,0.014075981453061104,-0.06034610792994499,1.0513752698898315,0.2628438174724579,0.26789993047714233,-0.03914835676550865,1.2029626369476318,0.30074065923690796,0.24784015119075775,-0.018285412341356277,-0.03827913850545883,-0.009569784626364708,-0.01602262631058693,0.0308791883289814,3.4986822605133057,0.8746705651283264,0.9081462621688843,-0.05866216495633125,0.04386565089225769,0.010966412723064423,0.010399505496025085,-0.0479477196931839,-0.0646047443151474,-0.01615118607878685,-0.010784938000142574,-0.04275720193982124,-0.027051839977502823,-0.006762959994375706,0.001901291310787201,-0.035807445645332336,0.8229735493659973,0.20574338734149933,0.21671706438064575,-0.017443865537643433,-1.073643684387207,-0.26841092109680176,-0.2509933412075043,-0.04259304329752922,-0.048044584691524506,-0.012011146172881126,-0.014016497880220413,-0.022434039041399956,3.7266793251037598,0.9316698312759399,0.9397033452987671,0.02691878192126751,0.02820594608783722,0.007051486521959305,-0.0032863481901586056,-0.03793233260512352,-0.0005035531939938664,-0.0001258882984984666,-0.008126002736389637,0.01108708418905735,0.06366436183452606,0.015916090458631516,-8.285883814096451e-05,0.0563366524875164,0,0,1
-0.08991888165473938,-0.022479720413684845,-0.0047716060653328896,-0.042566996067762375,-0.02208589017391205,-0.005521472543478012,0.022631226107478142,0.048379577696323395,-0.28884926438331604,-0.07221231609582901,-0.054632462561130524,0.058307528495788574,0.6866289973258972,0.1716572493314743,0.14947429299354553,0.012426442466676235,0.36873960494995117,0.09218490123748779,-0.15079712867736816,-0.05887693166732788,0.2969784736633301,0.07424461841583252,-0.026690205559134483,-0.0743352621793747,0.019252359867095947,0.004813089966773987,-0.03751745820045471,0.058759164065122604,0.12320771813392639,0.030801929533481598,-0.016058165580034256,0.07275678962469101,0.3470744788646698,0.08676861971616745,0.07988200336694717,-0.06530385464429855,0.9474156498908997,0.23685391247272491,0.22595755755901337,0.008962446823716164,0.011580049991607666,0.0028950124979019165,-0.17293252050876617,0.01548007782548666,-0.5882540941238403,-0.14706352353096008,-0.03476396203041077,-0.003982144873589277,-0.006782397627830505,-0.0016955994069576263,0.015320884063839912,0.026743948459625244,-0.0005211830139160156,-0.0001302957534790039,0.0030291490256786346,-0.027533790096640587,-0.05307333171367645,-0.013268332928419113,0.007970264181494713,0.0707734227180481,1.058717966079712,0.264679491519928,0.2512717545032501,-0.03981662914156914,1.26493239402771,0.3162330985069275,0.2545616030693054,-0.026052201166749,0.008930595591664314,0.0022326488979160786,-0.013944778591394424,0.009349954314529896,3.5125458240509033,0.8781364560127258,0.8912431597709656,-0.06602061539888382,0.05329948663711548,0.01332487165927887,0.021037312224507332,0.005915349815040827,-0.054663412272930145,-0.013665853068232536,-0.018936194479465485,-0.02219477854669094,0.07247726619243622,0.018119316548109055,0.01361456885933876,-0.01940205693244934,0.8222172260284424,0.2055543065071106,0.21237730979919434,-0.01838782988488674,-1.112603783607483,-0.2781509459018707,-0.24929606914520264,0.04270916059613228,-0.051794037222862244,-0.012948509305715561,-0.0045205382630229,-0.023060321807861328,3.711322784423828,0.927830696105957,0.9443812370300293,0.04330599308013916,-0.018134713172912598,-0.004533678293228149,-0.0013360586017370224,0.032741714268922806,0.016264658421278,0.0040661646053195,0.004449912346899509,-0.02557574026286602,-0.018988721072673798,-0.004747180268168449,0.0008558742702007294,-0.051342178136110306,0,0,1
-0.0005495836958289146,-0.00013739592395722866,-0.0033049355261027813,-0.07057841867208481,-0.05772660672664642,-0.014431651681661606,0.02428515814244747,0.058624256402254105,-0.2303249090909958,-0.05758122727274895,-0.05842763930559158,-0.054404955357313156,0.667937695980072,0.166984423995018,0.16800300776958466,0.03795485571026802,0.322868287563324,0.080717071890831,-0.156871035695076,0.012052947655320168,0.3544695973396301,0.08861739933490753,-0.040887005627155304,0.038419973105192184,-0.07836303114891052,-0.01959075778722763,-0.039759211242198944,-0.041330721229314804,0.07414203882217407,0.018535509705543518,-0.019120439887046814,0.03461182117462158,0.3353201448917389,0.08383003622293472,0.06611621379852295,-0.046368230134248734,0.9492252469062805,0.23730631172657013,0.21418599784374237,0.039979543536901474,0.0078107863664627075,0.0019526965916156769,-0.17249968647956848,-0.019896114245057106,-0.6234890222549438,-0.15587225556373596,-0.035280000418424606,0.01333156879991293,0.07389209419488907,0.018473023548722267,0.004600849002599716,0.029165256768465042,0.010609328746795654,0.0026523321866989136,0.016815105453133583,-0.005837905686348677,-0.008181639015674591,-0.0020454097539186478,0.0037413211539387703,-0.04492539167404175,1.123931884765625,0.28098297119140625,0.26437273621559143,0.018286777660250664,1.241644024848938,0.3104110062122345,0.27670490741729736,-0.03469405323266983,0.002182401716709137,0.0005456004291772842,-0.009722511284053326,-0.013568771071732044,3.4620490074157715,0.8655122518539429,0.8972353935241699,0.008761358447372913,0.013584710657596588,0.003396177664399147,0.01966642402112484,-0.01082990225404501,-0.0660046935081482,-0.01650117337703705,-0.01420141477137804,-0.012783068232238293,-0.019751254469156265,-0.004937813617289066,-0.0005188044160604477,-0.04385719448328018,0.7716653347015381,0.19291633367538452,0.19574898481369019,0.060279347002506256,-1.211630940437317,-0.3029077351093292,-0.2523617148399353,-0.05888427048921585,-0.06427311897277832,-0.01606827974319458,-0.01661589741706848,-0.06945624947547913,3.691737413406372,0.922934353351593,0.9387335181236267,-0.018874598667025566,-0.047340504825115204,-0.011835126206278801,-0.009169741533696651,-0.00807371735572815,-0.007914811372756958,-0.0019787028431892395,0.011143067851662636,0.04095393419265747,0.02822493016719818,0.007056232541799545,-0.004805177450180054,0.012493056245148182,0,0,1
-0.1423320323228836,-0.0355830080807209,0.012243879958987236,0.007799267768859863,-0.13517053425312042,-0.033792633563280106,0.027395552024245262,-0.007973569445312023,-0.21035723388195038,-0.052589308470487595,-0.06095501035451889,-0.03412049636244774,0.655115008354187,0.16377875208854675,0.15274322032928467,0.0120128458365798,0.012033745646476746,0.0030084364116191864,-0.16244733333587646,-0.06565626710653305,0.36575281620025635,0.09143820405006409,-0.03390691429376602,0.014842832460999489,-0.11329330503940582,-0.028323326259851456,-0.044438667595386505,-0.04948912188410759,0.13785655796527863,0.034464139491319656,0.0006931591778993607,0.07234062999486923,0.29253721237182617,0.07313430309295654,0.06548633426427841,-0.05799097567796707,0.8711720705032349,0.21779301762580872,0.23033460974693298,0.06592506170272827,-0.1767812967300415,-0.044195324182510376,-0.17797046899795532,-0.05235812067985535,-0.6262016296386719,-0.15655040740966797,-0.03595340996980667,-0.07770010083913803,0.02287423610687256,0.00571855902671814,0.013542545959353447,-0.05863969400525093,-0.007105469703674316,-0.001776367425918579,0.011770542711019516,0.04182778671383858,0.021429747343063354,0.005357436835765839,0.005002177320420742,0.023284822702407837,1.157419204711914,0.2893548011779785,0.2650867700576782,0.035936929285526276,1.2128551006317139,0.30321377515792847,0.2789136469364166,-0.035645272582769394,-0.010336401872336864,-0.002584100468084216,-0.011410831473767757,0.020249849185347557,3.476759195327759,0.8691897988319397,0.8917388319969177,-0.017937207594513893,0.024441063404083252,0.006110265851020813,0.0075355637818574905,-0.017055725678801537,-0.042748332023620605,-0.010687083005905151,-0.004213910549879074,0.022671466693282127,0.08370207250118256,0.02092551812529564,0.0032937955111265182,0.06459376960992813,0.7626632452011108,0.1906658113002777,0.19923900067806244,0.056168485432863235,-1.0768555402755737,-0.26921388506889343,-0.2567257583141327,0.0019327104091644287,-0.03491279482841492,-0.00872819870710373,-0.0029060058295726776,-0.05556975677609444,3.653402090072632,0.913350522518158,0.9461507797241211,-0.016149485483765602,-0.005942165851593018,-0.0014855414628982544,-0.011921889148652554,-0.07015400379896164,-0.08382551372051239,-0.020956378430128098,-0.004743690602481365,-0.05465754494071007,0.03161666914820671,0.007904167287051678,-0.000941641628742218,0.03977975994348526,0,0,1
