{
    "RobotModel" :
    {
        "LinkNum": 6,
        "a": [0, 450, 0, 0, 0, 0],
        "d": [300, 3.5, 0, 350, 183, 225],
        "Robot_alpha": [1.570796326794897, 0, 1.570796326794897, 1.570796326794897, -1.570796326794897, 0],
        "Theta": [0, 1.570796326794897, 1.570796326794897, 3.141592653589793, 0, 0],
        "JointType": ["R", "R", "R", "R", "R", "R"],
        "Mass": [11.803, 7.9929, 2.99134, 2.1231, 2.2886, 0.4008],
        "r": 
        [
            0, -90.0413, 47.3238, 
            -197.8385, -0.0060, 164.9623, 
            -0.0444, 1.8010, 151.2214, 
            0.0695, -8.9349, 72.2405, 
            0.0647, 3.2205, 92.3619, 
            0, 0, 0
        ],
        "STL_Pose": [0, 1.570796326794897, 1.570796326794897, 3.141592653589793, 0, 0],
        "Home_Pose": [0, 0, 0, 0, 0, 0],
        "Initial_Pose": [0, -0.174533, -0.959931, 0.0523599, -2.00713, 0],
        "Rotor_inertia": [1594000, 1594000, 564520, 220940, 220940, 220940],
        "MaxTorque": [363000, 363000, 150000, 63000, 63000, 63000],
        "Control_Kj": [300, 300, 300, 300, 300, 300],
        
        "I":
        [	
            154190, 17.39,  2.35,   17.39, 59644,   48543,   2.35,   48543,  129370,
            36206, -14.41, -37290, -14.41, 293630, -0.4,    -37290, -0.4,    280940,
            34271,  1.41,  -7.43,   1.41,  34085,  -1859.1, -7.43,  -1859.1, 4507.1,
            6723.3, 1.46,  -3.9,    1.46,  6193.4,  1283.4, -3.9,    1283.4, 2792.5,
            9966,   0.04,   3.31,   0.04,  9798.5, -936.16,  3.31,  -936.16, 2721.3,
            435.34, 0.13,  -0.02,   0.13,  445.49,  0.51,   -0.02,   0.51,   596.34
        ]
    }
}