{
    "RobotModel" :
    {
        "LinkNum": 6,
        "a": [0, -612, -572.3, 0, 0, 0],
        "d": [127.3, 0, 0, 163.941, 115.7, 92.2],
        "Robot_alpha": [1.570796326794897, 0, 0, 1.570796326794897, -1.570796326794897, 0],
        "Theta": [0, 0, 0, 0, 0, 0],
        "JointType": ["R", "R", "R", "R", "R", "R"],
        "Mass": [7.1, 12.7, 4.27, 2, 2, 0.365],
        "r": 
        [
            21, 0, 27, 
            380, 0, 158, 
            240, 0, 68, 
            0, 7, 18, 
            0, 7, 18, 
            0, 0, -26
        ],
        "STL_Pose": [0, -1.570796326794897, 0, -1.570796326794897, 0, 0],
        "Home_Pose": [0, 0, 0, 0, 0, 0],
        "Initial_Pose": [0, -1.745330000, -0.7853980000, -2.181660000, 1.57080000, 0],
        "Rotor_inertia": [1417000, 1417000, 564500, 195200, 195200, 195200],
        "MaxTorque": [330000, 330000, 150000, 56000, 56000, 56000],
        "Control_Kj": [600, 600, 600, 600, 600, 600],
        
        "I":
        [
            34080, 20, -4250,  20,  35290,   80,   4250,   80,   21560,
            28140, 50, -15610, 50,  770680,  20,  -15610,  20,   769430,
            10140, 80,  9160,  80,  309280,  0,    9160,   0,    306460,
            2960, -10,  0,    -10,  2220,   -240,  0,     -240,  2580,
            2960, -10,  0,    -10,  2220,   -240,  0,     -240,  2580,
            400,   0,   0,     0,   410,     0,    0,      0,    340 
        ]
    }
}