{
    "RobotModel" :
    {
        "LinkNum": 6,
        "a": [0, -425, -392.25, 0, 0, 0],
        "d": [89.159, 0, 0, 109.15, 94.65, 82.3],
        "Robot_alpha": [1.570796326794897, 0, 0, 1.570796326794897, -1.570796326794897, 0],
        "Theta": [0, 0, 0, 0, 0, 0],
        "JointType": ["R", "R", "R", "R", "R", "R"],
        "Mass": [3.7, 8.393, 2.33, 1.219, 1.219, 0.1879],
        "r": 
        [
            0, -25.61, 1.93, 
            212.5, 0, 113.36, 
            150, 0, 26.5, 
            0, -1.8, 16.34, 
            0, 1.8, 16.34, 
            0, 0, -20
        ],
        "STL_Pose": [0, -1.570796326794897, 0, -1.570796326794897, 0, 0],
        "Home_Pose": [0, 0, 0, 0, 0, 0],
        "Initial_Pose": [0, -1.745330000, -0.7853980000, -2.181660000, 1.57080000, 0],
        "Rotor_inertia": [564520, 564520, 564520, 95310, 95310, 95310],
        "MaxTorque": [150000, 150000, 150000, 28000, 28000, 28000],
        "Control_Kj": [300, 300, 300, 300, 300, 300],
        
        "I": 
        [
            6700,  0, 0,    0, 6400,   0, 0,    0, 6700,
            14900, 0, 0,    0, 356400, 0, 0,    0, 355300,
            2500,  0, 3400, 0, 55100,  0, 3400, 0, 54600,
            1200,  0, 0,    0, 1200,   0, 0,    0, 900,
            1200,  0, 0,    0, 1200,   0, 0,    0, 900,
            100,   0, 0,    0, 100,    0, 0,    0, 100
        ]
    }
}